airport_id,airport,city_market_id,city_name,description,airport_name,display_name
10001,01A,30001,"Afognak Lake, AK","Afognak Lake, AK: Afognak Lake Airport",Afognak Lake Airport,Afognak Lake Airport (01A)
10005,05A,30005,"Little Squaw, AK","Little Squaw, AK: Little Squaw Airport",Little Squaw Airport,Little Squaw Airport (05A)
10006,06A,30006,"Kizhuyak, AK","Kizhuyak, AK: Kizhuyak Bay",Kizhuyak Bay,Kizhuyak Bay (06A)
10009,09A,30009,"Homer, AK","Homer, AK: Augustin Island",Augustin Island,Augustin Island (09A)
10010,1B1,30010,"Hudson, NY","Hudson, NY: Columbia County",Columbia County,Columbia County (1B1)
10011,1G4,30011,"Peach Springs, AZ","Peach Springs, AZ: Grand Canyon West",Grand Canyon West,Grand Canyon West (1G4)
10012,1N7,30012,"Blairstown, NJ","Blairstown, NJ: Blairstown Airport",Blairstown Airport,Blairstown Airport (1N7)
10014,A01,31517,"Fairbanks/Ft. Wainwright, AK","Fairbanks/Ft. Wainwright, AK: Blair Lake",Blair Lake,Blair Lake (A01)
10016,A03,30016,"Hallo Bay, AK","Hallo Bay, AK: Hallo Bay Airport",Hallo Bay Airport,Hallo Bay Airport (A03)
10017,A04,30017,"Red Lake, AK","Red Lake, AK: Red Lake Airport",Red Lake Airport,Red Lake Airport (A04)
10019,A06,30019,"Kougarok, AK","Kougarok, AK: Navigator Airstrip",Navigator Airstrip,Navigator Airstrip (A06)
10030,A17,30030,"Port Vita, AK","Port Vita, AK: Port Vita Airport",Port Vita Airport,Port Vita Airport (A17)
10031,A18,30031,"Kantishna, AK","Kantishna, AK: Kantishna Airport",Kantishna Airport,Kantishna Airport (A18)
10033,A20,30033,"Alpine, AK","Alpine, AK: Alpine Airstrip",Alpine Airstrip,Alpine Airstrip (A20)
10039,A26,30039,"Ivotuk, AK","Ivotuk, AK: Ivotuk Airstrip",Ivotuk Airstrip,Ivotuk Airstrip (A26)
10040,A27,30040,"Pogo Mines, AK","Pogo Mines, AK: Pogo Mines Airport",Pogo Mines Airport,Pogo Mines Airport (A27)
10042,A29,30042,"Kiluda Bay, AK","Kiluda Bay, AK: Kiluda Bay Airport",Kiluda Bay Airport,Kiluda Bay Airport (A29)
10043,A30,30043,"Terror Lake, AK","Terror Lake, AK: Terror Lake Airport",Terror Lake Airport,Terror Lake Airport (A30)
10047,A34,30047,"Laura Lake, AK","Laura Lake, AK: Laura Lake Airport",Laura Lake Airport,Laura Lake Airport (A34)
10056,A43,30056,"Kodiak Island, AK","Kodiak Island, AK: Trident Basin Seaplane Base",Trident Basin Seaplane Base,Trident Basin Seaplane Base (A43)
10063,A50,30063,"Big Bay, AK","Big Bay, AK: Big Bay Airport",Big Bay Airport,Big Bay Airport (A50)
10065,A52,30065,"Silver Salmon Creek, AK","Silver Salmon Creek, AK: Silver Salmon Creek Airport",Silver Salmon Creek Airport,Silver Salmon Creek Airport (A52)
10074,A61,30074,"Cape Sarichef, AK","Cape Sarichef, AK: Cape Sarichef Airport",Cape Sarichef Airport,Cape Sarichef Airport (A61)
10076,A63,30076,"Yukon Charley Rivvers, AK","Yukon Charley Rivvers, AK: Coal Creek",Coal Creek,Coal Creek (A63)
10078,A65,30078,"Karluk Portage, AK","Karluk Portage, AK: Karluk Portage Airport",Karluk Portage Airport,Karluk Portage Airport (A65)
10083,A70,30083,"Village Islands, AK","Village Islands, AK: Village Islands Airport",Village Islands Airport,Village Islands Airport (A70)
10085,A72,30085,"Chinitna Bay, AK","Chinitna Bay, AK: Chinitna Bay Airport",Chinitna Bay Airport,Chinitna Bay Airport (A72)
10086,A73,30086,"McKinley Park, AK","McKinley Park, AK: McKinley National Park",McKinley National Park,McKinley National Park (A73)
10088,A75,30088,"Malina Bay, AK","Malina Bay, AK: Malina Bay Airport",Malina Bay Airport,Malina Bay Airport (A75)
10089,A76,30089,"Red Fox Bay, AK","Red Fox Bay, AK: Red Fox Bay Airport",Red Fox Bay Airport,Red Fox Bay Airport (A76)
10100,A87,30100,"Carry Inlet, AK","Carry Inlet, AK: Carry Inlet Airport",Carry Inlet Airport,Carry Inlet Airport (A87)
10122,AAF,30122,"Apalachicola, FL","Apalachicola, FL: Apalachicola Regional Cleve Randolph Field",Apalachicola Regional Cleve Randolph Field,Apalachicola Regional Cleve Randolph Field (AAF)
10135,ABE,30135,"Allentown/Bethlehem/Easton, PA","Allentown/Bethlehem/Easton, PA: Lehigh Valley International",Lehigh Valley International,Lehigh Valley International (ABE)
10136,ABI,30136,"Abilene, TX","Abilene, TX: Abilene Regional",Abilene Regional,Abilene Regional (ABI)
10139,ABL,30139,"Ambler, AK","Ambler, AK: Ambler River",Ambler River,Ambler River (ABL)
10140,ABQ,30140,"Albuquerque, NM","Albuquerque, NM: Albuquerque International Sunport",Albuquerque International Sunport,Albuquerque International Sunport (ABQ)
10141,ABR,30141,"Aberdeen, SD","Aberdeen, SD: Aberdeen Regional",Aberdeen Regional,Aberdeen Regional (ABR)
10146,ABY,30146,"Albany, GA","Albany, GA: Southwest Georgia Regional",Southwest Georgia Regional,Southwest Georgia Regional (ABY)
10154,ACK,30154,"Nantucket, MA","Nantucket, MA: Nantucket Memorial",Nantucket Memorial,Nantucket Memorial (ACK)
10155,ACT,30155,"Waco, TX","Waco, TX: Waco Regional",Waco Regional,Waco Regional (ACT)
10157,ACV,30157,"Arcata/Eureka, CA","Arcata/Eureka, CA: California Redwood Coast Humboldt County",California Redwood Coast Humboldt County,California Redwood Coast Humboldt County (ACV)
10158,ACY,30158,"Atlantic City, NJ","Atlantic City, NJ: Atlantic City International",Atlantic City International,Atlantic City International (ACY)
10165,ADK,30165,"Adak Island, AK","Adak Island, AK: Adak",Adak,Adak (ADK)
10167,ADM,30167,"Ardmore, OK","Ardmore, OK: Ardmore Municipal",Ardmore Municipal,Ardmore Municipal (ADM)
10170,ADQ,30070,"Kodiak, AK","Kodiak, AK: Kodiak Airport",Kodiak Airport,Kodiak Airport (ADQ)
10171,ADS,30194,"Dallas, TX","Dallas, TX: Addison",Addison,Addison (ADS)
10172,ADW,30172,"Camp Springs, MD","Camp Springs, MD: Joint Base Andrews",Joint Base Andrews,Joint Base Andrews (ADW)
10184,AET,30184,"Allakaket, AK","Allakaket, AK: Allakaket Airport",Allakaket Airport,Allakaket Airport (AET)
10185,AEX,30185,"Alexandria, LA","Alexandria, LA: Alexandria International",Alexandria International,Alexandria International (AEX)
10191,AFO,30191,"Afton, WY","Afton, WY: Afton Lincoln County Gen Boyd L Eddins Field",Afton Lincoln County Gen Boyd L Eddins Field,Afton Lincoln County Gen Boyd L Eddins Field (AFO)
10194,AFW,30194,"Dallas/Fort Worth, TX","Dallas/Fort Worth, TX: Perot Field Fort Worth Alliance",Perot Field Fort Worth Alliance,Perot Field Fort Worth Alliance (AFW)
10198,AGC,30198,"Pittsburgh, PA","Pittsburgh, PA: Allegheny County",Allegheny County,Allegheny County (AGC)
10204,AGN,30204,"Angoon, AK","Angoon, AK: Angoon Seaplane Base",Angoon Seaplane Base,Angoon Seaplane Base (AGN)
10208,AGS,30208,"Augusta, GA","Augusta, GA: Augusta Regional at Bush Field",Augusta Regional at Bush Field,Augusta Regional at Bush Field (AGS)
10216,AHN,30216,"Athens, GA","Athens, GA: Athens/Ben Epps",Athens/Ben Epps,Athens/Ben Epps (AHN)
10221,AIA,30221,"Alliance, NE","Alliance, NE: Alliance Municipal",Alliance Municipal,Alliance Municipal (AIA)
10223,AID,30223,"Anderson, IN","Anderson, IN: Anderson Regional",Anderson Regional,Anderson Regional (AID)
10224,AIK,30224,"Aiken, SC","Aiken, SC: Aiken Regional",Aiken Regional,Aiken Regional (AIK)
10225,AIN,30225,"Wainwright, AK","Wainwright, AK: Wainwright Airport",Wainwright Airport,Wainwright Airport (AIN)
10237,AKB,30237,"Atka, AK","Atka, AK: Atka Airport",Atka Airport,Atka Airport (AKB)
10238,AKC,30647,"Akron, OH","Akron, OH: Akron Fulton International",Akron Fulton International,Akron Fulton International (AKC)
10241,AKI,30241,"Akiak, AK","Akiak, AK: Akiak Airport",Akiak Airport,Akiak Airport (AKI)
10243,AKK,30243,"Akhiok, AK","Akhiok, AK: Akhiok Airport",Akhiok Airport,Akhiok Airport (AKK)
10245,AKN,30245,"King Salmon, AK","King Salmon, AK: King Salmon Airport",King Salmon Airport,King Salmon Airport (AKN)
10247,AKP,30247,"Anaktuvuk Pass, AK","Anaktuvuk Pass, AK: Anaktuvuk Pass Airport",Anaktuvuk Pass Airport,Anaktuvuk Pass Airport (AKP)
10257,ALB,30257,"Albany, NY","Albany, NY: Albany International",Albany International,Albany International (ALB)
10259,ALE,30259,"Alpine, TX","Alpine, TX: Alpine Casparis Municipal",Alpine Casparis Municipal,Alpine Casparis Municipal (ALE)
10266,ALM,30266,"Alamogordo, NM","Alamogordo, NM: Alamogordo White Sands Regional",Alamogordo White Sands Regional,Alamogordo White Sands Regional (ALM)
10267,ALN,31123,"Alton, IL","Alton, IL: St. Louis Regional",St. Louis Regional,St. Louis Regional (ALN)
10268,ALO,30268,"Waterloo, IA","Waterloo, IA: Waterloo Regional",Waterloo Regional,Waterloo Regional (ALO)
10272,ALS,30272,"Alamosa, CO","Alamosa, CO: San Luis Valley Regional/Bergman Field",San Luis Valley Regional/Bergman Field,San Luis Valley Regional/Bergman Field (ALS)
10275,ALW,30275,"Walla Walla, WA","Walla Walla, WA: Walla Walla Regional",Walla Walla Regional,Walla Walla Regional (ALW)
10278,ALZ,30278,"Lazy Bay, AK","Lazy Bay, AK: Alitak Seaplane Base",Alitak Seaplane Base,Alitak Seaplane Base (ALZ)
10279,AMA,30279,"Amarillo, TX","Amarillo, TX: Rick Husband Amarillo International",Rick Husband Amarillo International,Rick Husband Amarillo International (AMA)
10294,AMW,30294,"Ames, IA","Ames, IA: Ames Municipal",Ames Municipal,Ames Municipal (AMW)
10298,ANB,30298,"Anniston, AL","Anniston, AL: Anniston Regional",Anniston Regional,Anniston Regional (ANB)
10299,ANC,30299,"Anchorage, AK","Anchorage, AK: Ted Stevens Anchorage International",Ted Stevens Anchorage International,Ted Stevens Anchorage International (ANC)
10300,AND,30300,"Anderson, SC","Anderson, SC: Anderson Regional",Anderson Regional,Anderson Regional (AND)
10304,ANI,30304,"Aniak, AK","Aniak, AK: Aniak Airport",Aniak Airport,Aniak Airport (ANI)
10309,ANP,30309,"Annapolis, MD","Annapolis, MD: Lee",Lee,Lee (ANP)
10313,ANV,30313,"Anvik, AK","Anvik, AK: Anvik Airport",Anvik Airport,Anvik Airport (ANV)
10322,AOO,30322,"Altoona, PA","Altoona, PA: Altoona-Blair County",Altoona-Blair County,Altoona-Blair County (AOO)
10324,AOS,30324,"Amook Bay, AK","Amook Bay, AK: Amook Bay Airport",Amook Bay Airport,Amook Bay Airport (AOS)
10325,APA,30325,"Denver, CO","Denver, CO: Centennial",Centennial,Centennial (APA)
10327,APC,30327,"Napa, CA","Napa, CA: Napa County",Napa County,Napa County (APC)
10329,APF,30329,"Naples, FL","Naples, FL: Naples Municipal",Naples Municipal,Naples Municipal (APF)
10333,APN,30333,"Alpena, MI","Alpena, MI: Alpena County Regional",Alpena County Regional,Alpena County Regional (APN)
10345,AR1,30345,"Russellville, AR","Russellville, AR: Russellville Regional",Russellville Regional,Russellville Regional (AR1)
10347,ARA,30347,"New Iberia, LA","New Iberia, LA: Acadiana Regional",Acadiana Regional,Acadiana Regional (ARA)
10348,ARB,30348,"Ann Arbor, MI","Ann Arbor, MI: Ann Arbor Municipal",Ann Arbor Municipal,Ann Arbor Municipal (ARB)
10349,ARC,30349,"Arctic Village, AK","Arctic Village, AK: Arctic Village Airport",Arctic Village Airport,Arctic Village Airport (ARC)
10352,ARG,30352,"Walnut Ridge, AR","Walnut Ridge, AR: Walnut Ridge Regional",Walnut Ridge Regional,Walnut Ridge Regional (ARG)
10361,ART,30361,"Watertown, NY","Watertown, NY: Watertown International",Watertown International,Watertown International (ART)
10372,ASE,30372,"Aspen, CO","Aspen, CO: Aspen Pitkin County Sardy Field",Aspen Pitkin County Sardy Field,Aspen Pitkin County Sardy Field (ASE)
10374,ASH,30374,"Nashua, NH","Nashua, NH: Boire Field",Boire Field,Boire Field (ASH)
10380,ASN,30380,"Talladega, AL","Talladega, AL: Talladega Municipal",Talladega Municipal,Talladega Municipal (ASN)
10385,AST,30385,"Astoria/Seaside, OR","Astoria/Seaside, OR: Astoria Regional",Astoria Regional,Astoria Regional (AST)
10396,ATK,30396,"Atqasuk, AK","Atqasuk, AK: Atqasuk Edward Burnell Sr. Memorial",Atqasuk Edward Burnell Sr. Memorial,Atqasuk Edward Burnell Sr. Memorial (ATK)
10397,ATL,30397,"Atlanta, GA","Atlanta, GA: Hartsfield-Jackson Atlanta International",Hartsfield-Jackson Atlanta International,Hartsfield-Jackson Atlanta International (ATL)
10400,ATO,30400,"Athens, OH","Athens, OH: Ohio University",Ohio University,Ohio University (ATO)
10404,ATS,30404,"Artesia, NM","Artesia, NM: Artesia Municipal",Artesia Municipal,Artesia Municipal (ATS)
10405,ATT,30405,"Atmautluak, AK","Atmautluak, AK: Atmautluak Airport",Atmautluak Airport,Atmautluak Airport (ATT)
10408,ATW,30408,"Appleton, WI","Appleton, WI: Appleton International",Appleton International,Appleton International (ATW)
10409,ATY,30409,"Watertown, SD","Watertown, SD: Watertown Regional",Watertown Regional,Watertown Regional (ATY)
10414,AUG,30414,"Augusta/Waterville, ME","Augusta/Waterville, ME: Augusta State",Augusta State,Augusta State (AUG)
10416,AUK,30416,"Alakanuk, AK","Alakanuk, AK: Alakanuk Airport",Alakanuk Airport,Alakanuk Airport (AUK)
10418,AUN,30418,"Auburn, CA","Auburn, CA: Auburn Municipal",Auburn Municipal,Auburn Municipal (AUN)
10419,AUO,30419,"Auburn, AL","Auburn, AL: Auburn University Regional",Auburn University Regional,Auburn University Regional (AUO)
10423,AUS,30423,"Austin, TX","Austin, TX: Austin - Bergstrom International",Austin - Bergstrom International,Austin - Bergstrom International (AUS)
10427,AUZ,30427,"Aurora, IL","Aurora, IL: Aurora Municipal",Aurora Municipal,Aurora Municipal (AUZ)
10431,AVL,30431,"Asheville, NC","Asheville, NC: Asheville Regional",Asheville Regional,Asheville Regional (AVL)
10434,AVP,30434,"Scranton/Wilkes-Barre, PA","Scranton/Wilkes-Barre, PA: Wilkes Barre Scranton International",Wilkes Barre Scranton International,Wilkes Barre Scranton International (AVP)
10436,AVW,30436,"Tucson, AZ","Tucson, AZ: Marana Regional",Marana Regional,Marana Regional (AVW)
10439,AWK,30439,"Wake Island, TT","Wake Island, TT: Wake Island Airfield",Wake Island Airfield,Wake Island Airfield (AWK)
10449,AXN,30449,"Alexandria, MN","Alexandria, MN: Alexandria Regional Chandler Field",Alexandria Regional Chandler Field,Alexandria Regional Chandler Field (AXN)
10454,AXV,30454,"Wapakoneta, OH","Wapakoneta, OH: Neil Armstrong",Neil Armstrong,Neil Armstrong (AXV)
10455,AXX,30455,"Eagle Nest, NM","Eagle Nest, NM: Angel Fire",Angel Fire,Angel Fire (AXX)
10460,AYS,30460,"Waycross, GA","Waycross, GA: Waycross-Ware County",Waycross-Ware County,Waycross-Ware County (AYS)
10463,AZ1,30463,"Grand Canyon, AZ","Grand Canyon, AZ: Valle",Valle,Valle (AZ1)
10465,AZ3,30466,"Glendale, AZ","Glendale, AZ: Glendale Regional",Glendale Regional,Glendale Regional (AZ3)
10466,AZA,30466,"Phoenix, AZ","Phoenix, AZ: Mesa Gateway",Mesa Gateway,Mesa Gateway (AZA)
10469,AZO,30469,"Kalamazoo, MI","Kalamazoo, MI: Kalamazoo/Battle Creek International",Kalamazoo/Battle Creek International,Kalamazoo/Battle Creek International (AZO)
10471,B19,30471,"Biddeford, ME","Biddeford, ME: Biddeford Municipal",Biddeford Municipal,Biddeford Municipal (B19)
10472,B21,30472,"Carrabassett, ME","Carrabassett, ME: Sugarloaf Regional",Sugarloaf Regional,Sugarloaf Regional (B21)
10476,BAD,30476,"Shreveport, LA","Shreveport, LA: Barksdale AFB",Barksdale AFB,Barksdale AFB (BAD)
10478,BAF,30478,"Westfield, MA","Westfield, MA: Westfield Barnes Regional",Westfield Barnes Regional,Westfield Barnes Regional (BAF)
10484,BAM,30484,"Battle Mountain, NV","Battle Mountain, NV: Battle Mountain Airport",Battle Mountain Airport,Battle Mountain Airport (BAM)
10494,BBC,30494,"Bay City, TX","Bay City, TX: Bay City Regional",Bay City Regional,Bay City Regional (BBC)
10504,BBX,30504,"Blue Bell, PA","Blue Bell, PA: Wings Field",Wings Field,Wings Field (BBX)
10508,BCB,30508,"Blacksburg, VA","Blacksburg, VA: Virginia Tech Montgomery Exec",Virginia Tech Montgomery Exec,Virginia Tech Montgomery Exec (BCB)
10511,BCE,30511,"Bryce Canyon, UT","Bryce Canyon, UT: Bryce Canyon Airport",Bryce Canyon Airport,Bryce Canyon Airport (BCE)
10519,BCT,30519,"Boca Raton, FL","Boca Raton, FL: Boca Raton Public",Boca Raton Public,Boca Raton Public (BCT)
10529,BDL,30529,"Hartford, CT","Hartford, CT: Bradley International",Bradley International,Bradley International (BDL)
10535,BDR,30535,"Bridgeport, CT","Bridgeport, CT: Bridgeport Sikorsky",Bridgeport Sikorsky,Bridgeport Sikorsky (BDR)
10538,BDY,30538,"Bandon, OR","Bandon, OR: Bandon State",Bandon State,Bandon State (BDY)
10540,BED,30540,"Bedford, MA","Bedford, MA: Laurence G Hanscom Field",Laurence G Hanscom Field,Laurence G Hanscom Field (BED)
10551,BET,30113,"Bethel, AK","Bethel, AK: Bethel Airport",Bethel Airport,Bethel Airport (BET)
10556,BFB,30556,"Blue Fox Bay, AK","Blue Fox Bay, AK: Blue Fox Bay Airport",Blue Fox Bay Airport,Blue Fox Bay Airport (BFB)
10557,BFD,30557,"Bradford, PA","Bradford, PA: Bradford Regional",Bradford Regional,Bradford Regional (BFD)
10558,BFF,30558,"Scottsbluff, NE","Scottsbluff, NE: Scottsbluff W Neb Regional Wm B Heilig Field",Scottsbluff W Neb Regional Wm B Heilig Field,Scottsbluff W Neb Regional Wm B Heilig Field (BFF)
10559,BFI,30559,"Seattle, WA","Seattle, WA: Boeing Field/King County International",Boeing Field/King County International,Boeing Field/King County International (BFI)
10560,BFK,30325,"Aurora, CO","Aurora, CO: Buckley Sfb",Buckley Sfb,Buckley Sfb (BFK)
10561,BFL,30561,"Bakersfield, CA","Bakersfield, CA: Meadows Field",Meadows Field,Meadows Field (BFL)
10562,BFM,30562,"Mobile, AL","Mobile, AL: Mobile International",Mobile International,Mobile International (BFM)
10569,BFT,30569,"Beaufort, SC","Beaufort, SC: Beaufort Executive",Beaufort Executive,Beaufort Executive (BFT)
10572,BGD,30572,"Borger, TX","Borger, TX: Hutchinson County",Hutchinson County,Hutchinson County (BGD)
10577,BGM,30577,"Binghamton, NY","Binghamton, NY: Greater Binghamton/Edwin A. Link Field",Greater Binghamton/Edwin A. Link Field,Greater Binghamton/Edwin A. Link Field (BGM)
10580,BGQ,30580,"Big Lake, AK","Big Lake, AK: Big Lake Airport",Big Lake Airport,Big Lake Airport (BGQ)
10581,BGR,30581,"Bangor, ME","Bangor, ME: Bangor International",Bangor International,Bangor International (BGR)
10582,BGS,30582,"Big Spring, TX","Big Spring, TX: Big Spring McMahon-Wrinkle",Big Spring McMahon-Wrinkle,Big Spring McMahon-Wrinkle (BGS)
10583,BGT,30583,"Bagdad, AZ","Bagdad, AZ: Bagdad Airport",Bagdad Airport,Bagdad Airport (BGT)
10589,BHB,30589,"Bar Harbor, ME","Bar Harbor, ME: Hancock County-Bar Harbor",Hancock County-Bar Harbor,Hancock County-Bar Harbor (BHB)
10590,IFP,30590,"Bullhead City, AZ","Bullhead City, AZ: Laughlin/Bullhead International",Laughlin/Bullhead International,Laughlin/Bullhead International (IFP)
10599,BHM,30599,"Birmingham, AL","Birmingham, AL: Birmingham-Shuttlesworth International",Birmingham-Shuttlesworth International,Birmingham-Shuttlesworth International (BHM)
10613,BID,30613,"Block Island, RI","Block Island, RI: Block Island State",Block Island State,Block Island State (BID)
10615,BIF,30615,"El Paso, TX","El Paso, TX: Biggs AAF",Biggs AAF,Biggs AAF (BIF)
10616,BIG,30616,"Big Delta, AK","Big Delta, AK: Allen AAF",Allen AAF,Allen AAF (BIG)
10617,BIH,30617,"Bishop, CA","Bishop, CA: Bishop Airport",Bishop Airport,Bishop Airport (BIH)
10620,BIL,30620,"Billings, MT","Billings, MT: Billings Logan International",Billings Logan International,Billings Logan International (BIL)
10627,BIS,30627,"Bismarck/Mandan, ND","Bismarck/Mandan, ND: Bismarck Municipal",Bismarck Municipal,Bismarck Municipal (BIS)
10630,BJC,30630,"Broomfield, CO","Broomfield, CO: Rocky Mountain Metro",Rocky Mountain Metro,Rocky Mountain Metro (BJC)
10631,BJI,30631,"Bemidji, MN","Bemidji, MN: Bemidji Regional",Bemidji Regional,Bemidji Regional (BJI)
10640,BKC,30640,"Buckland, AK","Buckland, AK: Buckland Airport",Buckland Airport,Buckland Airport (BKC)
10642,BKF,30642,"Brooks Lake, AK","Brooks Lake, AK: Brooks Lake Airport",Brooks Lake Airport,Brooks Lake Airport (BKF)
10643,BKG,30643,"Branson, MO","Branson, MO: Branson Airport",Branson Airport,Branson Airport (BKG)
10647,BKL,30647,"Cleveland, OH","Cleveland, OH: Burke Lakefront",Burke Lakefront,Burke Lakefront (BKL)
10654,BKW,30654,"Beckley, WV","Beckley, WV: Raleigh County Memorial",Raleigh County Memorial,Raleigh County Memorial (BKW)
10655,BKX,30655,"Brookings, SD","Brookings, SD: Brookings Regional",Brookings Regional,Brookings Regional (BKX)
10661,BLD,30661,"Boulder City, NV","Boulder City, NV: Boulder City Municipal",Boulder City Municipal,Boulder City Municipal (BLD)
10665,BLH,30665,"Blythe, CA","Blythe, CA: Blythe Airport",Blythe Airport,Blythe Airport (BLH)
10666,BLI,30666,"Bellingham, WA","Bellingham, WA: Bellingham International",Bellingham International,Bellingham International (BLI)
10670,BLM,30670,"Belmar/Farmingdale, NJ","Belmar/Farmingdale, NJ: Monmouth Executive",Monmouth Executive,Monmouth Executive (BLM)
10676,BLV,30676,"Belleville, IL","Belleville, IL: Scott AFB MidAmerica St Louis",Scott AFB MidAmerica St Louis,Scott AFB MidAmerica St Louis (BLV)
10680,BMC,30680,"Brigham City, UT","Brigham City, UT: Brigham City Regional",Brigham City Regional,Brigham City Regional (BMC)
10683,BMG,30683,"Bloomington, IN","Bloomington, IN: Monroe County",Monroe County,Monroe County (BMG)
10685,BMI,30685,"Bloomington/Normal, IL","Bloomington/Normal, IL: Central Il Regional Airport at Bloomington",Central Il Regional Airport at Bloomington,Central Il Regional Airport at Bloomington (BMI)
10687,BML,30687,"Berlin, NH","Berlin, NH: Berlin Regional",Berlin Regional,Berlin Regional (BML)
10693,BNA,30693,"Nashville, TN","Nashville, TN: Nashville International",Nashville International,Nashville International (BNA)
10697,BNF,30697,"Baranof, AK","Baranof, AK: Warm Spring Bay Seaplane Base",Warm Spring Bay Seaplane Base,Warm Spring Bay Seaplane Base (BNF)
10713,BOI,30713,"Boise, ID","Boise, ID: Boise Air Terminal",Boise Air Terminal,Boise Air Terminal (BOI)
10715,BOK,30715,"Brookings, OR","Brookings, OR: Brookings Airport",Brookings Airport,Brookings Airport (BOK)
10721,BOS,30721,"Boston, MA","Boston, MA: Logan International",Logan International,Logan International (BOS)
10722,BOW,30722,"Bartow, FL","Bartow, FL: Bartow Executive",Bartow Executive,Bartow Executive (BOW)
10728,BPT,30728,"Beaumont/Port Arthur, TX","Beaumont/Port Arthur, TX: Jack Brooks Regional",Jack Brooks Regional,Jack Brooks Regional (BPT)
10731,BQK,30731,"Brunswick, GA","Brunswick, GA: Brunswick Golden Isles",Brunswick Golden Isles,Brunswick Golden Isles (BQK)
10732,BQN,30732,"Aguadilla, PR","Aguadilla, PR: Rafael Hernandez",Rafael Hernandez,Rafael Hernandez (BQN)
10739,BRD,30739,"Brainerd, MN","Brainerd, MN: Brainerd Lakes Regional",Brainerd Lakes Regional,Brainerd Lakes Regional (BRD)
10744,BRL,30744,"Burlington, IA","Burlington, IA: Southeast Iowa Regional",Southeast Iowa Regional,Southeast Iowa Regional (BRL)
10747,BRO,30747,"Brownsville, TX","Brownsville, TX: Brownsville South Padre Island International",Brownsville South Padre Island International,Brownsville South Padre Island International (BRO)
10754,BRW,30107,"Barrow, AK","Barrow, AK: Wiley Post/Will Rogers Memorial",Wiley Post/Will Rogers Memorial,Wiley Post/Will Rogers Memorial (BRW)
10775,BTI,30775,"Barter Island, AK","Barter Island, AK: Barter Island Airport",Barter Island Airport,Barter Island Airport (BTI)
10778,BTL,30778,"Battle Creek, MI","Battle Creek, MI: Battle Creek Executive at Kellogg Field",Battle Creek Executive at Kellogg Field,Battle Creek Executive at Kellogg Field (BTL)
10779,BTM,30779,"Butte, MT","Butte, MT: Bert Mooney",Bert Mooney,Bert Mooney (BTM)
10780,BTP,30780,"Butler, PA","Butler, PA: Pittsburgh Butler Regional",Pittsburgh Butler Regional,Pittsburgh Butler Regional (BTP)
10781,BTR,30781,"Baton Rouge, LA","Baton Rouge, LA: Baton Rouge Metropolitan/Ryan Field",Baton Rouge Metropolitan/Ryan Field,Baton Rouge Metropolitan/Ryan Field (BTR)
10783,BTT,30783,"Bettles, AK","Bettles, AK: Bettles Airport",Bettles Airport,Bettles Airport (BTT)
10785,BTV,30785,"Burlington, VT","Burlington, VT: Patrick Leahy Burlington International",Patrick Leahy Burlington International,Patrick Leahy Burlington International (BTV)
10792,BUF,30792,"Buffalo, NY","Buffalo, NY: Buffalo Niagara International",Buffalo Niagara International,Buffalo Niagara International (BUF)
10800,BUR,32575,"Burbank, CA","Burbank, CA: Bob Hope",Bob Hope,Bob Hope (BUR)
10814,BVX,30814,"Batesville, AR","Batesville, AR: Batesville Regional",Batesville Regional,Batesville Regional (BVX)
10815,BVY,30815,"Beverly, MA","Beverly, MA: Beverly Regional",Beverly Regional,Beverly Regional (BVY)
10817,BWD,30817,"Brownwood, TX","Brownwood, TX: Brownwood Regional",Brownwood Regional,Brownwood Regional (BWD)
10819,BWG,30819,"Bowling Green, KY","Bowling Green, KY: Bowling Green-Warren County Regional",Bowling Green-Warren County Regional,Bowling Green-Warren County Regional (BWG)
10821,BWI,30852,"Baltimore, MD","Baltimore, MD: Baltimore/Washington International Thurgood Marshall",Baltimore/Washington International Thurgood Marshall,Baltimore/Washington International Thurgood Marshall (BWI)
10834,BYA,30834,"Boundary, AK","Boundary, AK: Boundary Airport",Boundary Airport,Boundary Airport (BYA)
10836,RKH,30836,"Rock Hill, SC","Rock Hill, SC: Rock Hill/York County/Bryant Field",Rock Hill/York County/Bryant Field,Rock Hill/York County/Bryant Field (RKH)
10838,BYH,30838,"Blytheville, AR","Blytheville, AR: Arkansas International",Arkansas International,Arkansas International (BYH)
10844,BYW,30844,"Blakely Island, WA","Blakely Island, WA: Blakely Island Airport",Blakely Island Airport,Blakely Island Airport (BYW)
10849,BZN,30849,"Bozeman, MT","Bozeman, MT: Bozeman Yellowstone International",Bozeman Yellowstone International,Bozeman Yellowstone International (BZN)
10857,C01,30857,"Camarillo, CA","Camarillo, CA: Camarillo Airport",Camarillo Airport,Camarillo Airport (C01)
10868,CAE,30868,"Columbia, SC","Columbia, SC: Columbia Metropolitan",Columbia Metropolitan,Columbia Metropolitan (CAE)
10874,CAK,30647,"Akron, OH","Akron, OH: Akron-Canton Regional",Akron-Canton Regional,Akron-Canton Regional (CAK)
10879,CAR,30879,"Caribou, ME","Caribou, ME: Caribou Municipal",Caribou Municipal,Caribou Municipal (CAR)
10886,CBA,30886,"Corner Bay, AK","Corner Bay, AK: Corner Bay Airport",Corner Bay Airport,Corner Bay Airport (CBA)
10888,CBE,30888,"Cumberland, MD","Cumberland, MD: Greater Cumberland Regional",Greater Cumberland Regional,Greater Cumberland Regional (CBE)
10892,CBK,30892,"Colby, KS","Colby, KS: Murray",Murray,Murray (CBK)
10910,CCR,32457,"Concord, CA","Concord, CA: Buchanan Field",Buchanan Field,Buchanan Field (CCR)
10917,CDB,30082,"Cold Bay, AK","Cold Bay, AK: Cold Bay Airport",Cold Bay Airport,Cold Bay Airport (CDB)
10918,CDC,30918,"Cedar City, UT","Cedar City, UT: Cedar City Regional",Cedar City Regional,Cedar City Regional (CDC)
10923,CDL,30923,"Candle, AK","Candle, AK: Candle 2",Candle 2,Candle 2 (CDL)
10924,CDN,30924,"Camden, SC","Camden, SC: Woodward Field",Woodward Field,Woodward Field (CDN)
10925,CDR,30925,"Chadron, NE","Chadron, NE: Chadron Municipal",Chadron Municipal,Chadron Municipal (CDR)
10926,CDV,30913,"Cordova, AK","Cordova, AK: Merle K Mudhole Smith",Merle K Mudhole Smith,Merle K Mudhole Smith (CDV)
10927,CDW,30927,"Caldwell, NJ","Caldwell, NJ: Essex County",Essex County,Essex County (CDW)
10930,CEC,30930,"Crescent City, CA","Crescent City, CA: Jack McNamara Field",Jack McNamara Field,Jack McNamara Field (CEC)
10933,CEF,30933,"Chicopee Falls, MA","Chicopee Falls, MA: Westover ARB Metropolitan",Westover ARB Metropolitan,Westover ARB Metropolitan (CEF)
10938,CEM,30938,"Central, AK","Central, AK: Central Airport",Central Airport,Central Airport (CEM)
10945,CEU,30945,"Clemson, SC","Clemson, SC: Oconee County Regional",Oconee County Regional,Oconee County Regional (CEU)
10950,CEZ,30950,"Cortez, CO","Cortez, CO: Cortez Municipal",Cortez Municipal,Cortez Municipal (CEZ)
10958,CFT,30958,"Clifton, AZ","Clifton, AZ: Greenlee County",Greenlee County,Greenlee County (CFT)
10961,CGA,30961,"Craig, AK","Craig, AK: Craig Seaplane Base",Craig Seaplane Base,Craig Seaplane Base (CGA)
10964,CGE,30964,"Cambridge, MD","Cambridge, MD: Cambridge Dorchester Regional",Cambridge Dorchester Regional,Cambridge Dorchester Regional (CGE)
10965,CGF,30647,"Cleveland, OH","Cleveland, OH: Cuyahoga County",Cuyahoga County,Cuyahoga County (CGF)
10967,CGI,30967,"Cape Girardeau, MO","Cape Girardeau, MO: Cape Girardeau Regional",Cape Girardeau Regional,Cape Girardeau Regional (CGI)
10979,CGZ,30979,"Casa Grande, AZ","Casa Grande, AZ: Casa Grande Municipal",Casa Grande Municipal,Casa Grande Municipal (CGZ)
10980,CHA,30980,"Chattanooga, TN","Chattanooga, TN: Lovell Field",Lovell Field,Lovell Field (CHA)
10990,CHO,30990,"Charlottesville, VA","Charlottesville, VA: Charlottesville Albemarle",Charlottesville Albemarle,Charlottesville Albemarle (CHO)
10991,CHP,30991,"Circle Hot Springs, AK","Circle Hot Springs, AK: Circle Hot Springs Airport",Circle Hot Springs Airport,Circle Hot Springs Airport (CHP)
10994,CHS,30994,"Charleston, SC","Charleston, SC: Charleston AFB/International",Charleston AFB/International,Charleston AFB/International (CHS)
10996,CHU,30996,"Chuathbaluk, AK","Chuathbaluk, AK: Chuathbaluk Airport",Chuathbaluk Airport,Chuathbaluk Airport (CHU)
11002,CIC,31002,"Chico, CA","Chico, CA: Chico Regional",Chico Regional,Chico Regional (CIC)
11003,CID,31003,"Cedar Rapids/Iowa City, IA","Cedar Rapids/Iowa City, IA: The Eastern Iowa",The Eastern Iowa,The Eastern Iowa (CID)
11007,CIK,31007,"Chalkyitsik, AK","Chalkyitsik, AK: Chalkyitsik Airport",Chalkyitsik Airport,Chalkyitsik Airport (CIK)
11008,CIL,31008,"Council, AK","Council, AK: Council Airport",Council Airport,Council Airport (CIL)
11013,CIU,31013,"Sault Ste. Marie, MI","Sault Ste. Marie, MI: Chippewa County International",Chippewa County International,Chippewa County International (CIU)
11027,CKB,31027,"Clarksburg/Fairmont, WV","Clarksburg/Fairmont, WV: North Central West Virginia",North Central West Virginia,North Central West Virginia (CKB)
11028,CKD,31028,"Crooked Creek, AK","Crooked Creek, AK: Crooked Creek Airport",Crooked Creek Airport,Crooked Creek Airport (CKD)
11034,CKU,30913,"Cordova, AK","Cordova, AK: Cordova Municipal",Cordova Municipal,Cordova Municipal (CKU)
11035,CKV,31035,"Clarksville, TN","Clarksville, TN: Outlaw Field",Outlaw Field,Outlaw Field (CKV)
11036,CKX,31036,"Chicken, AK","Chicken, AK: Chicken Airport",Chicken Airport,Chicken Airport (CKX)
11041,CLD,31041,"Carlsbad, CA","Carlsbad, CA: McClellan-Palomar",McClellan-Palomar,McClellan-Palomar (CLD)
11042,CLE,30647,"Cleveland, OH","Cleveland, OH: Cleveland-Hopkins International",Cleveland-Hopkins International,Cleveland-Hopkins International (CLE)
11043,CLF,31043,"Clear, AK","Clear, AK: Clear Mews",Clear Mews,Clear Mews (CLF)
11049,CLL,31049,"College Station/Bryan, TX","College Station/Bryan, TX: Easterwood Field",Easterwood Field,Easterwood Field (CLL)
11050,CLM,31050,"Port Angeles, WA","Port Angeles, WA: William R. Fairchild International",William R. Fairchild International,William R. Fairchild International (CLM)
11053,CLP,31053,"Clarks Point, AK","Clarks Point, AK: Clarks Point Airport",Clarks Point Airport,Clarks Point Airport (CLP)
11056,CLS,31056,"Chehalis, WA","Chehalis, WA: Chehalis Centralia",Chehalis Centralia,Chehalis Centralia (CLS)
11057,CLT,31057,"Charlotte, NC","Charlotte, NC: Charlotte Douglas International",Charlotte Douglas International,Charlotte Douglas International (CLT)
11058,CLU,31058,"Columbus, IN","Columbus, IN: Columbus Municipal",Columbus Municipal,Columbus Municipal (CLU)
11066,CMH,31066,"Columbus, OH","Columbus, OH: John Glenn Columbus International",John Glenn Columbus International,John Glenn Columbus International (CMH)
11067,CMI,31067,"Champaign/Urbana, IL","Champaign/Urbana, IL: University of Illinois/Willard",University of Illinois/Willard,University of Illinois/Willard (CMI)
11076,CMX,31076,"Hancock/Houghton, MI","Hancock/Houghton, MI: Houghton County Memorial",Houghton County Memorial,Houghton County Memorial (CMX)
11081,CNE,31081,"Canon City, CO","Canon City, CO: Fremont County",Fremont County,Fremont County (CNE)
11085,CNM,31085,"Carlsbad, NM","Carlsbad, NM: Cavern City Air Terminal",Cavern City Air Terminal,Cavern City Air Terminal (CNM)
11086,CNO,31086,"Chino, CA","Chino, CA: Chino Airport",Chino Airport,Chino Airport (CNO)
11090,CNW,30155,"Waco, TX","Waco, TX: TSTC Waco",TSTC Waco,TSTC Waco (CNW)
11092,CNY,31092,"Moab, UT","Moab, UT: Canyonlands Regional",Canyonlands Regional,Canyonlands Regional (CNY)
11097,COD,31097,"Cody, WY","Cody, WY: Yellowstone Regional",Yellowstone Regional,Yellowstone Regional (COD)
11098,COE,31098,"Coeur d'Alene, ID","Coeur d'Alene, ID: Coeur d'Alene - Pappy Boyington Field",Coeur d'Alene - Pappy Boyington Field,Coeur d'Alene - Pappy Boyington Field (COE)
11099,COF,31099,"Cocoa Beach, FL","Cocoa Beach, FL: Patrick Sfb",Patrick Sfb,Patrick Sfb (COF)
11106,CON,31106,"Concord, NH","Concord, NH: Concord Municipal",Concord Municipal,Concord Municipal (CON)
11109,COS,30189,"Colorado Springs, CO","Colorado Springs, CO: City of Colorado Springs Municipal",City of Colorado Springs Municipal,City of Colorado Springs Municipal (COS)
11111,COU,32474,"Columbia, MO","Columbia, MO: Columbia Regional",Columbia Regional,Columbia Regional (COU)
11122,CPR,31122,"Casper, WY","Casper, WY: Casper/Natrona County International",Casper/Natrona County International,Casper/Natrona County International (CPR)
11123,CPS,31123,"St. Louis, MO","St. Louis, MO: Bi-State Parks",Bi-State Parks,Bi-State Parks (CPS)
11126,CPX,31126,"Culebra, PR","Culebra, PR: Benjamin Rivera Noriega",Benjamin Rivera Noriega,Benjamin Rivera Noriega (CPX)
11136,CRG,31136,"Jacksonville, FL","Jacksonville, FL: Jacksonville Executive at Craig",Jacksonville Executive at Craig,Jacksonville Executive at Craig (CRG)
11140,CRP,31140,"Corpus Christi, TX","Corpus Christi, TX: Corpus Christi International",Corpus Christi International,Corpus Christi International (CRP)
11143,CRS,31143,"Corsicana, TX","Corsicana, TX: C David Campbell Field-Corsicana Municipal",C David Campbell Field-Corsicana Municipal,C David Campbell Field-Corsicana Municipal (CRS)
11146,CRW,31146,"Charleston/Dunbar, WV","Charleston/Dunbar, WV: West Virginia International Yeager",West Virginia International Yeager,West Virginia International Yeager (CRW)
11147,CRX,31147,"Corinth, MS","Corinth, MS: Roscoe Turner",Roscoe Turner,Roscoe Turner (CRX)
11150,CSG,31150,"Columbus, GA","Columbus, GA: Columbus Airport",Columbus Airport,Columbus Airport (CSG)
11152,CSM,31048,"Clinton, OK","Clinton, OK: Clinton Sherman",Clinton Sherman,Clinton Sherman (CSM)
11153,CSN,31153,"Carson City, NV","Carson City, NV: Carson City Airport",Carson City Airport,Carson City Airport (CSN)
11165,CTH,31165,"Coatesville, PA","Coatesville, PA: Chester County G. O. Carlson",Chester County G. O. Carlson,Chester County G. O. Carlson (CTH)
11175,CTY,31175,"Cross City, FL","Cross City, FL: Cross City Airport",Cross City Airport,Cross City Airport (CTY)
11193,CVG,33105,"Cincinnati, OH","Cincinnati, OH: Cincinnati/Northern Kentucky International",Cincinnati/Northern Kentucky International,Cincinnati/Northern Kentucky International (CVG)
11197,CVN,31197,"Clovis, NM","Clovis, NM: Clovis Regional",Clovis Regional,Clovis Regional (CVN)
11198,CVO,31198,"Corvallis, OR","Corvallis, OR: Corvallis Municipal",Corvallis Municipal,Corvallis Municipal (CVO)
11200,CVS,31197,"Clovis, NM","Clovis, NM: Cannon AFB",Cannon AFB,Cannon AFB (CVS)
11203,CWA,30424,"Mosinee, WI","Mosinee, WI: Central Wisconsin",Central Wisconsin,Central Wisconsin (CWA)
11214,CXF,31214,"Coldfoot, AK","Coldfoot, AK: Coldfoot Airport",Coldfoot Airport,Coldfoot Airport (CXF)
11218,CXL,31218,"Calexico, CA","Calexico, CA: Calexico International",Calexico International,Calexico International (CXL)
11219,CXO,31219,"Conroe, TX","Conroe, TX: Conroe North Houston Regional",Conroe North Houston Regional,Conroe North Houston Regional (CXO)
11227,CYF,31227,"Chefornak, AK","Chefornak, AK: Chefornak Airport",Chefornak Airport,Chefornak Airport (CYF)
11233,CYS,31233,"Cheyenne, WY","Cheyenne, WY: Cheyenne Regional/Jerry Olson Field",Cheyenne Regional/Jerry Olson Field,Cheyenne Regional/Jerry Olson Field (CYS)
11234,CYT,31234,"Cape Yakataga, AK","Cape Yakataga, AK: Yakataga",Yakataga,Yakataga (CYT)
11241,CZF,31241,"Cape Romanzof, AK","Cape Romanzof, AK: Cape Romanzof LRRS",Cape Romanzof LRRS,Cape Romanzof LRRS (CZF)
11245,CZN,31245,"Chisana, AK","Chisana, AK: Chisana Airport",Chisana Airport,Chisana Airport (CZN)
11246,CZO,31246,"Chistochina, AK","Chistochina, AK: Chistochina Airport",Chistochina Airport,Chistochina Airport (CZO)
11252,DAB,31252,"Daytona Beach, FL","Daytona Beach, FL: Daytona Beach International",Daytona Beach International,Daytona Beach International (DAB)
11257,DAG,31257,"Daggett, CA","Daggett, CA: Barstow/Daggett",Barstow/Daggett,Barstow/Daggett (DAG)
11259,DAL,30194,"Dallas, TX","Dallas, TX: Dallas Love Field",Dallas Love Field,Dallas Love Field (DAL)
11261,DAN,31261,"Danville, VA","Danville, VA: Danville Regional",Danville Regional,Danville Regional (DAN)
11267,DAY,31267,"Dayton, OH","Dayton, OH: James M Cox/Dayton International",James M Cox/Dayton International,James M Cox/Dayton International (DAY)
11274,DBQ,31274,"Dubuque, IA","Dubuque, IA: Dubuque Regional",Dubuque Regional,Dubuque Regional (DBQ)
11278,DCA,30852,"Washington, DC","Washington, DC: Ronald Reagan Washington National",Ronald Reagan Washington National,Ronald Reagan Washington National (DCA)
11280,DCK,31280,"Dahl Creek, AK","Dahl Creek, AK: Dahl Creek Airport",Dahl Creek Airport,Dahl Creek Airport (DCK)
11282,DCU,31282,"Decatur, AL","Decatur, AL: Pryor Field Regional",Pryor Field Regional,Pryor Field Regional (DCU)
11283,DDC,31283,"Dodge City, KS","Dodge City, KS: Dodge City Regional",Dodge City Regional,Dodge City Regional (DDC)
11288,DEC,31288,"Decatur, IL","Decatur, IL: Decatur Airport",Decatur Airport,Decatur Airport (DEC)
11292,DEN,30325,"Denver, CO","Denver, CO: Denver International",Denver International,Denver International (DEN)
11295,DET,31295,"Detroit, MI","Detroit, MI: Coleman A. Young Municipal",Coleman A. Young Municipal,Coleman A. Young Municipal (DET)
11298,DFW,30194,"Dallas/Fort Worth, TX","Dallas/Fort Worth, TX: Dallas/Fort Worth International",Dallas/Fort Worth International,Dallas/Fort Worth International (DFW)
11299,DGB,31299,"Danger Bay, AK","Danger Bay, AK: Danger Bay Airport",Danger Bay Airport,Danger Bay Airport (DGB)
11308,DHN,31308,"Dothan, AL","Dothan, AL: Dothan Regional",Dothan Regional,Dothan Regional (DHN)
11315,DIK,31315,"Dickinson, ND","Dickinson, ND: Dickinson - Theodore Roosevelt Regional",Dickinson - Theodore Roosevelt Regional,Dickinson - Theodore Roosevelt Regional (DIK)
11317,DIO,31317,"Diomede Island, AK","Diomede Island, AK: Diomede Heliport",Diomede Heliport,Diomede Heliport (DIO)
11327,DJN,31327,"Delta Junction, AK","Delta Junction, AK: Delta Junction Airport",Delta Junction Airport,Delta Junction Airport (DJN)
11331,DKK,31331,"Dunkirk, NY","Dunkirk, NY: Chautauqua County/Dunkirk",Chautauqua County/Dunkirk,Chautauqua County/Dunkirk (DKK)
11335,DLF,31335,"Del Rio, TX","Del Rio, TX: Laughlin AFB",Laughlin AFB,Laughlin AFB (DLF)
11336,DLG,31336,"Dillingham, AK","Dillingham, AK: Dillingham Airport",Dillingham Airport,Dillingham Airport (DLG)
11337,DLH,31337,"Duluth, MN","Duluth, MN: Duluth International",Duluth International,Duluth International (DLH)
11342,DLS,31342,"The Dalles, OR","The Dalles, OR: Columbia Gorge Regional/The Dalles Municipal",Columbia Gorge Regional/The Dalles Municipal,Columbia Gorge Regional/The Dalles Municipal (DLS)
11344,DMA,30436,"Tucson, AZ","Tucson, AZ: Davis Monthan AFB",Davis Monthan AFB,Davis Monthan AFB (DMA)
11348,DMN,31348,"Deming, NM","Deming, NM: Deming Municipal",Deming Municipal,Deming Municipal (DMN)
11355,DNE,30194,"Dallas/Fort Worth, TX","Dallas/Fort Worth, TX: Dallas North",Dallas North,Dallas North (DNE)
11358,DNL,30208,"Augusta, GA","Augusta, GA: Daniel Field",Daniel Field,Daniel Field (DNL)
11367,DOF,31367,"Dora Bay, AK","Dora Bay, AK: Dora Bay Airport",Dora Bay Airport,Dora Bay Airport (DOF)
11375,DOV,31375,"Dover, DE","Dover, DE: Dover AFB",Dover AFB,Dover AFB (DOV)
11376,DPA,30977,"Chicago, IL","Chicago, IL: Du Page County",Du Page County,Du Page County (DPA)
11381,AA8,30073,"Deadhorse, AK","Deadhorse, AK: Badami",Badami,Badami (AA8)
11383,DQC,31383,"Sebastian, FL","Sebastian, FL: Sebastian Municipal",Sebastian Municipal,Sebastian Municipal (DQC)
11387,M91,31387,"Springfield, TN","Springfield, TN: Springfield Robertson County",Springfield Robertson County,Springfield Robertson County (M91)
11391,DQK,31391,"Fort Drum, NY","Fort Drum, NY: Wheeler-Sack AAF",Wheeler-Sack AAF,Wheeler-Sack AAF (DQK)
11392,DQL,30299,"Anchorage, AK","Anchorage, AK: Lake Hood",Lake Hood,Lake Hood (DQL)
11394,DQN,31394,"New Smyrna Beach, FL","New Smyrna Beach, FL: New Smyrna Beach Municipal Jack Bolt Field",New Smyrna Beach Municipal Jack Bolt Field,New Smyrna Beach Municipal Jack Bolt Field (DQN)
11399,DQS,31399,"Whitmore, AZ","Whitmore, AZ: Grand Canyon Bar Ten Airstrip",Grand Canyon Bar Ten Airstrip,Grand Canyon Bar Ten Airstrip (DQS)
11410,DRF,31410,"Drift River, AK","Drift River, AK: Drift River Airport",Drift River Airport,Drift River Airport (DRF)
11411,DRG,31411,"Deering, AK","Deering, AK: Deering Airport",Deering Airport,Deering Airport (DRG)
11413,DRO,30285,"Durango, CO","Durango, CO: Durango La Plata County",Durango La Plata County,Durango La Plata County (DRO)
11415,DRT,31335,"Del Rio, TX","Del Rio, TX: Del Rio International",Del Rio International,Del Rio International (DRT)
11421,DSI,31421,"Destin, FL","Destin, FL: Destin Executive",Destin Executive,Destin Executive (DSI)
11423,DSM,31423,"Des Moines, IA","Des Moines, IA: Des Moines International",Des Moines International,Des Moines International (DSM)
11430,DTO,31430,"Denton, TX","Denton, TX: Denton Enterprise",Denton Enterprise,Denton Enterprise (DTO)
11431,DTR,31431,"Decatur Island, WA","Decatur Island, WA: Decatur",Decatur,Decatur (DTR)
11433,DTW,31295,"Detroit, MI","Detroit, MI: Detroit Metro Wayne County",Detroit Metro Wayne County,Detroit Metro Wayne County (DTW)
11436,DUC,31436,"Duncan, OK","Duncan, OK: Halliburton Field",Halliburton Field,Halliburton Field (DUC)
11440,DUG,31440,"Douglas, AZ","Douglas, AZ: Bisbee Douglas International",Bisbee Douglas International,Bisbee Douglas International (DUG)
11441,DUJ,31441,"DuBois, PA","DuBois, PA: DuBois Regional",DuBois Regional,DuBois Regional (DUJ)
11445,DUT,31445,"Unalaska, AK","Unalaska, AK: Unalaska Airport",Unalaska Airport,Unalaska Airport (DUT)
11447,DVL,31447,"Devils Lake, ND","Devils Lake, ND: Devils Lake Regional",Devils Lake Regional,Devils Lake Regional (DVL)
11450,DVT,30466,"Phoenix, AZ","Phoenix, AZ: Phoenix - Deer Valley",Phoenix - Deer Valley,Phoenix - Deer Valley (DVT)
11452,DWA,31452,"Davis/Woodland/Winters, CA","Davis/Woodland/Winters, CA: Yolo County",Yolo County,Yolo County (DWA)
11453,DWH,31453,"Houston, TX","Houston, TX: David Wayne Hooks Memorial",David Wayne Hooks Memorial,David Wayne Hooks Memorial (DWH)
11456,DXR,31364,"Danbury, CT","Danbury, CT: Danbury Municipal",Danbury Municipal,Danbury Municipal (DXR)
11459,DYS,30136,"Abilene, TX","Abilene, TX: Dyess AFB",Dyess AFB,Dyess AFB (DYS)
11463,EAA,31463,"Eagle, AK","Eagle, AK: Eagle Airport",Eagle Airport,Eagle Airport (EAA)
11468,EAR,31468,"Kearney, NE","Kearney, NE: Kearney Regional",Kearney Regional,Kearney Regional (EAR)
11470,EAT,31470,"Wenatchee, WA","Wenatchee, WA: Pangborn Memorial",Pangborn Memorial,Pangborn Memorial (EAT)
11471,EAU,31471,"Eau Claire, WI","Eau Claire, WI: Chippewa Valley Regional",Chippewa Valley Regional,Chippewa Valley Regional (EAU)
11481,ECP,31481,"Panama City, FL","Panama City, FL: Northwest Florida Beaches International",Northwest Florida Beaches International,Northwest Florida Beaches International (ECP)
11484,EDA,31484,"Edna Bay, AK","Edna Bay, AK: Edna Bay Airport",Edna Bay Airport,Edna Bay Airport (EDA)
11486,EDE,31486,"Edenton, NC","Edenton, NC: Northeastern Regional",Northeastern Regional,Northeastern Regional (EDE)
11487,EDF,30299,"Anchorage, AK","Anchorage, AK: Elmendorf AFB",Elmendorf AFB,Elmendorf AFB (EDF)
11490,EDW,31490,"Edwards, CA","Edwards, CA: Edwards AFB",Edwards AFB,Edwards AFB (EDW)
11492,EEK,31492,"Eek, AK","Eek, AK: Eek Airport",Eek Airport,Eek Airport (EEK)
11493,EEN,31493,"Keene, NH","Keene, NH: Dillant Hopkins",Dillant Hopkins,Dillant Hopkins (EEN)
11495,EFD,31453,"Houston, TX","Houston, TX: Ellington",Ellington,Ellington (EFD)
11496,EFK,31496,"Newport, VT","Newport, VT: Northeast Kingdom International",Northeast Kingdom International,Northeast Kingdom International (EFK)
11503,EGE,31503,"Eagle, CO","Eagle, CO: Eagle County Regional",Eagle County Regional,Eagle County Regional (EGE)
11510,EGV,31510,"Eagle River, WI","Eagle River, WI: Eagle River Union",Eagle River Union,Eagle River Union (EGV)
11511,EGX,31511,"Egegik, AK","Egegik, AK: Egegik Airport",Egegik Airport,Egegik Airport (EGX)
11512,EHM,31512,"Cape Newenham, AK","Cape Newenham, AK: Cape Newenham LRRS",Cape Newenham LRRS,Cape Newenham LRRS (EHM)
11513,EHR,31513,"Eagle Harbor, AK","Eagle Harbor, AK: Eagle Harbor Airport",Eagle Harbor Airport,Eagle Harbor Airport (EHR)
11517,EIL,31517,"Fairbanks, AK","Fairbanks, AK: Eielson AFB",Eielson AFB,Eielson AFB (EIL)
11522,EKA,30157,"Eureka, CA","Eureka, CA: Murray Field",Murray Field,Murray Field (EKA)
11523,EKI,31523,"Elkhart, IN","Elkhart, IN: Elkhart Municipal",Elkhart Municipal,Elkhart Municipal (EKI)
11525,EKO,31525,"Elko, NV","Elko, NV: Elko Regional",Elko Regional,Elko Regional (EKO)
11526,EKX,31526,"Elizabethtown, KY","Elizabethtown, KY: Addington Field",Addington Field,Addington Field (EKX)
11527,EKY,31527,"Bessemer, AL","Bessemer, AL: Bessemer Ntl",Bessemer Ntl,Bessemer Ntl (EKY)
11531,ELD,31531,"El Dorado, AR","El Dorado, AR: South Arkansas Regional at Goodwin Field",South Arkansas Regional at Goodwin Field,South Arkansas Regional at Goodwin Field (ELD)
11535,ELI,31535,"Elim, AK","Elim, AK: Elim Airport",Elim Airport,Elim Airport (ELI)
11537,ELM,31537,"Elmira/Corning, NY","Elmira/Corning, NY: Elmira/Corning Regional",Elmira/Corning Regional,Elmira/Corning Regional (ELM)
11538,ELN,31538,"Ellensburg, WA","Ellensburg, WA: Bowers Field",Bowers Field,Bowers Field (ELN)
11540,ELP,30615,"El Paso, TX","El Paso, TX: El Paso International",El Paso International,El Paso International (ELP)
11545,ELV,31545,"Elfin Cove, AK","Elfin Cove, AK: Elfin Cove Seaplane Base",Elfin Cove Seaplane Base,Elfin Cove Seaplane Base (ELV)
11550,EMK,31550,"Emmonak, AK","Emmonak, AK: Emmonak Airport",Emmonak Airport,Emmonak Airport (EMK)
11554,EMT,31554,"El Monte, CA","El Monte, CA: San Gabriel Valley",San Gabriel Valley,San Gabriel Valley (EMT)
11555,ENA,31555,"Kenai, AK","Kenai, AK: Kenai Municipal",Kenai Municipal,Kenai Municipal (ENA)
11559,ENN,31559,"Nenana, AK","Nenana, AK: Nenana Municipal",Nenana Municipal,Nenana Municipal (ENN)
11563,ENV,31563,"Wendover, UT","Wendover, UT: Wendover Airport",Wendover Airport,Wendover Airport (ENV)
11564,ENW,31564,"Kenosha, WI","Kenosha, WI: Kenosha Regional",Kenosha Regional,Kenosha Regional (ENW)
11577,ERI,31577,"Erie, PA","Erie, PA: Erie International/Tom Ridge Field",Erie International/Tom Ridge Field,Erie International/Tom Ridge Field (ERI)
11582,ERV,31582,"Kerrville, TX","Kerrville, TX: Kerrville Municipal/Louis Schreiner Field",Kerrville Municipal/Louis Schreiner Field,Kerrville Municipal/Louis Schreiner Field (ERV)
11587,ESC,31587,"Escanaba, MI","Escanaba, MI: Delta County",Delta County,Delta County (ESC)
11588,ESD,31588,"Eastsound, WA","Eastsound, WA: Orcas Island",Orcas Island,Orcas Island (ESD)
11592,ESN,31592,"Easton, MD","Easton, MD: Easton/Newnam Field",Easton/Newnam Field,Easton/Newnam Field (ESN)
11603,EUG,31603,"Eugene, OR","Eugene, OR: Mahlon Sweet Field",Mahlon Sweet Field,Mahlon Sweet Field (EUG)
11612,EVV,31612,"Evansville, IN","Evansville, IN: Evansville Regional",Evansville Regional,Evansville Regional (EVV)
11615,EWB,31615,"New Bedford/Fall River, MA","New Bedford/Fall River, MA: New Bedford Regional",New Bedford Regional,New Bedford Regional (EWB)
11617,EWN,31617,"New Bern/Morehead/Beaufort, NC","New Bern/Morehead/Beaufort, NC: Coastal Carolina Regional",Coastal Carolina Regional,Coastal Carolina Regional (EWN)
11618,EWR,31703,"Newark, NJ","Newark, NJ: Newark Liberty International",Newark Liberty International,Newark Liberty International (EWR)
11619,EXI,31619,"Excursion Inlet, AK","Excursion Inlet, AK: Excursion Inlet Seaplane Base",Excursion Inlet Seaplane Base,Excursion Inlet Seaplane Base (EXI)
11624,EYW,31624,"Key West, FL","Key West, FL: Key West International",Key West International,Key West International (EYW)
11627,RBK,31627,"Murrieta/Temecula, CA","Murrieta/Temecula, CA: French Valley",French Valley,French Valley (RBK)
11630,FAI,31517,"Fairbanks, AK","Fairbanks, AK: Fairbanks International",Fairbanks International,Fairbanks International (FAI)
11632,FAK,31632,"False Island, AK","False Island, AK: False Island Airport",False Island Airport,False Island Airport (FAK)
11637,FAR,31637,"Fargo, ND","Fargo, ND: Hector International",Hector International,Hector International (FAR)
11638,FAT,31638,"Fresno, CA","Fresno, CA: Fresno Yosemite International",Fresno Yosemite International,Fresno Yosemite International (FAT)
11641,FAY,31641,"Fayetteville, NC","Fayetteville, NC: Fayetteville Regional/Grannis Field",Fayetteville Regional/Grannis Field,Fayetteville Regional/Grannis Field (FAY)
11643,FBK,31517,"Fairbanks, AK","Fairbanks, AK: Ladd AAF",Ladd AAF,Ladd AAF (FBK)
11646,FBS,31646,"Friday Harbor, WA","Friday Harbor, WA: Friday Harbor Seaplane Base",Friday Harbor Seaplane Base,Friday Harbor Seaplane Base (FBS)
11648,FCA,31648,"Kalispell, MT","Kalispell, MT: Glacier Park International",Glacier Park International,Glacier Park International (FCA)
11650,FCM,31650,"Minneapolis, MN","Minneapolis, MN: Flying Cloud",Flying Cloud,Flying Cloud (FCM)
11656,FDK,31656,"Frederick, MD","Frederick, MD: Frederick Municipal",Frederick Municipal,Frederick Municipal (FDK)
11659,FDY,31659,"Findlay, OH","Findlay, OH: Findlay Airport",Findlay Airport,Findlay Airport (FDY)
11668,FFO,31267,"Dayton, OH","Dayton, OH: Wright-Patterson AFB",Wright-Patterson AFB,Wright-Patterson AFB (FFO)
11669,FFT,31669,"Frankfort, KY","Frankfort, KY: Capital City",Capital City,Capital City (FFT)
11673,FHU,31673,"Fort Huachuca, AZ","Fort Huachuca, AZ: Sierra Vista Municipal-Libby AAF",Sierra Vista Municipal-Libby AAF,Sierra Vista Municipal-Libby AAF (FHU)
11675,FID,31672,"Fishers Island, NY","Fishers Island, NY: Elizabeth Field",Elizabeth Field,Elizabeth Field (FID)
11686,FL1,31686,"Zephyrhills, FL","Zephyrhills, FL: Zephyrhills Municipal",Zephyrhills Municipal,Zephyrhills Municipal (FL1)
11689,FL4,31689,"Bunnell, FL","Bunnell, FL: Flagler Executive",Flagler Executive,Flagler Executive (FL4)
11695,FLG,31695,"Flagstaff, AZ","Flagstaff, AZ: Flagstaff Pulliam",Flagstaff Pulliam,Flagstaff Pulliam (FLG)
11697,FLL,32467,"Fort Lauderdale, FL","Fort Lauderdale, FL: Fort Lauderdale-Hollywood International",Fort Lauderdale-Hollywood International,Fort Lauderdale-Hollywood International (FLL)
11699,FLO,31699,"Florence, SC","Florence, SC: Florence Regional",Florence Regional,Florence Regional (FLO)
11702,FLT,31702,"Flat, AK","Flat, AK: Flat Airport",Flat Airport,Flat Airport (FLT)
11711,FMN,31711,"Farmington, NM","Farmington, NM: Four Corners Regional",Four Corners Regional,Four Corners Regional (FMN)
11714,FMY,31714,"Fort Myers, FL","Fort Myers, FL: Page Field",Page Field,Page Field (FMY)
11719,FNL,31719,"Fort Collins/Loveland, CO","Fort Collins/Loveland, CO: Northern Colorado Regional",Northern Colorado Regional,Northern Colorado Regional (FNL)
11720,FNR,31720,"Funter Bay Alaska, AK","Funter Bay Alaska, AK: Funter Bay",Funter Bay,Funter Bay (FNR)
11721,FNT,31721,"Flint, MI","Flint, MI: Bishop International",Bishop International,Bishop International (FNT)
11725,FOD,31725,"Fort Dodge, IA","Fort Dodge, IA: Fort Dodge Regional",Fort Dodge Regional,Fort Dodge Regional (FOD)
11726,FOE,31726,"Topeka, KS","Topeka, KS: Topeka Regional",Topeka Regional,Topeka Regional (FOE)
11728,FOK,31728,"Westhampton, NY","Westhampton, NY: Francis S. Gabreski",Francis S. Gabreski,Francis S. Gabreski (FOK)
11732,FPR,31732,"Fort Pierce, FL","Fort Pierce, FL: Treasure Coast International",Treasure Coast International,Treasure Coast International (FPR)
11733,FPY,31733,"Perry, FL","Perry, FL: Perry-Foley",Perry-Foley,Perry-Foley (FPY)
11742,FQI,31742,"Scott, KY","Scott, KY: Georgetown Scott County Regional",Georgetown Scott County Regional,Georgetown Scott County Regional (FQI)
11750,FQQ,31750,"Dry Bay, AK","Dry Bay, AK: Dry Bay Airport",Dry Bay Airport,Dry Bay Airport (FQQ)
11762,FRD,31646,"Friday Harbor, WA","Friday Harbor, WA: Friday Harbor Airport",Friday Harbor Airport,Friday Harbor Airport (FRD)
11764,FRG,31764,"East Farmingdale, NY","East Farmingdale, NY: Republic",Republic,Republic (FRG)
11773,FRY,31773,"Fryeburg, ME","Fryeburg, ME: Eastern Slopes Regional",Eastern Slopes Regional,Eastern Slopes Regional (FRY)
11775,FSD,31775,"Sioux Falls, SD","Sioux Falls, SD: Joe Foss Field",Joe Foss Field,Joe Foss Field (FSD)
11778,FSM,31778,"Fort Smith, AR","Fort Smith, AR: Fort Smith Regional",Fort Smith Regional,Fort Smith Regional (FSM)
11780,FST,31780,"Ft. Stockton, TX","Ft. Stockton, TX: Fort Stockton Pecos County",Fort Stockton Pecos County,Fort Stockton Pecos County (FST)
11789,FTW,30194,"Dallas/Fort Worth, TX","Dallas/Fort Worth, TX: Fort Worth Meacham International",Fort Worth Meacham International,Fort Worth Meacham International (FTW)
11790,FTY,30397,"Atlanta, GA","Atlanta, GA: Fulton County Exec Charlie Brown Field",Fulton County Exec Charlie Brown Field,Fulton County Exec Charlie Brown Field (FTY)
11803,FVG,31803,"Wickenburg, AZ","Wickenburg, AZ: Wickenburg Municipal",Wickenburg Municipal,Wickenburg Municipal (FVG)
11811,FVO,31811,"Aurora, OR","Aurora, OR: Aurora State",Aurora State,Aurora State (FVO)
11813,FVQ,31813,"Donlin Creek Mine, AK","Donlin Creek Mine, AK: Donlin Creek Mine Airport",Donlin Creek Mine Airport,Donlin Creek Mine Airport (FVQ)
11822,FVZ,30073,"Deadhorse, AK","Deadhorse, AK: Inigok",Inigok,Inigok (FVZ)
11823,FWA,31823,"Fort Wayne, IN","Fort Wayne, IN: Fort Wayne International",Fort Wayne International,Fort Wayne International (FWA)
11824,FWH,30194,"Fort Worth, TX","Fort Worth, TX: Fort Worth NAS JRB/Carswell Field",Fort Worth NAS JRB/Carswell Field,Fort Worth NAS JRB/Carswell Field (FWH)
11825,FWL,31825,"Farewell, AK","Farewell, AK: Farewell Airport",Farewell Airport,Farewell Airport (FWL)
11827,FXE,32467,"Fort Lauderdale, FL","Fort Lauderdale, FL: Fort Lauderdale Executive",Fort Lauderdale Executive,Fort Lauderdale Executive (FXE)
11833,FYU,31833,"Fort Yukon, AK","Fort Yukon, AK: Fort Yukon Airport",Fort Yukon Airport,Fort Yukon Airport (FYU)
11834,FYV,31834,"Fayetteville, AR","Fayetteville, AR: Drake Field",Drake Field,Drake Field (FYV)
11840,GAD,31840,"Gadsden, AL","Gadsden, AL: Northeast Alabama Regional",Northeast Alabama Regional,Northeast Alabama Regional (GAD)
11842,GAI,31842,"Gaithersburg, MD","Gaithersburg, MD: Montgomery County Airpark",Montgomery County Airpark,Montgomery County Airpark (GAI)
11844,GAL,31844,"Galena, AK","Galena, AK: Edward G. Pitka Sr.",Edward G. Pitka Sr.,Edward G. Pitka Sr. (GAL)
11845,GAM,31845,"Gambell, AK","Gambell, AK: Gambell Airport",Gambell Airport,Gambell Airport (GAM)
11859,GBH,31859,"Galbraith Lake, AK","Galbraith Lake, AK: Galbraith Lake Airport",Galbraith Lake Airport,Galbraith Lake Airport (GBH)
11862,GBR,31862,"Great Barrington, MA","Great Barrington, MA: Walter J. Koladza",Walter J. Koladza,Walter J. Koladza (GBR)
11865,GCC,31865,"Gillette, WY","Gillette, WY: Northeast Wyoming Regional",Northeast Wyoming Regional,Northeast Wyoming Regional (GCC)
11867,GCK,31867,"Garden City, KS","Garden City, KS: Garden City Regional",Garden City Regional,Garden City Regional (GCK)
11869,GCN,30463,"Grand Canyon, AZ","Grand Canyon, AZ: Grand Canyon National Park",Grand Canyon National Park,Grand Canyon National Park (GCN)
11871,GDC,31871,"Greenville, SC","Greenville, SC: Donaldson Field",Donaldson Field,Donaldson Field (GDC)
11879,GDV,31879,"Glendive, MT","Glendive, MT: Dawson Community",Dawson Community,Dawson Community (GDV)
11883,GED,31883,"Georgetown, DE","Georgetown, DE: Delaware Coastal",Delaware Coastal,Delaware Coastal (GED)
11884,GEG,31884,"Spokane, WA","Spokane, WA: Spokane International",Spokane International,Spokane International (GEG)
11885,GEK,31885,"Ganes Creek, AK","Ganes Creek, AK: Ganes Creek Airport",Ganes Creek Airport,Ganes Creek Airport (GEK)
11893,GEY,31893,"Greybull, WY","Greybull, WY: South Big Horn County",South Big Horn County,South Big Horn County (GEY)
11898,GFK,31898,"Grand Forks, ND","Grand Forks, ND: Grand Forks International",Grand Forks International,Grand Forks International (GFK)
11899,GFL,31899,"Glens Falls, NY","Glens Falls, NY: Floyd Bennett Memorial",Floyd Bennett Memorial,Floyd Bennett Memorial (GFL)
11904,GGE,31904,"Georgetown, SC","Georgetown, SC: Georgetown County",Georgetown County,Georgetown County (GGE)
11905,GGG,31905,"Longview, TX","Longview, TX: East Texas Regional",East Texas Regional,East Texas Regional (GGG)
11908,GGW,31908,"Glasgow, MT","Glasgow, MT: Wokal Field Glasgow Valley County",Wokal Field Glasgow Valley County,Wokal Field Glasgow Valley County (GGW)
11921,GJT,31921,"Grand Junction, CO","Grand Junction, CO: Grand Junction Regional",Grand Junction Regional,Grand Junction Regional (GJT)
11924,GKN,31924,"Gulkana, AK","Gulkana, AK: Gulkana Airport",Gulkana Airport,Gulkana Airport (GKN)
11931,GLH,31931,"Greenville, MS","Greenville, MS: Greenville Mid Delta",Greenville Mid Delta,Greenville Mid Delta (GLH)
11938,GLR,31938,"Gaylord, MI","Gaylord, MI: Gaylord Regional",Gaylord Regional,Gaylord Regional (GLR)
11939,GLS,31939,"Galveston, TX","Galveston, TX: Scholes International at Galveston",Scholes International at Galveston,Scholes International at Galveston (GLS)
11941,GLV,31941,"Golovin, AK","Golovin, AK: Golovin Airport",Golovin Airport,Golovin Airport (GLV)
11942,GLW,31942,"Glasgow, KY","Glasgow, KY: Glasgow Municipal",Glasgow Municipal,Glasgow Municipal (GLW)
11946,GMT,30003,"Granite Mountain, AK","Granite Mountain, AK: Granite Mountain AS",Granite Mountain AS,Granite Mountain AS (GMT)
11947,GMU,31871,"Greenville, SC","Greenville, SC: Greenville Downtown",Greenville Downtown,Greenville Downtown (GMU)
11952,GNU,31952,"Goodnews Bay, AK","Goodnews Bay, AK: Goodnews",Goodnews,Goodnews (GNU)
11953,GNV,31953,"Gainesville, FL","Gainesville, FL: Gainesville Regional",Gainesville Regional,Gainesville Regional (GNV)
11959,GOL,31959,"Gold Beach, OR","Gold Beach, OR: Gold Beach Municipal",Gold Beach Municipal,Gold Beach Municipal (GOL)
11961,GON,31961,"New London/Groton, CT","New London/Groton, CT: Groton-New London",Groton-New London,Groton-New London (GON)
11973,GPT,31973,"Gulfport/Biloxi, MS","Gulfport/Biloxi, MS: Gulfport-Biloxi International",Gulfport-Biloxi International,Gulfport-Biloxi International (GPT)
11974,GPZ,31974,"Grand Rapids, MN","Grand Rapids, MN: Grand Rapids/Itasca County-Gordon Newstrom Field",Grand Rapids/Itasca County-Gordon Newstrom Field,Grand Rapids/Itasca County-Gordon Newstrom Field (GPZ)
11977,GRB,31977,"Green Bay, WI","Green Bay, WI: Green Bay Austin Straubel International",Green Bay Austin Straubel International,Green Bay Austin Straubel International (GRB)
11980,GRI,31980,"Grand Island, NE","Grand Island, NE: Central Nebraska Regional",Central Nebraska Regional,Central Nebraska Regional (GRI)
11982,GRK,31982,"Killeen, TX","Killeen, TX: Robert Gray AAF",Robert Gray AAF,Robert Gray AAF (GRK)
11986,GRR,31986,"Grand Rapids, MI","Grand Rapids, MI: Gerald R. Ford International",Gerald R. Ford International,Gerald R. Ford International (GRR)
11992,GSB,31992,"Goldsboro, NC","Goldsboro, NC: Seymour Johnson AFB",Seymour Johnson AFB,Seymour Johnson AFB (GSB)
11994,GSH,31994,"Goshen, IN","Goshen, IN: Goshen Municipal",Goshen Municipal,Goshen Municipal (GSH)
11995,GSO,31995,"Greensboro/High Point, NC","Greensboro/High Point, NC: Piedmont Triad International",Piedmont Triad International,Piedmont Triad International (GSO)
11996,GSP,31871,"Greer, SC","Greer, SC: Greenville-Spartanburg International",Greenville-Spartanburg International,Greenville-Spartanburg International (GSP)
11997,GST,31997,"Gustavus, AK","Gustavus, AK: Gustavus Airport",Gustavus Airport,Gustavus Airport (GST)
12003,GTF,31895,"Great Falls, MT","Great Falls, MT: Great Falls International",Great Falls International,Great Falls International (GTF)
12007,GTR,30894,"Columbus, MS","Columbus, MS: Golden Triangle Regional",Golden Triangle Regional,Golden Triangle Regional (GTR)
12008,GTU,32008,"Georgetown, TX","Georgetown, TX: Georgetown Exec",Georgetown Exec,Georgetown Exec (GTU)
12012,GUC,32012,"Gunnison, CO","Gunnison, CO: Gunnison-Crested Butte Regional",Gunnison-Crested Butte Regional,Gunnison-Crested Butte Regional (GUC)
12016,GUM,32016,"Guam, TT","Guam, TT: Guam International",Guam International,Guam International (GUM)
12018,GUP,32018,"Gallup, NM","Gallup, NM: Gallup Municipal",Gallup Municipal,Gallup Municipal (GUP)
12021,GUS,32021,"Peru, IN","Peru, IN: Grissom ARB",Grissom ARB,Grissom ARB (GUS)
12027,GVE,32027,"Gordonville, VA","Gordonville, VA: Gordonsville Municipal",Gordonsville Municipal,Gordonsville Municipal (GVE)
12028,GVL,32028,"Gainesville, GA","Gainesville, GA: Lee Gilmer Memorial",Lee Gilmer Memorial,Lee Gilmer Memorial (GVL)
12029,GVQ,32029,"Batavia, NY","Batavia, NY: Genesee County",Genesee County,Genesee County (GVQ)
12031,GVT,32031,"Greenville, TX","Greenville, TX: Majors",Majors,Majors (GVT)
12054,GYR,30466,"Goodyear, AZ","Goodyear, AZ: Phoenix Goodyear",Phoenix Goodyear,Phoenix Goodyear (GYR)
12055,GYY,30977,"Gary, IN","Gary, IN: Gary/Chicago International",Gary/Chicago International,Gary/Chicago International (GYY)
12062,HAF,32062,"Half Moon Bay, CA","Half Moon Bay, CA: Half Moon Bay Airport",Half Moon Bay Airport,Half Moon Bay Airport (HAF)
12068,HAO,32068,"Hamilton, OH","Hamilton, OH: Butler County Regional Hogan Field",Butler County Regional Hogan Field,Butler County Regional Hogan Field (HAO)
12070,HAR,32070,"Harrisburg, PA","Harrisburg, PA: Capital City",Capital City,Capital City (HAR)
12087,HCR,32087,"Holy Cross, AK","Holy Cross, AK: Holy Cross Airport",Holy Cross Airport,Holy Cross Airport (HCR)
12094,HDN,34699,"Hayden, CO","Hayden, CO: Yampa Valley",Yampa Valley,Yampa Valley (HDN)
12106,HEZ,32106,"Natchez, MS","Natchez, MS: Hardy-Anders Field Natchez-Adams County",Hardy-Anders Field Natchez-Adams County,Hardy-Anders Field Natchez-Adams County (HEZ)
12108,HFD,30529,"Hartford, CT","Hartford, CT: Hartford Brainard",Hartford Brainard,Hartford Brainard (HFD)
12119,HGR,32119,"Hagerstown, MD","Hagerstown, MD: Hagerstown Regional-Richard A. Henson Field",Hagerstown Regional-Richard A. Henson Field,Hagerstown Regional-Richard A. Henson Field (HGR)
12122,HGZ,32122,"Hogatza, AK","Hogatza, AK: Hogatza Airport",Hogatza Airport,Hogatza Airport (HGZ)
12124,HHH,32124,"Hilton Head, SC","Hilton Head, SC: Hilton Head Airport",Hilton Head Airport,Hilton Head Airport (HHH)
12127,HHR,32575,"Hawthorne, CA","Hawthorne, CA: Jack Northrop Field/Hawthorne Municipal",Jack Northrop Field/Hawthorne Municipal,Jack Northrop Field/Hawthorne Municipal (HHR)
12129,HIB,32129,"Hibbing, MN","Hibbing, MN: Range Regional",Range Regional,Range Regional (HIB)
12130,HIE,32130,"Whitefield, NH","Whitefield, NH: Mount Washington Regional",Mount Washington Regional,Mount Washington Regional (HIE)
12131,HIF,32131,"Ogden, UT","Ogden, UT: Hill AFB",Hill AFB,Hill AFB (HIF)
12132,HII,32132,"Lake Havasu City, AZ","Lake Havasu City, AZ: Lake Havasu City Airport",Lake Havasu City Airport,Lake Havasu City Airport (HII)
12134,HIK,32134,"Honolulu, HI","Honolulu, HI: Daniel K Inouye International",Daniel K Inouye International,Daniel K Inouye International (HIK)
12136,HIO,32136,"Hillsboro, OR","Hillsboro, OR: Portland Hillsboro",Portland Hillsboro,Portland Hillsboro (HIO)
12141,HKB,32141,"Healy, AK","Healy, AK: Healy River",Healy River,Healy River (HKB)
12147,HKS,32448,"Jackson, MS","Jackson, MS: Hawkins Field",Hawkins Field,Hawkins Field (HKS)
12149,HKY,32149,"Hickory, NC","Hickory, NC: Hickory Regional",Hickory Regional,Hickory Regional (HKY)
12153,HLG,32153,"Wheeling, WV","Wheeling, WV: Wheeling Ohio County",Wheeling Ohio County,Wheeling Ohio County (HLG)
12154,HLI,32154,"Hollister, CA","Hollister, CA: Hollister Municipal",Hollister Municipal,Hollister Municipal (HLI)
12155,HLM,32155,"Holland, MI","Holland, MI: Park Township",Park Township,Park Township (HLM)
12156,HLN,32156,"Helena, MT","Helena, MT: Helena Regional",Helena Regional,Helena Regional (HLN)
12163,HMN,30266,"Alamogordo, NM","Alamogordo, NM: Holloman AFB",Holloman AFB,Holloman AFB (HMN)
12171,HNH,32171,"Hoonah, AK","Hoonah, AK: Hoonah Airport",Hoonah Airport,Hoonah Airport (HNH)
12173,HNL,32134,"Honolulu, HI","Honolulu, HI: Daniel K Inouye International",Daniel K Inouye International,Daniel K Inouye International (HNL)
12174,HNM,32174,"Hana, HI","Hana, HI: Hana Airport",Hana Airport,Hana Airport (HNM)
12175,HNS,31402,"Haines, AK","Haines, AK: Haines Airport",Haines Airport,Haines Airport (HNS)
12177,HOB,32177,"Hobbs, NM","Hobbs, NM: Lea County Regional",Lea County Regional,Lea County Regional (HOB)
12184,HOM,30009,"Homer, AK","Homer, AK: Homer Airport",Homer Airport,Homer Airport (HOM)
12185,HON,32185,"Huron, SD","Huron, SD: Huron Regional",Huron Regional,Huron Regional (HON)
12187,HOP,32187,"Hopkinsville, KY","Hopkinsville, KY: Campbell AAF",Campbell AAF,Campbell AAF (HOP)
12190,HOT,32190,"Hot Springs, AR","Hot Springs, AR: Memorial Field",Memorial Field,Memorial Field (HOT)
12191,HOU,31453,"Houston, TX","Houston, TX: William P Hobby",William P Hobby,William P Hobby (HOU)
12195,HPB,32195,"Hooper Bay, AK","Hooper Bay, AK: Hooper Bay Airport",Hooper Bay Airport,Hooper Bay Airport (HPB)
12197,HPN,31703,"White Plains, NY","White Plains, NY: Westchester County",Westchester County,Westchester County (HPN)
12200,HQM,32200,"Hoquiam, WA","Hoquiam, WA: Bowerman Field",Bowerman Field,Bowerman Field (HQM)
12206,HRL,32206,"Harlingen/San Benito, TX","Harlingen/San Benito, TX: Valley International",Valley International,Valley International (HRL)
12207,HRO,32207,"Harrison, AR","Harrison, AR: Boone County",Boone County,Boone County (HRO)
12211,HSH,32211,"Las Vegas, NV","Las Vegas, NV: Henderson Executive",Henderson Executive,Henderson Executive (HSH)
12214,HSL,32214,"Huslia, AK","Huslia, AK: Huslia Airport",Huslia Airport,Huslia Airport (HSL)
12216,HST,32216,"Homestead, FL","Homestead, FL: Homestead ARB",Homestead ARB,Homestead ARB (HST)
12217,HSV,30255,"Huntsville, AL","Huntsville, AL: Huntsville International-Carl T Jones Field",Huntsville International-Carl T Jones Field,Huntsville International-Carl T Jones Field (HSV)
12222,HTO,32222,"East Hampton, NY","East Hampton, NY: East Hampton Town",East Hampton Town,East Hampton Town (HTO)
12223,HTS,32223,"Ashland, WV","Ashland, WV: Tri-State/Milton J. Ferguson Field",Tri-State/Milton J. Ferguson Field,Tri-State/Milton J. Ferguson Field (HTS)
12228,HUF,32228,"Terre Haute, IN","Terre Haute, IN: Terre Haute Regional",Terre Haute Regional,Terre Haute Regional (HUF)
12232,HUL,32232,"Houlton, ME","Houlton, ME: Houlton International",Houlton International,Houlton International (HUL)
12233,HUM,32233,"Houma, LA","Houma, LA: Houma Terrebonne",Houma Terrebonne,Houma Terrebonne (HUM)
12235,HUS,32235,"Hughes, AK","Hughes, AK: Hughes Airport",Hughes Airport,Hughes Airport (HUS)
12236,HUT,32236,"Hutchinson, KS","Hutchinson, KS: Hutchinson Regional",Hutchinson Regional,Hutchinson Regional (HUT)
12243,HVC,32187,"Hopkinsville, KY","Hopkinsville, KY: Hopkinsville-Christian County",Hopkinsville-Christian County,Hopkinsville-Christian County (HVC)
12244,HVN,32244,"New Haven, CT","New Haven, CT: Tweed New Haven",Tweed New Haven,Tweed New Haven (HVN)
12245,HVR,32245,"Havre, MT","Havre, MT: Havre City-County",Havre City-County,Havre City-County (HVR)
12247,HWD,32247,"Hayward, CA","Hayward, CA: Hayward Executive",Hayward Executive,Hayward Executive (HWD)
12250,HYA,32250,"Hyannis, MA","Hyannis, MA: Cape Cod Gateway",Cape Cod Gateway,Cape Cod Gateway (HYA)
12252,HYG,32252,"Hydaburg, AK","Hydaburg, AK: Hydaburg Seaplane Base",Hydaburg Seaplane Base,Hydaburg Seaplane Base (HYG)
12253,HYL,32253,"Hollis, AK","Hollis, AK: Hollis Seaplane Base",Hollis Seaplane Base,Hollis Seaplane Base (HYL)
12254,HYR,32254,"Hayward, WI","Hayward, WI: Sawyer County",Sawyer County,Sawyer County (HYR)
12255,HYS,32255,"Hays, KS","Hays, KS: Hays Regional",Hays Regional,Hays Regional (HYS)
12259,HZL,32259,"Hazleton, PA","Hazleton, PA: Hazleton Regional",Hazleton Regional,Hazleton Regional (HZL)
12263,IAB,30928,"Wichita, KS","Wichita, KS: McConnell AFB",McConnell AFB,McConnell AFB (IAB)
12264,IAD,30852,"Washington, DC","Washington, DC: Washington Dulles International",Washington Dulles International,Washington Dulles International (IAD)
12265,IAG,32265,"Niagara Falls, NY","Niagara Falls, NY: Niagara Falls International",Niagara Falls International,Niagara Falls International (IAG)
12266,IAH,31453,"Houston, TX","Houston, TX: George Bush Intercontinental/Houston",George Bush Intercontinental/Houston,George Bush Intercontinental/Houston (IAH)
12268,IAN,32268,"Kiana, AK","Kiana, AK: Bob Baker Memorial",Bob Baker Memorial,Bob Baker Memorial (IAN)
12278,ICT,30928,"Wichita, KS","Wichita, KS: Wichita Dwight D Eisenhower National",Wichita Dwight D Eisenhower National,Wichita Dwight D Eisenhower National (ICT)
12280,IDA,32280,"Idaho Falls, ID","Idaho Falls, ID: Idaho Falls Regional",Idaho Falls Regional,Idaho Falls Regional (IDA)
12281,IDI,32281,"Indiana, PA","Indiana, PA: Indiana County Jimmy Stewart Field",Indiana County Jimmy Stewart Field,Indiana County Jimmy Stewart Field (IDI)
12294,IGG,32294,"Igiugig, AK","Igiugig, AK: Igiugig Airport",Igiugig Airport,Igiugig Airport (IGG)
12297,IGM,32297,"Kingman, AZ","Kingman, AZ: Kingman Airport",Kingman Airport,Kingman Airport (IGM)
12306,LOT,30977,"Chicago/Romeoville, IL","Chicago/Romeoville, IL: Lewis University",Lewis University,Lewis University (LOT)
12307,II3,32307,"De Kalb, IL","De Kalb, IL: De Kalb Taylor Municipal",De Kalb Taylor Municipal,De Kalb Taylor Municipal (II3)
12312,IKB,32312,"Wilkesboro, NC","Wilkesboro, NC: Wilkes County",Wilkes County,Wilkes County (IKB)
12314,IKK,32314,"Kankakee, IL","Kankakee, IL: Greater Kankakee",Greater Kankakee,Greater Kankakee (IKK)
12315,IKO,32315,"Nikolski, AK","Nikolski, AK: Nikolski AS",Nikolski AS,Nikolski AS (IKO)
12317,IKV,32317,"Ankeny, IA","Ankeny, IA: Ankeny Regional",Ankeny Regional,Ankeny Regional (IKV)
12320,ILG,32320,"Wilmington, DE","Wilmington, DE: New Castle",New Castle,New Castle (ILG)
12321,ILI,32321,"Iliamna, AK","Iliamna, AK: Iliamna Airport",Iliamna Airport,Iliamna Airport (ILI)
12323,ILM,32323,"Wilmington, NC","Wilmington, NC: Wilmington International",Wilmington International,Wilmington International (ILM)
12324,ILN,32324,"Wilmington, OH","Wilmington, OH: Wilmington Air Park",Wilmington Air Park,Wilmington Air Park (ILN)
12335,IMT,32335,"Iron Mountain/Kingsfd, MI","Iron Mountain/Kingsfd, MI: Ford",Ford,Ford (IMT)
12337,IN2,32337,"Indianapolis, IN","Indianapolis, IN: Indianapolis Executive",Indianapolis Executive,Indianapolis Executive (IN2)
12339,IND,32337,"Indianapolis, IN","Indianapolis, IN: Indianapolis International",Indianapolis International,Indianapolis International (IND)
12343,INL,32343,"International Falls, MN","International Falls, MN: Falls International Einarson Field",Falls International Einarson Field,Falls International Einarson Field (INL)
12347,INS,32347,"Indian Springs, NV","Indian Springs, NV: Creech AFB",Creech AFB,Creech AFB (INS)
12348,INT,32348,"Winston-Salem, NC","Winston-Salem, NC: Smith Reynolds",Smith Reynolds,Smith Reynolds (INT)
12358,IOW,32358,"Iowa City, IA","Iowa City, IA: Iowa City Municipal",Iowa City Municipal,Iowa City Municipal (IOW)
12363,IPL,32363,"El Centro, CA","El Centro, CA: Imperial County",Imperial County,Imperial County (IPL)
12365,IPT,32365,"Williamsport, PA","Williamsport, PA: Williamsport Regional",Williamsport Regional,Williamsport Regional (IPT)
12370,IRC,32370,"Circle, AK","Circle, AK: Circle City",Circle City,Circle City (IRC)
12375,IRK,32375,"Kirksville, MO","Kirksville, MO: Kirksville Regional",Kirksville Regional,Kirksville Regional (IRK)
12388,ISM,31454,"Orlando, FL","Orlando, FL: Kissimmee Gateway",Kissimmee Gateway,Kissimmee Gateway (ISM)
12390,ISO,32390,"Kinston, NC","Kinston, NC: Kinston Regional Jetport at Stallings Field",Kinston Regional Jetport at Stallings Field,Kinston Regional Jetport at Stallings Field (ISO)
12391,ISP,31703,"Islip, NY","Islip, NY: Long Island MacArthur",Long Island MacArthur,Long Island MacArthur (ISP)
12394,ISS,32394,"Wiscasset, ME","Wiscasset, ME: Wiscasset Airport",Wiscasset Airport,Wiscasset Airport (ISS)
12396,ISW,32396,"Wisconsin Rapids, WI","Wisconsin Rapids, WI: Alexander Field South Wood County",Alexander Field South Wood County,Alexander Field South Wood County (ISW)
12397,ITH,32397,"Ithaca/Cortland, NY","Ithaca/Cortland, NY: Ithaca Tompkins International",Ithaca Tompkins International,Ithaca Tompkins International (ITH)
12402,ITO,32402,"Hilo, HI","Hilo, HI: Hilo International",Hilo International,Hilo International (ITO)
12412,IWD,32412,"Ironwood, MI","Ironwood, MI: Gogebic-Iron County",Gogebic-Iron County,Gogebic-Iron County (IWD)
12436,IYK,32436,"Inyokern, CA","Inyokern, CA: Inyokern Airport",Inyokern Airport,Inyokern Airport (IYK)
12441,JAC,32441,"Jackson, WY","Jackson, WY: Jackson Hole",Jackson Hole,Jackson Hole (JAC)
12448,JAN,32448,"Jackson/Vicksburg, MS","Jackson/Vicksburg, MS: Jackson Medgar Wiley Evers International",Jackson Medgar Wiley Evers International,Jackson Medgar Wiley Evers International (JAN)
12451,JAX,31136,"Jacksonville, FL","Jacksonville, FL: Jacksonville International",Jacksonville International,Jacksonville International (JAX)
12455,JBR,32455,"Jonesboro, AR","Jonesboro, AR: Jonesboro Municipal",Jonesboro Municipal,Jonesboro Municipal (JBR)
12460,JCI,33198,"Olathe, KS","Olathe, KS: New Century Aircenter",New Century Aircenter,New Century Aircenter (JCI)
12474,JEF,32474,"Jefferson City, MO","Jefferson City, MO: Jefferson City Memorial",Jefferson City Memorial,Jefferson City Memorial (JEF)
12478,JFK,31703,"New York, NY","New York, NY: John F. Kennedy International",John F. Kennedy International,John F. Kennedy International (JFK)
12484,JGG,33667,"Williamsburg, VA","Williamsburg, VA: Waltrip Williamsburg Exec",Waltrip Williamsburg Exec,Waltrip Williamsburg Exec (JGG)
12492,JHM,32492,"Kapalua, HI","Kapalua, HI: Kapalua Airport",Kapalua Airport,Kapalua Airport (JHM)
12494,JHW,32494,"Jamestown, NY","Jamestown, NY: Chautauqua County/Jamestown",Chautauqua County/Jamestown,Chautauqua County/Jamestown (JHW)
12509,JLA,32509,"Cooper Lodge, AK","Cooper Lodge, AK: Quartz Creek",Quartz Creek,Quartz Creek (JLA)
12511,JLN,32511,"Joplin, MO","Joplin, MO: Joplin Regional",Joplin Regional,Joplin Regional (JLN)
12519,JMS,32519,"Jamestown, ND","Jamestown, ND: Jamestown Regional",Jamestown Regional,Jamestown Regional (JMS)
12523,JNU,32523,"Juneau, AK","Juneau, AK: Juneau International",Juneau International,Juneau International (JNU)
12544,USA,32544,"Concord, NC","Concord, NC: Concord Padgett Regional",Concord Padgett Regional,Concord Padgett Regional (USA)
12545,JRA,31703,"New York, NY","New York, NY: West 30th Street Heliport",West 30th Street Heliport,West 30th Street Heliport (JRA)
12546,JRB,31703,"New York, NY","New York, NY: Downtown Manhattan/Wall Street Heliport",Downtown Manhattan/Wall Street Heliport,Downtown Manhattan/Wall Street Heliport (JRB)
12549,JRF,32549,"Kapolei, HI","Kapolei, HI: Kalaeloa",Kalaeloa,Kalaeloa (JRF)
12553,JRV,33743,"Ceiba, PR","Ceiba, PR: Jose Aponte de la Torre",Jose Aponte de la Torre,Jose Aponte de la Torre (JRV)
12559,JST,32559,"Johnstown, PA","Johnstown, PA: John Murtha Johnstown-Cambria County",John Murtha Johnstown-Cambria County,John Murtha Johnstown-Cambria County (JST)
12571,JVL,32571,"Beloit/Janesville, WI","Beloit/Janesville, WI: Southern Wisconsin Regional",Southern Wisconsin Regional,Southern Wisconsin Regional (JVL)
12574,TN8,30693,"Nashville, TN","Nashville, TN: John C Tune",John C Tune,John C Tune (TN8)
12580,JZB,32580,"Orange, MA","Orange, MA: Orange Municipal",Orange Municipal,Orange Municipal (JZB)
12583,JZE,30114,"Trading Bay, AK","Trading Bay, AK: Trading Bay Production",Trading Bay Production,Trading Bay Production (JZE)
12587,JZI,32587,"Portland, TN","Portland, TN: Douglas Hunter Field",Douglas Hunter Field,Douglas Hunter Field (JZI)
12591,JZM,32591,"Hog River, AK","Hog River, AK: Hog River Airport",Hog River Airport,Hog River Airport (JZM)
12595,JZQ,32595,"Brooksville, FL","Brooksville, FL: Brooksville Tampa Bay Regional",Brooksville Tampa Bay Regional,Brooksville Tampa Bay Regional (JZQ)
12598,JZT,32598,"Arlington, TX","Arlington, TX: Arlington Municipal",Arlington Municipal,Arlington Municipal (JZT)
12599,JZU,32599,"Bennington, VT","Bennington, VT: William H. Morse State",William H. Morse State,William H. Morse State (JZU)
12603,JZY,32603,"Grangeville, ID","Grangeville, ID: Idaho County",Idaho County,Idaho County (JZY)
12610,KAE,32610,"Kake, AK","Kake, AK: Kake Seaplane Base",Kake Seaplane Base,Kake Seaplane Base (KAE)
12615,KAL,32615,"Kaltag, AK","Kaltag, AK: Kaltag Airport",Kaltag Airport,Kaltag Airport (KAL)
12621,KBC,32621,"Birch Creek, AK","Birch Creek, AK: Birch Creek Airport",Birch Creek Airport,Birch Creek Airport (KBC)
12633,KCC,32633,"Coffman Cove, AK","Coffman Cove, AK: Coffman Cove Seaplane Base",Coffman Cove Seaplane Base,Coffman Cove Seaplane Base (KCC)
12635,KCG,32631,"Chignik Bay, AK","Chignik Bay, AK: Chignik Bay Airport",Chignik Bay Airport,Chignik Bay Airport (KCG)
12638,KCL,32631,"Chignik Lagoon, AK","Chignik Lagoon, AK: Chignik Lagoon Airport",Chignik Lagoon Airport,Chignik Lagoon Airport (KCL)
12641,KCQ,32631,"Chignik, AK","Chignik, AK: Chignik Lake",Chignik Lake,Chignik Lake (KCQ)
12649,KEB,32649,"Nanwalek, AK","Nanwalek, AK: Nanwalek Airport",Nanwalek Airport,Nanwalek Airport (KEB)
12652,KEH,30559,"Kenmore, WA","Kenmore, WA: Kenmore Air Harbor",Kenmore Air Harbor,Kenmore Air Harbor (KEH)
12653,KEK,32653,"Ekwok, AK","Ekwok, AK: Ekwok Airport",Ekwok Airport,Ekwok Airport (KEK)
12661,OCA,32661,"Key Largo, FL","Key Largo, FL: Ocean Reef Club",Ocean Reef Club,Ocean Reef Club (OCA)
12663,KFP,32663,"False Pass, AK","False Pass, AK: False Pass Airport",False Pass Airport,False Pass Airport (KFP)
12671,KGK,32671,"Koliganek, AK","Koliganek, AK: Koliganek Airport",Koliganek Airport,Koliganek Airport (KGK)
12676,KGX,32676,"Grayling, AK","Grayling, AK: Grayling Airport",Grayling Airport,Grayling Airport (KGX)
12704,KKA,32704,"Koyuk, AK","Koyuk, AK: Koyuk Alfred Adams",Koyuk Alfred Adams,Koyuk Alfred Adams (KKA)
12705,KKB,32705,"Kitoi Bay, AK","Kitoi Bay, AK: Kitoi Bay Airport",Kitoi Bay Airport,Kitoi Bay Airport (KKB)
12708,KKH,32708,"Kongiganak, AK","Kongiganak, AK: Kongiganak Airport",Kongiganak Airport,Kongiganak Airport (KKH)
12709,KKI,32709,"Akiachak, AK","Akiachak, AK: Akiachak Airport",Akiachak Airport,Akiachak Airport (KKI)
12712,KKL,32712,"Karluk Lake, AK","Karluk Lake, AK: Karluk Lake Seaplane Base",Karluk Lake Seaplane Base,Karluk Lake Seaplane Base (KKL)
12719,KLG,32719,"Kalskag, AK","Kalskag, AK: Kalskag Airport",Kalskag Airport,Kalskag Airport (KLG)
12720,KLL,32720,"Levelock, AK","Levelock, AK: Levelock Airport",Levelock Airport,Levelock Airport (KLL)
12721,KLN,32721,"Larsen Bay, AK","Larsen Bay, AK: Larsen Bay Airport",Larsen Bay Airport,Larsen Bay Airport (KLN)
12725,KLS,32725,"Kelso, WA","Kelso, WA: Southwest Washington Regional",Southwest Washington Regional,Southwest Washington Regional (KLS)
12728,KLW,30007,"Klawock, AK","Klawock, AK: Klawock Airport",Klawock Airport,Klawock Airport (KLW)
12737,KMO,32737,"Manokotak, AK","Manokotak, AK: Manokatak Seaplane Base",Manokatak Seaplane Base,Manokatak Seaplane Base (KMO)
12743,KMY,32743,"Moser Bay, AK","Moser Bay, AK: Moser Bay Airport",Moser Bay Airport,Moser Bay Airport (KMY)
12745,KNB,32745,"Kanab, UT","Kanab, UT: Kanab Municipal",Kanab Municipal,Kanab Municipal (KNB)
12748,KNK,32748,"Kokhanok, AK","Kokhanok, AK: Kokhanok Airport",Kokhanok Airport,Kokhanok Airport (KNK)
12755,KNW,32755,"New Stuyahok, AK","New Stuyahok, AK: New Stuyahok Airport",New Stuyahok Airport,New Stuyahok Airport (KNW)
12758,KOA,32758,"Kona, HI","Kona, HI: Ellison Onizuka Kona International at Keahole",Ellison Onizuka Kona International at Keahole,Ellison Onizuka Kona International at Keahole (KOA)
12769,KOT,32769,"Kotlik, AK","Kotlik, AK: Kotlik Airport",Kotlik Airport,Kotlik Airport (KOT)
12771,KOY,32771,"Olga Bay, AK","Olga Bay, AK: Olga Bay Seaplane Base",Olga Bay Seaplane Base,Olga Bay Seaplane Base (KOY)
12772,KOZ,32772,"Ouzinkie, AK","Ouzinkie, AK: Ouzinkie Airport",Ouzinkie Airport,Ouzinkie Airport (KOZ)
12773,KPB,32773,"Point Baker, AK","Point Baker, AK: Point Baker Airport",Point Baker Airport,Point Baker Airport (KPB)
12774,KPC,32774,"Port Clarence, AK","Port Clarence, AK: Port Clarence CGS",Port Clarence CGS,Port Clarence CGS (KPC)
12777,KPK,32777,"Parks, AK","Parks, AK: Parks Seaplane Base",Parks Seaplane Base,Parks Seaplane Base (KPK)
12779,KPN,32779,"Kipnuk, AK","Kipnuk, AK: Kipnuk Airport",Kipnuk Airport,Kipnuk Airport (KPN)
12782,KPR,32782,"Port Williams, AK","Port Williams, AK: Port Williams Airport",Port Williams Airport,Port Williams Airport (KPR)
12784,KPV,32784,"Perryville, AK","Perryville, AK: Perryville Airport",Perryville Airport,Perryville Airport (KPV)
12785,KPY,32785,"Port Bailey, AK","Port Bailey, AK: Port Bailey Airport",Port Bailey Airport,Port Bailey Airport (KPY)
12786,KQA,32786,"Akutan, AK","Akutan, AK: Akutan Airport",Akutan Airport,Akutan Airport (KQA)
12807,KSM,32807,"St. Mary's, AK","St. Mary's, AK: St. Mary's Airport",St. Mary's Airport,St. Mary's Airport (KSM)
12815,KTB,32815,"Thorne Bay, AK","Thorne Bay, AK: Thorne Bay Seaplane Base",Thorne Bay Seaplane Base,Thorne Bay Seaplane Base (KTB)
12819,KTN,31401,"Ketchikan, AK","Ketchikan, AK: Ketchikan International",Ketchikan International,Ketchikan International (KTN)
12822,KTS,32822,"Brevig Mission, AK","Brevig Mission, AK: Brevig Mission Airport",Brevig Mission Airport,Brevig Mission Airport (KTS)
12831,KUK,32831,"Kasigluk, AK","Kasigluk, AK: Kasigluk Airport",Kasigluk Airport,Kasigluk Airport (KUK)
12841,KVC,32841,"King Cove, AK","King Cove, AK: King Cove Airport",King Cove Airport,King Cove Airport (KVC)
12844,KVL,32844,"Kivalina, AK","Kivalina, AK: Kivalina Airport",Kivalina Airport,Kivalina Airport (KVL)
12847,KWF,32847,"Waterfall, AK","Waterfall, AK: Waterfall Seaplane Base",Waterfall Seaplane Base,Waterfall Seaplane Base (KWF)
12851,KWK,32851,"Kwigillingok, AK","Kwigillingok, AK: Kwigillingok Airport",Kwigillingok Airport,Kwigillingok Airport (KWK)
12853,KWN,32853,"Quinhagak, AK","Quinhagak, AK: Quinhagak Airport",Quinhagak Airport,Quinhagak Airport (KWN)
12854,KWP,32854,"West Point, AK","West Point, AK: West Point Village",West Point Village,West Point Village (KWP)
12855,KWT,32855,"Kwethluk, AK","Kwethluk, AK: Kwethluk Airport",Kwethluk Airport,Kwethluk Airport (KWT)
12857,KXA,32857,"Kasaan, AK","Kasaan, AK: Kasaan Seaplane Base",Kasaan Seaplane Base,Kasaan Seaplane Base (KXA)
12859,KY1,32859,"Danville, KY","Danville, KY: Stuart Powell Field",Stuart Powell Field,Stuart Powell Field (KY1)
12861,KY3,32861,"Mount Sterling, KY","Mount Sterling, KY: Mount Sterling Montgomery County",Mount Sterling Montgomery County,Mount Sterling Montgomery County (KY3)
12866,KYK,32866,"Karluk, AK","Karluk, AK: Karluk Airport",Karluk Airport,Karluk Airport (KYK)
12868,KYU,32868,"Koyukuk, AK","Koyukuk, AK: Koyukuk Airport",Koyukuk Airport,Koyukuk Airport (KYU)
12869,KZB,32869,"Zachar Bay, AK","Zachar Bay, AK: Zachar Bay Airport",Zachar Bay Airport,Zachar Bay Airport (KZB)
12878,LAF,32878,"Lafayette, IN","Lafayette, IN: Purdue University",Purdue University,Purdue University (LAF)
12882,LAL,33195,"Lakeland, FL","Lakeland, FL: Lakeland Linder International",Lakeland Linder International,Lakeland Linder International (LAL)
12884,LAN,32884,"Lansing, MI","Lansing, MI: Capital Region International",Capital Region International,Capital Region International (LAN)
12888,LAR,32888,"Laramie, WY","Laramie, WY: Laramie Regional",Laramie Regional,Laramie Regional (LAR)
12889,LAS,32211,"Las Vegas, NV","Las Vegas, NV: Harry Reid International",Harry Reid International,Harry Reid International (LAS)
12891,LAW,32891,"Lawton/Fort Sill, OK","Lawton/Fort Sill, OK: Lawton-Fort Sill Regional",Lawton-Fort Sill Regional,Lawton-Fort Sill Regional (LAW)
12892,LAX,32575,"Los Angeles, CA","Los Angeles, CA: Los Angeles International",Los Angeles International,Los Angeles International (LAX)
12896,LBB,32896,"Lubbock, TX","Lubbock, TX: Lubbock Preston Smith International",Lubbock Preston Smith International,Lubbock Preston Smith International (LBB)
12898,LBE,32898,"Latrobe, PA","Latrobe, PA: Arnold Palmer Regional",Arnold Palmer Regional,Arnold Palmer Regional (LBE)
12899,LBF,32899,"North Platte, NE","North Platte, NE: North Platte Regional Airport Lee Bird Field",North Platte Regional Airport Lee Bird Field,North Platte Regional Airport Lee Bird Field (LBF)
12902,LBL,32902,"Liberal, KS","Liberal, KS: Liberal Mid-America Regional",Liberal Mid-America Regional,Liberal Mid-America Regional (LBL)
12915,LCH,31205,"Lake Charles, LA","Lake Charles, LA: Lake Charles Regional",Lake Charles Regional,Lake Charles Regional (LCH)
12916,LCI,32916,"Laconia, NH","Laconia, NH: Laconia Municipal",Laconia Municipal,Laconia Municipal (LCI)
12917,LCK,31066,"Columbus, OH","Columbus, OH: Rickenbacker International",Rickenbacker International,Rickenbacker International (LCK)
12925,LDJ,32925,"Linden, NJ","Linden, NJ: Linden Airport",Linden Airport,Linden Airport (LDJ)
12927,LDM,32927,"Ludington, MI","Ludington, MI: Mason County",Mason County,Mason County (LDM)
12932,LEB,32932,"Lebanon-Hanover, NH","Lebanon-Hanover, NH: Lebanon Municipal",Lebanon Municipal,Lebanon Municipal (LEB)
12934,LEE,32934,"Leesburg, FL","Leesburg, FL: Leesburg International",Leesburg International,Leesburg International (LEE)
12944,LEW,32944,"Lewiston/Auburn, ME","Lewiston/Auburn, ME: Auburn Lewiston Municipal",Auburn Lewiston Municipal,Auburn Lewiston Municipal (LEW)
12945,LEX,32945,"Lexington, KY","Lexington, KY: Blue Grass",Blue Grass,Blue Grass (LEX)
12947,LFI,33667,"Newport News/Hampton, VA","Newport News/Hampton, VA: Langley AFB",Langley AFB,Langley AFB (LFI)
12951,LFT,32951,"Lafayette, LA","Lafayette, LA: Lafayette Regional Paul Fournet Field",Lafayette Regional Paul Fournet Field,Lafayette Regional Paul Fournet Field (LFT)
12953,LGA,31703,"New York, NY","New York, NY: LaGuardia",LaGuardia,LaGuardia (LGA)
12954,LGB,32575,"Long Beach, CA","Long Beach, CA: Long Beach Airport",Long Beach Airport,Long Beach Airport (LGB)
12955,LGC,32955,"LaGrange, GA","LaGrange, GA: LaGrange-Callaway",LaGrange-Callaway,LaGrange-Callaway (LGC)
12965,LGU,32965,"Logan, UT","Logan, UT: Logan Cache",Logan Cache,Logan Cache (LGU)
12982,LIH,32982,"Lihue, HI","Lihue, HI: Lihue Airport",Lihue Airport,Lihue Airport (LIH)
12992,LIT,32600,"Little Rock, AR","Little Rock, AR: Bill and Hillary Clinton Nat Adams Field",Bill and Hillary Clinton Nat Adams Field,Bill and Hillary Clinton Nat Adams Field (LIT)
12993,LIV,32993,"Livengood, AK","Livengood, AK: Livengood Airport",Livengood Airport,Livengood Airport (LIV)
12996,LIZ,32996,"Limestone, ME","Limestone, ME: Loring International",Loring International,Loring International (LIZ)
13002,LKE,30559,"Seattle, WA","Seattle, WA: Lake Union Terminal",Lake Union Terminal,Lake Union Terminal (LKE)
13003,LKK,33003,"Kulik Lake, AK","Kulik Lake, AK: Kulik Lake Airport",Kulik Lake Airport,Kulik Lake Airport (LKK)
13008,LKP,33008,"Lake Placid, NY","Lake Placid, NY: Lake Placid Airport",Lake Placid Airport,Lake Placid Airport (LKP)
13015,LLY,33015,"Mount Holly, NJ","Mount Holly, NJ: South Jersey Regional",South Jersey Regional,South Jersey Regional (LLY)
13016,LMA,33016,"Lake Minchumina, AK","Lake Minchumina, AK: Lake Minchumina Airport",Lake Minchumina Airport,Lake Minchumina Airport (LMA)
13024,LMT,33024,"Klamath Falls, OR","Klamath Falls, OR: Crater Lake Klamath Regional",Crater Lake Klamath Regional,Crater Lake Klamath Regional (LMT)
13028,LNI,30032,"Lonely, AK","Lonely, AK: Lonely AS",Lonely AS,Lonely AS (LNI)
13029,LNK,33029,"Lincoln, NE","Lincoln, NE: Lincoln Airport",Lincoln Airport,Lincoln Airport (LNK)
13032,LNS,33032,"Lancaster, PA","Lancaster, PA: Lancaster Airport",Lancaster Airport,Lancaster Airport (LNS)
13034,LNY,33034,"Lanai, HI","Lanai, HI: Lanai Airport",Lanai Airport,Lanai Airport (LNY)
13046,LOZ,33046,"London/Corbin, KY","London/Corbin, KY: London-Corbin Airport-Magee Field",London-Corbin Airport-Magee Field,London-Corbin Airport-Magee Field (LOZ)
13055,LPS,33055,"Lopez Island, WA","Lopez Island, WA: Lopez Island Airport",Lopez Island Airport,Lopez Island Airport (LPS)
13057,LPW,33057,"Little Port Walter, AK","Little Port Walter, AK: Little Port Walter Airport",Little Port Walter Airport,Little Port Walter Airport (LPW)
13058,LQK,33058,"Pickens, SC","Pickens, SC: Pickens County",Pickens County,Pickens County (LQK)
13061,LRD,33038,"Laredo, TX","Laredo, TX: Laredo International",Laredo International,Laredo International (LRD)
13063,LRF,33063,"Jacksonville, AR","Jacksonville, AR: Little Rock AFB",Little Rock AFB,Little Rock AFB (LRF)
13072,LRU,33072,"Las Cruces, NM","Las Cruces, NM: Las Cruces International",Las Cruces International,Las Cruces International (LRU)
13076,LSE,33076,"La Crosse, WI","La Crosse, WI: La Crosse Regional",La Crosse Regional,La Crosse Regional (LSE)
13077,LSF,31150,"Columbus, GA","Columbus, GA: Lawson AAF",Lawson AAF,Lawson AAF (LSF)
13083,LSR,33083,"Lost River, AK","Lost River, AK: Lost River 1",Lost River 1,Lost River 1 (LSR)
13087,LSV,32211,"Las Vegas, NV","Las Vegas, NV: Nellis AFB",Nellis AFB,Nellis AFB (LSV)
13102,LUF,30466,"Phoenix, AZ","Phoenix, AZ: Luke AFB",Luke AFB,Luke AFB (LUF)
13105,LUK,33105,"Cincinnati, OH","Cincinnati, OH: Cincinnati Municipal Lunken Field",Cincinnati Municipal Lunken Field,Cincinnati Municipal Lunken Field (LUK)
13106,LUL,33106,"Laurel, MS","Laurel, MS: Hesler-Noble Field",Hesler-Noble Field,Hesler-Noble Field (LUL)
13109,LUP,33109,"Kalaupapa, HI","Kalaupapa, HI: Kalaupapa Airport",Kalaupapa Airport,Kalaupapa Airport (LUP)
13111,LUR,33111,"Cape Lisburne, AK","Cape Lisburne, AK: Cape Lisburne LRRS",Cape Lisburne LRRS,Cape Lisburne LRRS (LUR)
13115,LVD,33115,"Lime Village, AK","Lime Village, AK: Lime Village Airport",Lime Village Airport,Lime Village Airport (LVD)
13117,LVK,33117,"Livermore, CA","Livermore, CA: Livermore Municipal",Livermore Municipal,Livermore Municipal (LVK)
13120,LVS,33120,"Las Vegas, NM","Las Vegas, NM: Las Vegas Municipal",Las Vegas Municipal,Las Vegas Municipal (LVS)
13121,LWB,33121,"Lewisburg, WV","Lewisburg, WV: Greenbrier Valley",Greenbrier Valley,Greenbrier Valley (LWB)
13122,LWC,33122,"Lawrence, KS","Lawrence, KS: Lawrence Regional",Lawrence Regional,Lawrence Regional (LWC)
13125,LWM,33125,"Lawrence, MA","Lawrence, MA: Lawrence Municipal",Lawrence Municipal,Lawrence Municipal (LWM)
13127,LWS,33127,"Lewiston, ID","Lewiston, ID: Lewiston Nez Perce County",Lewiston Nez Perce County,Lewiston Nez Perce County (LWS)
13139,LYH,33139,"Lynchburg, VA","Lynchburg, VA: Lynchburg Regional/Preston Glenn Field",Lynchburg Regional/Preston Glenn Field,Lynchburg Regional/Preston Glenn Field (LYH)
13151,LZU,33151,"Lawrenceville, GA","Lawrenceville, GA: Gwinnett County - Briscoe Field",Gwinnett County - Briscoe Field,Gwinnett County - Briscoe Field (LZU)
13152,MA1,33152,"Edgartown, MA","Edgartown, MA: Katama Airpark",Katama Airpark,Katama Airpark (MA1)
13157,MAE,33157,"Madera, CA","Madera, CA: Madera Municipal",Madera Municipal,Madera Municipal (MAE)
13158,MAF,33158,"Midland/Odessa, TX","Midland/Odessa, TX: Midland International Air and Space Port",Midland International Air and Space Port,Midland International Air and Space Port (MAF)
13176,MAZ,33176,"Mayaguez, PR","Mayaguez, PR: Eugenio Maria de Hostos",Eugenio Maria de Hostos,Eugenio Maria de Hostos (MAZ)
13182,MBL,33182,"Manistee/Ludington, MI","Manistee/Ludington, MI: Manistee County-Blacker",Manistee County-Blacker,Manistee County-Blacker (MBL)
13184,MBS,33184,"Saginaw/Bay City/Midland, MI","Saginaw/Bay City/Midland, MI: MBS International",MBS International,MBS International (MBS)
13192,MCC,33192,"Sacramento, CA","Sacramento, CA: McClellan Airfield",McClellan Airfield,McClellan Airfield (MCC)
13194,MCE,33194,"Merced, CA","Merced, CA: Merced Yosemite Regional",Merced Yosemite Regional,Merced Yosemite Regional (MCE)
13195,MCF,33195,"Tampa, FL","Tampa, FL: Macdill AFB",Macdill AFB,Macdill AFB (MCF)
13196,MCG,33196,"McGrath, AK","McGrath, AK: McGrath Airport",McGrath Airport,McGrath Airport (MCG)
13198,MCI,33198,"Kansas City, MO","Kansas City, MO: Kansas City International",Kansas City International,Kansas City International (MCI)
13200,MCK,33200,"McCook, NE","McCook, NE: McCook Ben Nelson Regional",McCook Ben Nelson Regional,McCook Ben Nelson Regional (MCK)
13203,MCN,33155,"Macon, GA","Macon, GA: Middle Georgia Regional",Middle Georgia Regional,Middle Georgia Regional (MCN)
13204,MCO,31454,"Orlando, FL","Orlando, FL: Orlando International",Orlando International,Orlando International (MCO)
13211,MCW,33211,"Mason City, IA","Mason City, IA: Mason City Municipal",Mason City Municipal,Mason City Municipal (MCW)
13217,MDD,33158,"Midland/Odessa, TX","Midland/Odessa, TX: Midland Airpark",Midland Airpark,Midland Airpark (MDD)
13221,MDH,33221,"Carbondale, IL","Carbondale, IL: Southern Illinois",Southern Illinois,Southern Illinois (MDH)
13226,MDO,33226,"Middleton Island, AK","Middleton Island, AK: Middleton Island Airport",Middleton Island Airport,Middleton Island Airport (MDO)
13230,MDT,32070,"Harrisburg, PA","Harrisburg, PA: Harrisburg International",Harrisburg International,Harrisburg International (MDT)
13232,MDW,30977,"Chicago, IL","Chicago, IL: Chicago Midway International",Chicago Midway International,Chicago Midway International (MDW)
13236,ME1,33236,"Rangeley, ME","Rangeley, ME: Stephen A Bean Municipal",Stephen A Bean Municipal,Stephen A Bean Municipal (ME1)
13241,MEI,33241,"Meridian, MS","Meridian, MS: Key Field",Key Field,Key Field (MEI)
13244,MEM,33244,"Memphis, TN","Memphis, TN: Memphis International",Memphis International,Memphis International (MEM)
13246,MEO,33246,"Manteo, NC","Manteo, NC: Dare County Regional",Dare County Regional,Dare County Regional (MEO)
13249,MER,33249,"Atwater, CA","Atwater, CA: Castle",Castle,Castle (MER)
13251,MEV,33251,"Minden, NV","Minden, NV: Minden-Tahoe",Minden-Tahoe,Minden-Tahoe (MEV)
13255,MFD,33255,"Mansfield, OH","Mansfield, OH: Mansfield Lahm Regional",Mansfield Lahm Regional,Mansfield Lahm Regional (MFD)
13256,MFE,33256,"Mission/McAllen/Edinburg, TX","Mission/McAllen/Edinburg, TX: McAllen International",McAllen International,McAllen International (MFE)
13259,MFH,33259,"Mesquite, NV","Mesquite, NV: Mesquite Airport",Mesquite Airport,Mesquite Airport (MFH)
13264,MFR,33264,"Medford, OR","Medford, OR: Rogue Valley International - Medford",Rogue Valley International - Medford,Rogue Valley International - Medford (MFR)
13268,MFV,33268,"Melfa, VA","Melfa, VA: Accomack County",Accomack County,Accomack County (MFV)
13273,MGE,33273,"Marietta, GA","Marietta, GA: Dobbins ARB",Dobbins ARB,Dobbins ARB (MGE)
13277,MGM,33277,"Montgomery, AL","Montgomery, AL: Montgomery Regional",Montgomery Regional,Montgomery Regional (MGM)
13280,MGR,33280,"Moultrie/Thomasville, GA","Moultrie/Thomasville, GA: Moultrie/Thomasville Airport",Moultrie/Thomasville Airport,Moultrie/Thomasville Airport (MGR)
13282,MGW,33282,"Morgantown, WV","Morgantown, WV: Morgantown Municipal Walter L Bill Hart Field",Morgantown Municipal Walter L Bill Hart Field,Morgantown Municipal Walter L Bill Hart Field (MGW)
13287,MHE,33287,"Mitchell, SD","Mitchell, SD: Mitchell Municipal",Mitchell Municipal,Mitchell Municipal (MHE)
13290,MHK,33290,"Manhattan/Ft. Riley, KS","Manhattan/Ft. Riley, KS: Manhattan Regional",Manhattan Regional,Manhattan Regional (MHK)
13292,MHM,33016,"Minchumina, AK","Minchumina, AK: Minchumina Airport",Minchumina Airport,Minchumina Airport (MHM)
13295,MHR,33192,"Sacramento, CA","Sacramento, CA: Sacramento Mather",Sacramento Mather,Sacramento Mather (MHR)
13296,MHT,30721,"Manchester, NH","Manchester, NH: Manchester Boston Regional",Manchester Boston Regional,Manchester Boston Regional (MHT)
13297,MHV,33297,"Mojave, CA","Mojave, CA: Mojave Air and Space Port Rutan Field",Mojave Air and Space Port Rutan Field,Mojave Air and Space Port Rutan Field (MHV)
13301,MI2,32155,"Holland, MI","Holland, MI: West Michigan Regional",West Michigan Regional,West Michigan Regional (MI2)
13302,MI3,33302,"Howell, MI","Howell, MI: Livingston County Spencer J. Hardy",Livingston County Spencer J. Hardy,Livingston County Spencer J. Hardy (MI3)
13303,MIA,32467,"Miami, FL","Miami, FL: Miami International",Miami International,Miami International (MIA)
13304,MIB,33304,"Minot, ND","Minot, ND: Minot AFB",Minot AFB,Minot AFB (MIB)
13307,MIE,33307,"Muncie/Anderson/Newcastle, IN","Muncie/Anderson/Newcastle, IN: Delaware County Regional",Delaware County Regional,Delaware County Regional (MIE)
13321,MIV,33321,"Millville, NJ","Millville, NJ: Millville Municipal",Millville Municipal,Millville Municipal (MIV)
13338,MJX,33338,"Toms River, NJ","Toms River, NJ: Ocean County",Ocean County,Ocean County (MJX)
13341,MKC,33198,"Kansas City, MO","Kansas City, MO: Kansas City Downtown Wheeler Field",Kansas City Downtown Wheeler Field,Kansas City Downtown Wheeler Field (MKC)
13342,MKE,33342,"Milwaukee, WI","Milwaukee, WI: General Mitchell International",General Mitchell International,General Mitchell International (MKE)
13344,MKG,33344,"Muskegon, MI","Muskegon, MI: Muskegon County",Muskegon County,Muskegon County (MKG)
13347,MKK,33347,"Hoolehua, HI","Hoolehua, HI: Molokai",Molokai,Molokai (MKK)
13348,MKL,33348,"Jackson, TN","Jackson, TN: Jackson Regional",Jackson Regional,Jackson Regional (MKL)
13350,MKO,33350,"Muskogee, OK","Muskogee, OK: Muskogee Davis Regional",Muskogee Davis Regional,Muskogee Davis Regional (MKO)
13360,MLB,33360,"Melbourne, FL","Melbourne, FL: Melbourne Orlando International",Melbourne Orlando International,Melbourne Orlando International (MLB)
13367,MLI,33367,"Moline, IL","Moline, IL: Quad Cities International",Quad Cities International,Quad Cities International (MLI)
13369,MLL,33369,"Marshall, AK","Marshall, AK: Marshall Don Hunter Sr.",Marshall Don Hunter Sr.,Marshall Don Hunter Sr. (MLL)
13377,MLU,33377,"Monroe, LA","Monroe, LA: Monroe Regional",Monroe Regional,Monroe Regional (MLU)
13381,MLY,33381,"Manley Hot Springs, AK","Manley Hot Springs, AK: Manley Hot Springs Airport",Manley Hot Springs Airport,Manley Hot Springs Airport (MLY)
13388,MMH,33388,"Mammoth Lakes, CA","Mammoth Lakes, CA: Mammoth Lakes Airport",Mammoth Lakes Airport,Mammoth Lakes Airport (MMH)
13394,MMN,33394,"Stow, MA","Stow, MA: Minute Man Air Field",Minute Man Air Field,Minute Man Air Field (MMN)
13398,MMU,33398,"Morristown, NJ","Morristown, NJ: Morristown Municipal",Morristown Municipal,Morristown Municipal (MMU)
13415,MNT,33415,"Minto, AK","Minto, AK: Minto Al Wright",Minto Al Wright,Minto Al Wright (MNT)
13418,MNZ,33418,"Manassas, VA","Manassas, VA: Manassas Regional/Harry P. Davis Field",Manassas Regional/Harry P. Davis Field,Manassas Regional/Harry P. Davis Field (MNZ)
13419,MO1,33419,"Mosby, MO","Mosby, MO: Midwest National Air Center",Midwest National Air Center,Midwest National Air Center (MO1)
13422,MOB,30562,"Mobile, AL","Mobile, AL: Mobile Regional",Mobile Regional,Mobile Regional (MOB)
13424,MOD,33424,"Modesto, CA","Modesto, CA: Modesto City-County-Harry Sham Field",Modesto City-County-Harry Sham Field,Modesto City-County-Harry Sham Field (MOD)
13433,MOT,33304,"Minot, ND","Minot, ND: Minot International",Minot International,Minot International (MOT)
13434,MOU,33434,"Mountain Village, AK","Mountain Village, AK: Mountain Village Airport",Mountain Village Airport,Mountain Village Airport (MOU)
13439,MPB,32467,"Miami, FL","Miami, FL: Watson Island International",Watson Island International,Watson Island International (MPB)
13447,MPR,33447,"McPherson, KS","McPherson, KS: McPherson Airport",McPherson Airport,McPherson Airport (MPR)
13450,MPV,33450,"Montpelier/Barre, VT","Montpelier/Barre, VT: Edward F Knapp State",Edward F Knapp State,Edward F Knapp State (MPV)
13453,MQJ,32337,"Indianapolis, IN","Indianapolis, IN: Indianapolis Regional",Indianapolis Regional,Indianapolis Regional (MQJ)
13459,MQT,33459,"Marquette, MI","Marquette, MI: Marquette Sawyer Regional",Marquette Sawyer Regional,Marquette Sawyer Regional (MQT)
13461,MQY,33461,"Smyrna, TN","Smyrna, TN: Smyrna Airport",Smyrna Airport,Smyrna Airport (MQY)
13463,MRB,33463,"Martinsburg, WV","Martinsburg, WV: Eastern WV Regional/Shepherd Field",Eastern WV Regional/Shepherd Field,Eastern WV Regional/Shepherd Field (MRB)
13464,MRC,33464,"Columbia, TN","Columbia, TN: Maury County Regional",Maury County Regional,Maury County Regional (MRC)
13467,MRI,30299,"Anchorage, AK","Anchorage, AK: Merrill Field",Merrill Field,Merrill Field (MRI)
13469,MRK,33469,"Marco Island, FL","Marco Island, FL: Marco Island Executive",Marco Island Executive,Marco Island Executive (MRK)
13470,MRN,33470,"Morganton, NC","Morganton, NC: Morganton Lenoir",Morganton Lenoir,Morganton Lenoir (MRN)
13476,MRY,34922,"Monterey, CA","Monterey, CA: Monterey Regional",Monterey Regional,Monterey Regional (MRY)
13480,MSC,33480,"Mesa, AZ","Mesa, AZ: Falcon Field",Falcon Field,Falcon Field (MSC)
13484,MSL,33484,"Muscle Shoals, AL","Muscle Shoals, AL: Northwest Alabama Regional",Northwest Alabama Regional,Northwest Alabama Regional (MSL)
13485,MSN,33485,"Madison, WI","Madison, WI: Dane County Regional-Truax Field",Dane County Regional-Truax Field,Dane County Regional-Truax Field (MSN)
13486,MSO,33486,"Missoula, MT","Missoula, MT: Missoula Montana",Missoula Montana,Missoula Montana (MSO)
13487,MSP,31650,"Minneapolis, MN","Minneapolis, MN: Minneapolis-St Paul International",Minneapolis-St Paul International,Minneapolis-St Paul International (MSP)
13490,MSS,33490,"Massena, NY","Massena, NY: Massena International-Richards Field",Massena International-Richards Field,Massena International-Richards Field (MSS)
13493,MSV,33493,"Monticello, NY","Monticello, NY: Sullivan County International",Sullivan County International,Sullivan County International (MSV)
13495,MSY,33495,"New Orleans, LA","New Orleans, LA: Louis Armstrong New Orleans International",Louis Armstrong New Orleans International,Louis Armstrong New Orleans International (MSY)
13501,MTH,33501,"Marathon, FL","Marathon, FL: The Florida Keys Marathon International",The Florida Keys Marathon International,The Florida Keys Marathon International (MTH)
13502,MTJ,33502,"Montrose/Delta, CO","Montrose/Delta, CO: Montrose Regional",Montrose Regional,Montrose Regional (MTJ)
13504,MTM,33504,"Metlakatla, AK","Metlakatla, AK: Metlakatala",Metlakatala,Metlakatala (MTM)
13505,MTN,30852,"Baltimore, MD","Baltimore, MD: Martin State",Martin State,Martin State (MTN)
13506,MTO,33506,"Mattoon/Charleston, IL","Mattoon/Charleston, IL: Coles County Memorial",Coles County Memorial,Coles County Memorial (MTO)
13507,MTP,33507,"Montauk Point, NY","Montauk Point, NY: Sky Portal",Sky Portal,Sky Portal (MTP)
13513,MTX,31517,"Fairbanks, AK","Fairbanks, AK: Metro Field",Metro Field,Metro Field (MTX)
13520,MUE,33520,"Kamuela, HI","Kamuela, HI: Waimea-Kohala",Waimea-Kohala,Waimea-Kohala (MUE)
13525,MUO,33525,"Mountain Home, ID","Mountain Home, ID: Mountain Home AFB",Mountain Home AFB,Mountain Home AFB (MUO)
13535,MVL,33535,"Morrisville, VT","Morrisville, VT: Morrisville Stowe State",Morrisville Stowe State,Morrisville Stowe State (MVL)
13537,MVN,33537,"Mount Vernon, IL","Mount Vernon, IL: Mount Vernon Airport",Mount Vernon Airport,Mount Vernon Airport (MVN)
13540,MVW,33540,"Burlington/Mount Vernon, WA","Burlington/Mount Vernon, WA: Skagit Regional",Skagit Regional,Skagit Regional (MVW)
13541,MVY,33541,"Martha's Vineyard, MA","Martha's Vineyard, MA: Martha's Vineyard Airport",Martha's Vineyard Airport,Martha's Vineyard Airport (MVY)
13543,MWA,33543,"Marion/Herrin, IL","Marion/Herrin, IL: Veterans Airport of Southern Illinois",Veterans Airport of Southern Illinois,Veterans Airport of Southern Illinois (MWA)
13546,MWH,33546,"Moses Lake, WA","Moses Lake, WA: Grant County International",Grant County International,Grant County International (MWH)
13547,MWL,33547,"Mineral Wells, TX","Mineral Wells, TX: Mineral Wells Regional",Mineral Wells Regional,Mineral Wells Regional (MWL)
13549,MWO,33549,"Middletown, OH","Middletown, OH: Middletown Regional/Hook Field",Middletown Regional/Hook Field,Middletown Regional/Hook Field (MWO)
13555,MXF,33277,"Montgomery, AL","Montgomery, AL: Maxwell AFB",Maxwell AFB,Maxwell AFB (MXF)
13564,MXY,33564,"McCarthy, AK","McCarthy, AK: McCarthy Airport",McCarthy Airport,McCarthy Airport (MXY)
13570,MYF,33570,"San Diego, CA","San Diego, CA: Montgomery Gibbs Executive",Montgomery Gibbs Executive,Montgomery Gibbs Executive (MYF)
13572,MYH,33572,"Marble Canyon, AZ","Marble Canyon, AZ: Cliff Dwellers",Cliff Dwellers,Cliff Dwellers (MYH)
13574,MYK,33574,"May Creek, AK","May Creek, AK: May Creek Airport",May Creek Airport,May Creek Airport (MYK)
13575,MYL,33575,"McCall, ID","McCall, ID: McCall Municipal",McCall Municipal,McCall Municipal (MYL)
13577,MYR,31135,"Myrtle Beach, SC","Myrtle Beach, SC: Myrtle Beach International",Myrtle Beach International,Myrtle Beach International (MYR)
13579,MYU,33579,"Mekoryuk, AK","Mekoryuk, AK: Mekoryuk Airport",Mekoryuk Airport,Mekoryuk Airport (MYU)
13580,MYV,30474,"Marysville, CA","Marysville, CA: Yuba County",Yuba County,Yuba County (MYV)
13587,MZJ,33587,"Marana, AZ","Marana, AZ: Pinal Airpark",Pinal Airpark,Pinal Airpark (MZJ)
13596,N47,33596,"Pottstown, PA","Pottstown, PA: Pottstown Municipal",Pottstown Municipal,Pottstown Municipal (N47)
13599,NAD,33599,"North Adams, MA","North Adams, MA: Harriman-and-West",Harriman-and-West,Harriman-and-West (NAD)
13620,NC2,33620,"Smithfield, NC","Smithfield, NC: Johnston Regional",Johnston Regional,Johnston Regional (NC2)
13622,NC4,33622,"Currituck, NC","Currituck, NC: Currituck County Regional",Currituck County Regional,Currituck County Regional (NC4)
13629,NCN,31501,"Chenega, AK","Chenega, AK: Chenega Bay",Chenega Bay,Chenega Bay (NCN)
13630,NCO,36353,"North Kingstown, RI","North Kingstown, RI: Quonset State Air Reserve National Guard Helipad",Quonset State Air Reserve National Guard Helipad,Quonset State Air Reserve National Guard Helipad (NCO)
13655,NEW,33495,"New Orleans, LA","New Orleans, LA: Lakefront",Lakefront,Lakefront (NEW)
13656,NFL,31706,"Fallon, NV","Fallon, NV: Fallon NAS",Fallon NAS,Fallon NAS (NFL)
13667,NGU,33667,"Norfolk, VA","Norfolk, VA: Norfolk NS",Norfolk NS,Norfolk NS (NGU)
13671,NHK,33671,"Patuxent River, MD","Patuxent River, MD: Patuxent River NAS",Patuxent River NAS,Patuxent River NAS (NHK)
13674,NHZ,33674,"Brunswick, ME","Brunswick, ME: Brunswick Executive",Brunswick Executive,Brunswick Executive (NHZ)
13676,NIB,33676,"Nikolai, AK","Nikolai, AK: Nikolai Airport",Nikolai Airport,Nikolai Airport (NIB)
13682,NIP,31136,"Jacksonville, FL","Jacksonville, FL: Jacksonville NAS",Jacksonville NAS,Jacksonville NAS (NIP)
13685,NJ1,33685,"Berlin, NJ","Berlin, NJ: Pine Valley",Pine Valley,Pine Valley (NJ1)
13686,NJ2,33686,"West Creek, NJ","West Creek, NJ: Eagles Nest",Eagles Nest,Eagles Nest (NJ2)
13689,NJK,32363,"El Centro, CA","El Centro, CA: El Centro NAF",El Centro NAF,El Centro NAF (NJK)
13693,NKI,33693,"Naukiti, AK","Naukiti, AK: Naukiti Airport",Naukiti Airport,Naukiti Airport (NKI)
13697,N1C,33697,"Cherry Point, NC","Cherry Point, NC: Cherry Point MCAS",Cherry Point MCAS,Cherry Point MCAS (N1C)
13700,NKX,33570,"San Diego, CA","San Diego, CA: Miramar MCAS",Miramar MCAS,Miramar MCAS (NKX)
13704,NLG,33704,"Nelson Lagoon, AK","Nelson Lagoon, AK: Nelson Lagoon Airport",Nelson Lagoon Airport,Nelson Lagoon Airport (NLG)
13710,NME,33710,"Nightmute, AK","Nightmute, AK: Nightmute Airport",Nightmute Airport,Nightmute Airport (NME)
13714,NNK,33714,"Naknek, AK","Naknek, AK: Naknek Airport",Naknek Airport,Naknek Airport (NNK)
13715,NNL,33715,"Nondalton, AK","Nondalton, AK: Nondalton Airport",Nondalton Airport,Nondalton Airport (NNL)
13725,NOT,33725,"Novato, CA","Novato, CA: Gnoss Field",Gnoss Field,Gnoss Field (NOT)
13728,NPA,33728,"Pensacola, FL","Pensacola, FL: Pensacola NAS",Pensacola NAS,Pensacola NAS (NPA)
13731,NPT,33731,"Newport, RI","Newport, RI: Newport State",Newport State,Newport State (NPT)
13736,NQX,31624,"Key West, FL","Key West, FL: Key West NAS",Key West NAS,Key West NAS (NQX)
13750,1FL,35221,"Titusville, FL","Titusville, FL: Space Florida Launch Landing Facility",Space Florida Launch Landing Facility,Space Florida Launch Landing Facility (1FL)
13756,NTD,33756,"Port Hueneme, CA","Port Hueneme, CA: Point Mugu NAS",Point Mugu NAS,Point Mugu NAS (NTD)
13763,NTU,33763,"Oceana, VA","Oceana, VA: Oceana NAS",Oceana NAS,Oceana NAS (NTU)
13767,NUI,33767,"Nuiqsut, AK","Nuiqsut, AK: Nuiqsut Airport",Nuiqsut Airport,Nuiqsut Airport (NUI)
13768,NUL,33768,"Nulato, AK","Nulato, AK: Nulato Airport",Nulato Airport,Nulato Airport (NUL)
13770,NUP,33770,"Nunapitchuk, AK","Nunapitchuk, AK: Nunapitchuk Airport",Nunapitchuk Airport,Nunapitchuk Airport (NUP)
13771,NUQ,33771,"Mountain View, CA","Mountain View, CA: Moffett Federal Airfield",Moffett Federal Airfield,Moffett Federal Airfield (NUQ)
13772,NUW,33772,"Whidbey Island, WA","Whidbey Island, WA: Whidbey Island NAS",Whidbey Island NAS,Whidbey Island NAS (NUW)
13781,NY1,33781,"Kingston, NY","Kingston, NY: Kingston Ulster",Kingston Ulster,Kingston Ulster (NY1)
13785,NYL,33785,"Yuma, AZ","Yuma, AZ: Yuma MCAS/Yuma International",Yuma MCAS/Yuma International,Yuma MCAS/Yuma International (NYL)
13788,VQQ,31136,"Jacksonville, FL","Jacksonville, FL: Cecil",Cecil,Cecil (VQQ)
13791,NZY,33570,"San Diego, CA","San Diego, CA: North Island NAS",North Island NAS,North Island NAS (NZY)
13792,O85,33792,"Redding, CA","Redding, CA: Benton Field",Benton Field,Benton Field (O85)
13795,OAJ,33795,"Jacksonville/Camp Lejeune, NC","Jacksonville/Camp Lejeune, NC: Albert J Ellis",Albert J Ellis,Albert J Ellis (OAJ)
13796,OAK,32457,"Oakland, CA","Oakland, CA: Oakland International",Oakland International,Oakland International (OAK)
13806,OBU,33806,"Kobuk, AK","Kobuk, AK: Kobuk Airport",Kobuk Airport,Kobuk Airport (OBU)
13808,OCE,33808,"Ocean City, MD","Ocean City, MD: Ocean City Municipal",Ocean City Municipal,Ocean City Municipal (OCE)
13809,OCF,33809,"Ocala, FL","Ocala, FL: Ocala International-Jim Taylor Field",Ocala International-Jim Taylor Field,Ocala International-Jim Taylor Field (OCF)
13821,ODW,33821,"Oak Harbor, WA","Oak Harbor, WA: Delaurentis",Delaurentis,Delaurentis (ODW)
13824,OFF,33316,"Omaha, NE","Omaha, NE: Offutt AFB",Offutt AFB,Offutt AFB (OFF)
13829,OGD,32131,"Ogden, UT","Ogden, UT: Ogden-Hinckley",Ogden-Hinckley,Ogden-Hinckley (OGD)
13830,OGG,33830,"Kahului, HI","Kahului, HI: Kahului Airport",Kahului Airport,Kahului Airport (OGG)
13832,OGS,33832,"Ogdensburg, NY","Ogdensburg, NY: Ogdensburg International",Ogdensburg International,Ogdensburg International (OGS)
13841,OHC,33841,"Northeast Cape, AK","Northeast Cape, AK: Northeast Cape AFS",Northeast Cape AFS,Northeast Cape AFS (OHC)
13845,OIC,33845,"Norwich, NY","Norwich, NY: Eaton",Eaton,Eaton (OIC)
13851,OKC,33851,"Oklahoma City, OK","Oklahoma City, OK: Okc Will Rogers International",Okc Will Rogers International,Okc Will Rogers International (OKC)
13854,OKK,33854,"Kokomo/Logansport/Peru, IN","Kokomo/Logansport/Peru, IN: Kokomo Municipal",Kokomo Municipal,Kokomo Municipal (OKK)
13861,OLE,33861,"Olean, NY","Olean, NY: Cattaraugus County-Olean",Cattaraugus County-Olean,Cattaraugus County-Olean (OLE)
13862,OLF,33862,"Wolf Point, MT","Wolf Point, MT: L. M. Clayton",L. M. Clayton,L. M. Clayton (OLF)
13863,OLH,33863,"Old Harbor, AK","Old Harbor, AK: Old Harbor Airport",Old Harbor Airport,Old Harbor Airport (OLH)
13865,OLM,33865,"Olympia, WA","Olympia, WA: Olympia Regional",Olympia Regional,Olympia Regional (OLM)
13868,OLS,33868,"Nogales, AZ","Nogales, AZ: Nogales International",Nogales International,Nogales International (OLS)
13871,OMA,33316,"Omaha, NE","Omaha, NE: Eppley Airfield",Eppley Airfield,Eppley Airfield (OMA)
13873,OME,33873,"Nome, AK","Nome, AK: Nome Airport",Nome Airport,Nome Airport (OME)
13884,ONH,33783,"Oneonta, NY","Oneonta, NY: Albert S Nader Regional",Albert S Nader Regional,Albert S Nader Regional (ONH)
13887,ONM,33887,"Socorro, NM","Socorro, NM: Socorro Municipal",Socorro Municipal,Socorro Municipal (ONM)
13888,ONN,33888,"Onion Bay, AK","Onion Bay, AK: Onion Bay Airport",Onion Bay Airport,Onion Bay Airport (ONN)
13890,ONP,33890,"Newport, OR","Newport, OR: Newport Municipal",Newport Municipal,Newport Municipal (ONP)
13891,ONT,32575,"Ontario, CA","Ontario, CA: Ontario International",Ontario International,Ontario International (ONT)
13894,OOK,33894,"Toksook, AK","Toksook, AK: Toksook Bay",Toksook Bay,Toksook Bay (OOK)
13898,OPF,32467,"Miami, FL","Miami, FL: Miami Opa Locka Executive",Miami Opa Locka Executive,Miami Opa Locka Executive (OPF)
13924,OQZ,33924,"American Creek, AK","American Creek, AK: American Creek Airport",American Creek Airport,American Creek Airport (OQZ)
13925,OR1,33925,"Grants Pass, OR","Grants Pass, OR: Grants Pass Airport",Grants Pass Airport,Grants Pass Airport (OR1)
13927,OR3,33927,"Florence, OR","Florence, OR: Florence Municipal",Florence Municipal,Florence Municipal (OR3)
13930,ORD,30977,"Chicago, IL","Chicago, IL: Chicago O'Hare International",Chicago O'Hare International,Chicago O'Hare International (ORD)
13931,ORF,33667,"Norfolk, VA","Norfolk, VA: Norfolk International",Norfolk International,Norfolk International (ORF)
13933,ORH,33933,"Worcester, MA","Worcester, MA: Worcester Regional",Worcester Regional,Worcester Regional (ORH)
13934,ORI,33934,"Port Lions, AK","Port Lions, AK: Port Lions Airport",Port Lions Airport,Port Lions Airport (ORI)
13936,ORL,31454,"Orlando, FL","Orlando, FL: Orlando Exec",Orlando Exec,Orlando Exec (ORL)
13940,ORT,33940,"Northway, AK","Northway, AK: Northway Airport",Northway Airport,Northway Airport (ORT)
13942,ORV,33942,"Noorvik, AK","Noorvik, AK: Robert/Bob/Curtis Memorial",Robert/Bob/Curtis Memorial,Robert/Bob/Curtis Memorial (ORV)
13947,OSC,33947,"Oscoda, MI","Oscoda, MI: Oscoda-Wurtsmith",Oscoda-Wurtsmith,Oscoda-Wurtsmith (OSC)
13949,OSH,33949,"Oshkosh, WI","Oshkosh, WI: Wittman Regional",Wittman Regional,Wittman Regional (OSH)
13958,OSU,31066,"Columbus, OH","Columbus, OH: Ohio State University",Ohio State University,Ohio State University (OSU)
13959,OSX,33959,"Kosciusko, MS","Kosciusko, MS: Kosciusko/Attala County",Kosciusko/Attala County,Kosciusko/Attala County (OSX)
13964,OTH,33964,"North Bend/Coos Bay, OR","North Bend/Coos Bay, OR: Southwest Oregon Regional",Southwest Oregon Regional,Southwest Oregon Regional (OTH)
13968,OTS,33968,"Anacortes, WA","Anacortes, WA: Anacortes Airport",Anacortes Airport,Anacortes Airport (OTS)
13970,OTZ,33970,"Kotzebue, AK","Kotzebue, AK: Ralph Wien Memorial",Ralph Wien Memorial,Ralph Wien Memorial (OTZ)
13976,OUN,33976,"Norman, OK","Norman, OK: University of Oklahoma/Max Westheimer",University of Oklahoma/Max Westheimer,University of Oklahoma/Max Westheimer (OUN)
13983,OWB,33983,"Owensboro, KY","Owensboro, KY: Owensboro Daviess County Regional",Owensboro Daviess County Regional,Owensboro Daviess County Regional (OWB)
13984,OWD,33984,"Norwood, MA","Norwood, MA: Norwood Memorial",Norwood Memorial,Norwood Memorial (OWD)
13987,OXC,33987,"Waterbury, CT","Waterbury, CT: Waterbury Oxford",Waterbury Oxford,Waterbury Oxford (OXC)
13988,OXR,33988,"Oxnard/Ventura, CA","Oxnard/Ventura, CA: Oxnard",Oxnard,Oxnard (OXR)
14001,PA2,34001,"Bedford, PA","Bedford, PA: Bedford County",Bedford County,Bedford County (PA2)
14004,PAE,34004,"Everett, WA","Everett, WA: Seattle Paine Field International",Seattle Paine Field International,Seattle Paine Field International (PAE)
14006,PAH,34006,"Paducah, KY","Paducah, KY: Barkley Regional",Barkley Regional,Barkley Regional (PAH)
14009,PAM,31481,"Panama City, FL","Panama City, FL: Tyndall AFB",Tyndall AFB,Tyndall AFB (PAM)
14011,PAO,32457,"Palo Alto, CA","Palo Alto, CA: Palo Alto Airport",Palo Alto Airport,Palo Alto Airport (PAO)
14013,PAQ,34013,"Palmer, AK","Palmer, AK: Warren Bud Woods Palmer Municipal",Warren Bud Woods Palmer Municipal,Warren Bud Woods Palmer Municipal (PAQ)
14025,PBG,34025,"Plattsburgh, NY","Plattsburgh, NY: Plattsburgh International",Plattsburgh International,Plattsburgh International (PBG)
14027,PBI,34027,"West Palm Beach/Palm Beach, FL","West Palm Beach/Palm Beach, FL: Donald J Trump International",Donald J Trump International,Donald J Trump International (PBI)
14028,PBK,34028,"Pack Creek, AK","Pack Creek, AK: Pack Creek Airport",Pack Creek Airport,Pack Creek Airport (PBK)
14034,PBX,34034,"Pikeville, KY","Pikeville, KY: Pike County Hatcher Field",Pike County Hatcher Field,Pike County Hatcher Field (PBX)
14037,PCA,34037,"Portage Creek, AK","Portage Creek, AK: Portage Creek Airport",Portage Creek Airport,Portage Creek Airport (PCA)
14039,PCD,34039,"Prairie Du Chien, WI","Prairie Du Chien, WI: Prairie Du Chien Municipal",Prairie Du Chien Municipal,Prairie Du Chien Municipal (PCD)
14044,PCT,34044,"Princeton, NJ","Princeton, NJ: Princeton Airport",Princeton Airport,Princeton Airport (PCT)
14046,PDB,34046,"Pedro Bay, AK","Pedro Bay, AK: Pedro Bay Airport",Pedro Bay Airport,Pedro Bay Airport (PDB)
14050,PDK,30397,"Atlanta, GA","Atlanta, GA: Dekalb Peachtree",Dekalb Peachtree,Dekalb Peachtree (PDK)
14054,PDT,34054,"Pendleton, OR","Pendleton, OR: Eastern Oregon Regional at Pendleton",Eastern Oregon Regional at Pendleton,Eastern Oregon Regional at Pendleton (PDT)
14057,PDX,34057,"Portland, OR","Portland, OR: Portland International",Portland International,Portland International (PDX)
14062,PEC,34062,"Pelican, AK","Pelican, AK: Pelican Seaplane Base",Pelican Seaplane Base,Pelican Seaplane Base (PEC)
14081,PGA,34081,"Page, AZ","Page, AZ: Page Municipal",Page Municipal,Page Municipal (PGA)
14082,PGD,34082,"Punta Gorda, FL","Punta Gorda, FL: Punta Gorda Airport",Punta Gorda Airport,Punta Gorda Airport (PGD)
14088,PGM,34088,"Port Graham, AK","Port Graham, AK: Port Graham Airport",Port Graham Airport,Port Graham Airport (PGM)
14089,PGO,34089,"Pagosa Springs, CO","Pagosa Springs, CO: Stevens Field",Stevens Field,Stevens Field (PGO)
14092,PGV,34092,"Greenville, NC","Greenville, NC: Pitt Greenville",Pitt Greenville,Pitt Greenville (PGV)
14098,PHF,33667,"Newport News/Williamsburg, VA","Newport News/Williamsburg, VA: Newport News/Williamsburg International",Newport News/Williamsburg International,Newport News/Williamsburg International (PHF)
14100,PHL,34100,"Philadelphia, PA","Philadelphia, PA: Philadelphia International",Philadelphia International,Philadelphia International (PHL)
14101,PHN,34101,"Port Huron, MI","Port Huron, MI: St. Clair County International",St. Clair County International,St. Clair County International (PHN)
14102,PHO,34102,"Point Hope, AK","Point Hope, AK: Point Hope Airport",Point Hope Airport,Point Hope Airport (PHO)
14107,PHX,30466,"Phoenix, AZ","Phoenix, AZ: Phoenix Sky Harbor International",Phoenix Sky Harbor International,Phoenix Sky Harbor International (PHX)
14108,PIA,34108,"Peoria, IL","Peoria, IL: General Downing - Peoria International",General Downing - Peoria International,General Downing - Peoria International (PIA)
14109,PIB,34109,"Hattiesburg/Laurel, MS","Hattiesburg/Laurel, MS: Hattiesburg-Laurel Regional",Hattiesburg-Laurel Regional,Hattiesburg-Laurel Regional (PIB)
14112,PIE,33195,"St. Petersburg, FL","St. Petersburg, FL: St Pete Clearwater International",St Pete Clearwater International,St Pete Clearwater International (PIE)
14113,PIH,34113,"Pocatello, ID","Pocatello, ID: Pocatello Regional",Pocatello Regional,Pocatello Regional (PIH)
14116,PIM,34116,"Pine Mountain, GA","Pine Mountain, GA: Harris County",Harris County,Harris County (PIM)
14119,PIP,34119,"Pilot Point, AK","Pilot Point, AK: Pilot Point Airport",Pilot Point Airport,Pilot Point Airport (PIP)
14120,PIR,34120,"Pierre, SD","Pierre, SD: Pierre Regional",Pierre Regional,Pierre Regional (PIR)
14122,PIT,30198,"Pittsburgh, PA","Pittsburgh, PA: Pittsburgh International",Pittsburgh International,Pittsburgh International (PIT)
14125,PIZ,34125,"Point Lay, AK","Point Lay, AK: Point Lay LRRS",Point Lay LRRS,Point Lay LRRS (PIZ)
14130,PKA,34130,"Napaskiak, AK","Napaskiak, AK: Napaskiak Airport",Napaskiak Airport,Napaskiak Airport (PKA)
14131,PKB,34131,"Parkersburg, WV","Parkersburg, WV: Mid-Ohio Valley Regional",Mid-Ohio Valley Regional,Mid-Ohio Valley Regional (PKB)
14150,PLN,34150,"Pellston, MI","Pellston, MI: Pellston Regional Emmet County",Pellston Regional Emmet County,Pellston Regional Emmet County (PLN)
14167,PML,34167,"Port Moller, AK","Port Moller, AK: Port Moller Airport",Port Moller Airport,Port Moller Airport (PML)
14182,PNE,34100,"Philadelphia, PA","Philadelphia, PA: Northeast Philadelphia",Northeast Philadelphia,Northeast Philadelphia (PNE)
14193,PNS,33728,"Pensacola, FL","Pensacola, FL: Pensacola International",Pensacola International,Pensacola International (PNS)
14194,PNX,34194,"Sherman-Denison, TX","Sherman-Denison, TX: Sherman-Denison Airport",Sherman-Denison Airport,Sherman-Denison Airport (PNX)
14197,POB,31641,"Fayetteville, NC","Fayetteville, NC: Pope AAF",Pope AAF,Pope AAF (POB)
14198,POC,34198,"La Verne, CA","La Verne, CA: Brackett Field",Brackett Field,Brackett Field (POC)
14212,POU,34212,"Poughkeepsie, NY","Poughkeepsie, NY: Hudson Valley Regional",Hudson Valley Regional,Hudson Valley Regional (POU)
14218,PPC,34218,"Prospect Creek, AK","Prospect Creek, AK: Prospect Creek Airport",Prospect Creek Airport,Prospect Creek Airport (PPC)
14222,PPG,34222,"Pago Pago, TT","Pago Pago, TT: Pago Pago International",Pago Pago International,Pago Pago International (PPG)
14223,PPM,34223,"Pompano Beach, FL","Pompano Beach, FL: Pompano Beach Airpark",Pompano Beach Airpark,Pompano Beach Airpark (PPM)
14229,PPV,34229,"Port Protection, AK","Port Protection, AK: Port Protection Airport",Port Protection Airport,Port Protection Airport (PPV)
14231,PQI,34231,"Presque Isle/Houlton, ME","Presque Isle/Houlton, ME: Presque Isle International",Presque Isle International,Presque Isle International (PQI)
14234,PQS,34234,"Pilot Station, AK","Pilot Station, AK: Pilot Station Airport",Pilot Station Airport,Pilot Station Airport (PQS)
14236,PRB,34236,"Paso Robles, CA","Paso Robles, CA: Paso Robles Municipal",Paso Robles Municipal,Paso Robles Municipal (PRB)
14237,PRC,34237,"Prescott, AZ","Prescott, AZ: Prescott Regional Ernest A Love Field",Prescott Regional Ernest A Love Field,Prescott Regional Ernest A Love Field (PRC)
14252,PSC,34252,"Pasco/Kennewick/Richland, WA","Pasco/Kennewick/Richland, WA: Tri Cities",Tri Cities,Tri Cities (PSC)
14254,PSE,34254,"Ponce, PR","Ponce, PR: Mercedita",Mercedita,Mercedita (PSE)
14255,PSF,34255,"Pittsfield, MA","Pittsfield, MA: Pittsfield Municipal",Pittsfield Municipal,Pittsfield Municipal (PSF)
14256,PSG,34256,"Petersburg, AK","Petersburg, AK: Petersburg James A Johnson",Petersburg James A Johnson,Petersburg James A Johnson (PSG)
14258,PSK,34258,"Dublin, VA","Dublin, VA: New River Valley",New River Valley,New River Valley (PSK)
14259,PSM,34259,"Portsmouth, NH","Portsmouth, NH: Portsmouth International at Pease",Portsmouth International at Pease,Portsmouth International at Pease (PSM)
14262,PSP,34262,"Palm Springs, CA","Palm Springs, CA: Palm Springs International",Palm Springs International,Palm Springs International (PSP)
14268,PTA,34268,"Port Alsworth, AK","Port Alsworth, AK: Port Alsworth Airport",Port Alsworth Airport,Port Alsworth Airport (PTA)
14270,PTD,34270,"Port Alexander, AK","Port Alexander, AK: Port Alexander Airport",Port Alexander Airport,Port Alexander Airport (PTD)
14273,PTH,34273,"Port Heiden, AK","Port Heiden, AK: Port Heiden Airport",Port Heiden Airport,Port Heiden Airport (PTH)
14275,PTK,34275,"Pontiac, MI","Pontiac, MI: Oakland County International",Oakland County International,Oakland County International (PTK)
14276,PTL,34276,"Port Armstrong, AK","Port Armstrong, AK: Port Armstrong Airport",Port Armstrong Airport,Port Armstrong Airport (PTL)
14281,PTT,34281,"Pratt, KS","Pratt, KS: Pratt Regional",Pratt Regional,Pratt Regional (PTT)
14282,PTU,31406,"Platinum, AK","Platinum, AK: Platinum Airport",Platinum Airport,Platinum Airport (PTU)
14283,PTV,34283,"Porterville, CA","Porterville, CA: Porterville Municipal",Porterville Municipal,Porterville Municipal (PTV)
14284,PTW,33596,"Pottstown, PA","Pottstown, PA: Heritage Field",Heritage Field,Heritage Field (PTW)
14288,PUB,34288,"Pueblo, CO","Pueblo, CO: Pueblo Memorial",Pueblo Memorial,Pueblo Memorial (PUB)
14289,PUC,34289,"Price, UT","Price, UT: Carbon County Regional/Buck Davis Field",Carbon County Regional/Buck Davis Field,Carbon County Regional/Buck Davis Field (PUC)
14295,PUL,34295,"Poulsbo, WA","Poulsbo, WA: Port of Poulsbo Marina Moorage Seaplane Base",Port of Poulsbo Marina Moorage Seaplane Base,Port of Poulsbo Marina Moorage Seaplane Base (PUL)
14303,PUW,34303,"Pullman, WA","Pullman, WA: Pullman Moscow Regional",Pullman Moscow Regional,Pullman Moscow Regional (PUW)
14306,PVC,34306,"Provincetown, MA","Provincetown, MA: Provincetown Municipal",Provincetown Municipal,Provincetown Municipal (PVC)
14307,PVD,30721,"Providence, RI","Providence, RI: Rhode Island Tf Green International",Rhode Island Tf Green International,Rhode Island Tf Green International (PVD)
14314,PVU,34314,"Provo, UT","Provo, UT: Provo Municipal",Provo Municipal,Provo Municipal (PVU)
14315,PVW,34315,"Plainview, TX","Plainview, TX: Hale County",Hale County,Hale County (PVW)
14318,PWA,33851,"Oklahoma City, OK","Oklahoma City, OK: Wiley Post",Wiley Post,Wiley Post (PWA)
14320,PWK,30977,"Chicago, IL","Chicago, IL: Chicago Executive",Chicago Executive,Chicago Executive (PWK)
14321,PWM,34321,"Portland, ME","Portland, ME: Portland International Jetport",Portland International Jetport,Portland International Jetport (PWM)
14323,PWT,34323,"Bremerton, WA","Bremerton, WA: Bremerton National",Bremerton National,Bremerton National (PWT)
14332,PYM,34332,"Plymouth, MA","Plymouth, MA: Plymouth Municipal",Plymouth Municipal,Plymouth Municipal (PYM)
14344,QAJ,34344,"Globe, AZ","Globe, AZ: San Carlos Apache",San Carlos Apache,San Carlos Apache (QAJ)
14371,CJR,34371,"Culpeper, VA","Culpeper, VA: Culpeper Regional",Culpeper Regional,Culpeper Regional (CJR)
14397,QMA,30397,"Kennesaw, GA","Kennesaw, GA: Cobb County International McCollum Field",Cobb County International McCollum Field,Cobb County International McCollum Field (QMA)
14400,QMN,34400,"Mansfield, MA","Mansfield, MA: Mansfield Municipal",Mansfield Municipal,Mansfield Municipal (QMN)
14412,QQB,34412,"Keyes Point, AK","Keyes Point, AK: Keyes Point Airport",Keyes Point Airport,Keyes Point Airport (QQB)
14417,QQG,34417,"Westminster, MD","Westminster, MD: Carroll County Regional/Jack B. Poage Field",Carroll County Regional/Jack B. Poage Field,Carroll County Regional/Jack B. Poage Field (QQG)
14422,QQL,34422,"Bonners Ferry, ID","Bonners Ferry, ID: Boundary County",Boundary County,Boundary County (QQL)
14427,QQQ,34427,"Grass Valley, CA","Grass Valley, CA: Nevada County",Nevada County,Nevada County (QQQ)
14430,QQT,34430,"Peachtree City, GA","Peachtree City, GA: Atlanta Regional Falcon Field",Atlanta Regional Falcon Field,Atlanta Regional Falcon Field (QQT)
14431,QQU,34431,"Window Rock, AZ","Window Rock, AZ: Window Rock Airport",Window Rock Airport,Window Rock Airport (QQU)
14435,QQY,34435,"San Marcos, TX","San Marcos, TX: San Marcos Regional",San Marcos Regional,San Marcos Regional (QQY)
14447,RAC,34447,"Racine, WI","Racine, WI: Batten International",Batten International,Batten International (RAC)
14454,RAL,34454,"Riverside, CA","Riverside, CA: Riverside Municipal",Riverside Municipal,Riverside Municipal (RAL)
14457,RAP,34457,"Rapid City, SD","Rapid City, SD: Rapid City Regional",Rapid City Regional,Rapid City Regional (RAP)
14465,RBD,30194,"Dallas/Fort Worth, TX","Dallas/Fort Worth, TX: Dallas Executive",Dallas Executive,Dallas Executive (RBD)
14466,RBF,34466,"Big Bear City, CA","Big Bear City, CA: Big Bear City Airport",Big Bear City Airport,Big Bear City Airport (RBF)
14467,RBG,34467,"Roseburg, OR","Roseburg, OR: Roseburg Regional",Roseburg Regional,Roseburg Regional (RBG)
14468,RBH,34468,"Brooks Lodge, AK","Brooks Lodge, AK: Brooks Lodge Airport",Brooks Lodge Airport,Brooks Lodge Airport (RBH)
14469,RBL,34469,"Red Bluff, CA","Red Bluff, CA: Red Bluff Municipal",Red Bluff Municipal,Red Bluff Municipal (RBL)
14470,RBN,34470,"Fort Jefferson, FL","Fort Jefferson, FL: Fort Jefferson Airport",Fort Jefferson Airport,Fort Jefferson Airport (RBN)
14474,RBY,34474,"Ruby, AK","Ruby, AK: Ruby Airport",Ruby Airport,Ruby Airport (RBY)
14475,RCA,34457,"Rapid City, SD","Rapid City, SD: Ellsworth AFB",Ellsworth AFB,Ellsworth AFB (RCA)
14477,RCE,34477,"Roche Harbor, WA","Roche Harbor, WA: Roche Harbor Airport",Roche Harbor Airport,Roche Harbor Airport (RCE)
14485,RDB,34485,"Red Dog, AK","Red Dog, AK: Red Dog Airport",Red Dog Airport,Red Dog Airport (RDB)
14487,RDD,33792,"Redding, CA","Redding, CA: Redding Regional",Redding Regional,Redding Regional (RDD)
14488,RDG,34488,"Reading, PA","Reading, PA: Reading Regional/Carl A Spaatz Field",Reading Regional/Carl A Spaatz Field,Reading Regional/Carl A Spaatz Field (RDG)
14489,RDM,34489,"Bend/Redmond, OR","Bend/Redmond, OR: Roberts Field",Roberts Field,Roberts Field (RDM)
14490,RDR,34490,"Red River, ND","Red River, ND: Grand Forks AFB",Grand Forks AFB,Grand Forks AFB (RDR)
14492,RDU,34492,"Raleigh/Durham, NC","Raleigh/Durham, NC: Raleigh-Durham International",Raleigh-Durham International,Raleigh-Durham International (RDU)
14493,RDV,34493,"Red Devil, AK","Red Devil, AK: Red Devil Airport",Red Devil Airport,Red Devil Airport (RDV)
14512,RFD,34512,"Rockford, IL","Rockford, IL: Chicago/Rockford International",Chicago/Rockford International,Chicago/Rockford International (RFD)
14520,RHI,34520,"Rhinelander, WI","Rhinelander, WI: Rhinelander/Oneida County",Rhinelander/Oneida County,Rhinelander/Oneida County (RHI)
14524,RIC,34524,"Richmond, VA","Richmond, VA: Richmond International",Richmond International,Richmond International (RIC)
14530,RIL,34530,"Rifle, CO","Rifle, CO: Rifle Garfield County",Rifle Garfield County,Rifle Garfield County (RIL)
14533,RIV,34454,"Riverside, CA","Riverside, CA: March ARB",March ARB,March ARB (RIV)
14534,RIW,34534,"Riverton/Lander, WY","Riverton/Lander, WY: Central Wyoming Regional",Central Wyoming Regional,Central Wyoming Regional (RIW)
14539,RKD,34539,"Rockland, ME","Rockland, ME: Knox County Regional",Knox County Regional,Knox County Regional (RKD)
14543,RKS,34543,"Rock Springs, WY","Rock Springs, WY: Southwest Wyoming Regional",Southwest Wyoming Regional,Southwest Wyoming Regional (RKS)
14548,RLD,34548,"Richland, WA","Richland, WA: Richland Airport",Richland Airport,Richland Airport (RLD)
14551,RLU,34551,"Bornite/Ruby Creek, AK","Bornite/Ruby Creek, AK: Bornite Upper",Bornite Upper,Bornite Upper (RLU)
14553,RME,34553,"Rome, NY","Rome, NY: Griffiss International",Griffiss International,Griffiss International (RME)
14557,RMN,34557,"Stafford, VA","Stafford, VA: Stafford Regional",Stafford Regional,Stafford Regional (RMN)
14559,RMP,34559,"Rampart, AK","Rampart, AK: Rampart Airport",Rampart Airport,Rampart Airport (RMP)
14570,RNO,34570,"Reno, NV","Reno, NV: Reno/Tahoe International",Reno/Tahoe International,Reno/Tahoe International (RNO)
14572,RNT,34572,"Renton, WA","Renton, WA: Renton Municipal",Renton Municipal,Renton Municipal (RNT)
14574,ROA,34574,"Roanoke, VA","Roanoke, VA: Roanoke Blacksburg Regional",Roanoke Blacksburg Regional,Roanoke Blacksburg Regional (ROA)
14576,ROC,34576,"Rochester, NY","Rochester, NY: Frederick Douglass Grtr Rochester International",Frederick Douglass Grtr Rochester International,Frederick Douglass Grtr Rochester International (ROC)
14577,ROG,34577,"Rogers, AR","Rogers, AR: Rogers Executive Carter Field",Rogers Executive Carter Field,Rogers Executive Carter Field (ROG)
14582,ROP,34582,"Rota, TT","Rota, TT: Benjamin Taisacan Manglona International",Benjamin Taisacan Manglona International,Benjamin Taisacan Manglona International (ROP)
14588,ROW,34588,"Roswell, NM","Roswell, NM: Roswell Air Center",Roswell Air Center,Roswell Air Center (ROW)
14597,RQE,34597,"Prosser, WA","Prosser, WA: Prosser Airport",Prosser Airport,Prosser Airport (RQE)
14600,RQH,34600,"Perkasie, PA","Perkasie, PA: Pennridge",Pennridge,Pennridge (RQH)
14601,RQI,34601,"Nixon Fork Mine, AK","Nixon Fork Mine, AK: Nixon Fork Mine Airport",Nixon Fork Mine Airport,Nixon Fork Mine Airport (RQI)
14603,RQK,34603,"China Lake, CA","China Lake, CA: China Lake Naws",China Lake Naws,China Lake Naws (RQK)
14605,RQM,34605,"Sterling, MA","Sterling, MA: Sterling Airport",Sterling Airport,Sterling Airport (RQM)
14614,RQV,34614,"Salt Lake City, UT","Salt Lake City, UT: South Valley Regional",South Valley Regional,South Valley Regional (RQV)
14627,RSH,34627,"Russian Mission, AK","Russian Mission, AK: Russian Mission Airport",Russian Mission Airport,Russian Mission Airport (RSH)
14628,RSJ,34628,"Rosario, WA","Rosario, WA: Rosario Seaplane Base",Rosario Seaplane Base,Rosario Seaplane Base (RSJ)
14633,RST,32547,"Rochester, MN","Rochester, MN: Rochester International",Rochester International,Rochester International (RST)
14635,RSW,31714,"Fort Myers, FL","Fort Myers, FL: Southwest Florida International",Southwest Florida International,Southwest Florida International (RSW)
14640,RTN,34640,"Raton, NM","Raton, NM: Raton Municipal/Crews Field",Raton Municipal/Crews Field,Raton Municipal/Crews Field (RTN)
14646,RUI,34646,"Ruidoso, NM","Ruidoso, NM: Sierra Blanca Regional",Sierra Blanca Regional,Sierra Blanca Regional (RUI)
14648,RUT,34648,"Rutland, VT","Rutland, VT: Rutland - Southern Vermont Regional",Rutland - Southern Vermont Regional,Rutland - Southern Vermont Regional (RUT)
14653,RVS,34653,"Tulsa, OK","Tulsa, OK: Tulsa Riverside",Tulsa Riverside,Tulsa Riverside (RVS)
14656,RWI,34656,"Rocky Mount, NC","Rocky Mount, NC: Rocky Mount-Wilson Regional",Rocky Mount-Wilson Regional,Rocky Mount-Wilson Regional (RWI)
14660,RYE,34660,"Greeley, CO","Greeley, CO: Weld County Municipal",Weld County Municipal,Weld County Municipal (RYE)
14670,SAA,34670,"Saratoga, WY","Saratoga, WY: Shively Field",Shively Field,Shively Field (SAA)
14672,SAC,33192,"Sacramento, CA","Sacramento, CA: Sacramento Executive",Sacramento Executive,Sacramento Executive (SAC)
14673,SAD,34673,"Safford, AZ","Safford, AZ: Safford Regional1lt Duane Spalsbury Field",Safford Regional1lt Duane Spalsbury Field,Safford Regional1lt Duane Spalsbury Field (SAD)
14674,SAF,34674,"Santa Fe, NM","Santa Fe, NM: Santa Fe Regional",Santa Fe Regional,Santa Fe Regional (SAF)
14675,SAG,34675,"Sagwon, AK","Sagwon, AK: Sagwon Airport",Sagwon Airport,Sagwon Airport (SAG)
14679,SAN,33570,"San Diego, CA","San Diego, CA: San Diego International",San Diego International,San Diego International (SAN)
14683,SAT,33214,"San Antonio, TX","San Antonio, TX: San Antonio International",San Antonio International,San Antonio International (SAT)
14685,SAV,34685,"Savannah, GA","Savannah, GA: Savannah/Hilton Head International",Savannah/Hilton Head International,Savannah/Hilton Head International (SAV)
14689,SBA,34689,"Santa Barbara, CA","Santa Barbara, CA: Santa Barbara Municipal",Santa Barbara Municipal,Santa Barbara Municipal (SBA)
14691,SBD,34691,"San Bernardino, CA","San Bernardino, CA: San Bernardino International",San Bernardino International,San Bernardino International (SBD)
14695,SBM,34695,"Sheboygan, WI","Sheboygan, WI: Sheboygan County Memorial International",Sheboygan County Memorial International,Sheboygan County Memorial International (SBM)
14696,SBN,34696,"South Bend, IN","South Bend, IN: South Bend International",South Bend International,South Bend International (SBN)
14698,SBP,34236,"San Luis Obispo, CA","San Luis Obispo, CA: San Luis Obispo County Regional",San Luis Obispo County Regional,San Luis Obispo County Regional (SBP)
14704,SBY,34704,"Salisbury, MD","Salisbury, MD: Salisbury-Ocean City/Wicomico Regional",Salisbury-Ocean City/Wicomico Regional,Salisbury-Ocean City/Wicomico Regional (SBY)
14709,SCC,30073,"Deadhorse, AK","Deadhorse, AK: Deadhorse Airport",Deadhorse Airport,Deadhorse Airport (SCC)
14711,SCE,34711,"State College, PA","State College, PA: State College Regional",State College Regional,State College Regional (SCE)
14712,SCF,30466,"Phoenix, AZ","Phoenix, AZ: Scottsdale",Scottsdale,Scottsdale (SCF)
14713,SCH,34713,"Schenectady, NY","Schenectady, NY: Schenectady County",Schenectady County,Schenectady County (SCH)
14716,SCK,34716,"Stockton, CA","Stockton, CA: Stockton Metro",Stockton Metro,Stockton Metro (SCK)
14718,SCM,34718,"Scammon Bay, AK","Scammon Bay, AK: Scammon Bay Airport",Scammon Bay Airport,Scammon Bay Airport (SCM)
14730,SDF,33044,"Louisville, KY","Louisville, KY: Louisville Muhammad Ali International",Louisville Muhammad Ali International,Louisville Muhammad Ali International (SDF)
14736,SDM,33570,"San Diego, CA","San Diego, CA: Brown Field Municipal",Brown Field Municipal,Brown Field Municipal (SDM)
14738,SDP,34738,"Sandpoint, AK","Sandpoint, AK: Sand Point",Sand Point,Sand Point (SDP)
14744,SDX,34744,"Sedona, AZ","Sedona, AZ: Sedona Airport",Sedona Airport,Sedona Airport (SDX)
14745,SDY,34745,"Sidney, MT","Sidney, MT: Sidney Richland Regional",Sidney Richland Regional,Sidney Richland Regional (SDY)
14747,SEA,30559,"Seattle, WA","Seattle, WA: Seattle/Tacoma International",Seattle/Tacoma International,Seattle/Tacoma International (SEA)
14749,SEE,33570,"San Diego, CA","San Diego, CA: Gillespie Field",Gillespie Field,Gillespie Field (SEE)
14750,SEF,34750,"Sebring, FL","Sebring, FL: Sebring Regional",Sebring Regional,Sebring Regional (SEF)
14751,SEG,34751,"Selinsgrove, PA","Selinsgrove, PA: Penn Valley",Penn Valley,Penn Valley (SEG)
14761,SFB,34761,"Sanford, FL","Sanford, FL: Orlando Sanford International",Orlando Sanford International,Orlando Sanford International (SFB)
14764,SFF,31884,"Spokane, WA","Spokane, WA: Felts Field",Felts Field,Felts Field (SFF)
14769,SFM,34769,"Sanford, ME","Sanford, ME: Sanford Seacoast Regional",Sanford Seacoast Regional,Sanford Seacoast Regional (SFM)
14771,SFO,32457,"San Francisco, CA","San Francisco, CA: San Francisco International",San Francisco International,San Francisco International (SFO)
14778,SFZ,34778,"Smithfield, RI","Smithfield, RI: North Central State",North Central State,North Central State (SFZ)
14783,SGF,34783,"Springfield, MO","Springfield, MO: Springfield-Branson National",Springfield-Branson National,Springfield-Branson National (SGF)
14785,SGH,34785,"Springfield, OH","Springfield, OH: Springfield-Beckley Municipal",Springfield-Beckley Municipal,Springfield-Beckley Municipal (SGH)
14792,SGR,34792,"Sugar Land, TX","Sugar Land, TX: Sugar Land Regional",Sugar Land Regional,Sugar Land Regional (SGR)
14794,SGU,34794,"St. George, UT","St. George, UT: St George Regional",St George Regional,St George Regional (SGU)
14797,SGY,34797,"Skagway, AK","Skagway, AK: Skagway Airport",Skagway Airport,Skagway Airport (SGY)
14802,SHD,34802,"Staunton, VA","Staunton, VA: Shenandoah Valley Regional",Shenandoah Valley Regional,Shenandoah Valley Regional (SHD)
14804,SHG,34804,"Shungnak, AK","Shungnak, AK: Shungnak Airport",Shungnak Airport,Shungnak Airport (SHG)
14805,SHH,34805,"Shishmaref, AK","Shishmaref, AK: Shishmaref Airport",Shishmaref Airport,Shishmaref Airport (SHH)
14810,SHN,34810,"Shelton, WA","Shelton, WA: Sanderson Field",Sanderson Field,Sanderson Field (SHN)
14812,SHR,34812,"Sheridan, WY","Sheridan, WY: Sheridan County",Sheridan County,Sheridan County (SHR)
14814,SHV,30476,"Shreveport, LA","Shreveport, LA: Shreveport Regional",Shreveport Regional,Shreveport Regional (SHV)
14816,SHX,34816,"Shageluk, AK","Shageluk, AK: Shageluk Airport",Shageluk Airport,Shageluk Airport (SHX)
14819,SIG,34819,"San Juan, PR","San Juan, PR: Isla Grande",Isla Grande,Isla Grande (SIG)
14822,SIK,34822,"Sikeston, MO","Sikeston, MO: Sikeston Memorial Municipal",Sikeston Memorial Municipal,Sikeston Memorial Municipal (SIK)
14828,SIT,34828,"Sitka, AK","Sitka, AK: Sitka Rocky Gutierrez",Sitka Rocky Gutierrez,Sitka Rocky Gutierrez (SIT)
14830,SIY,34830,"Montague, CA","Montague, CA: Siskiyou County",Siskiyou County,Siskiyou County (SIY)
14831,SJC,32457,"San Jose, CA","San Jose, CA: Norman Y. Mineta San Jose International",Norman Y. Mineta San Jose International,Norman Y. Mineta San Jose International (SJC)
14842,SJT,34842,"San Angelo, TX","San Angelo, TX: San Angelo Regional/Mathis Field",San Angelo Regional/Mathis Field,San Angelo Regional/Mathis Field (SJT)
14843,SJU,34819,"San Juan, PR","San Juan, PR: Luis Munoz Marin International",Luis Munoz Marin International,Luis Munoz Marin International (SJU)
14848,SKA,31884,"Spokane, WA","Spokane, WA: Fairchild AFB",Fairchild AFB,Fairchild AFB (SKA)
14853,SKF,33214,"San Antonio, TX","San Antonio, TX: Kelly Field",Kelly Field,Kelly Field (SKF)
14855,SKJ,34855,"Sitkinak, AK","Sitkinak, AK: Sitkinak CGS",Sitkinak CGS,Sitkinak CGS (SKJ)
14856,SKK,34856,"Shaktoolik, AK","Shaktoolik, AK: Shaktoolik Airport",Shaktoolik Airport,Shaktoolik Airport (SKK)
14863,SKW,34863,"Skwentna, AK","Skwentna, AK: Skwentna Airport",Skwentna Airport,Skwentna Airport (SKW)
14865,SKY,34865,"Sandusky, OH","Sandusky, OH: Griffing Sandusky",Griffing Sandusky,Griffing Sandusky (SKY)
14869,SLC,34614,"Salt Lake City, UT","Salt Lake City, UT: Salt Lake City International",Salt Lake City International,Salt Lake City International (SLC)
14871,SLE,34871,"Salem, OR","Salem, OR: McNary Field",McNary Field,McNary Field (SLE)
14875,SLK,34875,"Saranac Lake/Lake Placid, NY","Saranac Lake/Lake Placid, NY: Adirondack Regional",Adirondack Regional,Adirondack Regional (SLK)
14877,SLN,34877,"Salina, KS","Salina, KS: Salina Regional",Salina Regional,Salina Regional (SLN)
14880,SLQ,34880,"Sleetmute, AK","Sleetmute, AK: Sleetmute Airport",Sleetmute Airport,Sleetmute Airport (SLQ)
14881,SLR,34881,"Sulphur Springs, TX","Sulphur Springs, TX: Sulphur Springs Municipal",Sulphur Springs Municipal,Sulphur Springs Municipal (SLR)
14892,SME,34892,"Somerset, KY","Somerset, KY: Lake Cumberland Regional",Lake Cumberland Regional,Lake Cumberland Regional (SME)
14893,SMF,33192,"Sacramento, CA","Sacramento, CA: Sacramento International",Sacramento International,Sacramento International (SMF)
14895,SMK,34895,"St. Michael, AK","St. Michael, AK: St. Michael Airport",St. Michael Airport,St. Michael Airport (SMK)
14897,SMN,34897,"Salmon, ID","Salmon, ID: Lemhi County",Lemhi County,Lemhi County (SMN)
14898,SMO,32575,"Santa Monica, CA","Santa Monica, CA: Santa Monica Municipal",Santa Monica Municipal,Santa Monica Municipal (SMO)
14899,NJ3,34899,"Somerville, NJ","Somerville, NJ: Somerset",Somerset,Somerset (NJ3)
14905,SMX,34905,"Santa Maria, CA","Santa Maria, CA: Santa Maria Public/Capt. G. Allan Hancock Field",Santa Maria Public/Capt. G. Allan Hancock Field,Santa Maria Public/Capt. G. Allan Hancock Field (SMX)
14908,SNA,32575,"Santa Ana, CA","Santa Ana, CA: John Wayne Airport-Orange County",John Wayne Airport-Orange County,John Wayne Airport-Orange County (SNA)
14919,SNP,34919,"St. Paul, AK","St. Paul, AK: St. Paul Island",St. Paul Island,St. Paul Island (SNP)
14922,SNS,34922,"Salinas/Monterey, CA","Salinas/Monterey, CA: Salinas Municipal",Salinas Municipal,Salinas Municipal (SNS)
14927,SNY,34927,"Sidney, NE","Sidney, NE: Sidney Municipal/Lloyd W. Carr Field",Sidney Municipal/Lloyd W. Carr Field,Sidney Municipal/Lloyd W. Carr Field (SNY)
14938,SOP,34938,"Pinehurst/Southern Pines, NC","Pinehurst/Southern Pines, NC: Moore County",Moore County,Moore County (SOP)
14942,SOV,34942,"Seldovia, AK","Seldovia, AK: Seldovia Airport",Seldovia Airport,Seldovia Airport (SOV)
14943,SOW,34943,"Show Low, AZ","Show Low, AZ: Show Low Regional",Show Low Regional,Show Low Regional (SOW)
14945,SPB,34945,"Charlotte Amalie, VI","Charlotte Amalie, VI: Charlotte Amalie Harbor Seaplane Base",Charlotte Amalie Harbor Seaplane Base,Charlotte Amalie Harbor Seaplane Base (SPB)
14950,SPG,33195,"Tampa, FL","Tampa, FL: Albert Whitted",Albert Whitted,Albert Whitted (SPG)
14952,SPI,34952,"Springfield, IL","Springfield, IL: Abraham Lincoln Capital",Abraham Lincoln Capital,Abraham Lincoln Capital (SPI)
14955,SPN,34955,"Saipan, TT","Saipan, TT: Francisco C. Ada Saipan International",Francisco C. Ada Saipan International,Francisco C. Ada Saipan International (SPN)
14960,SPS,34960,"Wichita Falls, TX","Wichita Falls, TX: Sheppard AFB/Wichita Falls Municipal",Sheppard AFB/Wichita Falls Municipal,Sheppard AFB/Wichita Falls Municipal (SPS)
14962,SPW,34962,"Spencer, IA","Spencer, IA: Spencer Municipal",Spencer Municipal,Spencer Municipal (SPW)
14965,SQA,34965,"Santa Ynez, CA","Santa Ynez, CA: Santa Ynez Kunkle Field",Santa Ynez Kunkle Field,Santa Ynez Kunkle Field (SQA)
14966,SQI,34966,"Sterling/Rockfalls, IL","Sterling/Rockfalls, IL: Whiteside County-Jos H. Bittorf Field",Whiteside County-Jos H. Bittorf Field,Whiteside County-Jos H. Bittorf Field (SQI)
14967,SQL,34967,"San Carlos, CA","San Carlos, CA: San Carlos Airport",San Carlos Airport,San Carlos Airport (SQL)
14972,SQV,34972,"Sequim, WA","Sequim, WA: Sequim Valley",Sequim Valley,Sequim Valley (SQV)
14986,SRQ,34986,"Sarasota/Bradenton, FL","Sarasota/Bradenton, FL: Sarasota/Bradenton International",Sarasota/Bradenton International,Sarasota/Bradenton International (SRQ)
14987,SRV,34987,"Stony River, AK","Stony River, AK: Stony River Airport",Stony River Airport,Stony River Airport (SRV)
14992,SSB,34992,"Christiansted, VI","Christiansted, VI: Christiansted Harbor Seaplane Base",Christiansted Harbor Seaplane Base,Christiansted Harbor Seaplane Base (SSB)
14993,SSC,34993,"Sumter, SC","Sumter, SC: Shaw AFB",Shaw AFB,Shaw AFB (SSC)
14996,SSI,30731,"Brunswick, GA","Brunswick, GA: St Simons Island",St Simons Island,St Simons Island (SSI)
15008,STC,32556,"St. Cloud, MN","St. Cloud, MN: St. Cloud Regional",St. Cloud Regional,St. Cloud Regional (STC)
15010,STE,30424,"Stevens Point, WI","Stevens Point, WI: Stevens Point Municipal",Stevens Point Municipal,Stevens Point Municipal (STE)
15012,STG,35012,"St. George Island, AK","St. George Island, AK: St. George Island Airport",St. George Island Airport,St. George Island Airport (STG)
15016,STL,31123,"St. Louis, MO","St. Louis, MO: St Louis Lambert International",St Louis Lambert International,St Louis Lambert International (STL)
15020,STP,31650,"Minneapolis/St. Paul, MN","Minneapolis/St. Paul, MN: St. Paul Downtown Holman Field",St. Paul Downtown Holman Field,St. Paul Downtown Holman Field (STP)
15023,STS,34433,"Santa Rosa, CA","Santa Rosa, CA: Charles M. Schulz - Sonoma County",Charles M. Schulz - Sonoma County,Charles M. Schulz - Sonoma County (STS)
15024,STT,34945,"Charlotte Amalie, VI","Charlotte Amalie, VI: Cyril E King",Cyril E King,Cyril E King (STT)
15027,STX,34992,"Christiansted, VI","Christiansted, VI: Henry E. Rohlsen",Henry E. Rohlsen,Henry E. Rohlsen (STX)
15030,SUA,35030,"Stuart, FL","Stuart, FL: Witham Field",Witham Field,Witham Field (SUA)
15041,SUN,35041,"Sun Valley/Hailey/Ketchum, ID","Sun Valley/Hailey/Ketchum, ID: Friedman Memorial",Friedman Memorial,Friedman Memorial (SUN)
15042,SUO,35042,"Sunriver, OR","Sunriver, OR: Sunriver Airport",Sunriver Airport,Sunriver Airport (SUO)
15043,SUS,31123,"St. Louis, MO","St. Louis, MO: Spirit of St. Louis",Spirit of St. Louis,Spirit of St. Louis (SUS)
15045,SUU,35045,"Fairfield, CA","Fairfield, CA: Travis AFB",Travis AFB,Travis AFB (SUU)
15048,SUX,35048,"Sioux City, IA","Sioux City, IA: Sioux Gateway Brig Gen Bud Day Field",Sioux Gateway Brig Gen Bud Day Field,Sioux Gateway Brig Gen Bud Day Field (SUX)
15049,SVA,35049,"Savoonga, AK","Savoonga, AK: Savoonga Airport",Savoonga Airport,Savoonga Airport (SVA)
15051,SVC,35051,"Silver City/Hurley, NM","Silver City/Hurley, NM: Grant County",Grant County,Grant County (SVC)
15054,SVH,35054,"Statesville, NC","Statesville, NC: Statesville Regional",Statesville Regional,Statesville Regional (SVH)
15057,SVN,34685,"Savannah, GA","Savannah, GA: Hunter AAF",Hunter AAF,Hunter AAF (SVN)
15061,SVS,35061,"Stevens Village, AK","Stevens Village, AK: Stevens Village Airport",Stevens Village Airport,Stevens Village Airport (SVS)
15063,SVW,35063,"Sparrevohn, AK","Sparrevohn, AK: Sparrevohn LRRS",Sparrevohn LRRS,Sparrevohn LRRS (SVW)
15069,SWD,35069,"Seward, AK","Seward, AK: Seward Airport",Seward Airport,Seward Airport (SWD)
15070,SWF,31703,"Newburgh/Poughkeepsie, NY","Newburgh/Poughkeepsie, NY: New York Stewart International",New York Stewart International,New York Stewart International (SWF)
15074,SWO,35074,"Stillwater, OK","Stillwater, OK: Stillwater Regional",Stillwater Regional,Stillwater Regional (SWO)
15078,SWW,35078,"Sweetwater, TX","Sweetwater, TX: Avenger Field",Avenger Field,Avenger Field (SWW)
15085,SXP,35085,"Sheldon Point, AK","Sheldon Point, AK: Nunam Iqua",Nunam Iqua,Nunam Iqua (SXP)
15086,SXQ,35086,"Soldotna, AK","Soldotna, AK: Soldotna Airport",Soldotna Airport,Soldotna Airport (SXQ)
15089,SXY,35089,"Sidney, NY","Sidney, NY: Sidney Municipal",Sidney Municipal,Sidney Municipal (SXY)
15090,SYA,35090,"Shemya, AK","Shemya, AK: Eareckson AS",Eareckson AS,Eareckson AS (SYA)
15091,SYB,35091,"Seal Bay, AK","Seal Bay, AK: Seal Bay Airport",Seal Bay Airport,Seal Bay Airport (SYB)
15093,SYI,35093,"Shelbyville/Tullahoma, TN","Shelbyville/Tullahoma, TN: Bomar Field-Shelbyville Municipal",Bomar Field-Shelbyville Municipal,Bomar Field-Shelbyville Municipal (SYI)
15096,SYR,35096,"Syracuse, NY","Syracuse, NY: Syracuse Hancock International",Syracuse Hancock International,Syracuse Hancock International (SYR)
15108,SZL,35108,"Knob Noster, MO","Knob Noster, MO: Whiteman AFB",Whiteman AFB,Whiteman AFB (SZL)
15124,TAL,35124,"Tanana, AK","Tanana, AK: Ralph M Calhoun Memorial",Ralph M Calhoun Memorial,Ralph M Calhoun Memorial (TAL)
15138,TBN,35138,"Fort Leonard Wood, MO","Fort Leonard Wood, MO: Waynesville-St. Robert Regional Forney Field",Waynesville-St. Robert Regional Forney Field,Waynesville-St. Robert Regional Forney Field (TBN)
15153,TCL,35153,"Tuscaloosa, AL","Tuscaloosa, AL: Tuscaloosa National",Tuscaloosa National,Tuscaloosa National (TCL)
15154,TCM,31979,"Tacoma, WA","Tacoma, WA: McChord Field",McChord Field,McChord Field (TCM)
15159,TCS,35159,"Truth Or Consequences, NM","Truth Or Consequences, NM: Truth Or Consequences Municipal",Truth Or Consequences Municipal,Truth Or Consequences Municipal (TCS)
15160,TCT,35160,"Takotna, AK","Takotna, AK: Takotna Airport",Takotna Airport,Takotna Airport (TCT)
15163,TDF,35163,"Roxboro, NC","Roxboro, NC: Raleigh Regional at Person County",Raleigh Regional at Person County,Raleigh Regional at Person County (TDF)
15165,TDZ,35165,"Toledo, OH","Toledo, OH: Metcalf Field",Metcalf Field,Metcalf Field (TDZ)
15167,TEB,35167,"Teterboro, NJ","Teterboro, NJ: Teterboro Airport",Teterboro Airport,Teterboro Airport (TEB)
15170,TEH,35170,"Tetlin, AK","Tetlin, AK: Tetlin Airport",Tetlin Airport,Tetlin Airport (TEH)
15171,TEK,35171,"Tatitlek, AK","Tatitlek, AK: Tatitlek Airport",Tatitlek Airport,Tatitlek Airport (TEK)
15177,TEX,35177,"Telluride, CO","Telluride, CO: Telluride Regional",Telluride Regional,Telluride Regional (TEX)
15195,THA,35195,"Tullahoma, TN","Tullahoma, TN: Tullahoma Regional Airport/William Northern Field",Tullahoma Regional Airport/William Northern Field,Tullahoma Regional Airport/William Northern Field (THA)
15203,THV,35203,"York, PA","York, PA: York Airport",York Airport,York Airport (THV)
15211,TIK,33851,"Oklahoma City, OK","Oklahoma City, OK: Tinker AFB",Tinker AFB,Tinker AFB (TIK)
15215,TIQ,35215,"Tinian, TT","Tinian, TT: Francisco Manglona Borja Tinian International",Francisco Manglona Borja Tinian International,Francisco Manglona Borja Tinian International (TIQ)
15220,TIW,31979,"Tacoma, WA","Tacoma, WA: Tacoma Narrows",Tacoma Narrows,Tacoma Narrows (TIW)
15221,TIX,35221,"Titusville, FL","Titusville, FL: Space Coast Regional",Space Coast Regional,Space Coast Regional (TIX)
15228,TKA,35228,"Talkeetna, AK","Talkeetna, AK: Talkeetna Airport",Talkeetna Airport,Talkeetna Airport (TKA)
15231,TKE,35231,"Tenakee, AK","Tenakee, AK: Tenakee Airport",Tenakee Airport,Tenakee Airport (TKE)
15232,TKF,35232,"Truckee, CA","Truckee, CA: Truckee Tahoe",Truckee Tahoe,Truckee Tahoe (TKF)
15235,TKI,35235,"Tokeen, AK","Tokeen, AK: Tokeen Airport",Tokeen Airport,Tokeen Airport (TKI)
15236,TKJ,35236,"Tok, AK","Tok, AK: Tok Junction",Tok Junction,Tok Junction (TKJ)
15245,TLA,35245,"Teller, AK","Teller, AK: Teller Airport",Teller Airport,Teller Airport (TLA)
15249,TLH,35249,"Tallahassee, FL","Tallahassee, FL: Tallahassee International",Tallahassee International,Tallahassee International (TLH)
15250,TLJ,35250,"Tatalina, AK","Tatalina, AK: Tatalina LRRS",Tatalina LRRS,Tatalina LRRS (TLJ)
15257,TLT,35257,"Tuluksak, AK","Tuluksak, AK: Tuluksak Airport",Tuluksak Airport,Tuluksak Airport (TLT)
15259,TMA,35259,"Tifton, GA","Tifton, GA: Henry Tift Myers",Henry Tift Myers,Henry Tift Myers (TMA)
15260,TMB,32467,"Miami, FL","Miami, FL: Miami Executive",Miami Executive,Miami Executive (TMB)
15276,TN7,35276,"Winchester, TN","Winchester, TN: Winchester Municipal",Winchester Municipal,Winchester Municipal (TN7)
15278,TNC,35278,"Tin City, AK","Tin City, AK: Tin City LRRS",Tin City LRRS,Tin City LRRS (TNC)
15282,TNK,35282,"Tununak, AK","Tununak, AK: Tununak Airport",Tununak Airport,Tununak Airport (TNK)
15286,TNT,32467,"Miami, FL","Miami, FL: Dade-Collier Training and Transition",Dade-Collier Training and Transition,Dade-Collier Training and Transition (TNT)
15289,TOA,35289,"Torrance, CA","Torrance, CA: Zamperini Field",Zamperini Field,Zamperini Field (TOA)
15293,TOG,35293,"Togiak, AK","Togiak, AK: Togiak Airport",Togiak Airport,Togiak Airport (TOG)
15295,TOL,35165,"Toledo, OH","Toledo, OH: Eugene F Kranz Toledo Express",Eugene F Kranz Toledo Express,Eugene F Kranz Toledo Express (TOL)
15304,TPA,33195,"Tampa, FL","Tampa, FL: Tampa International",Tampa International,Tampa International (TPA)
15307,TPF,33195,"Tampa, FL","Tampa, FL: Peter O'Knight",Peter O'Knight,Peter O'Knight (TPF)
15310,TPL,35310,"Temple, TX","Temple, TX: Draughon-Miller Central Texas Regional",Draughon-Miller Central Texas Regional,Draughon-Miller Central Texas Regional (TPL)
15323,TRI,35323,"Bristol/Johnson City/Kingsport, TN","Bristol/Johnson City/Kingsport, TN: Tri Cities",Tri Cities,Tri Cities (TRI)
15325,TRM,34262,"Thermal, CA","Thermal, CA: Jacqueline Cochran Regional",Jacqueline Cochran Regional,Jacqueline Cochran Regional (TRM)
15339,TSG,35339,"Tanacross, AK","Tanacross, AK: Tanacross Airport",Tanacross Airport,Tanacross Airport (TSG)
15342,TSM,35342,"Taos, NM","Taos, NM: Taos Regional",Taos Regional,Taos Regional (TSM)
15344,TSP,35344,"Tehachapi, CA","Tehachapi, CA: Tehachapi Municipal",Tehachapi Municipal,Tehachapi Municipal (TSP)
15346,TSS,31703,"New York, NY","New York, NY: East 34th Street Heliport",East 34th Street Heliport,East 34th Street Heliport (TSS)
15351,TTD,35351,"Troutdale, OR","Troutdale, OR: Portland Troutdale",Portland Troutdale,Portland Troutdale (TTD)
15356,TTN,35356,"Trenton, NJ","Trenton, NJ: Trenton Mercer",Trenton Mercer,Trenton Mercer (TTN)
15370,TUL,34653,"Tulsa, OK","Tulsa, OK: Tulsa International",Tulsa International,Tulsa International (TUL)
15374,TUP,35374,"Tupelo, MS","Tupelo, MS: Tupelo Regional",Tupelo Regional,Tupelo Regional (TUP)
15376,TUS,30436,"Tucson, AZ","Tucson, AZ: Tucson International",Tucson International,Tucson International (TUS)
15380,TVC,35380,"Traverse City, MI","Traverse City, MI: Cherry Capital",Cherry Capital,Cherry Capital (TVC)
15381,TVF,35381,"Thief River Falls, MN","Thief River Falls, MN: Thief River Falls Regional",Thief River Falls Regional,Thief River Falls Regional (TVF)
15382,TVI,33280,"Thomasville, GA","Thomasville, GA: Thomasville Regional",Thomasville Regional,Thomasville Regional (TVI)
15383,TVL,35383,"Lake Tahoe, CA","Lake Tahoe, CA: Lake Tahoe Airport",Lake Tahoe Airport,Lake Tahoe Airport (TVL)
15385,TWA,35385,"Twin Hills, AK","Twin Hills, AK: Twin Hills Airport",Twin Hills Airport,Twin Hills Airport (TWA)
15387,TWD,35387,"Port Townsend, WA","Port Townsend, WA: Jefferson County International",Jefferson County International,Jefferson County International (TWD)
15389,TWF,35389,"Twin Falls, ID","Twin Falls, ID: Joslin Field - Magic Valley Regional",Joslin Field - Magic Valley Regional,Joslin Field - Magic Valley Regional (TWF)
15393,TX1,35393,"Mesquite, TX","Mesquite, TX: Mesquite Metro",Mesquite Metro,Mesquite Metro (TX1)
15398,TX6,30423,"Horseshoe Bay, TX","Horseshoe Bay, TX: Horseshoe Bay Resort",Horseshoe Bay Resort,Horseshoe Bay Resort (TX6)
15401,TXK,35401,"Texarkana, AR","Texarkana, AR: Texarkana Regional-Webb Field",Texarkana Regional-Webb Field,Texarkana Regional-Webb Field (TXK)
15406,TYE,35406,"Tyonek, AK","Tyonek, AK: Tyonek Airport",Tyonek Airport,Tyonek Airport (TYE)
15411,TYR,35411,"Tyler, TX","Tyler, TX: Tyler Pounds Regional",Tyler Pounds Regional,Tyler Pounds Regional (TYR)
15412,TYS,35412,"Knoxville, TN","Knoxville, TN: McGhee Tyson",McGhee Tyson,McGhee Tyson (TYS)
15422,UAM,32016,"Guam, TT","Guam, TT: Andersen AFB",Andersen AFB,Andersen AFB (UAM)
15427,UBF,35427,"Chatham, MA","Chatham, MA: Chatham Municipal",Chatham Municipal,Chatham Municipal (UBF)
15434,UDD,34262,"Bermuda Dunes, CA","Bermuda Dunes, CA: Bermuda Dunes Airport",Bermuda Dunes Airport,Bermuda Dunes Airport (UDD)
15440,UES,35440,"Waukesha, WI","Waukesha, WI: Waukesha County",Waukesha County,Waukesha County (UES)
15444,UGB,34119,"Pilot Point, AK","Pilot Point, AK: Ugashik Bay",Ugashik Bay,Ugashik Bay (UGB)
15446,UGI,35446,"Uganik, AK","Uganik, AK: Uganik Airport",Uganik Airport,Uganik Airport (UGI)
15447,UGN,35447,"Waukegan, IL","Waukegan, IL: Waukegan National",Waukegan National,Waukegan National (UGN)
15448,UGS,34464,"Ugashik, AK","Ugashik, AK: Ugashik Airport",Ugashik Airport,Ugashik Airport (UGS)
15454,UIN,35454,"Quincy, IL","Quincy, IL: Quincy Regional-Baldwin Field",Quincy Regional-Baldwin Field,Quincy Regional-Baldwin Field (UIN)
15458,UKI,35458,"Ukiah, CA","Ukiah, CA: Ukiah Municipal",Ukiah Municipal,Ukiah Municipal (UKI)
15472,UMT,35472,"Umiat, AK","Umiat, AK: Umiat Airport",Umiat Airport,Umiat Airport (UMT)
15478,UNK,35478,"Unalakleet, AK","Unalakleet, AK: Unalakleet Airport",Unalakleet Airport,Unalakleet Airport (UNK)
15481,UOX,35481,"Oxford, MS","Oxford, MS: University-Oxford",University-Oxford,University-Oxford (UOX)
15497,UST,35497,"St. Augustine, FL","St. Augustine, FL: Northeast Florida Regional",Northeast Florida Regional,Northeast Florida Regional (UST)
15498,UT1,35498,"Heber, UT","Heber, UT: Heber Valley",Heber Valley,Heber Valley (UT1)
15504,UTO,35504,"Utopia, AK","Utopia, AK: Indian Mountain LRRS",Indian Mountain LRRS,Indian Mountain LRRS (UTO)
15508,UUK,35508,"Kuparuk, AK","Kuparuk, AK: North Kuparuk",North Kuparuk,North Kuparuk (UUK)
15525,UXK,35525,"Petaluma, CA","Petaluma, CA: Petaluma Municipal",Petaluma Municipal,Petaluma Municipal (UXK)
15529,UXO,35529,"Fitchburg, MA","Fitchburg, MA: Fitchburg Municipal",Fitchburg Municipal,Fitchburg Municipal (UXO)
15530,UXP,35530,"Bay St. Louis, MS","Bay St. Louis, MS: Stennis International",Stennis International,Stennis International (UXP)
15532,UXR,35532,"Monument Valley, UT","Monument Valley, UT: Monument Valley Airport",Monument Valley Airport,Monument Valley Airport (UXR)
15548,VA4,35548,"Leesburg, VA","Leesburg, VA: Leesburg Executive",Leesburg Executive,Leesburg Executive (VA4)
15550,VAD,35550,"Valdosta, GA","Valdosta, GA: Moody AFB",Moody AFB,Moody AFB (VAD)
15554,VAK,35554,"Chevak, AK","Chevak, AK: Chevak Airport",Chevak Airport,Chevak Airport (VAK)
15561,VBG,33049,"Lompoc, CA","Lompoc, CA: Vandenberg Sfb",Vandenberg Sfb,Vandenberg Sfb (VBG)
15569,VCT,35569,"Victoria, TX","Victoria, TX: Victoria Regional",Victoria Regional,Victoria Regional (VCT)
15570,VCV,35570,"Victorville, CA","Victorville, CA: Southern California Logistics",Southern California Logistics,Southern California Logistics (VCV)
15574,VDI,35574,"Vidalia, GA","Vidalia, GA: Vidalia Regional",Vidalia Regional,Vidalia Regional (VDI)
15579,VDZ,35579,"Valdez, AK","Valdez, AK: Valdez Pioneer Field",Valdez Pioneer Field,Valdez Pioneer Field (VDZ)
15581,VEE,35581,"Venetie, AK","Venetie, AK: Venetie Airport",Venetie Airport,Venetie Airport (VEE)
15582,VEL,35582,"Vernal, UT","Vernal, UT: Vernal Regional",Vernal Regional,Vernal Regional (VEL)
15589,VGT,32211,"Las Vegas, NV","Las Vegas, NV: North Las Vegas",North Las Vegas,North Las Vegas (VGT)
15599,VIK,35599,"Kavik River, AK","Kavik River, AK: Kavik River Airport",Kavik River Airport,Kavik River Airport (VIK)
15601,VIS,35601,"Visalia, CA","Visalia, CA: Visalia Municipal",Visalia Municipal,Visalia Municipal (VIS)
15607,VLD,35550,"Valdosta, GA","Valdosta, GA: Valdosta Regional",Valdosta Regional,Valdosta Regional (VLD)
15615,VNC,35615,"Venice, FL","Venice, FL: Venice Municipal",Venice Municipal,Venice Municipal (VNC)
15618,VNY,32575,"Van Nuys, CA","Van Nuys, CA: Van Nuys Airport",Van Nuys Airport,Van Nuys Airport (VNY)
15620,VOK,35620,"Camp Douglas, WI","Camp Douglas, WI: Volk Field",Volk Field,Volk Field (VOK)
15622,GA9,35622,"Cartersville, GA","Cartersville, GA: Cartersville Airport",Cartersville Airport,Cartersville Airport (GA9)
15624,VPS,31504,"Valparaiso, FL","Valparaiso, FL: Eglin AFB Destin Fort Walton Beach",Eglin AFB Destin Fort Walton Beach,Eglin AFB Destin Fort Walton Beach (VPS)
15625,VPZ,35625,"Valparaiso, IN","Valparaiso, IN: Porter County Regional",Porter County Regional,Porter County Regional (VPZ)
15626,VQS,35626,"Vieques, PR","Vieques, PR: Antonio Rivera Rodriguez",Antonio Rivera Rodriguez,Antonio Rivera Rodriguez (VQS)
15628,VRB,35628,"Vero Beach, FL","Vero Beach, FL: Vero Beach Regional",Vero Beach Regional,Vero Beach Regional (VRB)
15634,VSF,35634,"Springfield, VT","Springfield, VT: Hartness State",Hartness State,Hartness State (VSF)
15640,VUO,35640,"Vancouver, WA","Vancouver, WA: Pearson Field",Pearson Field,Pearson Field (VUO)
15648,VWC,35648,"Gallatin, TN","Gallatin, TN: Music City Exec",Music City Exec,Music City Exec (VWC)
15649,VWD,35649,"Hanford, CA","Hanford, CA: Hanford Municipal",Hanford Municipal,Hanford Municipal (VWD)
15650,VWE,35650,"Chelan, WA","Chelan, WA: Lake Chelan",Lake Chelan,Lake Chelan (VWE)
15656,VWK,35656,"Saratoga Springs, NY","Saratoga Springs, NY: Saratoga County",Saratoga County,Saratoga County (VWK)
15660,VWO,35660,"Arlington, WA","Arlington, WA: Arlington Municipal",Arlington Municipal,Arlington Municipal (VWO)
15664,VWS,30928,"Wichita, KS","Wichita, KS: Colonel James Jabara",Colonel James Jabara,Colonel James Jabara (VWS)
15681,VZF,35681,"Afognak Straits, AK","Afognak Straits, AK: Afognak Straits Airport",Afognak Straits Airport,Afognak Straits Airport (VZF)
15687,VZL,35687,"Los Alamitos, CA","Los Alamitos, CA: Los Alamitos AAF",Los Alamitos AAF,Los Alamitos AAF (VZL)
15700,VZY,35700,"Katmai Lodge, AK","Katmai Lodge, AK: Katmai Lodge Airport",Katmai Lodge Airport,Katmai Lodge Airport (VZY)
15706,WA5,35706,"Winthrop, WA","Winthrop, WA: Methow Valley State",Methow Valley State,Methow Valley State (WA5)
15709,WAA,35709,"Wales, AK","Wales, AK: Wales Airport",Wales Airport,Wales Airport (WAA)
15713,WAL,35713,"Chincoteague, VA","Chincoteague, VA: Wallops Flight Facility",Wallops Flight Facility,Wallops Flight Facility (WAL)
15714,WAR,35714,"Warsaw, IN","Warsaw, IN: Warsaw Municipal",Warsaw Municipal,Warsaw Municipal (WAR)
15721,WBB,35721,"Stebbins, AK","Stebbins, AK: Stebbins Airport",Stebbins Airport,Stebbins Airport (WBB)
15725,WBQ,35725,"Beaver, AK","Beaver, AK: Beaver Airport",Beaver Airport,Beaver Airport (WBQ)
15731,WCR,35731,"Chandalar, AK","Chandalar, AK: Chandalar Lake",Chandalar Lake,Chandalar Lake (WCR)
15741,WFB,31401,"Ketchikan, AK","Ketchikan, AK: Ketchikan Waterfront Seaplane Base",Ketchikan Waterfront Seaplane Base,Ketchikan Waterfront Seaplane Base (WFB)
15749,WGO,35749,"Winchester, VA","Winchester, VA: Winchester Regional",Winchester Regional,Winchester Regional (WGO)
15754,WHD,35754,"Hyder, AK","Hyder, AK: Hyder Seaplane Base",Hyder Seaplane Base,Hyder Seaplane Base (WHD)
15769,WJF,34162,"Lancaster, CA","Lancaster, CA: General William J. Fox Airfield",General William J. Fox Airfield,General William J. Fox Airfield (WJF)
15779,WKV,34100,"Philadelphia, PA","Philadelphia, PA: Penns Landing Seaplane Base",Penns Landing Seaplane Base,Penns Landing Seaplane Base (WKV)
15785,WLK,30020,"Selawik, AK","Selawik, AK: Selawik Airport",Selawik Airport,Selawik Airport (WLK)
15793,WMK,35793,"Meyers Chuck, AK","Meyers Chuck, AK: Meyers Chuck Seaplane Base",Meyers Chuck Seaplane Base,Meyers Chuck Seaplane Base (WMK)
15794,WMO,35794,"White Mountain, AK","White Mountain, AK: White Mountain Airport",White Mountain Airport,White Mountain Airport (WMO)
15798,WNA,35798,"Napakiak, AK","Napakiak, AK: Napakiak Airport",Napakiak Airport,Napakiak Airport (WNA)
15807,WOW,35807,"Willow, AK","Willow, AK: Willow Airport",Willow Airport,Willow Airport (WOW)
15815,WQC,35815,"Hamilton, MT","Hamilton, MT: Ravalli County",Ravalli County,Ravalli County (WQC)
15825,CWF,31205,"Lake Charles, LA","Lake Charles, LA: Chennault International",Chennault International,Chennault International (CWF)
15833,WQU,35833,"Portales, NM","Portales, NM: Portales Municipal",Portales Municipal,Portales Municipal (WQU)
15836,WQX,35836,"Kiavak, AK","Kiavak, AK: Kiavak Airport",Kiavak Airport,Kiavak Airport (WQX)
15839,WRB,33155,"Macon, GA","Macon, GA: Robins AFB",Robins AFB,Robins AFB (WRB)
15841,WRG,35841,"Wrangell, AK","Wrangell, AK: Wrangell Airport",Wrangell Airport,Wrangell Airport (WRG)
15842,WRI,35842,"Fort Dix, NJ","Fort Dix, NJ: McGuire Field",McGuire Field,McGuire Field (WRI)
15847,WSG,35847,"Washington, PA","Washington, PA: Washington County",Washington County,Washington County (WSG)
15848,WSH,35848,"Shirley, NY","Shirley, NY: Brookhaven",Brookhaven,Brookhaven (WSH)
15852,WSM,35852,"Wiseman, AK","Wiseman, AK: Wiseman Airport",Wiseman Airport,Wiseman Airport (WSM)
15853,WSN,35853,"South Naknek, AK","South Naknek, AK: South Naknek 2",South Naknek 2,South Naknek 2 (WSN)
15855,WST,35855,"Westerly, RI","Westerly, RI: Westerly State",Westerly State,Westerly State (WST)
15856,WSX,35856,"Westsound, WA","Westsound, WA: Westsound Airport",Westsound Airport,Westsound Airport (WSX)
15861,WTK,31464,"Noatak, AK","Noatak, AK: Noatak Airport",Noatak Airport,Noatak Airport (WTK)
15862,WTL,35862,"Tuntutuliak, AK","Tuntutuliak, AK: Tuntutuliak Airport",Tuntutuliak Airport,Tuntutuliak Airport (WTL)
15866,WTT,35866,"Whittier, AK","Whittier, AK: Whittier Airport",Whittier Airport,Whittier Airport (WTT)
15877,WVI,35877,"Watsonville, CA","Watsonville, CA: Watsonville Municipal",Watsonville Municipal,Watsonville Municipal (WVI)
15879,WVL,30414,"Augusta/Waterville, ME","Augusta/Waterville, ME: Waterville Regional",Waterville Regional,Waterville Regional (WVL)
15881,WWA,35849,"Wasilla, AK","Wasilla, AK: Wasilla Airport",Wasilla Airport,Wasilla Airport (WWA)
15882,WWD,35882,"Cape May, NJ","Cape May, NJ: Cape May County",Cape May County,Cape May County (WWD)
15885,WWP,35885,"Whale Pass, AK","Whale Pass, AK: Whale Pass Airport",Whale Pass Airport,Whale Pass Airport (WWP)
15887,WWT,35887,"Newtok, AK","Newtok, AK: Mertarvik",Mertarvik,Mertarvik (WWT)
15892,WY1,35892,"Pinedale, WY","Pinedale, WY: Ralph Wenz Field",Ralph Wenz Field,Ralph Wenz Field (WY1)
15897,WYS,35897,"West Yellowstone, MT","West Yellowstone, MT: Yellowstone",Yellowstone,Yellowstone (WYS)
15919,XNA,31834,"Fayetteville, AR","Fayetteville, AR: Northwest Arkansas National",Northwest Arkansas National,Northwest Arkansas National (XNA)
15934,A8K,35934,"Granite Point, AK","Granite Point, AK: Granite Point Ndb",Granite Point Ndb,Granite Point Ndb (A8K)
15956,XWW,35956,"Driggs, ID","Driggs, ID: Teton Peaks",Teton Peaks,Teton Peaks (XWW)
15964,XXE,35964,"Lakewood, NJ","Lakewood, NJ: Lakewood Airport",Lakewood Airport,Lakewood Airport (XXE)
15971,XXN,35971,"Willits, CA","Willits, CA: Ells Field-Willits Municipal",Ells Field-Willits Municipal,Ells Field-Willits Municipal (XXN)
15972,XXO,35972,"Hurricane, UT","Hurricane, UT: General Dick Stout Field",General Dick Stout Field,General Dick Stout Field (XXO)
15973,XXP,35973,"Lakeport, CA","Lakeport, CA: Lampson Field",Lampson Field,Lampson Field (XXP)
15975,XXR,35975,"Mariposa, CA","Mariposa, CA: Mariposa-Yosemite",Mariposa-Yosemite,Mariposa-Yosemite (XXR)
15976,XXS,35976,"Creswell, OR","Creswell, OR: Hobby Field",Hobby Field,Hobby Field (XXS)
15980,LCQ,35980,"Lake City, FL","Lake City, FL: Lake City Gateway",Lake City Gateway,Lake City Gateway (LCQ)
15981,XXX,35981,"Mena, AR","Mena, AR: Mena Intermountain Municipal",Mena Intermountain Municipal,Mena Intermountain Municipal (XXX)
15982,XXY,35982,"Fortuna, CA","Fortuna, CA: Rohnerville",Rohnerville,Rohnerville (XXY)
15991,YAK,35991,"Yakutat, AK","Yakutat, AK: Yakutat Airport",Yakutat Airport,Yakutat Airport (YAK)
16091,YIP,31295,"Detroit, MI","Detroit, MI: Willow Run",Willow Run,Willow Run (YIP)
16101,YKM,36101,"Yakima, WA","Yakima, WA: Yakima Air Terminal/McAllister Field",Yakima Air Terminal/McAllister Field,Yakima Air Terminal/McAllister Field (YKM)
16133,YNG,36133,"Youngstown/Warren, OH","Youngstown/Warren, OH: Youngstown-Warren Regional",Youngstown-Warren Regional,Youngstown-Warren Regional (YNG)
16218,YUM,33785,"Yuma, AZ","Yuma, AZ: Yuma MCAS/Yuma International",Yuma MCAS/Yuma International,Yuma MCAS/Yuma International (YUM)
16311,ZNC,36311,"Nyac, AK","Nyac, AK: Nyac Airport",Nyac Airport,Nyac Airport (ZNC)
16335,ZXB,30140,"Albuquerque, NM","Albuquerque, NM: Double Eagle II",Double Eagle II,Double Eagle II (ZXB)
16336,ZXC,36336,"Gasquet, CA","Gasquet, CA: Ward Field",Ward Field,Ward Field (ZXC)
16339,ZXF,36339,"Illinois Creek, AK","Illinois Creek, AK: Illinois Creek Airport",Illinois Creek Airport,Illinois Creek Airport (ZXF)
16340,ZXH,36340,"Chomondely Sound, AK","Chomondely Sound, AK: Chomondely Sound Airport",Chomondely Sound Airport,Chomondely Sound Airport (ZXH)
16353,ZXU,36353,"North Kingstown, RI","North Kingstown, RI: Quonset State",Quonset State,Quonset State (ZXU)
16363,FHB,36363,"Fernandina Beach, FL","Fernandina Beach, FL: Fernandina Beach Municipal",Fernandina Beach Municipal,Fernandina Beach Municipal (FHB)
16390,BVU,36390,"Beluga, AK","Beluga, AK: Beluga Airport",Beluga Airport,Beluga Airport (BVU)
16422,GUF,36422,"Gulf Shores, AL","Gulf Shores, AL: Gulf Shores International Jack Edwards Field",Gulf Shores International Jack Edwards Field,Gulf Shores International Jack Edwards Field (GUF)
16425,NY4,36428,"Potsdam, NY","Potsdam, NY: Potsdam Municipal Damon Field",Potsdam Municipal Damon Field,Potsdam Municipal Damon Field (NY4)
16428,L41,33572,"Marble Canyon, AZ","Marble Canyon, AZ: Marble Canyon Airport",Marble Canyon Airport,Marble Canyon Airport (L41)
16429,6B0,36431,"Middlebury, VT","Middlebury, VT: Middlebury State",Middlebury State,Middlebury State (6B0)
16441,CT1,36442,"Plainville, CT","Plainville, CT: Robertson Field",Robertson Field,Robertson Field (CT1)
16442,NY5,36443,"Millbrook, NY","Millbrook, NY: Sky Acres",Sky Acres,Sky Acres (NY5)
16445,ID1,35956,"Driggs, ID","Driggs, ID: Driggs-Reed Memorial",Driggs-Reed Memorial,Driggs-Reed Memorial (ID1)
16454,VGC,36452,"Hamilton, NY","Hamilton, NY: Hamilton Municipal",Hamilton Municipal,Hamilton Municipal (VGC)
16459,S24,36456,"Fremont, OH","Fremont, OH: Sandusky County Regional",Sandusky County Regional,Sandusky County Regional (S24)
16463,MD1,36460,"Michellville, MD","Michellville, MD: Freeway",Freeway,Freeway (MD1)
16479,MA2,36469,"Montague, MA","Montague, MA: Turners Falls",Turners Falls,Turners Falls (MA2)
16487,MA3,36477,"Taunton, MA","Taunton, MA: Taunton Municipal King Field",Taunton Municipal King Field,Taunton Municipal King Field (MA3)
16491,PNN,36490,"Princeton, ME","Princeton, ME: Princeton Municipal",Princeton Municipal,Princeton Municipal (PNN)
16497,AL6,36487,"Fairhope, AL","Fairhope, AL: H. L. Sonny Callahan",H. L. Sonny Callahan,H. L. Sonny Callahan (AL6)
16498,NY7,36488,"Skaneateles, NY","Skaneateles, NY: Skaneateles Aero Drome",Skaneateles Aero Drome,Skaneateles Aero Drome (NY7)
16499,NY6,36489,"Johnstown, NY","Johnstown, NY: Fulton County",Fulton County,Fulton County (NY6)
16500,MN5,36492,"Red Wing, MN","Red Wing, MN: Red Wing Regional",Red Wing Regional,Red Wing Regional (MN5)
16503,ME2,36495,"Islesboro, ME","Islesboro, ME: Islesboro Airport",Islesboro Airport,Islesboro Airport (ME2)
16504,PA3,36496,"Honesdale, PA","Honesdale, PA: Cherry Ridge",Cherry Ridge,Cherry Ridge (PA3)
16509,TN9,36501,"Sevierville, TN","Sevierville, TN: Gatlinburg-Pigeon Forge",Gatlinburg-Pigeon Forge,Gatlinburg-Pigeon Forge (TN9)
16515,WA9,36506,"Brewster, WA","Brewster, WA: Anderson Field",Anderson Field,Anderson Field (WA9)
16519,PA4,36509,"Carlisle, PA","Carlisle, PA: Carlisle Airport",Carlisle Airport,Carlisle Airport (PA4)
16520,DE2,36510,"Middletown, DE","Middletown, DE: Summit",Summit,Summit (DE2)
16525,PA5,36515,"West Chester, PA","West Chester, PA: Brandywine Regional",Brandywine Regional,Brandywine Regional (PA5)
16526,MA4,36516,"Marshfield, MA","Marshfield, MA: Marshfield Municipal George Harlow Field",Marshfield Municipal George Harlow Field,Marshfield Municipal George Harlow Field (MA4)
16527,MVC,36517,"Monroeville, AL","Monroeville, AL: Monroe County Aeroplex",Monroe County Aeroplex,Monroe County Aeroplex (MVC)
16528,VA5,34524,"Richmond, VA","Richmond, VA: Hanover County Municipal",Hanover County Municipal,Hanover County Municipal (VA5)
16540,ME3,36526,"Belfast, ME","Belfast, ME: Belfast Municipal",Belfast Municipal,Belfast Municipal (ME3)
16541,OBE,36527,"Okeechobee, FL","Okeechobee, FL: Okeechobee County",Okeechobee County,Okeechobee County (OBE)
16542,RBW,36528,"Walterboro, SC","Walterboro, SC: Lowcountry Regional",Lowcountry Regional,Lowcountry Regional (RBW)
16543,MA5,36529,"Northampton, MA","Northampton, MA: Northampton Airport",Northampton Airport,Northampton Airport (MA5)
16552,NC8,36538,"Burlington, NC","Burlington, NC: Burlington Alamance Regional",Burlington Alamance Regional,Burlington Alamance Regional (NC8)
16553,ME4,36539,"Oxford, ME","Oxford, ME: Oxford County Regional",Oxford County Regional,Oxford County Regional (ME4)
16558,LA2,36544,"Hammond, LA","Hammond, LA: Hammond Northshore Regional",Hammond Northshore Regional,Hammond Northshore Regional (LA2)
16560,OR4,36546,"Bend, OR","Bend, OR: Bend Municipal",Bend Municipal,Bend Municipal (OR4)
16567,7AK,36553,"Akun, AK","Akun, AK: Akun Airport",Akun Airport,Akun Airport (7AK)
16568,NJ4,36554,"Ocean City, NJ","Ocean City, NJ: Ocean City Municipal",Ocean City Municipal,Ocean City Municipal (NJ4)
16569,NY9,36555,"Hornell, NY","Hornell, NY: Hornell Municipal",Hornell Municipal,Hornell Municipal (NY9)
16571,1NY,36557,"Penn Yan, NY","Penn Yan, NY: Penn Yan Yates County",Penn Yan Yates County,Penn Yan Yates County (1NY)
16603,DHB,36587,"Deer Harbor, WA","Deer Harbor, WA: Deer Harbor Marina",Deer Harbor Marina,Deer Harbor Marina (DHB)
16624,VT2,36608,"Warren, VT","Warren, VT: Warren Sugarbush",Warren Sugarbush,Warren Sugarbush (VT2)
16627,ME5,36611,"Bethel, ME","Bethel, ME: Bethel Regional",Bethel Regional,Bethel Regional (ME5)
16635,NM1,36619,"Belen, NM","Belen, NM: Alexander Municipal",Alexander Municipal,Alexander Municipal (NM1)
16656,CT5,36640,"Danielson, CT","Danielson, CT: Danielson Airport",Danielson Airport,Danielson Airport (CT5)
16658,GLE,36642,"Gainesville, TX","Gainesville, TX: Gainesville Municipal",Gainesville Municipal,Gainesville Municipal (GLE)
16663,IN6,36646,"Jeffersonville, IN","Jeffersonville, IN: Clark Regional",Clark Regional,Clark Regional (IN6)
16666,DE3,36649,"Dover-Cheswold, DE","Dover-Cheswold, DE: Delware Airpark",Delware Airpark,Delware Airpark (DE3)
16668,A1K,36651,"Deadhorse1, AK","Deadhorse1, AK: Point Thomson Airstrip",Point Thomson Airstrip,Point Thomson Airstrip (A1K)
16673,GA6,36656,"Canton, GA","Canton, GA: Cherokee County Regional",Cherokee County Regional,Cherokee County Regional (GA6)
16679,MRF,36661,"Marfa, TX","Marfa, TX: Marfa Municipal",Marfa Municipal,Marfa Municipal (MRF)
16680,N1Y,36662,"Canandaigua, NY","Canandaigua, NY: Canandaigua Airport",Canandaigua Airport,Canandaigua Airport (N1Y)
16681,CT6,36663,"East Haddam, CT","East Haddam, CT: Goodspeed",Goodspeed,Goodspeed (CT6)
16682,GTY,36664,"Gettysburg, PA","Gettysburg, PA: Gettysburg Regional",Gettysburg Regional,Gettysburg Regional (GTY)
16684,PA8,36666,"Collegeville, PA","Collegeville, PA: Perkiomen Valley",Perkiomen Valley,Perkiomen Valley (PA8)
16704,NY3,36685,"Brockport, NY","Brockport, NY: Ledgedale Airpark",Ledgedale Airpark,Ledgedale Airpark (NY3)
16710,MD2,36690,"Indian Head, MD","Indian Head, MD: Maryland",Maryland,Maryland (MD2)
16715,N2Y,36694,"Seneca Falls, NY","Seneca Falls, NY: Finger Lakes Regional",Finger Lakes Regional,Finger Lakes Regional (N2Y)
16719,N2C,36698,"Monroe, NC","Monroe, NC: Charlotte Monroe Executive",Charlotte Monroe Executive,Charlotte Monroe Executive (N2C)
16720,A6K,36699,"Fairbanks1, AK","Fairbanks1, AK: Van Curlers Sandbar",Van Curlers Sandbar,Van Curlers Sandbar (A6K)
16725,NV5,36704,"Gerlach, NV","Gerlach, NV: Black Rock City",Black Rock City,Black Rock City (NV5)
16727,NJ7,36706,"New Jersey, NJ","New Jersey, NJ: Old Bridge",Old Bridge,Old Bridge (NJ7)
16742,IN7,32337,"Indianapolis, IN","Indianapolis, IN: Indy South Greenwood",Indy South Greenwood,Indy South Greenwood (IN7)
16745,T6X,31453,"Houston, TX","Houston, TX: Houston Executive",Houston Executive,Houston Executive (T6X)
16748,DYL,36724,"Doylestown, PA","Doylestown, PA: Doylestown Airport",Doylestown Airport,Doylestown Airport (DYL)
16751,FL7,36727,"Placida, FL","Placida, FL: Coral Creek",Coral Creek,Coral Creek (FL7)
16755,T8X,30194,"Dallas, TX","Dallas, TX: McKinney National",McKinney National,McKinney National (T8X)
16764,FME,36739,"Fort Meade, MD","Fort Meade, MD: Tipton",Tipton,Tipton (FME)
16774,VA8,34524,"Richmond, VA","Richmond, VA: Richmond Executive Chesterfield County",Richmond Executive Chesterfield County,Richmond Executive Chesterfield County (VA8)
16777,P1A,36751,"Farmington, PA","Farmington, PA: Nemacolin",Nemacolin,Nemacolin (P1A)
16783,GA7,36757,"Greensboro, GA","Greensboro, GA: Greene County Regional",Greene County Regional,Greene County Regional (GA7)
16784,KY6,36758,"Mayfield, KY","Mayfield, KY: Mayfield Graves County",Mayfield Graves County,Mayfield Graves County (KY6)
16789,VHN,36762,"Van Horn, TX","Van Horn, TX: Culberson County",Culberson County,Culberson County (VHN)
16795,MN7,31650,"Minneapolis, MN","Minneapolis, MN: Anoka County Blaine",Anoka County Blaine,Anoka County Blaine (MN7)
16803,A5K,36775,"Paxson, AK","Paxson, AK: Paxson Airport",Paxson Airport,Paxson Airport (A5K)
16807,MA6,36779,"Hopedale, MA","Hopedale, MA: Hopedale Industrial Park",Hopedale Industrial Park,Hopedale Industrial Park (MA6)
16813,NH4,36785,"Moultonboro, NH","Moultonboro, NH: Moultonborough",Moultonborough,Moultonborough (NH4)
16815,N4Y,36787,"Southampton, NY","Southampton, NY: Southampton Heliport",Southampton Heliport,Southampton Heliport (N4Y)
16816,FL8,36788,"Deland, FL","Deland, FL: Deland Municipal Sidney H Taylor Field",Deland Municipal Sidney H Taylor Field,Deland Municipal Sidney H Taylor Field (FL8)
16817,NV6,36789,"Pahrump, NV","Pahrump, NV: Calvada Meadows",Calvada Meadows,Calvada Meadows (NV6)
16829,LNA,36801,"West Palm Beach, FL","West Palm Beach, FL: Palm Beach County Park",Palm Beach County Park,Palm Beach County Park (LNA)
16830,2NY,36802,"Port Washington, NY","Port Washington, NY: Sands Point Seaplane Base",Sands Point Seaplane Base,Sands Point Seaplane Base (2NY)
16831,3NY,36803,"Suffolk, NY","Suffolk, NY: Sebonac",Sebonac,Sebonac (3NY)
16832,NYS,31703,"New York, NY","New York, NY: New York Skyports Seaplane Base",New York Skyports Seaplane Base,New York Skyports Seaplane Base (NYS)
16837,AZ7,36809,"Colorado City, AZ","Colorado City, AZ: Colorado City Municipal",Colorado City Municipal,Colorado City Municipal (AZ7)
16848,2GA,36821,"Camilla, GA","Camilla, GA: Camilla Mitchell County",Camilla Mitchell County,Camilla Mitchell County (2GA)
16853,1TX,36826,"Dumas, TX","Dumas, TX: Moore County",Moore County,Moore County (1TX)
16856,VJI,36829,"Abingdon, VA","Abingdon, VA: Virginia Highlands",Virginia Highlands,Virginia Highlands (VJI)
16857,SSF,33214,"San Antonio, TX","San Antonio, TX: Stinson Municipal",Stinson Municipal,Stinson Municipal (SSF)
16867,N6Y,36838,"Ellenville, NY","Ellenville, NY: Joseph Y Resnick",Joseph Y Resnick,Joseph Y Resnick (N6Y)
16869,XWA,32389,"Williston, ND","Williston, ND: Williston Basin International",Williston Basin International,Williston Basin International (XWA)
16871,CT7,36841,"Chester, CT","Chester, CT: Chester Airport",Chester Airport,Chester Airport (CT7)
16876,SC6,30994,"Charleston, SC","Charleston, SC: Charleston Executive",Charleston Executive,Charleston Executive (SC6)
16879,T4X,36846,"Llano, TX","Llano, TX: Llano Municipal",Llano Municipal,Llano Municipal (T4X)
16901,2FL,36801,"West Palm Beach, FL","West Palm Beach, FL: North Palm Beach County Gen Aviation",North Palm Beach County Gen Aviation,North Palm Beach County Gen Aviation (2FL)
16914,4CL,36875,"El Mirage, CA","El Mirage, CA: El Mirage Field Adelanto",El Mirage Field Adelanto,El Mirage Field Adelanto (4CL)
16918,CO7,36879,"Meeker, CO","Meeker, CO: Meeker Coulter Field",Meeker Coulter Field,Meeker Coulter Field (CO7)
16923,1AK,36883,"Mertarvik, AK","Mertarvik, AK: Mertarvik Quarry Road Landing Strip",Mertarvik Quarry Road Landing Strip,Mertarvik Quarry Road Landing Strip (1AK)
16925,5NY,36885,"Malone, NY","Malone, NY: Malone Dufort",Malone Dufort,Malone Dufort (5NY)
16927,N8C,36886,"Oak Island, NC","Oak Island, NC: Cape Fear Regional Jetport Howie Franklin",Cape Fear Regional Jetport Howie Franklin,Cape Fear Regional Jetport Howie Franklin (N8C)
16935,LNN,36893,"Willoughby, OH","Willoughby, OH: Lake County Executive",Lake County Executive,Lake County Executive (LNN)
16936,MT3,36894,"Ennis, MT","Ennis, MT: Ennis Big Sky",Ennis Big Sky,Ennis Big Sky (MT3)
16947,T82,36905,"Fredericksburg, TX","Fredericksburg, TX: Gillespie County",Gillespie County,Gillespie County (T82)
16948,MKN,34617,"Comanche, TX","Comanche, TX: Comanche County City",Comanche County City,Comanche County City (MKN)
16951,1VA,36908,"Warrenton, VA","Warrenton, VA: Warrenton Fauquier",Warrenton Fauquier,Warrenton Fauquier (1VA)
16959,1PA,36911,"Connellsville, PA","Connellsville, PA: Joseph A Hardy Connellsville",Joseph A Hardy Connellsville,Joseph A Hardy Connellsville (1PA)
16973,AZ8,36925,"Green Valley, AZ","Green Valley, AZ: Ruby Star Airpark",Ruby Star Airpark,Ruby Star Airpark (AZ8)
16974,MD3,30330,"Churchville, MD","Churchville, MD: Harford County",Harford County,Harford County (MD3)
16975,AZ9,36926,"Coolidge, AZ","Coolidge, AZ: Coolidge Municipal",Coolidge Municipal,Coolidge Municipal (AZ9)
16978,KY7,36929,"Morehead, KY","Morehead, KY: Morehead Rowan County Clyde A Thomas Regional",Morehead Rowan County Clyde A Thomas Regional,Morehead Rowan County Clyde A Thomas Regional (KY7)
16982,2AK,36933,"Deerpark, AK","Deerpark, AK: Deer Park",Deer Park,Deer Park (2AK)
16986,PHK,36936,"Pahokee, FL","Pahokee, FL: Palm Beach County Glades",Palm Beach County Glades,Palm Beach County Glades (PHK)
16992,3AK,36941,"Tintina, AK","Tintina, AK: Gold Mining Landing Strip",Gold Mining Landing Strip,Gold Mining Landing Strip (3AK)
16999,PR1,36947,"Cabo Rojo, PR","Cabo Rojo, PR: Boqueron",Boqueron,Boqueron (PR1)
17005,UNU,36952,"Juneau, WI","Juneau, WI: Dodge County",Dodge County,Dodge County (UNU)
17007,6GA,36954,"Cornelia, GA","Cornelia, GA: Habersham County",Habersham County,Habersham County (6GA)
17008,2NJ,36955,"Williamstown, NJ","Williamstown, NJ: Southern Cross",Southern Cross,Southern Cross (2NJ)
17011,6AK,35887,"Newtok, AK","Newtok, AK: Newtok Seaplane Base",Newtok Seaplane Base,Newtok Seaplane Base (6AK)
17012,3FL,36958,"Wauchula, FL","Wauchula, FL: Wauchula Municipal",Wauchula Municipal,Wauchula Municipal (3FL)
17013,TXX,36959,"Fulshear, TX","Fulshear, TX: Covey Trails",Covey Trails,Covey Trails (TXX)
17014,SC7,36960,"Allendale, SC","Allendale, SC: Allendale County",Allendale County,Allendale County (SC7)
17020,5CA,34162,"Palmdale, CA","Palmdale, CA: Gray Butte Field",Gray Butte Field,Gray Butte Field (5CA)
17021,3NJ,36964,"Camden, NJ","Camden, NJ: 76ers Camden Heliport",76ers Camden Heliport,76ers Camden Heliport (3NJ)
17023,5NJ,31703,"Newark, NJ","Newark, NJ: Prudential Center Heliport",Prudential Center Heliport,Prudential Center Heliport (5NJ)
17024,2PA,34100,"Philadelphia, PA","Philadelphia, PA: Heliport 76er",Heliport 76er,Heliport 76er (2PA)
17031,1CT,36970,"Somers, CT","Somers, CT: Valley Farm",Valley Farm,Valley Farm (1CT)
17033,OXD,36972,"Oxford, OH","Oxford, OH: Miami University",Miami University,Miami University (OXD)
17035,6CA,36974,"Little River, CA","Little River, CA: Little River Airport",Little River Airport,Little River Airport (6CA)
17037,2WA,31979,"Tacoma, WA","Tacoma, WA: Tacoma Seaplane Base",Tacoma Seaplane Base,Tacoma Seaplane Base (2WA)
17039,4NC,36977,"Andrews, NC","Andrews, NC: Western Carolina Regional",Western Carolina Regional,Western Carolina Regional (4NC)
17040,N8Y,36978,"Harriman, NY","Harriman, NY: Avie M Harriman",Avie M Harriman,Avie M Harriman (N8Y)
17043,NH6,36981,"Newport, NH","Newport, NH: Parlin Field",Parlin Field,Parlin Field (NH6)
17044,MD6,30330,"Elkton, MD","Elkton, MD: Claremont",Claremont,Claremont (MD6)
17045,WI7,36982,"Baraboo, WI","Baraboo, WI: Baraboo Wisconsin Dells Regional",Baraboo Wisconsin Dells Regional,Baraboo Wisconsin Dells Regional (WI7)
17047,MDN,36984,"Madison, IN","Madison, IN: Madison Municipal",Madison Municipal,Madison Municipal (MDN)
17048,3VA,36985,"West Point, VA","West Point, VA: Middle Peninsula Regional",Middle Peninsula Regional,Middle Peninsula Regional (3VA)
17049,5PA,36986,"Allentown, PA","Allentown, PA: Allentown Queen City Municipal",Allentown Queen City Municipal,Allentown Queen City Municipal (5PA)
17050,OWK,30414,"Norridgewock, ME","Norridgewock, ME: Central Maine of Norridgewock",Central Maine of Norridgewock,Central Maine of Norridgewock (OWK)
17051,5FL,30122,"Apalachicola, FL","Apalachicola, FL: St George Island",St George Island,St George Island (5FL)
17052,6PA,36987,"Chambersburg, PA","Chambersburg, PA: Franklin County Regional",Franklin County Regional,Franklin County Regional (6PA)
17054,MO6,36988,"Lees Summit, MO","Lees Summit, MO: Kansas City Lees Summit Regional",Kansas City Lees Summit Regional,Kansas City Lees Summit Regional (MO6)
17058,BXK,36991,"Buckeye, AZ","Buckeye, AZ: Buckeye Municipal",Buckeye Municipal,Buckeye Municipal (BXK)
17060,7CA,36993,"Lincoln, CA","Lincoln, CA: Lincoln Regional Karl Harder Field",Lincoln Regional Karl Harder Field,Lincoln Regional Karl Harder Field (7CA)
17062,6FL,36995,"Arcadia, FL","Arcadia, FL: Arcadia Municipal",Arcadia Municipal,Arcadia Municipal (6FL)
17063,2OH,36996,"Coshocton, OH","Coshocton, OH: Richard Downing",Richard Downing,Richard Downing (2OH)
17064,KY8,36997,"Stanton, KY","Stanton, KY: Stanton Airport",Stanton Airport,Stanton Airport (KY8)
17065,7FL,36801,"West Palm Beach, FL","West Palm Beach, FL: Wellington Aero Club",Wellington Aero Club,Wellington Aero Club (7FL)
17074,FRH,30567,"French Lick, IN","French Lick, IN: French Lick Municipal",French Lick Municipal,French Lick Municipal (FRH)
17075,JVI,37003,"Manville, NJ","Manville, NJ: Central Jersey Regional",Central Jersey Regional,Central Jersey Regional (JVI)
17076,8FL,37004,"Keystone Heights, FL","Keystone Heights, FL: Keystone Heights Airport",Keystone Heights Airport,Keystone Heights Airport (8FL)
17077,9AK,34013,"Palmer, AK","Palmer, AK: Wolf Lake",Wolf Lake,Wolf Lake (9AK)
17078,IL4,37005,"Pittsfield, IL","Pittsfield, IL: Pittsfield Penstone Municipal",Pittsfield Penstone Municipal,Pittsfield Penstone Municipal (IL4)
17079,N40,36832,"Pittstown, NJ","Pittstown, NJ: Sky Manor",Sky Manor,Sky Manor (N40)
17155,ANW,37071,"Ainsworth, NE","Ainsworth, NE: Ainsworth Regional",Ainsworth Regional,Ainsworth Regional (ANW)
17163,05K,34268,"Port Alsworth, AK","Port Alsworth, AK: Wilder Runway",Wilder Runway,Wilder Runway (05K)
17177,JPX,32222,"Wainscott, NY","Wainscott, NY: East Hampton Town",East Hampton Town,East Hampton Town (JPX)
17192,81W,33055,"Lopez Island, WA","Lopez Island, WA: Fishermans Bay",Fishermans Bay,Fishermans Bay (81W)
17193,EWU,36883,"Mertarvik, AK","Mertarvik, AK: Newtok",Newtok,Newtok (EWU)
17195,9DA,32070,"Myerstown, PA","Myerstown, PA: Deck",Deck,Deck (9DA)
17210,COI,33750,"Merritt Island, FL","Merritt Island, FL: Merritt Island Airport",Merritt Island Airport,Merritt Island Airport (COI)
17215,2F5,30582,"Lamesa, TX","Lamesa, TX: Lamesa Municipal Airport	",Lamesa Municipal Airport	,Lamesa Municipal Airport	 (2F5)
17231,SCA,30454,"Sidney, OH","Sidney, OH: Sidney Municipal",Sidney Municipal,Sidney Municipal (SCA)
17232,ADG,35165,"Adrian, MI","Adrian, MI: Lenawee County",Lenawee County,Lenawee County (ADG)
17244,W29,30309,"Stevensville, MD","Stevensville, MD: Bay Bridge",Bay Bridge,Bay Bridge (W29)
17245,W95,32168,"Ocracoke, NC","Ocracoke, NC: Ocracoke Island",Ocracoke Island,Ocracoke Island (W95)
