YEAR,MONTH,AIRLINE_ID,ORIGIN_AIRPORT_ID,DEST_AIRPORT_ID,market_passengers
2024,1,19393,12391,10140,2.0
2024,1,19393,12391,10397,5.0
2024,1,19393,12391,10423,38.0
2024,1,19393,12391,10599,14.0
2024,1,19393,12391,10821,8333.0
2024,1,19393,12391,11259,22.0
2024,1,19393,12391,11433,3.0
2024,1,19393,12391,11697,654.0
2024,1,19393,12391,12191,32.0
2024,1,19393,12391,12451,36.0
2024,1,19393,12391,13204,6514.0
2024,1,19393,12391,13232,50.0
2024,1,19393,12391,13303,24.0
2024,1,19393,12391,13930,14.0
2024,1,19393,12391,14027,6414.0
2024,1,19393,12391,14107,82.0
2024,1,19393,12391,14679,8.0
2024,1,19393,12391,14730,7.0
2024,1,19393,12391,15304,2469.0
2024,1,19393,12953,10140,343.0
2024,1,19393,12953,10397,14090.0
2024,1,19393,12953,10423,210.0
2024,1,19393,12953,10693,11974.0
2024,1,19393,12953,10800,3.0
2024,1,19393,12953,11259,14179.0
2024,1,19393,12953,11292,14495.0
2024,1,19393,12953,11540,6.0
2024,1,19393,12953,11697,46.0
2024,1,19393,12953,12191,11787.0
2024,1,19393,12953,12206,3.0
2024,1,19393,12953,12266,19.0
2024,1,19393,12953,12889,45.0
2024,1,19393,12953,12954,111.0
2024,1,19393,12953,12992,8.0
2024,1,19393,12953,13198,4368.0
2024,1,19393,12953,13204,101.0
2024,1,19393,12953,13232,20712.0
2024,1,19393,12953,13303,48.0
2024,1,19393,12953,13495,3669.0
2024,1,19393,12953,13851,30.0
2024,1,19393,12953,13930,1.0
2024,1,19393,12953,14027,9.0
2024,1,19393,12953,14107,98.0
2024,1,19393,12953,14635,7.0
2024,1,19393,12953,14683,17.0
2024,1,19393,12953,14747,1.0
2024,1,19393,12953,14831,38.0
2024,1,19393,12953,15016,10487.0
2024,1,19393,12953,15304,4114.0
2024,1,19393,12953,15370,3.0
2024,1,19393,12953,15376,16.0
2024,1,19393,12953,15624,10.0
2024,1,19690,12478,12173,5768.0
2024,1,19790,11618,10397,27507.0
2024,1,19790,11618,10599,12.0
2024,1,19790,11618,11433,10492.0
2024,1,19790,11618,13244,4.0
2024,1,19790,11618,13487,8677.0
2024,1,19790,11618,14869,7586.0
2024,1,19790,12197,10397,5159.0
2024,1,19790,12197,10980,15.0
2024,1,19790,12197,13204,2221.0
2024,1,19790,12197,14027,2195.0
2024,1,19790,12478,10397,28056.0
2024,1,19790,12478,10423,11123.0
2024,1,19790,12478,10721,3449.0
2024,1,19790,12478,11292,8900.0
2024,1,19790,12478,11298,5257.0
2024,1,19790,12478,11433,4080.0
2024,1,19790,12478,11697,20397.0
2024,1,19790,12478,12173,5076.0
2024,1,19790,12478,12451,2863.0
2024,1,19790,12478,12889,24076.0
2024,1,19790,12478,12892,47712.0
2024,1,19790,12478,13204,27265.0
2024,1,19790,12478,13303,23179.0
2024,1,19790,12478,13487,2401.0
2024,1,19790,12478,13495,6122.0
2024,1,19790,12478,13851,3.0
2024,1,19790,12478,14027,7410.0
2024,1,19790,12478,14057,4484.0
2024,1,19790,12478,14107,11501.0
2024,1,19790,12478,14635,5850.0
2024,1,19790,12478,14679,10849.0
2024,1,19790,12478,14683,2755.0
2024,1,19790,12478,14747,14670.0
2024,1,19790,12478,14771,25980.0
2024,1,19790,12478,14843,15234.0
2024,1,19790,12478,14869,20986.0
2024,1,19790,12478,15024,5190.0
2024,1,19790,12478,15304,12749.0
2024,1,19790,12953,10397,54006.0
2024,1,19790,12953,10721,5211.0
2024,1,19790,12953,10792,402.0
2024,1,19790,12953,10994,392.0
2024,1,19790,12953,11292,10842.0
2024,1,19790,12953,11298,13891.0
2024,1,19790,12953,11433,17190.0
2024,1,19790,12953,11697,23143.0
2024,1,19790,12953,12266,10462.0
2024,1,19790,12953,12451,744.0
2024,1,19790,12953,12889,450.0
2024,1,19790,12953,12892,107.0
2024,1,19790,12953,13204,29653.0
2024,1,19790,12953,13303,25319.0
2024,1,19790,12953,13487,17378.0
2024,1,19790,12953,13495,7409.0
2024,1,19790,12953,13577,2.0
2024,1,19790,12953,13851,3.0
2024,1,19790,12953,13930,7719.0
2024,1,19790,12953,14027,18245.0
2024,1,19790,12953,14107,92.0
2024,1,19790,12953,14492,1.0
2024,1,19790,12953,14635,7888.0
2024,1,19790,12953,14869,378.0
2024,1,19790,12953,14986,5271.0
2024,1,19790,12953,15304,17473.0
2024,1,19805,11618,11057,24748.0
2024,1,19805,11618,11298,16935.0
2024,1,19805,11618,13303,18102.0
2024,1,19805,11618,13930,3670.0
2024,1,19805,11618,14107,14292.0
2024,1,19805,12478,10423,10548.0
2024,1,19805,12478,10721,251.0
2024,1,19805,12478,11057,19286.0
2024,1,19805,12478,11298,12832.0
2024,1,19805,12478,11503,2136.0
2024,1,19805,12478,12889,571.0
2024,1,19805,12478,12892,24300.0
2024,1,19805,12478,13303,41188.0
2024,1,19805,12478,13930,7465.0
2024,1,19805,12478,14107,17982.0
2024,1,19805,12478,14492,841.0
2024,1,19805,12478,14771,10884.0
2024,1,19805,12478,14908,2680.0
2024,1,19805,12478,15024,3172.0
2024,1,19805,12953,10693,1451.0
2024,1,19805,12953,10721,7337.0
2024,1,19805,12953,10821,1.0
2024,1,19805,12953,11057,29405.0
2024,1,19805,12953,11278,5554.0
2024,1,19805,12953,11298,31611.0
2024,1,19805,12953,12478,16.0
2024,1,19805,12953,13303,38512.0
2024,1,19805,12953,13930,19929.0
2024,1,19805,12953,14492,7817.0
2024,1,19805,12953,15016,2976.0
2024,1,19930,11618,12892,5240.0
2024,1,19930,11618,14057,1087.0
2024,1,19930,11618,14679,1029.0
2024,1,19930,11618,14747,8015.0
2024,1,19930,11618,14771,3987.0
2024,1,19930,12478,12889,167.0
2024,1,19930,12478,14057,2276.0
2024,1,19930,12478,14262,1320.0
2024,1,19930,12478,14679,3298.0
2024,1,19930,12478,14747,8319.0
2024,1,19930,12478,14771,7354.0
2024,1,19977,11618,10397,16453.0
2024,1,19977,11618,10423,14858.0
2024,1,19977,11618,10599,0.0
2024,1,19977,11618,10693,11276.0
2024,1,19977,11618,10721,22424.0
2024,1,19977,11618,10732,5017.0
2024,1,19977,11618,10785,3089.0
2024,1,19977,11618,10792,2482.0
2024,1,19977,11618,10800,8.0
2024,1,19977,11618,10849,3665.0
2024,1,19977,11618,10994,6750.0
2024,1,19977,11618,11042,11217.0
2024,1,19977,11618,11057,9740.0
2024,1,19977,11618,11066,119.0
2024,1,19977,11618,11193,2088.0
2024,1,19977,11618,11292,28070.0
2024,1,19977,11618,11298,15401.0
2024,1,19977,11618,11433,5272.0
2024,1,19977,11618,11503,3957.0
2024,1,19977,11618,11624,3091.0
2024,1,19977,11618,11697,33279.0
2024,1,19977,11618,12094,1664.0
2024,1,19977,11618,12173,5529.0
2024,1,19977,11618,12264,5324.0
2024,1,19977,11618,12266,38262.0
2024,1,19977,11618,12441,3346.0
2024,1,19977,11618,12451,12351.0
2024,1,19977,11618,12889,26935.0
2024,1,19977,11618,12892,48478.0
2024,1,19977,11618,12953,0.0
2024,1,19977,11618,13204,51547.0
2024,1,19977,11618,13303,32058.0
2024,1,19977,11618,13485,1871.0
2024,1,19977,11618,13487,6180.0
2024,1,19977,11618,13495,11557.0
2024,1,19977,11618,13502,1374.0
2024,1,19977,11618,13830,107.0
2024,1,19977,11618,13930,39063.0
2024,1,19977,11618,13931,1652.0
2024,1,19977,11618,14027,30020.0
2024,1,19977,11618,14057,4136.0
2024,1,19977,11618,14107,16730.0
2024,1,19977,11618,14122,0.0
2024,1,19977,11618,14321,3463.0
2024,1,19977,11618,14492,12916.0
2024,1,19977,11618,14576,2941.0
2024,1,19977,11618,14635,21320.0
2024,1,19977,11618,14679,14319.0
2024,1,19977,11618,14683,8118.0
2024,1,19977,11618,14685,4842.0
2024,1,19977,11618,14689,14.0
2024,1,19977,11618,14747,9024.0
2024,1,19977,11618,14771,53208.0
2024,1,19977,11618,14843,17303.0
2024,1,19977,11618,14869,8005.0
2024,1,19977,11618,14893,1231.0
2024,1,19977,11618,14908,10728.0
2024,1,19977,11618,14986,9623.0
2024,1,19977,11618,15016,2040.0
2024,1,19977,11618,15024,2602.0
2024,1,19977,11618,15096,2543.0
2024,1,19977,11618,15304,25993.0
2024,1,19977,12953,10397,8.0
2024,1,19977,12953,10423,7.0
2024,1,19977,12953,10849,27.0
2024,1,19977,12953,11292,16509.0
2024,1,19977,12953,12266,9372.0
2024,1,19977,12953,12889,41.0
2024,1,19977,12953,12892,55.0
2024,1,19977,12953,13256,0.0
2024,1,19977,12953,13487,44.0
2024,1,19977,12953,13930,29132.0
2024,1,20253,12197,10154,0.0
2024,1,20253,12197,12932,247.0
2024,1,20253,12197,13541,0.0
2024,1,20253,12478,10154,0.0
2024,1,20253,12478,13541,33.0
2024,1,20253,12478,14875,88.0
2024,1,20304,12197,11433,3934.0
2024,1,20304,12478,10693,1116.0
2024,1,20304,12478,10792,1187.0
2024,1,20304,12478,11042,1260.0
2024,1,20304,12478,12264,1364.0
2024,1,20304,12478,13487,233.0
2024,1,20304,12478,13930,5090.0
2024,1,20304,12953,10693,1233.0
2024,1,20304,12953,11042,1166.0
2024,1,20304,12953,13198,947.0
2024,1,20304,12953,13244,806.0
2024,1,20304,12953,13342,2326.0
2024,1,20304,12953,13851,822.0
2024,1,20304,12953,13930,3442.0
2024,1,20304,12953,14730,905.0
2024,1,20363,11618,11193,2659.0
2024,1,20363,11618,14492,3829.0
2024,1,20363,12197,10397,4183.0
2024,1,20363,12197,11433,131.0
2024,1,20363,12478,10581,1651.0
2024,1,20363,12478,10693,2179.0
2024,1,20363,12478,10785,3502.0
2024,1,20363,12478,10792,3211.0
2024,1,20363,12478,10821,1940.0
2024,1,20363,12478,10994,4693.0
2024,1,20363,12478,11042,2648.0
2024,1,20363,12478,11057,3869.0
2024,1,20363,12478,11193,3987.0
2024,1,20363,12478,11278,181.0
2024,1,20363,12478,11433,4410.0
2024,1,20363,12478,12264,1666.0
2024,1,20363,12478,12339,3854.0
2024,1,20363,12478,12397,2970.0
2024,1,20363,12478,12451,2312.0
2024,1,20363,12478,13198,1452.0
2024,1,20363,12478,13487,4021.0
2024,1,20363,12478,13931,2503.0
2024,1,20363,12478,14122,1471.0
2024,1,20363,12478,14321,2886.0
2024,1,20363,12478,14492,7513.0
2024,1,20363,12478,14524,2717.0
2024,1,20363,12478,14576,3635.0
2024,1,20363,12478,14685,4653.0
2024,1,20363,12478,15096,3640.0
2024,1,20363,12953,10257,1535.0
2024,1,20363,12953,10431,991.0
2024,1,20363,12953,10529,1136.0
2024,1,20363,12953,10577,266.0
2024,1,20363,12953,10581,2610.0
2024,1,20363,12953,10599,2856.0
2024,1,20363,12953,10693,1508.0
2024,1,20363,12953,10785,4158.0
2024,1,20363,12953,10792,3171.0
2024,1,20363,12953,10868,1416.0
2024,1,20363,12953,10990,2823.0
2024,1,20363,12953,10994,3567.0
2024,1,20363,12953,11042,4269.0
2024,1,20363,12953,11057,5850.0
2024,1,20363,12953,11193,4932.0
2024,1,20363,12953,11267,652.0
2024,1,20363,12953,11423,1902.0
2024,1,20363,12953,11433,368.0
2024,1,20363,12953,11977,63.0
2024,1,20363,12953,11986,3006.0
2024,1,20363,12953,11995,3687.0
2024,1,20363,12953,11996,3539.0
2024,1,20363,12953,12323,1360.0
2024,1,20363,12953,12339,2036.0
2024,1,20363,12953,12451,3494.0
2024,1,20363,12953,13198,2273.0
2024,1,20363,12953,13244,2726.0
2024,1,20363,12953,13342,1806.0
2024,1,20363,12953,13577,1839.0
2024,1,20363,12953,13871,466.0
2024,1,20363,12953,13931,3055.0
2024,1,20363,12953,13933,529.0
2024,1,20363,12953,14122,1850.0
2024,1,20363,12953,14193,1424.0
2024,1,20363,12953,14307,2585.0
2024,1,20363,12953,14321,4721.0
2024,1,20363,12953,14492,6922.0
2024,1,20363,12953,14524,3224.0
2024,1,20363,12953,14574,604.0
2024,1,20363,12953,14576,4399.0
2024,1,20363,12953,14685,5010.0
2024,1,20363,12953,15016,4806.0
2024,1,20363,12953,15096,1001.0
2024,1,20363,12953,15412,2784.0
2024,1,20368,11618,10431,1541.0
2024,1,20368,11618,11193,689.0
2024,1,20368,11618,11423,356.0
2024,1,20368,11618,14685,398.0
2024,1,20368,11618,15412,1575.0
2024,1,20368,11618,15624,282.0
2024,1,20368,15070,13577,1072.0
2024,1,20368,15070,14082,1486.0
2024,1,20368,15070,14112,1355.0
2024,1,20368,15070,14761,678.0
2024,1,20378,12953,10693,72.0
2024,1,20378,12953,12264,570.0
2024,1,20378,12953,12266,5596.0
2024,1,20378,12953,12951,135.0
2024,1,20397,12197,11057,5588.0
2024,1,20397,12197,11278,4162.0
2024,1,20398,11618,13930,5869.0
2024,1,20398,12197,13303,1675.0
2024,1,20398,12197,13930,3950.0
2024,1,20409,11618,10721,80.0
2024,1,20409,11618,11697,14391.0
2024,1,20409,11618,12197,19.0
2024,1,20409,11618,12892,9895.0
2024,1,20409,11618,13204,13843.0
2024,1,20409,11618,13303,601.0
2024,1,20409,11618,14027,7666.0
2024,1,20409,11618,14635,4258.0
2024,1,20409,11618,14843,7222.0
2024,1,20409,11618,15304,5275.0
2024,1,20409,12197,10821,146.0
2024,1,20409,12197,11697,10648.0
2024,1,20409,12197,13204,10609.0
2024,1,20409,12197,14027,18564.0
2024,1,20409,12197,14635,4319.0
2024,1,20409,12197,15304,2751.0
2024,1,20409,12478,10397,5190.0
2024,1,20409,12478,10423,3137.0
2024,1,20409,12478,10693,2353.0
2024,1,20409,12478,10721,21287.0
2024,1,20409,12478,10732,6212.0
2024,1,20409,12478,10785,369.0
2024,1,20409,12478,10792,6775.0
2024,1,20409,12478,10800,3533.0
2024,1,20409,12478,10849,128.0
2024,1,20409,12478,10994,2443.0
2024,1,20409,12478,11278,461.0
2024,1,20409,12478,11292,3476.0
2024,1,20409,12478,11433,1890.0
2024,1,20409,12478,11697,26480.0
2024,1,20409,12478,12197,77.0
2024,1,20409,12478,12266,3257.0
2024,1,20409,12478,12451,4560.0
2024,1,20409,12478,12889,8434.0
2024,1,20409,12478,12892,30877.0
2024,1,20409,12478,12953,162.0
2024,1,20409,12478,13198,2542.0
2024,1,20409,12478,13204,25656.0
2024,1,20409,12478,13303,8348.0
2024,1,20409,12478,13342,1714.0
2024,1,20409,12478,13495,2771.0
2024,1,20409,12478,13891,3970.0
2024,1,20409,12478,13930,2534.0
2024,1,20409,12478,14027,12968.0
2024,1,20409,12478,14107,3323.0
2024,1,20409,12478,14254,3272.0
2024,1,20409,12478,14262,353.0
2024,1,20409,12478,14492,5091.0
2024,1,20409,12478,14570,380.0
2024,1,20409,12478,14576,4780.0
2024,1,20409,12478,14635,7948.0
2024,1,20409,12478,14679,8204.0
2024,1,20409,12478,14683,2567.0
2024,1,20409,12478,14685,2475.0
2024,1,20409,12478,14747,3698.0
2024,1,20409,12478,14771,15886.0
2024,1,20409,12478,14843,24166.0
2024,1,20409,12478,14869,7215.0
2024,1,20409,12478,14893,4335.0
2024,1,20409,12478,14986,3093.0
2024,1,20409,12478,15096,3988.0
2024,1,20409,12478,15304,11888.0
2024,1,20409,12953,10397,10903.0
2024,1,20409,12953,10693,412.0
2024,1,20409,12953,10721,10511.0
2024,1,20409,12953,10994,170.0
2024,1,20409,12953,11292,3922.0
2024,1,20409,12953,11697,23510.0
2024,1,20409,12953,12451,422.0
2024,1,20409,12953,12478,90.0
2024,1,20409,12953,13198,155.0
2024,1,20409,12953,13204,20184.0
2024,1,20409,12953,13495,4656.0
2024,1,20409,12953,14027,16793.0
2024,1,20409,12953,14524,162.0
2024,1,20409,12953,14635,3448.0
2024,1,20409,12953,14986,2780.0
2024,1,20409,12953,15304,8508.0
2024,1,20416,11618,10397,8075.0
2024,1,20416,11618,10693,2657.0
2024,1,20416,11618,10994,4038.0
2024,1,20416,11618,11298,4009.0
2024,1,20416,11618,11433,2270.0
2024,1,20416,11618,11697,23662.0
2024,1,20416,11618,12266,3743.0
2024,1,20416,11618,12339,3802.0
2024,1,20416,11618,12889,4401.0
2024,1,20416,11618,12892,8201.0
2024,1,20416,11618,13204,20535.0
2024,1,20416,11618,13303,8275.0
2024,1,20416,11618,13577,5405.0
2024,1,20416,11618,13796,2449.0
2024,1,20416,11618,14107,5681.0
2024,1,20416,11618,14122,3250.0
2024,1,20416,11618,14843,9649.0
2024,1,20416,12953,10397,4533.0
2024,1,20416,12953,11057,9545.0
2024,1,20416,12953,11298,3820.0
2024,1,20416,12953,11433,14732.0
2024,1,20416,12953,11697,21475.0
2024,1,20416,12953,12266,4858.0
2024,1,20416,12953,13204,14302.0
2024,1,20416,12953,13303,10599.0
2024,1,20416,12953,13577,3067.0
2024,1,20416,12953,13930,4112.0
2024,1,20416,12953,14027,2641.0
2024,1,20422,11618,13487,508.0
2024,1,20422,12478,13487,347.0
2024,1,20436,12391,10732,1.0
2024,1,20436,12391,11697,1946.0
2024,1,20436,12391,13204,9695.0
2024,1,20436,12391,14027,8141.0
2024,1,20436,12391,14635,3800.0
2024,1,20436,12391,15304,4446.0
2024,1,20436,12953,10397,5226.0
2024,1,20436,12953,11298,1662.0
2024,1,20436,12953,13204,4797.0
2024,1,20436,12953,13303,5546.0
2024,1,20452,11618,10397,613.0
2024,1,20452,11618,10431,1216.0
2024,1,20452,11618,10581,1727.0
2024,1,20452,11618,10693,224.0
2024,1,20452,11618,10721,5235.0
2024,1,20452,11618,10785,621.0
2024,1,20452,11618,10792,202.0
2024,1,20452,11618,10994,1119.0
2024,1,20452,11618,11042,2943.0
2024,1,20452,11618,11057,481.0
2024,1,20452,11618,11066,8916.0
2024,1,20452,11618,11193,3351.0
2024,1,20452,11618,11278,999.0
2024,1,20452,11618,11298,177.0
2024,1,20452,11618,11433,2941.0
2024,1,20452,11618,11624,1368.0
2024,1,20452,11618,11986,2519.0
2024,1,20452,11618,11995,3906.0
2024,1,20452,11618,11996,4243.0
2024,1,20452,11618,12264,2148.0
2024,1,20452,11618,12339,8505.0
2024,1,20452,11618,12451,1304.0
2024,1,20452,11618,13230,1148.0
2024,1,20452,11618,13296,585.0
2024,1,20452,11618,13342,3325.0
2024,1,20452,11618,13487,1359.0
2024,1,20452,11618,13495,74.0
2024,1,20452,11618,13577,1660.0
2024,1,20452,11618,13930,0.0
2024,1,20452,11618,13931,1597.0
2024,1,20452,11618,14100,32.0
2024,1,20452,11618,14122,8575.0
2024,1,20452,11618,14321,478.0
2024,1,20452,11618,14492,1366.0
2024,1,20452,11618,14576,506.0
2024,1,20452,11618,14685,1930.0
2024,1,20452,11618,14730,3904.0
2024,1,20452,11618,14986,76.0
2024,1,20452,11618,15016,3606.0
2024,1,20452,11618,15096,1679.0
2024,1,20452,11618,15380,0.0
2024,1,20452,12197,11433,296.0
2024,1,20452,12478,10693,3104.0
2024,1,20452,12478,10721,9781.0
2024,1,20452,12478,10792,1453.0
2024,1,20452,12478,10821,1195.0
2024,1,20452,12478,10994,126.0
2024,1,20452,12478,11042,2189.0
2024,1,20452,12478,11057,72.0
2024,1,20452,12478,11066,7323.0
2024,1,20452,12478,11193,2452.0
2024,1,20452,12478,11278,9636.0
2024,1,20452,12478,11433,71.0
2024,1,20452,12478,12264,13.0
2024,1,20452,12478,12339,3992.0
2024,1,20452,12478,12451,1771.0
2024,1,20452,12478,12953,0.0
2024,1,20452,12478,13342,1703.0
2024,1,20452,12478,13930,1194.0
2024,1,20452,12478,13931,1740.0
2024,1,20452,12478,13933,425.0
2024,1,20452,12478,14122,5544.0
2024,1,20452,12478,14321,23.0
2024,1,20452,12478,14492,6565.0
2024,1,20452,12478,14524,147.0
2024,1,20452,12953,10397,0.0
2024,1,20452,12953,10431,844.0
2024,1,20452,12953,10599,482.0
2024,1,20452,12953,10693,7364.0
2024,1,20452,12953,10721,13989.0
2024,1,20452,12953,10792,3808.0
2024,1,20452,12953,10868,863.0
2024,1,20452,12953,10990,1482.0
2024,1,20452,12953,10994,2285.0
2024,1,20452,12953,11042,3410.0
2024,1,20452,12953,11057,486.0
2024,1,20452,12953,11066,10441.0
2024,1,20452,12953,11193,2181.0
2024,1,20452,12953,11267,877.0
2024,1,20452,12953,11278,12573.0
2024,1,20452,12953,11298,49.0
2024,1,20452,12953,11423,1012.0
2024,1,20452,12953,11433,3115.0
2024,1,20452,12953,11624,2665.0
2024,1,20452,12953,11986,623.0
2024,1,20452,12953,11995,2777.0
2024,1,20452,12953,11996,1830.0
2024,1,20452,12953,12264,9138.0
2024,1,20452,12953,12323,2940.0
2024,1,20452,12953,12339,7515.0
2024,1,20452,12953,12451,1289.0
2024,1,20452,12953,12992,1770.0
2024,1,20452,12953,13198,2615.0
2024,1,20452,12953,13244,1734.0
2024,1,20452,12953,13303,294.0
2024,1,20452,12953,13342,439.0
2024,1,20452,12953,13485,1435.0
2024,1,20452,12953,13487,1760.0
2024,1,20452,12953,13851,2161.0
2024,1,20452,12953,13871,3192.0
2024,1,20452,12953,13930,7659.0
2024,1,20452,12953,13931,2375.0
2024,1,20452,12953,14100,2488.0
2024,1,20452,12953,14122,8656.0
2024,1,20452,12953,14307,0.0
2024,1,20452,12953,14321,54.0
2024,1,20452,12953,14492,4049.0
2024,1,20452,12953,14524,4407.0
2024,1,20452,12953,14574,927.0
2024,1,20452,12953,14730,4041.0
2024,1,20452,12953,15016,383.0
2024,1,20452,12953,15096,2598.0
2024,1,20452,12953,15370,1238.0
2024,1,20452,12953,15412,515.0
2024,1,20452,12953,15919,2412.0
2024,1,20500,11618,10257,3024.0
2024,1,20500,11618,10431,130.0
2024,1,20500,11618,10434,1860.0
2024,1,20500,11618,10785,1042.0
2024,1,20500,11618,10792,1990.0
2024,1,20500,11618,11042,501.0
2024,1,20500,11618,11066,135.0
2024,1,20500,11618,11193,522.0
2024,1,20500,11618,11278,8334.0
2024,1,20500,11618,11433,315.0
2024,1,20500,11618,11986,83.0
2024,1,20500,11618,11995,135.0
2024,1,20500,11618,12264,3075.0
2024,1,20500,11618,12323,2646.0
2024,1,20500,11618,12397,2296.0
2024,1,20500,11618,13230,1285.0
2024,1,20500,11618,13296,1777.0
2024,1,20500,11618,13931,2073.0
2024,1,20500,11618,14100,2885.0
2024,1,20500,11618,14122,793.0
2024,1,20500,11618,14231,1367.0
2024,1,20500,11618,14307,2562.0
2024,1,20500,11618,14321,1008.0
2024,1,20500,11618,14492,146.0
2024,1,20500,11618,14524,5102.0
2024,1,20500,11618,14576,1849.0
2024,1,20500,11618,14685,168.0
2024,1,20500,11618,14711,2150.0
2024,1,20500,11618,15096,975.0
2024,1,20500,12953,12264,46.0
2024,1,22080,12197,10994,216.0
2024,1,22080,12197,15628,3379.0
2024,1,22080,12391,10994,763.0
2024,1,22080,12391,13495,54.0
2024,1,22080,12391,13931,161.0
2024,1,22080,12391,15628,701.0
2024,2,19393,12391,10140,1.0
2024,2,19393,12391,10397,2.0
2024,2,19393,12391,10423,41.0
2024,2,19393,12391,10821,8276.0
2024,2,19393,12391,11259,16.0
2024,2,19393,12391,11433,6.0
2024,2,19393,12391,11697,871.0
2024,2,19393,12391,12451,32.0
2024,2,19393,12391,13204,6650.0
2024,2,19393,12391,13303,25.0
2024,2,19393,12391,14027,6894.0
2024,2,19393,12391,14107,45.0
2024,2,19393,12391,14679,23.0
2024,2,19393,12391,15304,2358.0
2024,2,19393,12953,10140,112.0
2024,2,19393,12953,10397,12742.0
2024,2,19393,12953,10423,292.0
2024,2,19393,12953,10693,11984.0
2024,2,19393,12953,10800,11.0
2024,2,19393,12953,11259,13127.0
2024,2,19393,12953,11292,13775.0
2024,2,19393,12953,11697,84.0
2024,2,19393,12953,12191,11061.0
2024,2,19393,12953,12266,17.0
2024,2,19393,12953,12889,63.0
2024,2,19393,12953,12954,71.0
2024,2,19393,12953,13198,4206.0
2024,2,19393,12953,13204,74.0
2024,2,19393,12953,13232,19897.0
2024,2,19393,12953,13303,68.0
2024,2,19393,12953,13495,3597.0
2024,2,19393,12953,13851,56.0
2024,2,19393,12953,14027,36.0
2024,2,19393,12953,14107,0.0
2024,2,19393,12953,14683,19.0
2024,2,19393,12953,14831,8.0
2024,2,19393,12953,15016,8449.0
2024,2,19393,12953,15304,4198.0
2024,2,19690,12478,12173,5394.0
2024,2,19790,11618,10397,27703.0
2024,2,19790,11618,11433,10099.0
2024,2,19790,11618,13487,7886.0
2024,2,19790,11618,14100,9.0
2024,2,19790,11618,14869,7020.0
2024,2,19790,12197,10397,4912.0
2024,2,19790,12197,13204,2461.0
2024,2,19790,12197,14027,2063.0
2024,2,19790,12478,10397,26049.0
2024,2,19790,12478,10423,11212.0
2024,2,19790,12478,10721,2679.0
2024,2,19790,12478,11292,9266.0
2024,2,19790,12478,11298,4675.0
2024,2,19790,12478,11433,5020.0
2024,2,19790,12478,11697,20081.0
2024,2,19790,12478,12173,4640.0
2024,2,19790,12478,12451,2620.0
2024,2,19790,12478,12889,22785.0
2024,2,19790,12478,12892,45170.0
2024,2,19790,12478,13204,24968.0
2024,2,19790,12478,13303,21389.0
2024,2,19790,12478,13495,6186.0
2024,2,19790,12478,14027,7617.0
2024,2,19790,12478,14057,4094.0
2024,2,19790,12478,14107,11240.0
2024,2,19790,12478,14635,7274.0
2024,2,19790,12478,14679,9997.0
2024,2,19790,12478,14683,2681.0
2024,2,19790,12478,14747,12700.0
2024,2,19790,12478,14771,23304.0
2024,2,19790,12478,14843,13473.0
2024,2,19790,12478,14869,19495.0
2024,2,19790,12478,15024,5197.0
2024,2,19790,12478,15304,12509.0
2024,2,19790,12953,10397,54220.0
2024,2,19790,12953,10721,7294.0
2024,2,19790,12953,11252,195.0
2024,2,19790,12953,11292,11456.0
2024,2,19790,12953,11298,14240.0
2024,2,19790,12953,11433,17743.0
2024,2,19790,12953,11697,23039.0
2024,2,19790,12953,12266,10738.0
2024,2,19790,12953,12451,224.0
2024,2,19790,12953,12889,339.0
2024,2,19790,12953,13204,27920.0
2024,2,19790,12953,13303,24600.0
2024,2,19790,12953,13487,16233.0
2024,2,19790,12953,13495,7222.0
2024,2,19790,12953,13930,7461.0
2024,2,19790,12953,14027,18722.0
2024,2,19790,12953,14107,171.0
2024,2,19790,12953,14635,8283.0
2024,2,19790,12953,14869,377.0
2024,2,19790,12953,14986,5944.0
2024,2,19790,12953,15304,17760.0
2024,2,19805,11618,11057,23235.0
2024,2,19805,11618,11298,16166.0
2024,2,19805,11618,13303,17078.0
2024,2,19805,11618,13930,4321.0
2024,2,19805,11618,14107,13947.0
2024,2,19805,12478,10423,9679.0
2024,2,19805,12478,10721,375.0
2024,2,19805,12478,11057,18339.0
2024,2,19805,12478,11298,11172.0
2024,2,19805,12478,11503,2608.0
2024,2,19805,12478,12889,730.0
2024,2,19805,12478,12892,22500.0
2024,2,19805,12478,13303,40793.0
2024,2,19805,12478,13930,5859.0
2024,2,19805,12478,14107,18001.0
2024,2,19805,12478,14771,9222.0
2024,2,19805,12478,14908,2341.0
2024,2,19805,12478,15024,3197.0
2024,2,19805,12953,10693,2393.0
2024,2,19805,12953,10721,7288.0
2024,2,19805,12953,11057,29701.0
2024,2,19805,12953,11278,8238.0
2024,2,19805,12953,11298,33290.0
2024,2,19805,12953,11433,783.0
2024,2,19805,12953,13303,36562.0
2024,2,19805,12953,13930,19471.0
2024,2,19805,12953,14027,214.0
2024,2,19805,12953,14122,531.0
2024,2,19805,12953,14492,10337.0
2024,2,19805,12953,15016,3181.0
2024,2,19821,12478,13303,293.0
2024,2,19930,11618,12892,7363.0
2024,2,19930,11618,14057,1905.0
2024,2,19930,11618,14679,1871.0
2024,2,19930,11618,14747,8832.0
2024,2,19930,11618,14771,4294.0
2024,2,19930,12478,14057,2552.0
2024,2,19930,12478,14262,2757.0
2024,2,19930,12478,14679,3300.0
2024,2,19930,12478,14747,10887.0
2024,2,19930,12478,14771,9691.0
2024,2,19977,11618,10397,18335.0
2024,2,19977,11618,10423,15989.0
2024,2,19977,11618,10620,0.0
2024,2,19977,11618,10693,12599.0
2024,2,19977,11618,10713,0.0
2024,2,19977,11618,10721,22236.0
2024,2,19977,11618,10732,4804.0
2024,2,19977,11618,10785,2897.0
2024,2,19977,11618,10792,2732.0
2024,2,19977,11618,10849,3785.0
2024,2,19977,11618,10994,6919.0
2024,2,19977,11618,11042,10145.0
2024,2,19977,11618,11057,10757.0
2024,2,19977,11618,11193,1667.0
2024,2,19977,11618,11292,31842.0
2024,2,19977,11618,11298,15586.0
2024,2,19977,11618,11433,4260.0
2024,2,19977,11618,11503,4297.0
2024,2,19977,11618,11603,11.0
2024,2,19977,11618,11624,3192.0
2024,2,19977,11618,11697,37056.0
2024,2,19977,11618,11986,0.0
2024,2,19977,11618,12094,2668.0
2024,2,19977,11618,12173,4872.0
2024,2,19977,11618,12264,6888.0
2024,2,19977,11618,12266,36678.0
2024,2,19977,11618,12278,0.0
2024,2,19977,11618,12339,2.0
2024,2,19977,11618,12441,3381.0
2024,2,19977,11618,12451,13264.0
2024,2,19977,11618,12889,32395.0
2024,2,19977,11618,12892,44746.0
2024,2,19977,11618,13204,52906.0
2024,2,19977,11618,13303,33833.0
2024,2,19977,11618,13485,2243.0
2024,2,19977,11618,13487,4722.0
2024,2,19977,11618,13495,12251.0
2024,2,19977,11618,13502,2393.0
2024,2,19977,11618,13930,39568.0
2024,2,19977,11618,13931,2318.0
2024,2,19977,11618,14027,36483.0
2024,2,19977,11618,14057,4644.0
2024,2,19977,11618,14107,16298.0
2024,2,19977,11618,14262,7.0
2024,2,19977,11618,14321,4594.0
2024,2,19977,11618,14492,12498.0
2024,2,19977,11618,14570,52.0
2024,2,19977,11618,14576,3604.0
2024,2,19977,11618,14635,24511.0
2024,2,19977,11618,14679,12975.0
2024,2,19977,11618,14683,6544.0
2024,2,19977,11618,14685,4793.0
2024,2,19977,11618,14689,13.0
2024,2,19977,11618,14747,7732.0
2024,2,19977,11618,14771,45393.0
2024,2,19977,11618,14843,16254.0
2024,2,19977,11618,14869,8280.0
2024,2,19977,11618,14908,9592.0
2024,2,19977,11618,14986,10081.0
2024,2,19977,11618,15016,2249.0
2024,2,19977,11618,15024,2777.0
2024,2,19977,11618,15096,769.0
2024,2,19977,11618,15304,31100.0
2024,2,19977,12953,10849,25.0
2024,2,19977,12953,11292,17035.0
2024,2,19977,12953,11298,7.0
2024,2,19977,12953,11618,0.0
2024,2,19977,12953,11624,0.0
2024,2,19977,12953,11986,8.0
2024,2,19977,12953,12266,9248.0
2024,2,19977,12953,12889,32.0
2024,2,19977,12953,12892,42.0
2024,2,19977,12953,13487,71.0
2024,2,19977,12953,13930,34804.0
2024,2,19977,12953,14771,0.0
2024,2,20253,12197,10154,0.0
2024,2,20253,12197,12932,271.0
2024,2,20253,12197,13541,0.0
2024,2,20253,12478,10154,0.0
2024,2,20253,12478,13541,0.0
2024,2,20253,12478,14875,112.0
2024,2,20304,12197,11433,3639.0
2024,2,20304,12478,10693,1516.0
2024,2,20304,12478,10792,1569.0
2024,2,20304,12478,11042,1474.0
2024,2,20304,12478,12264,1375.0
2024,2,20304,12478,13487,1999.0
2024,2,20304,12478,13930,7063.0
2024,2,20304,12953,10693,1788.0
2024,2,20304,12953,11042,1440.0
2024,2,20304,12953,11986,95.0
2024,2,20304,12953,12266,3481.0
2024,2,20304,12953,13198,1364.0
2024,2,20304,12953,13244,1115.0
2024,2,20304,12953,13342,3146.0
2024,2,20304,12953,13851,1202.0
2024,2,20304,12953,13930,3642.0
2024,2,20304,12953,14730,1122.0
2024,2,20363,11618,11193,2779.0
2024,2,20363,11618,14492,4170.0
2024,2,20363,12197,10397,4324.0
2024,2,20363,12197,11433,700.0
2024,2,20363,12478,10397,1.0
2024,2,20363,12478,10581,1750.0
2024,2,20363,12478,10693,1920.0
2024,2,20363,12478,10721,50.0
2024,2,20363,12478,10785,3363.0
2024,2,20363,12478,10792,2188.0
2024,2,20363,12478,10821,2884.0
2024,2,20363,12478,10994,5532.0
2024,2,20363,12478,11042,2291.0
2024,2,20363,12478,11057,3358.0
2024,2,20363,12478,11193,3729.0
2024,2,20363,12478,11278,224.0
2024,2,20363,12478,11433,3425.0
2024,2,20363,12478,12264,1513.0
2024,2,20363,12478,12339,3999.0
2024,2,20363,12478,12397,2708.0
2024,2,20363,12478,12451,1809.0
2024,2,20363,12478,13198,1378.0
2024,2,20363,12478,13342,861.0
2024,2,20363,12478,13487,3415.0
2024,2,20363,12478,13931,3196.0
2024,2,20363,12478,14122,1351.0
2024,2,20363,12478,14321,3571.0
2024,2,20363,12478,14492,7287.0
2024,2,20363,12478,14524,2479.0
2024,2,20363,12478,14576,3545.0
2024,2,20363,12478,14685,5392.0
2024,2,20363,12478,15096,3307.0
2024,2,20363,12953,10257,2179.0
2024,2,20363,12953,10431,1138.0
2024,2,20363,12953,10529,1446.0
2024,2,20363,12953,10581,3030.0
2024,2,20363,12953,10599,3622.0
2024,2,20363,12953,10693,2001.0
2024,2,20363,12953,10785,4648.0
2024,2,20363,12953,10792,5506.0
2024,2,20363,12953,10868,1430.0
2024,2,20363,12953,10990,3409.0
2024,2,20363,12953,10994,3632.0
2024,2,20363,12953,11042,4716.0
2024,2,20363,12953,11057,7286.0
2024,2,20363,12953,11193,5910.0
2024,2,20363,12953,11267,961.0
2024,2,20363,12953,11423,1968.0
2024,2,20363,12953,11986,3590.0
2024,2,20363,12953,11995,3998.0
2024,2,20363,12953,11996,4129.0
2024,2,20363,12953,12323,1571.0
2024,2,20363,12953,12339,1390.0
2024,2,20363,12953,12451,3524.0
2024,2,20363,12953,12992,1055.0
2024,2,20363,12953,13198,4021.0
2024,2,20363,12953,13244,3025.0
2024,2,20363,12953,13342,2475.0
2024,2,20363,12953,13485,1167.0
2024,2,20363,12953,13577,1769.0
2024,2,20363,12953,13871,1672.0
2024,2,20363,12953,13931,3764.0
2024,2,20363,12953,13933,812.0
2024,2,20363,12953,14122,3548.0
2024,2,20363,12953,14193,1689.0
2024,2,20363,12953,14307,2880.0
2024,2,20363,12953,14321,5201.0
2024,2,20363,12953,14492,9718.0
2024,2,20363,12953,14524,3908.0
2024,2,20363,12953,14574,918.0
2024,2,20363,12953,14576,4790.0
2024,2,20363,12953,14685,5648.0
2024,2,20363,12953,15016,5432.0
2024,2,20363,12953,15096,2654.0
2024,2,20363,12953,15412,3544.0
2024,2,20368,11618,10431,1344.0
2024,2,20368,11618,11193,478.0
2024,2,20368,11618,15412,1256.0
2024,2,20368,11618,15624,698.0
2024,2,20368,15070,13577,1276.0
2024,2,20368,15070,14082,1331.0
2024,2,20368,15070,14112,1571.0
2024,2,20368,15070,14761,610.0
2024,2,20378,12953,10693,67.0
2024,2,20378,12953,12264,3642.0
2024,2,20378,12953,12266,3286.0
2024,2,20378,12953,12951,73.0
2024,2,20397,12197,11057,5641.0
2024,2,20397,12197,11278,4320.0
2024,2,20398,11618,13930,4945.0
2024,2,20398,12197,13303,1845.0
2024,2,20398,12197,13930,3577.0
2024,2,20409,11618,11697,12346.0
2024,2,20409,11618,12892,9233.0
2024,2,20409,11618,12953,146.0
2024,2,20409,11618,13204,12000.0
2024,2,20409,11618,13891,142.0
2024,2,20409,11618,14027,7250.0
2024,2,20409,11618,14635,3915.0
2024,2,20409,11618,14843,4336.0
2024,2,20409,11618,15304,3623.0
2024,2,20409,12197,11697,10650.0
2024,2,20409,12197,13204,10549.0
2024,2,20409,12197,14027,20933.0
2024,2,20409,12197,14635,4268.0
2024,2,20409,12197,15304,3530.0
2024,2,20409,12478,10140,1425.0
2024,2,20409,12478,10397,5196.0
2024,2,20409,12478,10423,2477.0
2024,2,20409,12478,10693,2198.0
2024,2,20409,12478,10721,16049.0
2024,2,20409,12478,10732,6748.0
2024,2,20409,12478,10792,8084.0
2024,2,20409,12478,10800,3397.0
2024,2,20409,12478,10849,701.0
2024,2,20409,12478,10994,3502.0
2024,2,20409,12478,11292,3413.0
2024,2,20409,12478,11433,1047.0
2024,2,20409,12478,11697,24399.0
2024,2,20409,12478,12266,3072.0
2024,2,20409,12478,12451,5353.0
2024,2,20409,12478,12889,12047.0
2024,2,20409,12478,12892,29145.0
2024,2,20409,12478,12953,284.0
2024,2,20409,12478,13198,1889.0
2024,2,20409,12478,13204,22791.0
2024,2,20409,12478,13303,10877.0
2024,2,20409,12478,13342,1376.0
2024,2,20409,12478,13487,99.0
2024,2,20409,12478,13495,3198.0
2024,2,20409,12478,13891,2914.0
2024,2,20409,12478,13930,1779.0
2024,2,20409,12478,14027,14629.0
2024,2,20409,12478,14107,3533.0
2024,2,20409,12478,14254,3791.0
2024,2,20409,12478,14262,1742.0
2024,2,20409,12478,14492,4878.0
2024,2,20409,12478,14570,1805.0
2024,2,20409,12478,14576,4224.0
2024,2,20409,12478,14635,9048.0
2024,2,20409,12478,14679,7189.0
2024,2,20409,12478,14683,2275.0
2024,2,20409,12478,14685,2850.0
2024,2,20409,12478,14747,2850.0
2024,2,20409,12478,14771,14458.0
2024,2,20409,12478,14843,24716.0
2024,2,20409,12478,14869,7243.0
2024,2,20409,12478,14893,4203.0
2024,2,20409,12478,14986,3124.0
2024,2,20409,12478,15096,3877.0
2024,2,20409,12478,15304,10911.0
2024,2,20409,12953,10397,10398.0
2024,2,20409,12953,10721,12794.0
2024,2,20409,12953,10994,81.0
2024,2,20409,12953,11292,3387.0
2024,2,20409,12953,11433,159.0
2024,2,20409,12953,11697,21771.0
2024,2,20409,12953,13204,20792.0
2024,2,20409,12953,13495,6218.0
2024,2,20409,12953,14027,17963.0
2024,2,20409,12953,14122,152.0
2024,2,20409,12953,14635,5371.0
2024,2,20409,12953,14986,3216.0
2024,2,20409,12953,15304,9317.0
2024,2,20416,11618,10397,6066.0
2024,2,20416,11618,10693,2338.0
2024,2,20416,11618,10994,4325.0
2024,2,20416,11618,11298,3893.0
2024,2,20416,11618,11433,3596.0
2024,2,20416,11618,11697,23855.0
2024,2,20416,11618,12266,3762.0
2024,2,20416,11618,12339,3391.0
2024,2,20416,11618,12889,4654.0
2024,2,20416,11618,12892,6347.0
2024,2,20416,11618,13204,22418.0
2024,2,20416,11618,13303,10274.0
2024,2,20416,11618,13495,2931.0
2024,2,20416,11618,13577,6653.0
2024,2,20416,11618,13796,2524.0
2024,2,20416,11618,14107,4489.0
2024,2,20416,11618,14122,3061.0
2024,2,20416,11618,14843,9166.0
2024,2,20416,12953,10397,4471.0
2024,2,20416,12953,11057,9457.0
2024,2,20416,12953,11298,3519.0
2024,2,20416,12953,11433,13964.0
2024,2,20416,12953,11697,21449.0
2024,2,20416,12953,12266,4575.0
2024,2,20416,12953,13204,15053.0
2024,2,20416,12953,13303,10572.0
2024,2,20416,12953,13577,5785.0
2024,2,20416,12953,13930,5027.0
2024,2,20416,12953,14027,4272.0
2024,2,20422,11618,13487,131.0
2024,2,20436,12391,10732,4.0
2024,2,20436,12391,11697,2403.0
2024,2,20436,12391,13204,8401.0
2024,2,20436,12391,14027,5322.0
2024,2,20436,12391,14635,4082.0
2024,2,20436,12391,15304,4309.0
2024,2,20436,12953,10397,4540.0
2024,2,20436,12953,13204,7166.0
2024,2,20436,12953,13303,5186.0
2024,2,20452,11618,10257,1143.0
2024,2,20452,11618,10397,262.0
2024,2,20452,11618,10431,1351.0
2024,2,20452,11618,10581,1856.0
2024,2,20452,11618,10693,146.0
2024,2,20452,11618,10721,5584.0
2024,2,20452,11618,10785,1088.0
2024,2,20452,11618,10792,860.0
2024,2,20452,11618,10994,1635.0
2024,2,20452,11618,11042,2696.0
2024,2,20452,11618,11066,7886.0
2024,2,20452,11618,11193,3381.0
2024,2,20452,11618,11278,987.0
2024,2,20452,11618,11298,294.0
2024,2,20452,11618,11433,3185.0
2024,2,20452,11618,11624,1555.0
2024,2,20452,11618,11986,2654.0
2024,2,20452,11618,11995,4002.0
2024,2,20452,11618,11996,4326.0
2024,2,20452,11618,12264,1722.0
2024,2,20452,11618,12339,8503.0
2024,2,20452,11618,12451,824.0
2024,2,20452,11618,13230,3007.0
2024,2,20452,11618,13342,3196.0
2024,2,20452,11618,13487,1557.0
2024,2,20452,11618,13577,1761.0
2024,2,20452,11618,13930,4.0
2024,2,20452,11618,13931,1849.0
2024,2,20452,11618,14100,1533.0
2024,2,20452,11618,14122,9120.0
2024,2,20452,11618,14492,1554.0
2024,2,20452,11618,14576,657.0
2024,2,20452,11618,14685,2325.0
2024,2,20452,11618,14730,3946.0
2024,2,20452,11618,15016,3164.0
2024,2,20452,11618,15096,2687.0
2024,2,20452,12478,10693,3112.0
2024,2,20452,12478,10721,12014.0
2024,2,20452,12478,10792,3262.0
2024,2,20452,12478,10821,244.0
2024,2,20452,12478,11042,2447.0
2024,2,20452,12478,11066,7465.0
2024,2,20452,12478,11193,2606.0
2024,2,20452,12478,11278,8991.0
2024,2,20452,12478,12339,3506.0
2024,2,20452,12478,12451,2152.0
2024,2,20452,12478,13342,699.0
2024,2,20452,12478,13931,1625.0
2024,2,20452,12478,13933,474.0
2024,2,20452,12478,14122,4923.0
2024,2,20452,12478,14492,6870.0
2024,2,20452,12478,14524,198.0
2024,2,20452,12953,10431,831.0
2024,2,20452,12953,10599,572.0
2024,2,20452,12953,10693,7368.0
2024,2,20452,12953,10721,16018.0
2024,2,20452,12953,10792,3121.0
2024,2,20452,12953,10868,1342.0
2024,2,20452,12953,10990,1577.0
2024,2,20452,12953,10994,3088.0
2024,2,20452,12953,11042,3123.0
2024,2,20452,12953,11066,11015.0
2024,2,20452,12953,11193,1278.0
2024,2,20452,12953,11267,836.0
2024,2,20452,12953,11278,12922.0
2024,2,20452,12953,11423,806.0
2024,2,20452,12953,11433,2335.0
2024,2,20452,12953,11624,3172.0
2024,2,20452,12953,11986,495.0
2024,2,20452,12953,11995,2573.0
2024,2,20452,12953,11996,2048.0
2024,2,20452,12953,12264,5596.0
2024,2,20452,12953,12323,3295.0
2024,2,20452,12953,12339,9097.0
2024,2,20452,12953,12451,1548.0
2024,2,20452,12953,12992,877.0
2024,2,20452,12953,13198,1577.0
2024,2,20452,12953,13244,2314.0
2024,2,20452,12953,13303,418.0
2024,2,20452,12953,13485,159.0
2024,2,20452,12953,13487,1720.0
2024,2,20452,12953,13851,2320.0
2024,2,20452,12953,13871,2327.0
2024,2,20452,12953,13930,6175.0
2024,2,20452,12953,13931,1821.0
2024,2,20452,12953,14100,2144.0
2024,2,20452,12953,14122,7566.0
2024,2,20452,12953,14492,882.0
2024,2,20452,12953,14524,4439.0
2024,2,20452,12953,14574,847.0
2024,2,20452,12953,14730,3924.0
2024,2,20452,12953,14986,113.0
2024,2,20452,12953,15016,112.0
2024,2,20452,12953,15096,1407.0
2024,2,20452,12953,15304,142.0
2024,2,20452,12953,15370,1158.0
2024,2,20452,12953,15412,679.0
2024,2,20452,12953,15919,2357.0
2024,2,20500,11618,10257,1843.0
2024,2,20500,11618,10431,83.0
2024,2,20500,11618,10434,1852.0
2024,2,20500,11618,10785,1026.0
2024,2,20500,11618,10792,1839.0
2024,2,20500,11618,11042,95.0
2024,2,20500,11618,11066,181.0
2024,2,20500,11618,11193,339.0
2024,2,20500,11618,11278,8019.0
2024,2,20500,11618,11433,249.0
2024,2,20500,11618,12264,2195.0
2024,2,20500,11618,12323,2481.0
2024,2,20500,11618,12397,2212.0
2024,2,20500,11618,13230,128.0
2024,2,20500,11618,13296,2299.0
2024,2,20500,11618,13931,1399.0
2024,2,20500,11618,14100,1424.0
2024,2,20500,11618,14122,166.0
2024,2,20500,11618,14231,1587.0
2024,2,20500,11618,14307,2390.0
2024,2,20500,11618,14321,1802.0
2024,2,20500,11618,14492,262.0
2024,2,20500,11618,14524,5064.0
2024,2,20500,11618,14576,1913.0
2024,2,20500,11618,14685,234.0
2024,2,20500,11618,14711,2241.0
2024,2,20500,11618,15096,1054.0
2024,2,20500,12953,12264,754.0
2024,2,22080,12197,10994,563.0
2024,2,22080,12197,15628,4235.0
2024,2,22080,12391,10994,799.0
2024,2,22080,12391,13495,91.0
2024,2,22080,12391,14492,767.0
2024,2,22080,12391,15628,931.0
2024,2,22080,15070,10994,321.0
2024,2,22080,15070,13204,731.0
2024,3,19393,12391,10140,1.0
2024,3,19393,12391,10423,3.0
2024,3,19393,12391,10821,9521.0
2024,3,19393,12391,11259,17.0
2024,3,19393,12391,11697,186.0
2024,3,19393,12391,12451,9.0
2024,3,19393,12391,13204,8308.0
2024,3,19393,12391,13303,7.0
2024,3,19393,12391,14027,7121.0
2024,3,19393,12391,14107,21.0
2024,3,19393,12391,14679,8.0
2024,3,19393,12391,15304,3286.0
2024,3,19393,12953,10140,24.0
2024,3,19393,12953,10397,16494.0
2024,3,19393,12953,10423,55.0
2024,3,19393,12953,10693,15446.0
2024,3,19393,12953,11259,17293.0
2024,3,19393,12953,11292,16008.0
2024,3,19393,12953,11697,16.0
2024,3,19393,12953,12191,13469.0
2024,3,19393,12953,12266,8.0
2024,3,19393,12953,12889,13.0
2024,3,19393,12953,12954,14.0
2024,3,19393,12953,13198,6596.0
2024,3,19393,12953,13204,8.0
2024,3,19393,12953,13232,25171.0
2024,3,19393,12953,13303,11.0
2024,3,19393,12953,13495,4164.0
2024,3,19393,12953,13851,26.0
2024,3,19393,12953,14027,2.0
2024,3,19393,12953,14683,1.0
2024,3,19393,12953,14831,10.0
2024,3,19393,12953,15016,12765.0
2024,3,19393,12953,15304,4857.0
2024,3,19690,12478,12173,7111.0
2024,3,19790,11618,10397,32243.0
2024,3,19790,11618,11433,11418.0
2024,3,19790,11618,13487,8799.0
2024,3,19790,11618,14869,9404.0
2024,3,19790,12197,10397,5956.0
2024,3,19790,12197,13204,2862.0
2024,3,19790,12197,14027,2434.0
2024,3,19790,12478,10397,29239.0
2024,3,19790,12478,10423,12500.0
2024,3,19790,12478,10721,5256.0
2024,3,19790,12478,10792,1721.0
2024,3,19790,12478,11292,12126.0
2024,3,19790,12478,11298,5560.0
2024,3,19790,12478,11433,4632.0
2024,3,19790,12478,11697,22129.0
2024,3,19790,12478,12173,6013.0
2024,3,19790,12478,12264,2.0
2024,3,19790,12478,12451,5979.0
2024,3,19790,12478,12889,23658.0
2024,3,19790,12478,12892,50462.0
2024,3,19790,12478,13198,1.0
2024,3,19790,12478,13204,28358.0
2024,3,19790,12478,13303,23289.0
2024,3,19790,12478,13487,4826.0
2024,3,19790,12478,13495,6997.0
2024,3,19790,12478,14027,8512.0
2024,3,19790,12478,14057,4526.0
2024,3,19790,12478,14107,13397.0
2024,3,19790,12478,14635,8386.0
2024,3,19790,12478,14679,12444.0
2024,3,19790,12478,14683,3325.0
2024,3,19790,12478,14747,13934.0
2024,3,19790,12478,14771,26353.0
2024,3,19790,12478,14843,15796.0
2024,3,19790,12478,14869,20949.0
2024,3,19790,12478,15024,5588.0
2024,3,19790,12478,15304,14780.0
2024,3,19790,12478,15376,14.0
2024,3,19790,12953,10397,61231.0
2024,3,19790,12953,10423,1.0
2024,3,19790,12953,10721,7918.0
2024,3,19790,12953,11292,12525.0
2024,3,19790,12953,11298,17070.0
2024,3,19790,12953,11433,21191.0
2024,3,19790,12953,11697,24815.0
2024,3,19790,12953,12266,11597.0
2024,3,19790,12953,12451,117.0
2024,3,19790,12953,13204,31308.0
2024,3,19790,12953,13303,27015.0
2024,3,19790,12953,13487,19202.0
2024,3,19790,12953,13495,7755.0
2024,3,19790,12953,13930,9431.0
2024,3,19790,12953,14027,19959.0
2024,3,19790,12953,14122,36.0
2024,3,19790,12953,14635,9810.0
2024,3,19790,12953,14869,271.0
2024,3,19790,12953,14986,6139.0
2024,3,19790,12953,15304,19971.0
2024,3,19805,11618,11057,25662.0
2024,3,19805,11618,11298,19331.0
2024,3,19805,11618,13303,19035.0
2024,3,19805,11618,13930,3789.0
2024,3,19805,11618,14107,17025.0
2024,3,19805,12478,10423,12914.0
2024,3,19805,12478,11057,23295.0
2024,3,19805,12478,11298,13540.0
2024,3,19805,12478,11503,2751.0
2024,3,19805,12478,12892,25527.0
2024,3,19805,12478,13303,42907.0
2024,3,19805,12478,13930,6314.0
2024,3,19805,12478,14107,20034.0
2024,3,19805,12478,14771,10544.0
2024,3,19805,12478,14908,2767.0
2024,3,19805,12478,15024,3539.0
2024,3,19805,12953,10693,3402.0
2024,3,19805,12953,10721,10672.0
2024,3,19805,12953,11057,36989.0
2024,3,19805,12953,11278,11432.0
2024,3,19805,12953,11298,41393.0
2024,3,19805,12953,11433,2076.0
2024,3,19805,12953,12266,1.0
2024,3,19805,12953,13303,38798.0
2024,3,19805,12953,13930,23532.0
2024,3,19805,12953,14122,1362.0
2024,3,19805,12953,14492,13237.0
2024,3,19805,12953,15016,4522.0
2024,3,19930,11618,10620,2.0
2024,3,19930,11618,12892,11214.0
2024,3,19930,11618,14057,4415.0
2024,3,19930,11618,14679,4023.0
2024,3,19930,11618,14747,11005.0
2024,3,19930,11618,14771,7516.0
2024,3,19930,12478,14057,2951.0
2024,3,19930,12478,14262,3773.0
2024,3,19930,12478,14679,6898.0
2024,3,19930,12478,14747,17098.0
2024,3,19930,12478,14771,13748.0
2024,3,19977,11618,10257,0.0
2024,3,19977,11618,10397,21118.0
2024,3,19977,11618,10423,18688.0
2024,3,19977,11618,10620,0.0
2024,3,19977,11618,10693,16980.0
2024,3,19977,11618,10721,32569.0
2024,3,19977,11618,10732,4790.0
2024,3,19977,11618,10785,4414.0
2024,3,19977,11618,10792,3108.0
2024,3,19977,11618,10849,3843.0
2024,3,19977,11618,10994,8496.0
2024,3,19977,11618,11042,13020.0
2024,3,19977,11618,11057,14111.0
2024,3,19977,11618,11193,2656.0
2024,3,19977,11618,11278,0.0
2024,3,19977,11618,11292,37064.0
2024,3,19977,11618,11298,18429.0
2024,3,19977,11618,11433,3399.0
2024,3,19977,11618,11503,4504.0
2024,3,19977,11618,11603,3.0
2024,3,19977,11618,11624,3646.0
2024,3,19977,11618,11697,40858.0
2024,3,19977,11618,12094,2672.0
2024,3,19977,11618,12173,5461.0
2024,3,19977,11618,12264,9718.0
2024,3,19977,11618,12266,42238.0
2024,3,19977,11618,12441,3441.0
2024,3,19977,11618,12451,11606.0
2024,3,19977,11618,12889,30706.0
2024,3,19977,11618,12892,52036.0
2024,3,19977,11618,12953,0.0
2024,3,19977,11618,13198,121.0
2024,3,19977,11618,13204,59006.0
2024,3,19977,11618,13303,36305.0
2024,3,19977,11618,13485,2998.0
2024,3,19977,11618,13486,0.0
2024,3,19977,11618,13487,6334.0
2024,3,19977,11618,13495,12802.0
2024,3,19977,11618,13502,2720.0
2024,3,19977,11618,13930,48507.0
2024,3,19977,11618,13931,2774.0
2024,3,19977,11618,14027,44658.0
2024,3,19977,11618,14057,4686.0
2024,3,19977,11618,14107,19041.0
2024,3,19977,11618,14262,2.0
2024,3,19977,11618,14321,4546.0
2024,3,19977,11618,14489,0.0
2024,3,19977,11618,14492,16006.0
2024,3,19977,11618,14570,14.0
2024,3,19977,11618,14576,3788.0
2024,3,19977,11618,14635,25548.0
2024,3,19977,11618,14679,13892.0
2024,3,19977,11618,14683,6895.0
2024,3,19977,11618,14685,6446.0
2024,3,19977,11618,14747,8767.0
2024,3,19977,11618,14771,53724.0
2024,3,19977,11618,14843,17265.0
2024,3,19977,11618,14869,11738.0
2024,3,19977,11618,14893,172.0
2024,3,19977,11618,14908,10254.0
2024,3,19977,11618,14986,12165.0
2024,3,19977,11618,15016,2151.0
2024,3,19977,11618,15024,3107.0
2024,3,19977,11618,15096,2260.0
2024,3,19977,11618,15304,34114.0
2024,3,19977,12953,11292,18594.0
2024,3,19977,12953,11298,7.0
2024,3,19977,12953,11618,0.0
2024,3,19977,12953,11624,5.0
2024,3,19977,12953,11986,5.0
2024,3,19977,12953,12266,11772.0
2024,3,19977,12953,12278,21.0
2024,3,19977,12953,12892,6.0
2024,3,19977,12953,13198,5.0
2024,3,19977,12953,13204,0.0
2024,3,19977,12953,13487,80.0
2024,3,19977,12953,13930,42878.0
2024,3,19977,12953,14107,0.0
2024,3,19977,12953,14635,0.0
2024,3,19977,12953,14730,8.0
2024,3,19977,12953,14747,6.0
2024,3,19977,12953,14771,8.0
2024,3,19977,12953,14869,3.0
2024,3,19977,12953,14908,13.0
2024,3,19977,12953,15304,8.0
2024,3,19977,15070,11618,0.0
2024,3,20253,12197,10154,0.0
2024,3,20253,12197,12932,284.0
2024,3,20253,12197,13541,0.0
2024,3,20253,12478,10154,0.0
2024,3,20253,12478,13541,86.0
2024,3,20253,12478,14875,106.0
2024,3,20304,12197,10397,1346.0
2024,3,20304,12197,11433,4675.0
2024,3,20304,12478,10693,471.0
2024,3,20304,12478,10792,365.0
2024,3,20304,12478,11042,418.0
2024,3,20304,12478,12264,483.0
2024,3,20304,12478,13487,619.0
2024,3,20304,12478,13930,5358.0
2024,3,20304,12953,10693,3488.0
2024,3,20304,12953,10792,2853.0
2024,3,20304,12953,11042,2925.0
2024,3,20304,12953,11057,1.0
2024,3,20304,12953,11986,120.0
2024,3,20304,12953,12266,908.0
2024,3,20304,12953,13198,413.0
2024,3,20304,12953,13244,361.0
2024,3,20304,12953,13342,945.0
2024,3,20304,12953,13851,1667.0
2024,3,20304,12953,13871,3138.0
2024,3,20304,12953,13930,3670.0
2024,3,20304,12953,14122,871.0
2024,3,20304,12953,14730,1464.0
2024,3,20363,11618,11193,3435.0
2024,3,20363,11618,14492,4680.0
2024,3,20363,12197,10397,3987.0
2024,3,20363,12197,11433,332.0
2024,3,20363,12478,10581,1787.0
2024,3,20363,12478,10693,2197.0
2024,3,20363,12478,10785,4128.0
2024,3,20363,12478,10792,2130.0
2024,3,20363,12478,10821,3673.0
2024,3,20363,12478,10994,3301.0
2024,3,20363,12478,11042,2779.0
2024,3,20363,12478,11057,2718.0
2024,3,20363,12478,11193,4620.0
2024,3,20363,12478,11278,118.0
2024,3,20363,12478,11433,5127.0
2024,3,20363,12478,12264,1975.0
2024,3,20363,12478,12339,4701.0
2024,3,20363,12478,12397,3406.0
2024,3,20363,12478,12451,2084.0
2024,3,20363,12478,13198,1738.0
2024,3,20363,12478,13342,2011.0
2024,3,20363,12478,13487,2523.0
2024,3,20363,12478,13930,2930.0
2024,3,20363,12478,13931,3906.0
2024,3,20363,12478,14122,1375.0
2024,3,20363,12478,14321,3773.0
2024,3,20363,12478,14492,8208.0
2024,3,20363,12478,14524,3166.0
2024,3,20363,12478,14576,3960.0
2024,3,20363,12478,14685,6399.0
2024,3,20363,12478,15096,3680.0
2024,3,20363,12953,10257,3277.0
2024,3,20363,12953,10431,1485.0
2024,3,20363,12953,10529,1576.0
2024,3,20363,12953,10581,4023.0
2024,3,20363,12953,10599,4390.0
2024,3,20363,12953,10693,3230.0
2024,3,20363,12953,10785,5550.0
2024,3,20363,12953,10792,3722.0
2024,3,20363,12953,10868,1511.0
2024,3,20363,12953,10990,4234.0
2024,3,20363,12953,10994,4256.0
2024,3,20363,12953,11042,4557.0
2024,3,20363,12953,11057,5215.0
2024,3,20363,12953,11066,195.0
2024,3,20363,12953,11193,7023.0
2024,3,20363,12953,11267,1172.0
2024,3,20363,12953,11423,2775.0
2024,3,20363,12953,11986,4214.0
2024,3,20363,12953,11995,4985.0
2024,3,20363,12953,11996,4963.0
2024,3,20363,12953,12323,1996.0
2024,3,20363,12953,12339,4272.0
2024,3,20363,12953,12451,5363.0
2024,3,20363,12953,12992,317.0
2024,3,20363,12953,13198,4816.0
2024,3,20363,12953,13244,3127.0
2024,3,20363,12953,13342,5357.0
2024,3,20363,12953,13485,460.0
2024,3,20363,12953,13577,2131.0
2024,3,20363,12953,13871,661.0
2024,3,20363,12953,13931,4809.0
2024,3,20363,12953,13933,1058.0
2024,3,20363,12953,14122,4450.0
2024,3,20363,12953,14193,1972.0
2024,3,20363,12953,14307,3640.0
2024,3,20363,12953,14321,2791.0
2024,3,20363,12953,14492,11938.0
2024,3,20363,12953,14524,4702.0
2024,3,20363,12953,14574,1331.0
2024,3,20363,12953,14576,5320.0
2024,3,20363,12953,14685,6184.0
2024,3,20363,12953,15016,6044.0
2024,3,20363,12953,15096,4433.0
2024,3,20363,12953,15412,4402.0
2024,3,20368,11618,10431,1448.0
2024,3,20368,11618,11193,1203.0
2024,3,20368,11618,11423,1145.0
2024,3,20368,11618,14685,965.0
2024,3,20368,11618,15412,1469.0
2024,3,20368,11618,15624,1321.0
2024,3,20368,15070,13577,1328.0
2024,3,20368,15070,14082,1497.0
2024,3,20368,15070,14112,1598.0
2024,3,20368,15070,14761,1472.0
2024,3,20378,12953,10693,75.0
2024,3,20378,12953,12264,2423.0
2024,3,20378,12953,12266,4392.0
2024,3,20378,12953,12951,76.0
2024,3,20378,12953,13244,219.0
2024,3,20397,12197,10821,35.0
2024,3,20397,12197,11057,6199.0
2024,3,20397,12197,11278,4936.0
2024,3,20398,11618,13930,6143.0
2024,3,20398,12197,13303,2137.0
2024,3,20398,12197,13930,4163.0
2024,3,20409,11618,11697,13669.0
2024,3,20409,11618,12478,153.0
2024,3,20409,11618,12892,10127.0
2024,3,20409,11618,12953,135.0
2024,3,20409,11618,13204,15613.0
2024,3,20409,11618,14027,8034.0
2024,3,20409,11618,14635,3803.0
2024,3,20409,11618,14843,4166.0
2024,3,20409,11618,14986,152.0
2024,3,20409,11618,15304,4357.0
2024,3,20409,12197,11697,11599.0
2024,3,20409,12197,13204,12573.0
2024,3,20409,12197,14027,23977.0
2024,3,20409,12197,14635,4612.0
2024,3,20409,12197,15304,4245.0
2024,3,20409,12478,10140,3528.0
2024,3,20409,12478,10397,7184.0
2024,3,20409,12478,10423,3657.0
2024,3,20409,12478,10693,3104.0
2024,3,20409,12478,10721,16816.0
2024,3,20409,12478,10732,9360.0
2024,3,20409,12478,10792,9520.0
2024,3,20409,12478,10800,3876.0
2024,3,20409,12478,10849,1287.0
2024,3,20409,12478,10994,5182.0
2024,3,20409,12478,11292,3761.0
2024,3,20409,12478,11433,1570.0
2024,3,20409,12478,11618,184.0
2024,3,20409,12478,11697,29069.0
2024,3,20409,12478,12266,3602.0
2024,3,20409,12478,12451,7100.0
2024,3,20409,12478,12889,12677.0
2024,3,20409,12478,12892,33950.0
2024,3,20409,12478,13198,3128.0
2024,3,20409,12478,13204,27194.0
2024,3,20409,12478,13303,15264.0
2024,3,20409,12478,13342,2296.0
2024,3,20409,12478,13495,3375.0
2024,3,20409,12478,13891,3634.0
2024,3,20409,12478,13930,2168.0
2024,3,20409,12478,14027,19103.0
2024,3,20409,12478,14057,495.0
2024,3,20409,12478,14107,5238.0
2024,3,20409,12478,14254,4379.0
2024,3,20409,12478,14262,3475.0
2024,3,20409,12478,14492,6301.0
2024,3,20409,12478,14524,7.0
2024,3,20409,12478,14570,3732.0
2024,3,20409,12478,14576,4882.0
2024,3,20409,12478,14635,12168.0
2024,3,20409,12478,14679,7859.0
2024,3,20409,12478,14683,3384.0
2024,3,20409,12478,14685,4112.0
2024,3,20409,12478,14747,3816.0
2024,3,20409,12478,14771,15755.0
2024,3,20409,12478,14831,404.0
2024,3,20409,12478,14843,30289.0
2024,3,20409,12478,14869,7697.0
2024,3,20409,12478,14893,5384.0
2024,3,20409,12478,14986,3733.0
2024,3,20409,12478,15096,4690.0
2024,3,20409,12478,15249,149.0
2024,3,20409,12478,15304,12574.0
2024,3,20409,12953,10397,11712.0
2024,3,20409,12953,10721,17765.0
2024,3,20409,12953,10792,129.0
2024,3,20409,12953,11292,3703.0
2024,3,20409,12953,11697,22856.0
2024,3,20409,12953,13204,27189.0
2024,3,20409,12953,13495,6254.0
2024,3,20409,12953,14027,19044.0
2024,3,20409,12953,14635,7549.0
2024,3,20409,12953,14986,3685.0
2024,3,20409,12953,15304,11111.0
2024,3,20416,11618,10397,5320.0
2024,3,20416,11618,10423,1044.0
2024,3,20416,11618,10693,4028.0
2024,3,20416,11618,10994,5115.0
2024,3,20416,11618,11298,5109.0
2024,3,20416,11618,11433,4385.0
2024,3,20416,11618,11697,27925.0
2024,3,20416,11618,12266,4612.0
2024,3,20416,11618,12339,4725.0
2024,3,20416,11618,12889,5165.0
2024,3,20416,11618,12892,5372.0
2024,3,20416,11618,13204,26227.0
2024,3,20416,11618,13303,8579.0
2024,3,20416,11618,13495,4492.0
2024,3,20416,11618,13577,9952.0
2024,3,20416,11618,13796,4812.0
2024,3,20416,11618,14107,5184.0
2024,3,20416,11618,14122,3792.0
2024,3,20416,11618,14843,5765.0
2024,3,20416,12953,10397,5085.0
2024,3,20416,12953,11057,7777.0
2024,3,20416,12953,11298,5164.0
2024,3,20416,12953,11433,15831.0
2024,3,20416,12953,11697,24997.0
2024,3,20416,12953,12266,10488.0
2024,3,20416,12953,13204,12914.0
2024,3,20416,12953,13303,11961.0
2024,3,20416,12953,13577,8752.0
2024,3,20416,12953,13930,11277.0
2024,3,20416,12953,14027,6104.0
2024,3,20422,11618,11066,56.0
2024,3,20422,11618,13487,501.0
2024,3,20436,12391,11697,5308.0
2024,3,20436,12391,13204,8107.0
2024,3,20436,12391,14027,5750.0
2024,3,20436,12391,14635,3978.0
2024,3,20436,12391,15304,5493.0
2024,3,20436,12953,10397,5470.0
2024,3,20436,12953,11298,4064.0
2024,3,20436,12953,13204,6387.0
2024,3,20436,12953,13303,5442.0
2024,3,20436,12953,14843,16.0
2024,3,20452,11618,10257,1951.0
2024,3,20452,11618,10397,529.0
2024,3,20452,11618,10423,277.0
2024,3,20452,11618,10431,1912.0
2024,3,20452,11618,10581,1936.0
2024,3,20452,11618,10721,6340.0
2024,3,20452,11618,10785,1997.0
2024,3,20452,11618,10792,1940.0
2024,3,20452,11618,10994,2013.0
2024,3,20452,11618,11042,3076.0
2024,3,20452,11618,11057,82.0
2024,3,20452,11618,11066,9891.0
2024,3,20452,11618,11193,4447.0
2024,3,20452,11618,11278,221.0
2024,3,20452,11618,11298,75.0
2024,3,20452,11618,11433,4918.0
2024,3,20452,11618,11624,1650.0
2024,3,20452,11618,11986,3333.0
2024,3,20452,11618,11995,3137.0
2024,3,20452,11618,11996,4089.0
2024,3,20452,11618,12124,57.0
2024,3,20452,11618,12264,2150.0
2024,3,20452,11618,12339,9072.0
2024,3,20452,11618,12451,2644.0
2024,3,20452,11618,13230,2045.0
2024,3,20452,11618,13244,61.0
2024,3,20452,11618,13342,3355.0
2024,3,20452,11618,13487,2064.0
2024,3,20452,11618,13577,2257.0
2024,3,20452,11618,13931,1879.0
2024,3,20452,11618,14100,3225.0
2024,3,20452,11618,14122,9834.0
2024,3,20452,11618,14492,2012.0
2024,3,20452,11618,14524,0.0
2024,3,20452,11618,14685,2233.0
2024,3,20452,11618,14730,4951.0
2024,3,20452,11618,15016,4337.0
2024,3,20452,11618,15096,2184.0
2024,3,20452,12197,11433,1219.0
2024,3,20452,12478,10693,5646.0
2024,3,20452,12478,10721,12512.0
2024,3,20452,12478,10792,4059.0
2024,3,20452,12478,10994,3163.0
2024,3,20452,12478,11042,4748.0
2024,3,20452,12478,11057,2101.0
2024,3,20452,12478,11066,9042.0
2024,3,20452,12478,11193,4081.0
2024,3,20452,12478,11278,10917.0
2024,3,20452,12478,12264,1096.0
2024,3,20452,12478,12339,4798.0
2024,3,20452,12478,12451,627.0
2024,3,20452,12478,13930,274.0
2024,3,20452,12478,13931,1740.0
2024,3,20452,12478,13933,651.0
2024,3,20452,12478,14122,7017.0
2024,3,20452,12478,14492,7986.0
2024,3,20452,12478,14524,123.0
2024,3,20452,12953,10431,1267.0
2024,3,20452,12953,10599,808.0
2024,3,20452,12953,10693,5473.0
2024,3,20452,12953,10721,18372.0
2024,3,20452,12953,10792,3266.0
2024,3,20452,12953,10868,1735.0
2024,3,20452,12953,10990,2294.0
2024,3,20452,12953,10994,3755.0
2024,3,20452,12953,11042,4247.0
2024,3,20452,12953,11057,3503.0
2024,3,20452,12953,11066,13533.0
2024,3,20452,12953,11193,2142.0
2024,3,20452,12953,11267,1236.0
2024,3,20452,12953,11278,14350.0
2024,3,20452,12953,11423,1160.0
2024,3,20452,12953,11433,2648.0
2024,3,20452,12953,11624,3676.0
2024,3,20452,12953,11986,828.0
2024,3,20452,12953,11995,3300.0
2024,3,20452,12953,11996,2939.0
2024,3,20452,12953,12264,6791.0
2024,3,20452,12953,12323,4062.0
2024,3,20452,12953,12339,7745.0
2024,3,20452,12953,12451,465.0
2024,3,20452,12953,12992,2348.0
2024,3,20452,12953,13198,2938.0
2024,3,20452,12953,13204,0.0
2024,3,20452,12953,13244,4498.0
2024,3,20452,12953,13303,631.0
2024,3,20452,12953,13485,1243.0
2024,3,20452,12953,13487,2325.0
2024,3,20452,12953,13851,3293.0
2024,3,20452,12953,13871,2585.0
2024,3,20452,12953,13930,7579.0
2024,3,20452,12953,13931,2178.0
2024,3,20452,12953,14100,3623.0
2024,3,20452,12953,14122,7815.0
2024,3,20452,12953,14321,2976.0
2024,3,20452,12953,14492,282.0
2024,3,20452,12953,14524,5683.0
2024,3,20452,12953,14574,1323.0
2024,3,20452,12953,14730,5002.0
2024,3,20452,12953,15016,1341.0
2024,3,20452,12953,15096,451.0
2024,3,20452,12953,15370,1515.0
2024,3,20452,12953,15412,1267.0
2024,3,20452,12953,15919,2832.0
2024,3,20500,11618,10257,1226.0
2024,3,20500,11618,10434,2082.0
2024,3,20500,11618,10785,1273.0
2024,3,20500,11618,10792,1413.0
2024,3,20500,11618,11042,21.0
2024,3,20500,11618,11066,44.0
2024,3,20500,11618,11193,142.0
2024,3,20500,11618,11278,10780.0
2024,3,20500,11618,11433,379.0
2024,3,20500,11618,11995,586.0
2024,3,20500,11618,12264,1307.0
2024,3,20500,11618,12323,2789.0
2024,3,20500,11618,12397,2281.0
2024,3,20500,11618,13230,950.0
2024,3,20500,11618,13296,2702.0
2024,3,20500,11618,13931,1336.0
2024,3,20500,11618,14122,889.0
2024,3,20500,11618,14231,1903.0
2024,3,20500,11618,14307,2784.0
2024,3,20500,11618,14321,2400.0
2024,3,20500,11618,14492,89.0
2024,3,20500,11618,14524,5590.0
2024,3,20500,11618,14576,2783.0
2024,3,20500,11618,14685,273.0
2024,3,20500,11618,14711,2387.0
2024,3,20500,11618,15096,933.0
2024,3,20500,12953,12264,225.0
2024,3,22080,12197,10994,1087.0
2024,3,22080,12197,15628,5489.0
2024,3,22080,12391,10994,852.0
2024,3,22080,12391,13495,86.0
2024,3,22080,12391,14492,904.0
2024,3,22080,12391,15628,936.0
2024,3,22080,15070,10994,882.0
2024,3,22080,15070,13204,1341.0
2024,4,19393,12391,10821,12761.0
2024,4,19393,12391,11259,8.0
2024,4,19393,12391,13204,8254.0
2024,4,19393,12391,14027,6860.0
2024,4,19393,12391,15304,1759.0
2024,4,19393,12953,10397,16720.0
2024,4,19393,12953,10693,16015.0
2024,4,19393,12953,11259,15551.0
2024,4,19393,12953,11292,14685.0
2024,4,19393,12953,12191,12780.0
2024,4,19393,12953,12889,3.0
2024,4,19393,12953,13198,4695.0
2024,4,19393,12953,13232,24735.0
2024,4,19393,12953,13495,4187.0
2024,4,19393,12953,13796,5.0
2024,4,19393,12953,14107,89.0
2024,4,19393,12953,14730,26.0
2024,4,19393,12953,15016,12294.0
2024,4,19393,12953,15304,4156.0
2024,4,19690,12478,12173,6785.0
2024,4,19790,11618,10397,31037.0
2024,4,19790,11618,11433,11729.0
2024,4,19790,11618,13487,9355.0
2024,4,19790,11618,14869,9501.0
2024,4,19790,12197,10397,5797.0
2024,4,19790,12197,13204,2523.0
2024,4,19790,12197,14027,1871.0
2024,4,19790,12478,10397,28649.0
2024,4,19790,12478,10423,14048.0
2024,4,19790,12478,10721,5601.0
2024,4,19790,12478,10792,2273.0
2024,4,19790,12478,11292,11507.0
2024,4,19790,12478,11298,5465.0
2024,4,19790,12478,11433,5853.0
2024,4,19790,12478,11697,19832.0
2024,4,19790,12478,12173,5162.0
2024,4,19790,12478,12451,4303.0
2024,4,19790,12478,12889,23226.0
2024,4,19790,12478,12892,50376.0
2024,4,19790,12478,13204,27406.0
2024,4,19790,12478,13303,22004.0
2024,4,19790,12478,13487,5740.0
2024,4,19790,12478,13495,6678.0
2024,4,19790,12478,14027,8040.0
2024,4,19790,12478,14057,4576.0
2024,4,19790,12478,14107,12568.0
2024,4,19790,12478,14635,4238.0
2024,4,19790,12478,14679,12587.0
2024,4,19790,12478,14683,3594.0
2024,4,19790,12478,14747,17943.0
2024,4,19790,12478,14771,28506.0
2024,4,19790,12478,14843,15446.0
2024,4,19790,12478,14869,18978.0
2024,4,19790,12478,15024,5257.0
2024,4,19790,12478,15304,13898.0
2024,4,19790,12953,10397,61013.0
2024,4,19790,12953,10721,5305.0
2024,4,19790,12953,10994,1864.0
2024,4,19790,12953,11292,11634.0
2024,4,19790,12953,11298,16865.0
2024,4,19790,12953,11433,23789.0
2024,4,19790,12953,11697,22124.0
2024,4,19790,12953,12266,11621.0
2024,4,19790,12953,12451,2384.0
2024,4,19790,12953,13204,28542.0
2024,4,19790,12953,13303,25612.0
2024,4,19790,12953,13487,19347.0
2024,4,19790,12953,13495,7889.0
2024,4,19790,12953,13930,18694.0
2024,4,19790,12953,14027,17903.0
2024,4,19790,12953,14635,8276.0
2024,4,19790,12953,14986,5388.0
2024,4,19790,12953,15304,19244.0
2024,4,19805,11618,11057,25277.0
2024,4,19805,11618,11298,18298.0
2024,4,19805,11618,13244,8.0
2024,4,19805,11618,13303,17309.0
2024,4,19805,11618,13930,5962.0
2024,4,19805,11618,14107,15932.0
2024,4,19805,11618,14122,1.0
2024,4,19805,12478,10423,11861.0
2024,4,19805,12478,11057,21238.0
2024,4,19805,12478,11298,12664.0
2024,4,19805,12478,11503,32.0
2024,4,19805,12478,12892,24494.0
2024,4,19805,12478,13303,33952.0
2024,4,19805,12478,13930,8109.0
2024,4,19805,12478,14107,21324.0
2024,4,19805,12478,14771,10389.0
2024,4,19805,12478,14908,2712.0
2024,4,19805,12478,15024,3437.0
2024,4,19805,12953,10693,160.0
2024,4,19805,12953,10721,7470.0
2024,4,19805,12953,11057,35478.0
2024,4,19805,12953,11278,15748.0
2024,4,19805,12953,11298,41236.0
2024,4,19805,12953,11433,2105.0
2024,4,19805,12953,13303,37468.0
2024,4,19805,12953,13930,25837.0
2024,4,19805,12953,14122,1646.0
2024,4,19805,12953,14492,11371.0
2024,4,19805,12953,15016,3870.0
2024,4,19930,11618,12892,12618.0
2024,4,19930,11618,14057,4439.0
2024,4,19930,11618,14679,3997.0
2024,4,19930,11618,14747,13374.0
2024,4,19930,11618,14771,9313.0
2024,4,19930,12478,14057,3623.0
2024,4,19930,12478,14262,2611.0
2024,4,19930,12478,14679,8575.0
2024,4,19930,12478,14747,17858.0
2024,4,19930,12478,14771,14983.0
2024,4,19977,11618,10397,23683.0
2024,4,19977,11618,10423,17442.0
2024,4,19977,11618,10581,0.0
2024,4,19977,11618,10693,17624.0
2024,4,19977,11618,10721,29942.0
2024,4,19977,11618,10732,4343.0
2024,4,19977,11618,10785,3390.0
2024,4,19977,11618,10792,3354.0
2024,4,19977,11618,10849,457.0
2024,4,19977,11618,10994,10253.0
2024,4,19977,11618,11042,7591.0
2024,4,19977,11618,11057,13438.0
2024,4,19977,11618,11193,2357.0
2024,4,19977,11618,11278,0.0
2024,4,19977,11618,11292,35852.0
2024,4,19977,11618,11298,17745.0
2024,4,19977,11618,11433,2896.0
2024,4,19977,11618,11503,438.0
2024,4,19977,11618,11624,3368.0
2024,4,19977,11618,11697,36347.0
2024,4,19977,11618,12173,1861.0
2024,4,19977,11618,12264,13058.0
2024,4,19977,11618,12266,37412.0
2024,4,19977,11618,12441,574.0
2024,4,19977,11618,12451,9951.0
2024,4,19977,11618,12889,31040.0
2024,4,19977,11618,12892,56009.0
2024,4,19977,11618,13198,2702.0
2024,4,19977,11618,13204,57956.0
2024,4,19977,11618,13244,0.0
2024,4,19977,11618,13303,33433.0
2024,4,19977,11618,13485,3297.0
2024,4,19977,11618,13487,5367.0
2024,4,19977,11618,13495,11524.0
2024,4,19977,11618,13930,52334.0
2024,4,19977,11618,13931,4589.0
2024,4,19977,11618,14027,37575.0
2024,4,19977,11618,14057,5020.0
2024,4,19977,11618,14107,18327.0
2024,4,19977,11618,14122,0.0
2024,4,19977,11618,14321,3207.0
2024,4,19977,11618,14489,23.0
2024,4,19977,11618,14492,19991.0
2024,4,19977,11618,14576,3176.0
2024,4,19977,11618,14635,24226.0
2024,4,19977,11618,14679,17332.0
2024,4,19977,11618,14683,6161.0
2024,4,19977,11618,14685,6749.0
2024,4,19977,11618,14730,0.0
2024,4,19977,11618,14747,8933.0
2024,4,19977,11618,14771,55388.0
2024,4,19977,11618,14843,15809.0
2024,4,19977,11618,14869,6498.0
2024,4,19977,11618,14893,4380.0
2024,4,19977,11618,14908,10557.0
2024,4,19977,11618,14986,11509.0
2024,4,19977,11618,15016,5802.0
2024,4,19977,11618,15024,3769.0
2024,4,19977,11618,15096,3278.0
2024,4,19977,11618,15304,32939.0
2024,4,19977,12953,10693,17.0
2024,4,19977,12953,11292,15330.0
2024,4,19977,12953,11618,0.0
2024,4,19977,12953,12266,17288.0
2024,4,19977,12953,13256,0.0
2024,4,19977,12953,13871,0.0
2024,4,19977,12953,13930,48206.0
2024,4,19977,12953,14107,16.0
2024,4,19977,12953,14635,2.0
2024,4,20253,12197,10154,0.0
2024,4,20253,12197,12932,287.0
2024,4,20253,12197,13541,0.0
2024,4,20253,12478,10154,9.0
2024,4,20253,12478,13541,139.0
2024,4,20253,12478,14875,98.0
2024,4,20304,11618,13487,67.0
2024,4,20304,11618,13930,5.0
2024,4,20304,12197,10397,454.0
2024,4,20304,12197,11433,4837.0
2024,4,20304,12478,10693,2792.0
2024,4,20304,12478,12264,2657.0
2024,4,20304,12478,13487,592.0
2024,4,20304,12478,13930,5532.0
2024,4,20304,12478,15096,1102.0
2024,4,20304,12953,10693,3890.0
2024,4,20304,12953,10792,1007.0
2024,4,20304,12953,11042,2415.0
2024,4,20304,12953,12266,5459.0
2024,4,20304,12953,12339,1185.0
2024,4,20304,12953,13342,1404.0
2024,4,20304,12953,13851,1638.0
2024,4,20304,12953,13871,2936.0
2024,4,20304,12953,13930,898.0
2024,4,20304,12953,14122,415.0
2024,4,20304,12953,14730,1656.0
2024,4,20304,12953,15016,840.0
2024,4,20304,12953,15096,64.0
2024,4,20363,11618,11193,3554.0
2024,4,20363,11618,14492,4459.0
2024,4,20363,12197,10397,4813.0
2024,4,20363,12478,10208,93.0
2024,4,20363,12478,10257,1.0
2024,4,20363,12478,10581,1488.0
2024,4,20363,12478,10693,1855.0
2024,4,20363,12478,10785,3091.0
2024,4,20363,12478,10792,3430.0
2024,4,20363,12478,10821,3526.0
2024,4,20363,12478,10994,3520.0
2024,4,20363,12478,11042,4684.0
2024,4,20363,12478,11057,6075.0
2024,4,20363,12478,11193,5186.0
2024,4,20363,12478,11433,4071.0
2024,4,20363,12478,12264,565.0
2024,4,20363,12478,12339,5541.0
2024,4,20363,12478,12397,3545.0
2024,4,20363,12478,12451,1985.0
2024,4,20363,12478,13198,1629.0
2024,4,20363,12478,13342,1808.0
2024,4,20363,12478,13487,1835.0
2024,4,20363,12478,13930,1037.0
2024,4,20363,12478,13931,3683.0
2024,4,20363,12478,14122,1444.0
2024,4,20363,12478,14321,764.0
2024,4,20363,12478,14492,9212.0
2024,4,20363,12478,14524,3192.0
2024,4,20363,12478,14576,5121.0
2024,4,20363,12478,14685,6048.0
2024,4,20363,12478,15096,3669.0
2024,4,20363,12953,10208,692.0
2024,4,20363,12953,10257,3513.0
2024,4,20363,12953,10431,2784.0
2024,4,20363,12953,10529,1361.0
2024,4,20363,12953,10581,3783.0
2024,4,20363,12953,10599,4520.0
2024,4,20363,12953,10693,4419.0
2024,4,20363,12953,10785,4630.0
2024,4,20363,12953,10792,5770.0
2024,4,20363,12953,10868,1603.0
2024,4,20363,12953,10990,4285.0
2024,4,20363,12953,10994,5414.0
2024,4,20363,12953,11042,5181.0
2024,4,20363,12953,11057,5276.0
2024,4,20363,12953,11066,102.0
2024,4,20363,12953,11193,7224.0
2024,4,20363,12953,11267,1138.0
2024,4,20363,12953,11423,2812.0
2024,4,20363,12953,11433,76.0
2024,4,20363,12953,11986,4411.0
2024,4,20363,12953,11995,4845.0
2024,4,20363,12953,11996,4849.0
2024,4,20363,12953,12323,1565.0
2024,4,20363,12953,12339,5006.0
2024,4,20363,12953,12451,2967.0
2024,4,20363,12953,13198,6274.0
2024,4,20363,12953,13244,3921.0
2024,4,20363,12953,13342,4994.0
2024,4,20363,12953,13487,75.0
2024,4,20363,12953,13577,3179.0
2024,4,20363,12953,13871,1198.0
2024,4,20363,12953,13931,4846.0
2024,4,20363,12953,13933,901.0
2024,4,20363,12953,14122,5144.0
2024,4,20363,12953,14193,1766.0
2024,4,20363,12953,14307,1920.0
2024,4,20363,12953,14321,352.0
2024,4,20363,12953,14492,11894.0
2024,4,20363,12953,14524,5270.0
2024,4,20363,12953,14574,1067.0
2024,4,20363,12953,14576,4703.0
2024,4,20363,12953,14685,5812.0
2024,4,20363,12953,15016,4528.0
2024,4,20363,12953,15096,3505.0
2024,4,20363,12953,15412,4486.0
2024,4,20363,12953,15919,683.0
2024,4,20368,11618,10431,1377.0
2024,4,20368,11618,11193,1347.0
2024,4,20368,11618,11423,1071.0
2024,4,20368,11618,14685,356.0
2024,4,20368,11618,15412,1494.0
2024,4,20368,11618,15624,1252.0
2024,4,20368,15070,13577,1240.0
2024,4,20368,15070,14082,1340.0
2024,4,20368,15070,14112,1394.0
2024,4,20368,15070,14761,1275.0
2024,4,20397,12197,11057,6178.0
2024,4,20397,12197,11278,5647.0
2024,4,20398,11618,13930,5797.0
2024,4,20398,12197,13303,1923.0
2024,4,20398,12197,13930,4728.0
2024,4,20409,11618,11697,12297.0
2024,4,20409,11618,12478,355.0
2024,4,20409,11618,12892,11319.0
2024,4,20409,11618,12953,255.0
2024,4,20409,11618,13204,13008.0
2024,4,20409,11618,14027,7364.0
2024,4,20409,11618,14635,4110.0
2024,4,20409,11618,14843,5266.0
2024,4,20409,11618,15304,4081.0
2024,4,20409,12197,11697,10483.0
2024,4,20409,12197,13204,11056.0
2024,4,20409,12197,14027,21034.0
2024,4,20409,12197,14635,3998.0
2024,4,20409,12197,15304,4276.0
2024,4,20409,12478,10140,3521.0
2024,4,20409,12478,10397,6513.0
2024,4,20409,12478,10423,3288.0
2024,4,20409,12478,10693,2488.0
2024,4,20409,12478,10721,17043.0
2024,4,20409,12478,10732,8267.0
2024,4,20409,12478,10792,9968.0
2024,4,20409,12478,10800,3787.0
2024,4,20409,12478,10994,5869.0
2024,4,20409,12478,11057,94.0
2024,4,20409,12478,11292,3574.0
2024,4,20409,12478,11433,4656.0
2024,4,20409,12478,11618,287.0
2024,4,20409,12478,11697,33758.0
2024,4,20409,12478,12197,401.0
2024,4,20409,12478,12266,3049.0
2024,4,20409,12478,12451,6652.0
2024,4,20409,12478,12889,15905.0
2024,4,20409,12478,12892,33493.0
2024,4,20409,12478,13198,3192.0
2024,4,20409,12478,13204,30554.0
2024,4,20409,12478,13303,14696.0
2024,4,20409,12478,13342,2817.0
2024,4,20409,12478,13495,3113.0
2024,4,20409,12478,13891,3799.0
2024,4,20409,12478,13930,2102.0
2024,4,20409,12478,13933,86.0
2024,4,20409,12478,14027,15223.0
2024,4,20409,12478,14057,3898.0
2024,4,20409,12478,14107,4665.0
2024,4,20409,12478,14254,4029.0
2024,4,20409,12478,14262,2857.0
2024,4,20409,12478,14492,5636.0
2024,4,20409,12478,14576,2323.0
2024,4,20409,12478,14635,10647.0
2024,4,20409,12478,14679,7879.0
2024,4,20409,12478,14683,3134.0
2024,4,20409,12478,14685,3716.0
2024,4,20409,12478,14747,3664.0
2024,4,20409,12478,14771,15781.0
2024,4,20409,12478,14831,3317.0
2024,4,20409,12478,14843,29153.0
2024,4,20409,12478,14869,3221.0
2024,4,20409,12478,14893,5286.0
2024,4,20409,12478,14986,3687.0
2024,4,20409,12478,15096,2448.0
2024,4,20409,12478,15249,73.0
2024,4,20409,12478,15304,13126.0
2024,4,20409,12953,10397,14531.0
2024,4,20409,12953,10721,14583.0
2024,4,20409,12953,11697,14115.0
2024,4,20409,12953,12451,113.0
2024,4,20409,12953,13204,18489.0
2024,4,20409,12953,13495,3124.0
2024,4,20409,12953,14027,10580.0
2024,4,20409,12953,14635,3375.0
2024,4,20409,12953,15304,6450.0
2024,4,20416,11618,10397,7728.0
2024,4,20416,11618,10423,2546.0
2024,4,20416,11618,10693,3881.0
2024,4,20416,11618,10994,4935.0
2024,4,20416,11618,11057,2646.0
2024,4,20416,11618,11298,3699.0
2024,4,20416,11618,11433,4232.0
2024,4,20416,11618,11697,24762.0
2024,4,20416,11618,12266,4835.0
2024,4,20416,11618,12339,4871.0
2024,4,20416,11618,12889,5236.0
2024,4,20416,11618,12892,5066.0
2024,4,20416,11618,13204,25003.0
2024,4,20416,11618,13303,9670.0
2024,4,20416,11618,13495,4300.0
2024,4,20416,11618,13577,8829.0
2024,4,20416,11618,13796,3391.0
2024,4,20416,11618,14107,2833.0
2024,4,20416,11618,14122,3349.0
2024,4,20416,11618,14683,2468.0
2024,4,20416,11618,14843,4026.0
2024,4,20416,12953,10397,4889.0
2024,4,20416,12953,10693,3101.0
2024,4,20416,12953,10994,2719.0
2024,4,20416,12953,11057,12276.0
2024,4,20416,12953,11298,4938.0
2024,4,20416,12953,11433,15734.0
2024,4,20416,12953,11697,22704.0
2024,4,20416,12953,12266,7687.0
2024,4,20416,12953,13204,14373.0
2024,4,20416,12953,13303,10658.0
2024,4,20416,12953,13577,8923.0
2024,4,20416,12953,13930,12135.0
2024,4,20416,12953,14027,1243.0
2024,4,20422,11618,13487,1819.0
2024,4,20422,12478,13487,3219.0
2024,4,20436,12391,11697,5505.0
2024,4,20436,12391,13204,8710.0
2024,4,20436,12391,13577,2864.0
2024,4,20436,12391,14027,5077.0
2024,4,20436,12391,14635,2785.0
2024,4,20436,12391,15304,4686.0
2024,4,20436,12953,10397,9243.0
2024,4,20436,12953,11042,2764.0
2024,4,20436,12953,11057,3214.0
2024,4,20436,12953,11193,2530.0
2024,4,20436,12953,11292,775.0
2024,4,20436,12953,11298,7854.0
2024,4,20436,12953,11697,65.0
2024,4,20436,12953,12266,12.0
2024,4,20436,12953,13204,2860.0
2024,4,20436,12953,13303,1107.0
2024,4,20436,12953,14492,3877.0
2024,4,20445,11618,10257,48.0
2024,4,20452,11618,10257,1771.0
2024,4,20452,11618,10397,1467.0
2024,4,20452,11618,10431,1827.0
2024,4,20452,11618,10581,1727.0
2024,4,20452,11618,10693,542.0
2024,4,20452,11618,10721,6579.0
2024,4,20452,11618,10785,1896.0
2024,4,20452,11618,10792,1987.0
2024,4,20452,11618,10994,224.0
2024,4,20452,11618,11042,5987.0
2024,4,20452,11618,11057,2159.0
2024,4,20452,11618,11066,9252.0
2024,4,20452,11618,11193,4255.0
2024,4,20452,11618,11278,75.0
2024,4,20452,11618,11298,179.0
2024,4,20452,11618,11433,5151.0
2024,4,20452,11618,11624,1279.0
2024,4,20452,11618,11986,3712.0
2024,4,20452,11618,11995,1558.0
2024,4,20452,11618,11996,5645.0
2024,4,20452,11618,12124,1768.0
2024,4,20452,11618,12339,9290.0
2024,4,20452,11618,12451,3140.0
2024,4,20452,11618,13198,1531.0
2024,4,20452,11618,13230,1345.0
2024,4,20452,11618,13244,2859.0
2024,4,20452,11618,13342,3584.0
2024,4,20452,11618,13487,2503.0
2024,4,20452,11618,13577,3636.0
2024,4,20452,11618,13931,1851.0
2024,4,20452,11618,14100,2669.0
2024,4,20452,11618,14122,9357.0
2024,4,20452,11618,14492,1683.0
2024,4,20452,11618,14685,2181.0
2024,4,20452,11618,14730,5256.0
2024,4,20452,11618,15016,1911.0
2024,4,20452,12197,11433,1922.0
2024,4,20452,12478,10693,4320.0
2024,4,20452,12478,10721,9792.0
2024,4,20452,12478,10792,2555.0
2024,4,20452,12478,10994,2533.0
2024,4,20452,12478,11042,3405.0
2024,4,20452,12478,11057,720.0
2024,4,20452,12478,11066,9496.0
2024,4,20452,12478,11193,3934.0
2024,4,20452,12478,11278,11389.0
2024,4,20452,12478,12264,431.0
2024,4,20452,12478,12339,4782.0
2024,4,20452,12478,12451,1560.0
2024,4,20452,12478,13930,1514.0
2024,4,20452,12478,13931,1691.0
2024,4,20452,12478,13933,704.0
2024,4,20452,12478,14122,6437.0
2024,4,20452,12478,14321,2836.0
2024,4,20452,12478,14492,7884.0
2024,4,20452,12953,10208,1282.0
2024,4,20452,12953,10431,1563.0
2024,4,20452,12953,10599,1140.0
2024,4,20452,12953,10693,6569.0
2024,4,20452,12953,10721,20108.0
2024,4,20452,12953,10792,3744.0
2024,4,20452,12953,10868,1658.0
2024,4,20452,12953,10990,2420.0
2024,4,20452,12953,10994,1035.0
2024,4,20452,12953,11042,4626.0
2024,4,20452,12953,11057,4288.0
2024,4,20452,12953,11066,14992.0
2024,4,20452,12953,11193,2850.0
2024,4,20452,12953,11267,1246.0
2024,4,20452,12953,11278,13201.0
2024,4,20452,12953,11298,50.0
2024,4,20452,12953,11423,1192.0
2024,4,20452,12953,11433,2548.0
2024,4,20452,12953,11624,3016.0
2024,4,20452,12953,11986,995.0
2024,4,20452,12953,11995,4467.0
2024,4,20452,12953,11996,2713.0
2024,4,20452,12953,12124,438.0
2024,4,20452,12953,12264,7614.0
2024,4,20452,12953,12323,4716.0
2024,4,20452,12953,12339,7745.0
2024,4,20452,12953,12451,1281.0
2024,4,20452,12953,12992,2845.0
2024,4,20452,12953,13198,1595.0
2024,4,20452,12953,13244,3672.0
2024,4,20452,12953,13303,585.0
2024,4,20452,12953,13485,2558.0
2024,4,20452,12953,13487,2631.0
2024,4,20452,12953,13851,3452.0
2024,4,20452,12953,13871,1364.0
2024,4,20452,12953,13930,3634.0
2024,4,20452,12953,13931,3039.0
2024,4,20452,12953,14100,4494.0
2024,4,20452,12953,14122,8038.0
2024,4,20452,12953,14321,5332.0
2024,4,20452,12953,14492,2444.0
2024,4,20452,12953,14524,5528.0
2024,4,20452,12953,14574,1287.0
2024,4,20452,12953,14576,530.0
2024,4,20452,12953,14730,5839.0
2024,4,20452,12953,15016,3005.0
2024,4,20452,12953,15096,1300.0
2024,4,20452,12953,15370,1323.0
2024,4,20452,12953,15412,1261.0
2024,4,20452,12953,15919,2989.0
2024,4,20500,11618,10257,1222.0
2024,4,20500,11618,10434,2056.0
2024,4,20500,11618,10785,918.0
2024,4,20500,11618,10792,1364.0
2024,4,20500,11618,11042,193.0
2024,4,20500,11618,11066,47.0
2024,4,20500,11618,11193,362.0
2024,4,20500,11618,11278,11762.0
2024,4,20500,11618,11433,281.0
2024,4,20500,11618,11995,2584.0
2024,4,20500,11618,12264,1793.0
2024,4,20500,11618,12323,2634.0
2024,4,20500,11618,12397,2523.0
2024,4,20500,11618,13230,1039.0
2024,4,20500,11618,13296,2393.0
2024,4,20500,11618,13931,185.0
2024,4,20500,11618,14122,971.0
2024,4,20500,11618,14231,1994.0
2024,4,20500,11618,14307,3406.0
2024,4,20500,11618,14321,2367.0
2024,4,20500,11618,14524,5119.0
2024,4,20500,11618,14576,2523.0
2024,4,20500,11618,14685,334.0
2024,4,20500,11618,14711,2203.0
2024,4,20500,11618,15016,40.0
2024,4,20500,11618,15096,2319.0
2024,4,21080,12197,10154,68.0
2024,4,22080,12197,10994,988.0
2024,4,22080,12197,15628,4396.0
2024,4,22080,12391,10994,924.0
2024,4,22080,12391,13495,106.0
2024,4,22080,12391,14492,791.0
2024,4,22080,12391,15628,828.0
2024,4,22080,15070,10994,805.0
2024,4,22080,15070,13204,1260.0
2024,5,19393,12391,10821,14316.0
2024,5,19393,12391,13204,7994.0
2024,5,19393,12391,14027,6188.0
2024,5,19393,12391,15304,781.0
2024,5,19393,12953,10397,17044.0
2024,5,19393,12953,10693,17568.0
2024,5,19393,12953,11259,16211.0
2024,5,19393,12953,11292,16068.0
2024,5,19393,12953,12191,13207.0
2024,5,19393,12953,12889,7.0
2024,5,19393,12953,13198,4071.0
2024,5,19393,12953,13232,26629.0
2024,5,19393,12953,13495,3911.0
2024,5,19393,12953,13796,19.0
2024,5,19393,12953,14107,124.0
2024,5,19393,12953,14730,41.0
2024,5,19393,12953,15016,14805.0
2024,5,19393,12953,15304,4237.0
2024,5,19690,12478,12173,7873.0
2024,5,19790,11618,10397,36387.0
2024,5,19790,11618,11433,14280.0
2024,5,19790,11618,13487,12891.0
2024,5,19790,11618,14869,9890.0
2024,5,19790,12197,10397,5996.0
2024,5,19790,12197,13204,302.0
2024,5,19790,12197,14027,208.0
2024,5,19790,12197,14685,3.0
2024,5,19790,12478,10397,32803.0
2024,5,19790,12478,10423,16810.0
2024,5,19790,12478,10721,6965.0
2024,5,19790,12478,10792,2786.0
2024,5,19790,12478,11292,12994.0
2024,5,19790,12478,11298,5785.0
2024,5,19790,12478,11433,7297.0
2024,5,19790,12478,11697,18331.0
2024,5,19790,12478,12173,6173.0
2024,5,19790,12478,12266,152.0
2024,5,19790,12478,12451,3317.0
2024,5,19790,12478,12889,24239.0
2024,5,19790,12478,12892,54705.0
2024,5,19790,12478,13198,175.0
2024,5,19790,12478,13204,26083.0
2024,5,19790,12478,13303,20870.0
2024,5,19790,12478,13487,7687.0
2024,5,19790,12478,13495,6390.0
2024,5,19790,12478,14027,7452.0
2024,5,19790,12478,14057,8998.0
2024,5,19790,12478,14107,13295.0
2024,5,19790,12478,14635,3571.0
2024,5,19790,12478,14679,13196.0
2024,5,19790,12478,14683,3865.0
2024,5,19790,12478,14747,22689.0
2024,5,19790,12478,14771,31919.0
2024,5,19790,12478,14843,15475.0
2024,5,19790,12478,14869,19849.0
2024,5,19790,12478,15024,5243.0
2024,5,19790,12478,15304,14017.0
2024,5,19790,12953,10397,65283.0
2024,5,19790,12953,10721,5408.0
2024,5,19790,12953,10994,2385.0
2024,5,19790,12953,11057,39.0
2024,5,19790,12953,11292,12270.0
2024,5,19790,12953,11298,18136.0
2024,5,19790,12953,11433,28298.0
2024,5,19790,12953,11697,20298.0
2024,5,19790,12953,12266,12423.0
2024,5,19790,12953,12451,3148.0
2024,5,19790,12953,13204,27215.0
2024,5,19790,12953,13303,26722.0
2024,5,19790,12953,13487,22303.0
2024,5,19790,12953,13495,8002.0
2024,5,19790,12953,13851,12.0
2024,5,19790,12953,13871,30.0
2024,5,19790,12953,13930,25266.0
2024,5,19790,12953,14027,17328.0
2024,5,19790,12953,14633,8.0
2024,5,19790,12953,14635,7667.0
2024,5,19790,12953,14986,3703.0
2024,5,19790,12953,15304,17530.0
2024,5,19805,11618,11057,27592.0
2024,5,19805,11618,11298,18742.0
2024,5,19805,11618,13303,17664.0
2024,5,19805,11618,13930,5067.0
2024,5,19805,11618,14107,16160.0
2024,5,19805,12478,10423,12557.0
2024,5,19805,12478,11057,20865.0
2024,5,19805,12478,11298,13013.0
2024,5,19805,12478,12889,100.0
2024,5,19805,12478,12892,25797.0
2024,5,19805,12478,13303,35485.0
2024,5,19805,12478,13930,8327.0
2024,5,19805,12478,14107,19476.0
2024,5,19805,12478,14771,11247.0
2024,5,19805,12478,14908,2817.0
2024,5,19805,12478,14960,1.0
2024,5,19805,12478,15024,2932.0
2024,5,19805,12953,10140,85.0
2024,5,19805,12953,10721,8150.0
2024,5,19805,12953,11057,35109.0
2024,5,19805,12953,11278,14641.0
2024,5,19805,12953,11298,44043.0
2024,5,19805,12953,11433,2582.0
2024,5,19805,12953,13303,39665.0
2024,5,19805,12953,13930,29550.0
2024,5,19805,12953,14122,1738.0
2024,5,19805,12953,14492,9267.0
2024,5,19805,12953,14730,131.0
2024,5,19805,12953,15016,4159.0
2024,5,19805,12953,15370,99.0
2024,5,19930,11618,12892,13742.0
2024,5,19930,11618,14057,4727.0
2024,5,19930,11618,14679,4265.0
2024,5,19930,11618,14747,15008.0
2024,5,19930,11618,14771,10181.0
2024,5,19930,12478,14057,4448.0
2024,5,19930,12478,14679,9114.0
2024,5,19930,12478,14747,19494.0
2024,5,19930,12478,14771,19294.0
2024,5,19977,11618,10299,993.0
2024,5,19977,11618,10397,26105.0
2024,5,19977,11618,10423,17964.0
2024,5,19977,11618,10693,19241.0
2024,5,19977,11618,10721,33450.0
2024,5,19977,11618,10732,4658.0
2024,5,19977,11618,10785,2808.0
2024,5,19977,11618,10792,3620.0
2024,5,19977,11618,10849,1369.0
2024,5,19977,11618,10994,6555.0
2024,5,19977,11618,11042,13210.0
2024,5,19977,11618,11057,13385.0
2024,5,19977,11618,11066,1337.0
2024,5,19977,11618,11193,1754.0
2024,5,19977,11618,11278,0.0
2024,5,19977,11618,11292,43764.0
2024,5,19977,11618,11298,20274.0
2024,5,19977,11618,11433,3007.0
2024,5,19977,11618,11503,1.0
2024,5,19977,11618,11624,3305.0
2024,5,19977,11618,11697,31414.0
2024,5,19977,11618,12191,0.0
2024,5,19977,11618,12264,14620.0
2024,5,19977,11618,12266,43469.0
2024,5,19977,11618,12323,0.0
2024,5,19977,11618,12339,347.0
2024,5,19977,11618,12441,774.0
2024,5,19977,11618,12451,10641.0
2024,5,19977,11618,12889,34016.0
2024,5,19977,11618,12892,57274.0
2024,5,19977,11618,13198,3277.0
2024,5,19977,11618,13204,50207.0
2024,5,19977,11618,13244,837.0
2024,5,19977,11618,13264,3.0
2024,5,19977,11618,13303,28045.0
2024,5,19977,11618,13485,2345.0
2024,5,19977,11618,13487,7882.0
2024,5,19977,11618,13495,11570.0
2024,5,19977,11618,13577,573.0
2024,5,19977,11618,13871,286.0
2024,5,19977,11618,13930,57024.0
2024,5,19977,11618,13931,3520.0
2024,5,19977,11618,14027,30501.0
2024,5,19977,11618,14057,5682.0
2024,5,19977,11618,14107,19372.0
2024,5,19977,11618,14122,0.0
2024,5,19977,11618,14262,68.0
2024,5,19977,11618,14321,3369.0
2024,5,19977,11618,14489,0.0
2024,5,19977,11618,14492,18806.0
2024,5,19977,11618,14576,3143.0
2024,5,19977,11618,14635,21680.0
2024,5,19977,11618,14679,18000.0
2024,5,19977,11618,14683,6539.0
2024,5,19977,11618,14685,5477.0
2024,5,19977,11618,14730,225.0
2024,5,19977,11618,14747,15253.0
2024,5,19977,11618,14771,58301.0
2024,5,19977,11618,14843,16743.0
2024,5,19977,11618,14869,3474.0
2024,5,19977,11618,14893,4711.0
2024,5,19977,11618,14908,11356.0
2024,5,19977,11618,14986,10103.0
2024,5,19977,11618,15016,6279.0
2024,5,19977,11618,15024,2798.0
2024,5,19977,11618,15096,1885.0
2024,5,19977,11618,15249,0.0
2024,5,19977,11618,15304,29279.0
2024,5,19977,12953,10423,2.0
2024,5,19977,12953,10693,2.0
2024,5,19977,12953,10781,0.0
2024,5,19977,12953,10849,8.0
2024,5,19977,12953,11066,1.0
2024,5,19977,12953,11109,0.0
2024,5,19977,12953,11292,18176.0
2024,5,19977,12953,11298,5.0
2024,5,19977,12953,11433,0.0
2024,5,19977,12953,11618,0.0
2024,5,19977,12953,12191,0.0
2024,5,19977,12953,12264,89.0
2024,5,19977,12953,12266,18028.0
2024,5,19977,12953,12889,10.0
2024,5,19977,12953,12892,28.0
2024,5,19977,12953,13244,4.0
2024,5,19977,12953,13495,0.0
2024,5,19977,12953,13851,0.0
2024,5,19977,12953,13871,36.0
2024,5,19977,12953,13891,2.0
2024,5,19977,12953,13930,52660.0
2024,5,19977,12953,14107,5.0
2024,5,19977,12953,14635,2.0
2024,5,19977,12953,14679,1.0
2024,5,19977,12953,14747,4.0
2024,5,19977,12953,14771,72.0
2024,5,19977,12953,14893,48.0
2024,5,20253,12197,10154,0.0
2024,5,20253,12197,12932,327.0
2024,5,20253,12197,13541,15.0
2024,5,20253,12478,10154,0.0
2024,5,20253,12478,13541,146.0
2024,5,20253,12478,14875,105.0
2024,5,20304,12197,11042,1.0
2024,5,20304,12197,11433,4279.0
2024,5,20304,12478,10693,4003.0
2024,5,20304,12478,12264,3680.0
2024,5,20304,12478,13930,6210.0
2024,5,20304,12478,14730,12.0
2024,5,20304,12478,15096,1985.0
2024,5,20304,12953,10693,5567.0
2024,5,20304,12953,11042,3262.0
2024,5,20304,12953,12266,5099.0
2024,5,20304,12953,12339,349.0
2024,5,20304,12953,13342,3298.0
2024,5,20304,12953,13851,1989.0
2024,5,20304,12953,13871,3344.0
2024,5,20304,12953,13930,70.0
2024,5,20304,12953,14492,1370.0
2024,5,20304,12953,14524,221.0
2024,5,20304,12953,14730,1655.0
2024,5,20304,12953,15016,1294.0
2024,5,20363,11618,11193,4009.0
2024,5,20363,11618,14492,4507.0
2024,5,20363,12197,10397,5977.0
2024,5,20363,12478,10581,1449.0
2024,5,20363,12478,10693,1919.0
2024,5,20363,12478,10785,3416.0
2024,5,20363,12478,10792,4151.0
2024,5,20363,12478,10821,597.0
2024,5,20363,12478,10994,5519.0
2024,5,20363,12478,11042,5552.0
2024,5,20363,12478,11057,5376.0
2024,5,20363,12478,11193,5214.0
2024,5,20363,12478,11278,571.0
2024,5,20363,12478,11433,3863.0
2024,5,20363,12478,12339,5900.0
2024,5,20363,12478,12397,3162.0
2024,5,20363,12478,12451,3930.0
2024,5,20363,12478,13198,369.0
2024,5,20363,12478,13342,1998.0
2024,5,20363,12478,13487,1841.0
2024,5,20363,12478,13931,3890.0
2024,5,20363,12478,14122,3053.0
2024,5,20363,12478,14321,1696.0
2024,5,20363,12478,14492,9888.0
2024,5,20363,12478,14524,3515.0
2024,5,20363,12478,14576,5882.0
2024,5,20363,12478,14685,4421.0
2024,5,20363,12478,14730,57.0
2024,5,20363,12478,15096,4100.0
2024,5,20363,12953,10257,3370.0
2024,5,20363,12953,10431,3390.0
2024,5,20363,12953,10529,1452.0
2024,5,20363,12953,10581,4243.0
2024,5,20363,12953,10599,4497.0
2024,5,20363,12953,10693,3681.0
2024,5,20363,12953,10785,4960.0
2024,5,20363,12953,10792,6130.0
2024,5,20363,12953,10868,3087.0
2024,5,20363,12953,10990,4539.0
2024,5,20363,12953,10994,4051.0
2024,5,20363,12953,11042,4481.0
2024,5,20363,12953,11057,4989.0
2024,5,20363,12953,11193,7982.0
2024,5,20363,12953,11267,1235.0
2024,5,20363,12953,11423,3242.0
2024,5,20363,12953,11986,4949.0
2024,5,20363,12953,11995,4766.0
2024,5,20363,12953,11996,5161.0
2024,5,20363,12953,12323,3362.0
2024,5,20363,12953,12339,6527.0
2024,5,20363,12953,12451,489.0
2024,5,20363,12953,13198,7633.0
2024,5,20363,12953,13244,3684.0
2024,5,20363,12953,13342,3687.0
2024,5,20363,12953,13485,2930.0
2024,5,20363,12953,13577,3745.0
2024,5,20363,12953,13871,1664.0
2024,5,20363,12953,13931,4025.0
2024,5,20363,12953,13933,1071.0
2024,5,20363,12953,14122,3805.0
2024,5,20363,12953,14193,1980.0
2024,5,20363,12953,14307,1635.0
2024,5,20363,12953,14321,1769.0
2024,5,20363,12953,14492,10638.0
2024,5,20363,12953,14524,6420.0
2024,5,20363,12953,14574,1357.0
2024,5,20363,12953,14576,5070.0
2024,5,20363,12953,14685,2630.0
2024,5,20363,12953,14730,189.0
2024,5,20363,12953,15016,5076.0
2024,5,20363,12953,15096,4852.0
2024,5,20363,12953,15380,387.0
2024,5,20363,12953,15412,4778.0
2024,5,20363,12953,15919,1361.0
2024,5,20368,11618,10408,562.0
2024,5,20368,11618,10431,1468.0
2024,5,20368,11618,11193,1296.0
2024,5,20368,11618,11423,1454.0
2024,5,20368,11618,15412,1550.0
2024,5,20368,11618,15624,1538.0
2024,5,20368,15070,13577,1428.0
2024,5,20368,15070,14082,187.0
2024,5,20368,15070,14112,1481.0
2024,5,20368,15070,14761,1344.0
2024,5,20378,12953,12264,189.0
2024,5,20378,12953,12266,215.0
2024,5,20397,12197,11057,7223.0
2024,5,20397,12197,11278,5716.0
2024,5,20398,11618,13342,61.0
2024,5,20398,11618,13930,6509.0
2024,5,20398,12197,13303,245.0
2024,5,20398,12197,13930,5133.0
2024,5,20409,11618,11697,13433.0
2024,5,20409,11618,12451,124.0
2024,5,20409,11618,12892,15812.0
2024,5,20409,11618,13204,17336.0
2024,5,20409,11618,14027,7272.0
2024,5,20409,11618,14635,4535.0
2024,5,20409,11618,14843,8594.0
2024,5,20409,11618,15304,7462.0
2024,5,20409,12197,10154,821.0
2024,5,20409,12197,10721,52.0
2024,5,20409,12197,10994,2816.0
2024,5,20409,12197,11697,7342.0
2024,5,20409,12197,13204,12130.0
2024,5,20409,12197,14027,18070.0
2024,5,20409,12197,14635,4055.0
2024,5,20409,12197,15249,156.0
2024,5,20409,12197,15304,3982.0
2024,5,20409,12478,10140,4141.0
2024,5,20409,12478,10154,1387.0
2024,5,20409,12478,10397,10615.0
2024,5,20409,12478,10423,4214.0
2024,5,20409,12478,10693,3116.0
2024,5,20409,12478,10721,21990.0
2024,5,20409,12478,10732,6754.0
2024,5,20409,12478,10792,15089.0
2024,5,20409,12478,10800,3990.0
2024,5,20409,12478,10994,5385.0
2024,5,20409,12478,11292,4405.0
2024,5,20409,12478,11433,5153.0
2024,5,20409,12478,11618,126.0
2024,5,20409,12478,11697,26155.0
2024,5,20409,12478,12197,314.0
2024,5,20409,12478,12250,511.0
2024,5,20409,12478,12266,3279.0
2024,5,20409,12478,12451,7802.0
2024,5,20409,12478,12889,22540.0
2024,5,20409,12478,12892,34529.0
2024,5,20409,12478,12953,125.0
2024,5,20409,12478,13198,3753.0
2024,5,20409,12478,13204,32802.0
2024,5,20409,12478,13303,11893.0
2024,5,20409,12478,13342,3224.0
2024,5,20409,12478,13495,6675.0
2024,5,20409,12478,13541,417.0
2024,5,20409,12478,13891,5032.0
2024,5,20409,12478,13930,7688.0
2024,5,20409,12478,14027,12049.0
2024,5,20409,12478,14107,3898.0
2024,5,20409,12478,14254,4061.0
2024,5,20409,12478,14321,3856.0
2024,5,20409,12478,14492,9570.0
2024,5,20409,12478,14576,5600.0
2024,5,20409,12478,14635,8383.0
2024,5,20409,12478,14679,7772.0
2024,5,20409,12478,14683,3979.0
2024,5,20409,12478,14685,3895.0
2024,5,20409,12478,14747,4270.0
2024,5,20409,12478,14771,21338.0
2024,5,20409,12478,14843,26485.0
2024,5,20409,12478,14869,4108.0
2024,5,20409,12478,14893,5481.0
2024,5,20409,12478,14986,3751.0
2024,5,20409,12478,15096,2547.0
2024,5,20409,12478,15249,152.0
2024,5,20409,12478,15304,12919.0
2024,5,20409,12953,10154,1227.0
2024,5,20409,12953,10397,14335.0
2024,5,20409,12953,10721,16906.0
2024,5,20409,12953,11697,19948.0
2024,5,20409,12953,12451,128.0
2024,5,20409,12953,13204,15671.0
2024,5,20409,12953,13495,2476.0
2024,5,20409,12953,14027,11910.0
2024,5,20409,12953,14524,150.0
2024,5,20409,12953,15304,7038.0
2024,5,20416,11618,10397,10278.0
2024,5,20416,11618,10423,4642.0
2024,5,20416,11618,10693,4998.0
2024,5,20416,11618,10721,6417.0
2024,5,20416,11618,10994,5057.0
2024,5,20416,11618,11057,4497.0
2024,5,20416,11618,11298,3646.0
2024,5,20416,11618,11433,4899.0
2024,5,20416,11618,11697,22252.0
2024,5,20416,11618,12266,5184.0
2024,5,20416,11618,12339,5266.0
2024,5,20416,11618,12889,9216.0
2024,5,20416,11618,12892,5189.0
2024,5,20416,11618,13204,22100.0
2024,5,20416,11618,13303,9695.0
2024,5,20416,11618,13495,2699.0
2024,5,20416,11618,13577,9742.0
2024,5,20416,11618,13796,2620.0
2024,5,20416,11618,14107,1962.0
2024,5,20416,11618,14122,3446.0
2024,5,20416,11618,14683,4180.0
2024,5,20416,11618,14730,87.0
2024,5,20416,11618,14843,4540.0
2024,5,20416,12953,10397,5133.0
2024,5,20416,12953,10693,4908.0
2024,5,20416,12953,10994,4092.0
2024,5,20416,12953,11057,12584.0
2024,5,20416,12953,11066,2588.0
2024,5,20416,12953,11298,5233.0
2024,5,20416,12953,11433,17049.0
2024,5,20416,12953,11697,18636.0
2024,5,20416,12953,12266,6189.0
2024,5,20416,12953,13204,15054.0
2024,5,20416,12953,13303,7053.0
2024,5,20416,12953,13577,8921.0
2024,5,20416,12953,13930,12678.0
2024,5,20416,12953,14122,1862.0
2024,5,20422,11618,13487,3230.0
2024,5,20422,12478,13487,2861.0
2024,5,20436,12391,10397,539.0
2024,5,20436,12391,11697,4936.0
2024,5,20436,12391,13204,7581.0
2024,5,20436,12391,13577,3438.0
2024,5,20436,12391,14027,3667.0
2024,5,20436,12391,14635,818.0
2024,5,20436,12391,15304,4537.0
2024,5,20436,12953,10397,8955.0
2024,5,20436,12953,11042,4458.0
2024,5,20436,12953,11057,4374.0
2024,5,20436,12953,11193,3806.0
2024,5,20436,12953,11292,3328.0
2024,5,20436,12953,11298,6796.0
2024,5,20436,12953,11697,27.0
2024,5,20436,12953,12266,23.0
2024,5,20436,12953,14492,4777.0
2024,5,20452,11618,10257,1785.0
2024,5,20452,11618,10397,869.0
2024,5,20452,11618,10431,2465.0
2024,5,20452,11618,10581,1462.0
2024,5,20452,11618,10693,968.0
2024,5,20452,11618,10721,6055.0
2024,5,20452,11618,10785,2601.0
2024,5,20452,11618,10792,2555.0
2024,5,20452,11618,10994,2217.0
2024,5,20452,11618,11042,2566.0
2024,5,20452,11618,11057,2063.0
2024,5,20452,11618,11066,9940.0
2024,5,20452,11618,11193,5369.0
2024,5,20452,11618,11433,6251.0
2024,5,20452,11618,11624,982.0
2024,5,20452,11618,11986,4410.0
2024,5,20452,11618,11995,2265.0
2024,5,20452,11618,11996,5699.0
2024,5,20452,11618,12124,1799.0
2024,5,20452,11618,12264,195.0
2024,5,20452,11618,12339,10080.0
2024,5,20452,11618,12397,2906.0
2024,5,20452,11618,12451,2295.0
2024,5,20452,11618,13198,1831.0
2024,5,20452,11618,13230,1099.0
2024,5,20452,11618,13244,3135.0
2024,5,20452,11618,13296,440.0
2024,5,20452,11618,13342,4255.0
2024,5,20452,11618,13485,625.0
2024,5,20452,11618,13487,1710.0
2024,5,20452,11618,13577,3471.0
2024,5,20452,11618,13931,3347.0
2024,5,20452,11618,14100,2597.0
2024,5,20452,11618,14122,9725.0
2024,5,20452,11618,14307,689.0
2024,5,20452,11618,14321,2819.0
2024,5,20452,11618,14492,1709.0
2024,5,20452,11618,14524,490.0
2024,5,20452,11618,14576,591.0
2024,5,20452,11618,14685,2684.0
2024,5,20452,11618,14730,5464.0
2024,5,20452,11618,15016,1887.0
2024,5,20452,11618,15096,1019.0
2024,5,20452,12197,11433,427.0
2024,5,20452,12478,10154,382.0
2024,5,20452,12478,10693,3919.0
2024,5,20452,12478,10721,10729.0
2024,5,20452,12478,10792,2102.0
2024,5,20452,12478,10821,3000.0
2024,5,20452,12478,10994,379.0
2024,5,20452,12478,11042,3048.0
2024,5,20452,12478,11057,2392.0
2024,5,20452,12478,11066,9539.0
2024,5,20452,12478,11193,4036.0
2024,5,20452,12478,11278,10950.0
2024,5,20452,12478,12339,5439.0
2024,5,20452,12478,12451,415.0
2024,5,20452,12478,13198,1471.0
2024,5,20452,12478,13541,443.0
2024,5,20452,12478,13930,2129.0
2024,5,20452,12478,13931,2148.0
2024,5,20452,12478,13933,536.0
2024,5,20452,12478,14122,5491.0
2024,5,20452,12478,14321,2319.0
2024,5,20452,12478,14492,7781.0
2024,5,20452,12478,14685,1513.0
2024,5,20452,12478,14730,65.0
2024,5,20452,12953,10154,909.0
2024,5,20452,12953,10431,1604.0
2024,5,20452,12953,10599,237.0
2024,5,20452,12953,10693,5651.0
2024,5,20452,12953,10721,22819.0
2024,5,20452,12953,10792,4866.0
2024,5,20452,12953,10868,1584.0
2024,5,20452,12953,10990,2338.0
2024,5,20452,12953,10994,1644.0
2024,5,20452,12953,11042,4499.0
2024,5,20452,12953,11057,4716.0
2024,5,20452,12953,11066,14336.0
2024,5,20452,12953,11193,3507.0
2024,5,20452,12953,11267,1295.0
2024,5,20452,12953,11278,12576.0
2024,5,20452,12953,11298,52.0
2024,5,20452,12953,11423,1339.0
2024,5,20452,12953,11433,3261.0
2024,5,20452,12953,11624,1893.0
2024,5,20452,12953,11986,1089.0
2024,5,20452,12953,11995,4390.0
2024,5,20452,12953,11996,2941.0
2024,5,20452,12953,12124,1641.0
2024,5,20452,12953,12264,7520.0
2024,5,20452,12953,12323,4815.0
2024,5,20452,12953,12339,7937.0
2024,5,20452,12953,12451,3401.0
2024,5,20452,12953,12992,3112.0
2024,5,20452,12953,13198,1035.0
2024,5,20452,12953,13244,4684.0
2024,5,20452,12953,13303,362.0
2024,5,20452,12953,13342,20.0
2024,5,20452,12953,13485,530.0
2024,5,20452,12953,13487,3191.0
2024,5,20452,12953,13541,1068.0
2024,5,20452,12953,13851,3472.0
2024,5,20452,12953,13871,1740.0
2024,5,20452,12953,13930,2633.0
2024,5,20452,12953,13931,4679.0
2024,5,20452,12953,14100,9478.0
2024,5,20452,12953,14122,10268.0
2024,5,20452,12953,14321,5810.0
2024,5,20452,12953,14492,2811.0
2024,5,20452,12953,14524,5310.0
2024,5,20452,12953,14574,1317.0
2024,5,20452,12953,14576,324.0
2024,5,20452,12953,14685,3093.0
2024,5,20452,12953,14730,6696.0
2024,5,20452,12953,15016,2799.0
2024,5,20452,12953,15096,376.0
2024,5,20452,12953,15370,1764.0
2024,5,20452,12953,15412,1261.0
2024,5,20452,12953,15919,3525.0
2024,5,20500,11618,10154,608.0
2024,5,20500,11618,10257,1378.0
2024,5,20500,11618,10434,2254.0
2024,5,20500,11618,10785,834.0
2024,5,20500,11618,10792,1086.0
2024,5,20500,11618,11066,177.0
2024,5,20500,11618,11193,543.0
2024,5,20500,11618,11278,12086.0
2024,5,20500,11618,11433,191.0
2024,5,20500,11618,11986,46.0
2024,5,20500,11618,11995,2274.0
2024,5,20500,11618,12264,1601.0
2024,5,20500,11618,12323,2745.0
2024,5,20500,11618,12397,60.0
2024,5,20500,11618,13230,1491.0
2024,5,20500,11618,13296,2133.0
2024,5,20500,11618,13930,50.0
2024,5,20500,11618,13931,814.0
2024,5,20500,11618,14122,1473.0
2024,5,20500,11618,14231,2196.0
2024,5,20500,11618,14307,3049.0
2024,5,20500,11618,14321,1039.0
2024,5,20500,11618,14524,5400.0
2024,5,20500,11618,14576,2245.0
2024,5,20500,11618,14685,143.0
2024,5,20500,11618,14711,1989.0
2024,5,20500,11618,15096,2254.0
2024,5,20500,11618,15380,370.0
2024,5,21080,12197,10154,240.0
2024,5,21080,12197,12197,8.0
2024,5,21080,12197,12250,8.0
2024,5,21080,12197,13541,71.0
2024,5,22080,12197,10994,2029.0
2024,5,22080,12197,14492,900.0
2024,5,22080,12197,14685,784.0
2024,5,22080,12197,15628,1493.0
2024,5,22080,12391,10994,1075.0
2024,5,22080,12391,12451,23.0
2024,5,22080,12391,13495,85.0
2024,5,22080,12391,13931,626.0
2024,5,22080,12391,14321,104.0
2024,5,22080,12391,14492,799.0
2024,5,22080,12391,14524,203.0
2024,5,22080,15070,10994,802.0
2024,5,22080,15070,13204,1244.0
2024,6,19393,12391,10821,13763.0
2024,6,19393,12391,13204,6257.0
2024,6,19393,12391,14027,5186.0
2024,6,19393,12391,15304,1130.0
2024,6,19393,12953,10397,18215.0
2024,6,19393,12953,10693,21027.0
2024,6,19393,12953,11259,16399.0
2024,6,19393,12953,11292,17035.0
2024,6,19393,12953,12191,16827.0
2024,6,19393,12953,13198,5632.0
2024,6,19393,12953,13232,30370.0
2024,6,19393,12953,13495,4105.0
2024,6,19393,12953,14730,3.0
2024,6,19393,12953,15016,16799.0
2024,6,19393,12953,15304,1054.0
2024,6,19690,12478,12173,7701.0
2024,6,19790,11618,10397,39216.0
2024,6,19790,11618,11433,13500.0
2024,6,19790,11618,13342,2.0
2024,6,19790,11618,13487,12052.0
2024,6,19790,11618,14869,10061.0
2024,6,19790,12197,10397,5832.0
2024,6,19790,12478,10397,33052.0
2024,6,19790,12478,10423,16498.0
2024,6,19790,12478,10721,3547.0
2024,6,19790,12478,10792,430.0
2024,6,19790,12478,11109,17.0
2024,6,19790,12478,11292,14990.0
2024,6,19790,12478,11298,5682.0
2024,6,19790,12478,11433,7282.0
2024,6,19790,12478,11697,18698.0
2024,6,19790,12478,12173,6004.0
2024,6,19790,12478,12451,2974.0
2024,6,19790,12478,12889,22880.0
2024,6,19790,12478,12892,54689.0
2024,6,19790,12478,13204,26500.0
2024,6,19790,12478,13303,18194.0
2024,6,19790,12478,13422,3.0
2024,6,19790,12478,13487,8825.0
2024,6,19790,12478,13495,6864.0
2024,6,19790,12478,14027,7316.0
2024,6,19790,12478,14057,10511.0
2024,6,19790,12478,14107,13302.0
2024,6,19790,12478,14635,3323.0
2024,6,19790,12478,14679,14788.0
2024,6,19790,12478,14683,3741.0
2024,6,19790,12478,14747,22113.0
2024,6,19790,12478,14771,31517.0
2024,6,19790,12478,14843,15559.0
2024,6,19790,12478,14869,20917.0
2024,6,19790,12478,14986,13.0
2024,6,19790,12478,15024,5502.0
2024,6,19790,12478,15249,4.0
2024,6,19790,12478,15304,14123.0
2024,6,19790,12953,10397,64888.0
2024,6,19790,12953,10693,1962.0
2024,6,19790,12953,10721,3160.0
2024,6,19790,12953,10994,341.0
2024,6,19790,12953,11109,141.0
2024,6,19790,12953,11252,3.0
2024,6,19790,12953,11292,12439.0
2024,6,19790,12953,11298,16339.0
2024,6,19790,12953,11433,27676.0
2024,6,19790,12953,11697,19369.0
2024,6,19790,12953,12266,12544.0
2024,6,19790,12953,12451,536.0
2024,6,19790,12953,13204,27160.0
2024,6,19790,12953,13303,21274.0
2024,6,19790,12953,13360,8.0
2024,6,19790,12953,13487,23852.0
2024,6,19790,12953,13495,7449.0
2024,6,19790,12953,13851,22.0
2024,6,19790,12953,13930,24242.0
2024,6,19790,12953,14027,16580.0
2024,6,19790,12953,14307,50.0
2024,6,19790,12953,14492,388.0
2024,6,19790,12953,14635,7592.0
2024,6,19790,12953,14986,3141.0
2024,6,19790,12953,15016,2.0
2024,6,19790,12953,15249,2.0
2024,6,19790,12953,15304,17694.0
2024,6,19790,12953,15380,625.0
2024,6,19805,11618,11057,25006.0
2024,6,19805,11618,11298,18743.0
2024,6,19805,11618,13303,16618.0
2024,6,19805,11618,13930,15421.0
2024,6,19805,11618,14107,15688.0
2024,6,19805,12478,10423,6619.0
2024,6,19805,12478,11057,18741.0
2024,6,19805,12478,11298,13689.0
2024,6,19805,12478,12266,6.0
2024,6,19805,12478,12892,24757.0
2024,6,19805,12478,13204,158.0
2024,6,19805,12478,13303,33125.0
2024,6,19805,12478,13930,8173.0
2024,6,19805,12478,14107,14482.0
2024,6,19805,12478,14771,10538.0
2024,6,19805,12478,14908,2737.0
2024,6,19805,12478,15024,3423.0
2024,6,19805,12953,10140,53.0
2024,6,19805,12953,10721,893.0
2024,6,19805,12953,11057,36040.0
2024,6,19805,12953,11278,10824.0
2024,6,19805,12953,11298,46144.0
2024,6,19805,12953,11433,239.0
2024,6,19805,12953,13303,35591.0
2024,6,19805,12953,13930,30381.0
2024,6,19805,12953,14122,2157.0
2024,6,19805,12953,14492,8374.0
2024,6,19805,12953,15016,472.0
2024,6,19805,12953,15370,2.0
2024,6,19821,12478,10721,253.0
2024,6,19930,11618,12892,13373.0
2024,6,19930,11618,14057,4243.0
2024,6,19930,11618,14679,4538.0
2024,6,19930,11618,14747,14373.0
2024,6,19930,11618,14771,9291.0
2024,6,19930,12478,10299,2162.0
2024,6,19930,12478,14057,4712.0
2024,6,19930,12478,14679,9357.0
2024,6,19930,12478,14747,18873.0
2024,6,19930,12478,14771,19445.0
2024,6,19977,11618,10299,3348.0
2024,6,19977,11618,10397,24493.0
2024,6,19977,11618,10423,14707.0
2024,6,19977,11618,10693,14410.0
2024,6,19977,11618,10721,28973.0
2024,6,19977,11618,10732,4695.0
2024,6,19977,11618,10785,1706.0
2024,6,19977,11618,10792,2643.0
2024,6,19977,11618,10849,5117.0
2024,6,19977,11618,10994,6010.0
2024,6,19977,11618,11042,16103.0
2024,6,19977,11618,11057,12873.0
2024,6,19977,11618,11066,3960.0
2024,6,19977,11618,11109,151.0
2024,6,19977,11618,11292,44127.0
2024,6,19977,11618,11298,20996.0
2024,6,19977,11618,11433,2584.0
2024,6,19977,11618,11503,2.0
2024,6,19977,11618,11624,3233.0
2024,6,19977,11618,11697,22321.0
2024,6,19977,11618,12217,0.0
2024,6,19977,11618,12264,13786.0
2024,6,19977,11618,12266,46820.0
2024,6,19977,11618,12441,2843.0
2024,6,19977,11618,12451,10517.0
2024,6,19977,11618,12889,31989.0
2024,6,19977,11618,12892,57204.0
2024,6,19977,11618,13198,3504.0
2024,6,19977,11618,13204,38558.0
2024,6,19977,11618,13244,3078.0
2024,6,19977,11618,13264,14.0
2024,6,19977,11618,13303,17916.0
2024,6,19977,11618,13487,11644.0
2024,6,19977,11618,13495,10591.0
2024,6,19977,11618,13577,2400.0
2024,6,19977,11618,13930,54908.0
2024,6,19977,11618,13931,5468.0
2024,6,19977,11618,14027,22325.0
2024,6,19977,11618,14057,8358.0
2024,6,19977,11618,14107,18272.0
2024,6,19977,11618,14321,1955.0
2024,6,19977,11618,14492,16311.0
2024,6,19977,11618,14576,2681.0
2024,6,19977,11618,14635,13405.0
2024,6,19977,11618,14679,17667.0
2024,6,19977,11618,14683,5601.0
2024,6,19977,11618,14685,6930.0
2024,6,19977,11618,14747,17726.0
2024,6,19977,11618,14771,58233.0
2024,6,19977,11618,14843,16232.0
2024,6,19977,11618,14869,3512.0
2024,6,19977,11618,14893,4538.0
2024,6,19977,11618,14908,11538.0
2024,6,19977,11618,14986,8359.0
2024,6,19977,11618,15016,6205.0
2024,6,19977,11618,15024,1186.0
2024,6,19977,11618,15304,24316.0
2024,6,19977,11618,15412,0.0
2024,6,19977,12953,10423,13.0
2024,6,19977,12953,11066,0.0
2024,6,19977,12953,11109,0.0
2024,6,19977,12953,11292,23373.0
2024,6,19977,12953,11298,23.0
2024,6,19977,12953,11423,3.0
2024,6,19977,12953,11618,0.0
2024,6,19977,12953,12266,16946.0
2024,6,19977,12953,12451,0.0
2024,6,19977,12953,12889,6.0
2024,6,19977,12953,12892,14.0
2024,6,19977,12953,13244,15.0
2024,6,19977,12953,13487,28.0
2024,6,19977,12953,13495,0.0
2024,6,19977,12953,13871,0.0
2024,6,19977,12953,13891,16.0
2024,6,19977,12953,13930,53906.0
2024,6,19977,12953,14107,23.0
2024,6,19977,12953,14635,0.0
2024,6,19977,12953,14679,12.0
2024,6,19977,12953,14747,11.0
2024,6,19977,12953,14771,13.0
2024,6,19977,12953,14893,77.0
2024,6,19977,15070,11618,0.0
2024,6,20253,12197,10154,0.0
2024,6,20253,12197,12250,2.0
2024,6,20253,12197,12932,267.0
2024,6,20253,12197,13541,26.0
2024,6,20253,12478,10154,0.0
2024,6,20253,12478,13541,0.0
2024,6,20253,12478,14875,123.0
2024,6,20304,12197,10397,1654.0
2024,6,20304,12197,11433,3623.0
2024,6,20304,12478,10397,26.0
2024,6,20304,12478,10693,5347.0
2024,6,20304,12478,11042,1372.0
2024,6,20304,12478,12264,3564.0
2024,6,20304,12478,13342,3011.0
2024,6,20304,12478,13930,4048.0
2024,6,20304,12478,15096,321.0
2024,6,20304,12953,10693,2864.0
2024,6,20304,12953,11042,678.0
2024,6,20304,12953,12266,3899.0
2024,6,20304,12953,13198,2945.0
2024,6,20304,12953,13342,3964.0
2024,6,20304,12953,13485,1364.0
2024,6,20304,12953,13851,1778.0
2024,6,20304,12953,13871,3407.0
2024,6,20304,12953,14492,275.0
2024,6,20304,12953,14524,62.0
2024,6,20304,12953,14730,347.0
2024,6,20304,12953,15016,277.0
2024,6,20304,12953,15096,2479.0
2024,6,20363,11618,11193,3530.0
2024,6,20363,11618,14492,4156.0
2024,6,20363,12197,10397,5881.0
2024,6,20363,12197,11433,57.0
2024,6,20363,12478,10581,1030.0
2024,6,20363,12478,10693,422.0
2024,6,20363,12478,10785,3045.0
2024,6,20363,12478,10792,4186.0
2024,6,20363,12478,10821,2674.0
2024,6,20363,12478,10994,5247.0
2024,6,20363,12478,11042,3995.0
2024,6,20363,12478,11057,7307.0
2024,6,20363,12478,11193,5267.0
2024,6,20363,12478,11278,399.0
2024,6,20363,12478,11433,3952.0
2024,6,20363,12478,12339,5417.0
2024,6,20363,12478,12397,3057.0
2024,6,20363,12478,12451,3857.0
2024,6,20363,12478,13198,2980.0
2024,6,20363,12478,13342,330.0
2024,6,20363,12478,13487,300.0
2024,6,20363,12478,13931,3765.0
2024,6,20363,12478,14122,3391.0
2024,6,20363,12478,14321,2060.0
2024,6,20363,12478,14492,9322.0
2024,6,20363,12478,14524,2022.0
2024,6,20363,12478,14576,5446.0
2024,6,20363,12478,14685,5213.0
2024,6,20363,12478,15096,5117.0
2024,6,20363,12953,10257,2806.0
2024,6,20363,12953,10431,3406.0
2024,6,20363,12953,10529,1054.0
2024,6,20363,12953,10581,5562.0
2024,6,20363,12953,10599,4374.0
2024,6,20363,12953,10693,4317.0
2024,6,20363,12953,10785,4532.0
2024,6,20363,12953,10792,3875.0
2024,6,20363,12953,10868,3105.0
2024,6,20363,12953,10990,4112.0
2024,6,20363,12953,10994,7351.0
2024,6,20363,12953,11042,6535.0
2024,6,20363,12953,11057,6585.0
2024,6,20363,12953,11193,7803.0
2024,6,20363,12953,11267,1157.0
2024,6,20363,12953,11423,3213.0
2024,6,20363,12953,11986,4761.0
2024,6,20363,12953,11995,5807.0
2024,6,20363,12953,11996,4995.0
2024,6,20363,12953,12323,4822.0
2024,6,20363,12953,12339,4290.0
2024,6,20363,12953,12451,2347.0
2024,6,20363,12953,12992,1231.0
2024,6,20363,12953,13198,5314.0
2024,6,20363,12953,13244,2851.0
2024,6,20363,12953,13342,3252.0
2024,6,20363,12953,13485,2052.0
2024,6,20363,12953,13577,4179.0
2024,6,20363,12953,13871,1594.0
2024,6,20363,12953,13931,3578.0
2024,6,20363,12953,13933,1084.0
2024,6,20363,12953,14122,3371.0
2024,6,20363,12953,14193,688.0
2024,6,20363,12953,14307,1563.0
2024,6,20363,12953,14321,4053.0
2024,6,20363,12953,14492,11503.0
2024,6,20363,12953,14524,5903.0
2024,6,20363,12953,14574,1401.0
2024,6,20363,12953,14576,5079.0
2024,6,20363,12953,14685,5352.0
2024,6,20363,12953,14730,73.0
2024,6,20363,12953,15016,4970.0
2024,6,20363,12953,15096,2185.0
2024,6,20363,12953,15380,1376.0
2024,6,20363,12953,15412,4626.0
2024,6,20363,12953,15919,1482.0
2024,6,20368,11618,10408,1052.0
2024,6,20368,11618,10431,2275.0
2024,6,20368,11618,11193,1282.0
2024,6,20368,11618,11423,1384.0
2024,6,20368,11618,11986,1215.0
2024,6,20368,11618,15412,2706.0
2024,6,20368,11618,15624,1529.0
2024,6,20368,15070,13577,2089.0
2024,6,20368,15070,14082,513.0
2024,6,20368,15070,14112,1401.0
2024,6,20368,15070,14761,1374.0
2024,6,20378,12953,12264,263.0
2024,6,20378,12953,12266,1071.0
2024,6,20397,12197,11057,7774.0
2024,6,20397,12197,11278,5428.0
2024,6,20398,11618,13930,2286.0
2024,6,20398,12197,13930,5296.0
2024,6,20409,11618,11697,12319.0
2024,6,20409,11618,12478,758.0
2024,6,20409,11618,12892,13104.0
2024,6,20409,11618,13204,17080.0
2024,6,20409,11618,14027,7327.0
2024,6,20409,11618,14492,62.0
2024,6,20409,11618,14635,4018.0
2024,6,20409,11618,14843,8598.0
2024,6,20409,11618,15304,8485.0
2024,6,20409,12197,10154,2817.0
2024,6,20409,12197,10529,45.0
2024,6,20409,12197,10994,2815.0
2024,6,20409,12197,11697,7032.0
2024,6,20409,12197,12451,160.0
2024,6,20409,12197,13204,12064.0
2024,6,20409,12197,14027,15840.0
2024,6,20409,12197,14635,4236.0
2024,6,20409,12197,15304,4277.0
2024,6,20409,12478,10140,3774.0
2024,6,20409,12478,10154,3038.0
2024,6,20409,12478,10397,8850.0
2024,6,20409,12478,10423,4304.0
2024,6,20409,12478,10693,5078.0
2024,6,20409,12478,10721,18648.0
2024,6,20409,12478,10732,7961.0
2024,6,20409,12478,10792,14432.0
2024,6,20409,12478,10800,3754.0
2024,6,20409,12478,10849,1199.0
2024,6,20409,12478,10994,5974.0
2024,6,20409,12478,11292,7143.0
2024,6,20409,12478,11298,61.0
2024,6,20409,12478,11433,1698.0
2024,6,20409,12478,11618,941.0
2024,6,20409,12478,11697,25524.0
2024,6,20409,12478,12250,1663.0
2024,6,20409,12478,12266,3709.0
2024,6,20409,12478,12451,7441.0
2024,6,20409,12478,12889,18343.0
2024,6,20409,12478,12892,37315.0
2024,6,20409,12478,13198,1498.0
2024,6,20409,12478,13204,35477.0
2024,6,20409,12478,13303,9050.0
2024,6,20409,12478,13342,3643.0
2024,6,20409,12478,13495,4613.0
2024,6,20409,12478,13541,2521.0
2024,6,20409,12478,13891,5137.0
2024,6,20409,12478,13930,6387.0
2024,6,20409,12478,14027,11404.0
2024,6,20409,12478,14107,4175.0
2024,6,20409,12478,14254,3942.0
2024,6,20409,12478,14321,4632.0
2024,6,20409,12478,14492,8031.0
2024,6,20409,12478,14570,2063.0
2024,6,20409,12478,14576,5957.0
2024,6,20409,12478,14635,7641.0
2024,6,20409,12478,14679,8192.0
2024,6,20409,12478,14683,3541.0
2024,6,20409,12478,14685,3799.0
2024,6,20409,12478,14747,4271.0
2024,6,20409,12478,14771,20626.0
2024,6,20409,12478,14843,32530.0
2024,6,20409,12478,14869,4016.0
2024,6,20409,12478,14893,5325.0
2024,6,20409,12478,14986,3663.0
2024,6,20409,12478,15096,2631.0
2024,6,20409,12478,15304,9949.0
2024,6,20409,12953,10154,1975.0
2024,6,20409,12953,10397,14489.0
2024,6,20409,12953,10721,14509.0
2024,6,20409,12953,11697,18926.0
2024,6,20409,12953,12451,147.0
2024,6,20409,12953,12478,350.0
2024,6,20409,12953,13204,17303.0
2024,6,20409,12953,13495,790.0
2024,6,20409,12953,13541,1042.0
2024,6,20409,12953,14027,11747.0
2024,6,20409,12953,14635,152.0
2024,6,20409,12953,15304,8038.0
2024,6,20416,11618,10397,8811.0
2024,6,20416,11618,10423,4273.0
2024,6,20416,11618,10693,4425.0
2024,6,20416,11618,10721,6989.0
2024,6,20416,11618,10994,4711.0
2024,6,20416,11618,11057,4772.0
2024,6,20416,11618,11066,2456.0
2024,6,20416,11618,11298,5141.0
2024,6,20416,11618,11433,4792.0
2024,6,20416,11618,11697,19274.0
2024,6,20416,11618,12266,4971.0
2024,6,20416,11618,12339,4559.0
2024,6,20416,11618,12889,8583.0
2024,6,20416,11618,12892,4912.0
2024,6,20416,11618,13204,20932.0
2024,6,20416,11618,13303,5654.0
2024,6,20416,11618,13495,2499.0
2024,6,20416,11618,13577,9599.0
2024,6,20416,11618,13796,2334.0
2024,6,20416,11618,14107,1467.0
2024,6,20416,11618,14122,2528.0
2024,6,20416,11618,14683,4209.0
2024,6,20416,11618,14843,4118.0
2024,6,20416,12953,10397,4833.0
2024,6,20416,12953,10693,5462.0
2024,6,20416,12953,10994,3318.0
2024,6,20416,12953,11057,11450.0
2024,6,20416,12953,11066,4429.0
2024,6,20416,12953,11298,7305.0
2024,6,20416,12953,11433,14973.0
2024,6,20416,12953,11697,16585.0
2024,6,20416,12953,12266,8668.0
2024,6,20416,12953,13204,10406.0
2024,6,20416,12953,13303,5692.0
2024,6,20416,12953,13577,7538.0
2024,6,20416,12953,13930,11981.0
2024,6,20416,12953,14122,2311.0
2024,6,20422,11618,13487,4474.0
2024,6,20422,12478,13487,4616.0
2024,6,20436,11618,14843,733.0
2024,6,20436,12391,10397,1560.0
2024,6,20436,12391,11697,5527.0
2024,6,20436,12391,13204,7093.0
2024,6,20436,12391,13577,3642.0
2024,6,20436,12391,14027,2133.0
2024,6,20436,12391,15304,4023.0
2024,6,20436,12478,14843,8263.0
2024,6,20436,12953,10397,9438.0
2024,6,20436,12953,11042,4394.0
2024,6,20436,12953,11057,4674.0
2024,6,20436,12953,11193,4619.0
2024,6,20436,12953,11292,5062.0
2024,6,20436,12953,11298,4535.0
2024,6,20436,12953,14492,4726.0
2024,6,20452,11618,10257,1004.0
2024,6,20452,11618,10397,718.0
2024,6,20452,11618,10431,3495.0
2024,6,20452,11618,10581,3539.0
2024,6,20452,11618,10693,2424.0
2024,6,20452,11618,10721,5985.0
2024,6,20452,11618,10785,3152.0
2024,6,20452,11618,10792,3516.0
2024,6,20452,11618,10994,2377.0
2024,6,20452,11618,11042,2327.0
2024,6,20452,11618,11057,2049.0
2024,6,20452,11618,11066,7208.0
2024,6,20452,11618,11193,4523.0
2024,6,20452,11618,11278,72.0
2024,6,20452,11618,11298,134.0
2024,6,20452,11618,11433,6461.0
2024,6,20452,11618,11986,5372.0
2024,6,20452,11618,11995,3304.0
2024,6,20452,11618,11996,4783.0
2024,6,20452,11618,12124,1570.0
2024,6,20452,11618,12264,512.0
2024,6,20452,11618,12339,9934.0
2024,6,20452,11618,12451,737.0
2024,6,20452,11618,12953,0.0
2024,6,20452,11618,13198,1694.0
2024,6,20452,11618,13244,1750.0
2024,6,20452,11618,13342,5232.0
2024,6,20452,11618,13485,1859.0
2024,6,20452,11618,13495,73.0
2024,6,20452,11618,13577,2095.0
2024,6,20452,11618,13931,2183.0
2024,6,20452,11618,14100,1942.0
2024,6,20452,11618,14122,9790.0
2024,6,20452,11618,14307,1580.0
2024,6,20452,11618,14321,5099.0
2024,6,20452,11618,14492,915.0
2024,6,20452,11618,14524,1868.0
2024,6,20452,11618,14576,1827.0
2024,6,20452,11618,14685,148.0
2024,6,20452,11618,14730,5396.0
2024,6,20452,11618,15016,1848.0
2024,6,20452,11618,15096,2666.0
2024,6,20452,12478,10154,1499.0
2024,6,20452,12478,10693,3759.0
2024,6,20452,12478,10721,12565.0
2024,6,20452,12478,10792,3048.0
2024,6,20452,12478,10821,663.0
2024,6,20452,12478,11042,3773.0
2024,6,20452,12478,11057,368.0
2024,6,20452,12478,11066,8908.0
2024,6,20452,12478,11193,4582.0
2024,6,20452,12478,11278,10078.0
2024,6,20452,12478,12323,56.0
2024,6,20452,12478,12339,5406.0
2024,6,20452,12478,12451,62.0
2024,6,20452,12478,13198,423.0
2024,6,20452,12478,13541,1341.0
2024,6,20452,12478,13930,3538.0
2024,6,20452,12478,13931,3654.0
2024,6,20452,12478,13933,612.0
2024,6,20452,12478,14122,5038.0
2024,6,20452,12478,14321,1065.0
2024,6,20452,12478,14492,7171.0
2024,6,20452,12478,14524,1258.0
2024,6,20452,12478,14685,376.0
2024,6,20452,12478,15412,0.0
2024,6,20452,12953,10154,4001.0
2024,6,20452,12953,10431,1961.0
2024,6,20452,12953,10581,1444.0
2024,6,20452,12953,10693,5470.0
2024,6,20452,12953,10721,26870.0
2024,6,20452,12953,10792,6599.0
2024,6,20452,12953,10868,1442.0
2024,6,20452,12953,10990,1297.0
2024,6,20452,12953,11042,4987.0
2024,6,20452,12953,11057,2041.0
2024,6,20452,12953,11066,13092.0
2024,6,20452,12953,11193,2821.0
2024,6,20452,12953,11267,208.0
2024,6,20452,12953,11278,14344.0
2024,6,20452,12953,11423,1468.0
2024,6,20452,12953,11433,4185.0
2024,6,20452,12953,11618,15.0
2024,6,20452,12953,11624,144.0
2024,6,20452,12953,11986,1423.0
2024,6,20452,12953,11995,4177.0
2024,6,20452,12953,11996,2993.0
2024,6,20452,12953,12124,1531.0
2024,6,20452,12953,12250,1406.0
2024,6,20452,12953,12264,6906.0
2024,6,20452,12953,12323,4325.0
2024,6,20452,12953,12339,9551.0
2024,6,20452,12953,12451,3243.0
2024,6,20452,12953,12953,42.0
2024,6,20452,12953,12992,1873.0
2024,6,20452,12953,13244,4474.0
2024,6,20452,12953,13303,348.0
2024,6,20452,12953,13487,2989.0
2024,6,20452,12953,13541,4147.0
2024,6,20452,12953,13851,3490.0
2024,6,20452,12953,13871,2848.0
2024,6,20452,12953,13930,818.0
2024,6,20452,12953,13931,5114.0
2024,6,20452,12953,14100,9453.0
2024,6,20452,12953,14122,9318.0
2024,6,20452,12953,14193,201.0
2024,6,20452,12953,14307,6.0
2024,6,20452,12953,14321,7118.0
2024,6,20452,12953,14492,2940.0
2024,6,20452,12953,14524,3426.0
2024,6,20452,12953,14574,1166.0
2024,6,20452,12953,14730,7391.0
2024,6,20452,12953,14986,245.0
2024,6,20452,12953,15016,5261.0
2024,6,20452,12953,15370,1484.0
2024,6,20452,12953,15380,186.0
2024,6,20452,12953,15412,1303.0
2024,6,20452,12953,15919,3480.0
2024,6,20500,11618,10154,2419.0
2024,6,20500,11618,10257,1418.0
2024,6,20500,11618,10434,1663.0
2024,6,20500,11618,10693,50.0
2024,6,20500,11618,11066,378.0
2024,6,20500,11618,11193,1650.0
2024,6,20500,11618,11278,11037.0
2024,6,20500,11618,11433,284.0
2024,6,20500,11618,11995,1318.0
2024,6,20500,11618,12264,1466.0
2024,6,20500,11618,12323,2494.0
2024,6,20500,11618,12339,49.0
2024,6,20500,11618,12397,1974.0
2024,6,20500,11618,13230,1604.0
2024,6,20500,11618,13296,2160.0
2024,6,20500,11618,14122,2187.0
2024,6,20500,11618,14231,1806.0
2024,6,20500,11618,14307,1226.0
2024,6,20500,11618,14524,4562.0
2024,6,20500,11618,14576,1210.0
2024,6,20500,11618,14711,1381.0
2024,6,20500,11618,15096,1047.0
2024,6,20500,11618,15380,1241.0
2024,6,21080,12197,10154,525.0
2024,6,21080,12197,12250,13.0
2024,6,21080,12197,13541,219.0
2024,6,22080,12197,10994,2381.0
2024,6,22080,12197,12451,240.0
2024,6,22080,12197,13577,487.0
2024,6,22080,12197,13931,183.0
2024,6,22080,12197,14321,97.0
2024,6,22080,12197,14492,846.0
2024,6,22080,12197,14685,735.0
2024,6,22080,12197,15628,1474.0
2024,6,22080,12391,10529,61.0
2024,6,22080,12391,10994,758.0
2024,6,22080,12391,13931,1509.0
2024,6,22080,12391,14321,325.0
2024,6,22080,12391,14492,998.0
2024,6,22080,12391,14524,395.0
2024,6,22080,15070,10994,742.0
2024,6,22080,15070,13204,1056.0
2024,7,19393,12391,10821,16529.0
2024,7,19393,12391,13204,8622.0
2024,7,19393,12391,14027,6632.0
2024,7,19393,12391,15304,1226.0
2024,7,19393,12953,10397,20416.0
2024,7,19393,12953,10693,23208.0
2024,7,19393,12953,10821,3.0
2024,7,19393,12953,11259,17528.0
2024,7,19393,12953,11292,18751.0
2024,7,19393,12953,12191,18149.0
2024,7,19393,12953,13198,5927.0
2024,7,19393,12953,13232,34549.0
2024,7,19393,12953,13495,4519.0
2024,7,19393,12953,15016,18068.0
2024,7,19393,12953,15304,690.0
2024,7,19690,12478,12173,8063.0
2024,7,19790,11618,10397,37505.0
2024,7,19790,11618,10868,113.0
2024,7,19790,11618,11433,12985.0
2024,7,19790,11618,13487,11309.0
2024,7,19790,11618,14869,9507.0
2024,7,19790,12197,10208,12.0
2024,7,19790,12197,10397,5757.0
2024,7,19790,12478,10397,33780.0
2024,7,19790,12478,10423,16702.0
2024,7,19790,12478,10721,2573.0
2024,7,19790,12478,11292,14765.0
2024,7,19790,12478,11298,5631.0
2024,7,19790,12478,11433,7346.0
2024,7,19790,12478,11697,20457.0
2024,7,19790,12478,12173,6352.0
2024,7,19790,12478,12451,2948.0
2024,7,19790,12478,12889,21602.0
2024,7,19790,12478,12892,57798.0
2024,7,19790,12478,13204,25145.0
2024,7,19790,12478,13303,19231.0
2024,7,19790,12478,13487,9073.0
2024,7,19790,12478,13495,6863.0
2024,7,19790,12478,13891,144.0
2024,7,19790,12478,14027,8278.0
2024,7,19790,12478,14057,9945.0
2024,7,19790,12478,14107,13563.0
2024,7,19790,12478,14492,2.0
2024,7,19790,12478,14635,3981.0
2024,7,19790,12478,14679,15592.0
2024,7,19790,12478,14683,4125.0
2024,7,19790,12478,14747,21008.0
2024,7,19790,12478,14771,31361.0
2024,7,19790,12478,14843,16293.0
2024,7,19790,12478,14869,21181.0
2024,7,19790,12478,15024,5568.0
2024,7,19790,12478,15304,14862.0
2024,7,19790,12953,10397,67789.0
2024,7,19790,12953,10693,2600.0
2024,7,19790,12953,10721,2454.0
2024,7,19790,12953,10868,11.0
2024,7,19790,12953,10994,305.0
2024,7,19790,12953,11292,12746.0
2024,7,19790,12953,11298,16703.0
2024,7,19790,12953,11433,27513.0
2024,7,19790,12953,11697,20826.0
2024,7,19790,12953,12266,12462.0
2024,7,19790,12953,12339,10.0
2024,7,19790,12953,12448,2.0
2024,7,19790,12953,13204,27437.0
2024,7,19790,12953,13303,22327.0
2024,7,19790,12953,13342,4.0
2024,7,19790,12953,13485,16.0
2024,7,19790,12953,13487,24325.0
2024,7,19790,12953,13495,7510.0
2024,7,19790,12953,13930,23579.0
2024,7,19790,12953,14027,17075.0
2024,7,19790,12953,14492,130.0
2024,7,19790,12953,14635,8173.0
2024,7,19790,12953,14986,3335.0
2024,7,19790,12953,15304,18258.0
2024,7,19790,12953,15380,1126.0
2024,7,19805,11618,11057,26309.0
2024,7,19805,11618,11298,20087.0
2024,7,19805,11618,13303,19960.0
2024,7,19805,11618,13930,18734.0
2024,7,19805,11618,14107,15944.0
2024,7,19805,12478,10423,6291.0
2024,7,19805,12478,11057,21881.0
2024,7,19805,12478,11298,14678.0
2024,7,19805,12478,12892,26136.0
2024,7,19805,12478,12953,0.0
2024,7,19805,12478,13303,39905.0
2024,7,19805,12478,13930,9150.0
2024,7,19805,12478,14107,14345.0
2024,7,19805,12478,14771,11068.0
2024,7,19805,12478,14908,2942.0
2024,7,19805,12478,15024,3564.0
2024,7,19805,12953,10140,62.0
2024,7,19805,12953,11057,40446.0
2024,7,19805,12953,11278,11856.0
2024,7,19805,12953,11298,50895.0
2024,7,19805,12953,13303,43125.0
2024,7,19805,12953,13930,32984.0
2024,7,19805,12953,14122,2297.0
2024,7,19805,12953,14492,9022.0
2024,7,19930,11618,11298,2.0
2024,7,19930,11618,12892,12955.0
2024,7,19930,11618,14057,4261.0
2024,7,19930,11618,14679,4516.0
2024,7,19930,11618,14747,14636.0
2024,7,19930,11618,14771,10113.0
2024,7,19930,12478,10299,3923.0
2024,7,19930,12478,11433,138.0
2024,7,19930,12478,14057,5051.0
2024,7,19930,12478,14679,9843.0
2024,7,19930,12478,14747,19043.0
2024,7,19930,12478,14771,19958.0
2024,7,19977,11618,10299,3804.0
2024,7,19977,11618,10397,25544.0
2024,7,19977,11618,10423,14918.0
2024,7,19977,11618,10693,15667.0
2024,7,19977,11618,10721,31448.0
2024,7,19977,11618,10732,4775.0
2024,7,19977,11618,10785,1800.0
2024,7,19977,11618,10792,2869.0
2024,7,19977,11618,10849,8726.0
2024,7,19977,11618,10994,3908.0
2024,7,19977,11618,11042,18925.0
2024,7,19977,11618,11057,12507.0
2024,7,19977,11618,11109,0.0
2024,7,19977,11618,11292,45985.0
2024,7,19977,11618,11298,18609.0
2024,7,19977,11618,11433,3236.0
2024,7,19977,11618,11624,3457.0
2024,7,19977,11618,11697,26691.0
2024,7,19977,11618,11986,0.0
2024,7,19977,11618,12264,15974.0
2024,7,19977,11618,12266,48381.0
2024,7,19977,11618,12441,3275.0
2024,7,19977,11618,12451,11601.0
2024,7,19977,11618,12889,32205.0
2024,7,19977,11618,12892,60043.0
2024,7,19977,11618,13198,4306.0
2024,7,19977,11618,13204,44372.0
2024,7,19977,11618,13244,2859.0
2024,7,19977,11618,13303,23051.0
2024,7,19977,11618,13342,530.0
2024,7,19977,11618,13485,0.0
2024,7,19977,11618,13487,13105.0
2024,7,19977,11618,13495,11916.0
2024,7,19977,11618,13577,2958.0
2024,7,19977,11618,13930,56669.0
2024,7,19977,11618,13931,4937.0
2024,7,19977,11618,14027,27318.0
2024,7,19977,11618,14057,9143.0
2024,7,19977,11618,14107,18581.0
2024,7,19977,11618,14321,2821.0
2024,7,19977,11618,14492,14505.0
2024,7,19977,11618,14576,2690.0
2024,7,19977,11618,14635,13856.0
2024,7,19977,11618,14679,19154.0
2024,7,19977,11618,14683,5974.0
2024,7,19977,11618,14685,6800.0
2024,7,19977,11618,14730,234.0
2024,7,19977,11618,14747,19027.0
2024,7,19977,11618,14771,60317.0
2024,7,19977,11618,14843,16758.0
2024,7,19977,11618,14869,4383.0
2024,7,19977,11618,14893,4240.0
2024,7,19977,11618,14908,13130.0
2024,7,19977,11618,14986,8375.0
2024,7,19977,11618,15016,6825.0
2024,7,19977,11618,15024,970.0
2024,7,19977,11618,15304,29355.0
2024,7,19977,11618,15412,0.0
2024,7,19977,12953,10257,0.0
2024,7,19977,12953,10423,57.0
2024,7,19977,12953,11042,0.0
2024,7,19977,12953,11109,0.0
2024,7,19977,12953,11292,24682.0
2024,7,19977,12953,11423,14.0
2024,7,19977,12953,11433,0.0
2024,7,19977,12953,11618,0.0
2024,7,19977,12953,12266,19577.0
2024,7,19977,12953,12451,22.0
2024,7,19977,12953,12889,12.0
2024,7,19977,12953,12892,92.0
2024,7,19977,12953,13244,0.0
2024,7,19977,12953,13485,0.0
2024,7,19977,12953,13487,75.0
2024,7,19977,12953,13495,0.0
2024,7,19977,12953,13871,5.0
2024,7,19977,12953,13891,27.0
2024,7,19977,12953,13930,55889.0
2024,7,19977,12953,14107,104.0
2024,7,19977,12953,14570,38.0
2024,7,19977,12953,14635,2.0
2024,7,19977,12953,14771,77.0
2024,7,19977,12953,14893,49.0
2024,7,19977,12953,15016,0.0
2024,7,20253,12197,10154,0.0
2024,7,20253,12197,12250,0.0
2024,7,20253,12197,12932,314.0
2024,7,20253,12197,13541,155.0
2024,7,20253,12478,10154,0.0
2024,7,20253,12478,13541,0.0
2024,7,20253,12478,14875,167.0
2024,7,20304,12197,10397,1960.0
2024,7,20304,12197,11433,3954.0
2024,7,20304,12478,10693,6285.0
2024,7,20304,12478,11042,1883.0
2024,7,20304,12478,12264,3970.0
2024,7,20304,12478,12339,33.0
2024,7,20304,12478,12953,13.0
2024,7,20304,12478,13232,63.0
2024,7,20304,12478,13342,4021.0
2024,7,20304,12478,13485,6.0
2024,7,20304,12478,13487,29.0
2024,7,20304,12478,13930,4161.0
2024,7,20304,12953,10693,2359.0
2024,7,20304,12953,11042,56.0
2024,7,20304,12953,11193,76.0
2024,7,20304,12953,12266,2647.0
2024,7,20304,12953,13198,651.0
2024,7,20304,12953,13342,4041.0
2024,7,20304,12953,13485,1788.0
2024,7,20304,12953,13851,1986.0
2024,7,20304,12953,13871,3220.0
2024,7,20304,12953,13930,354.0
2024,7,20304,12953,14730,76.0
2024,7,20304,12953,15096,3268.0
2024,7,20363,11618,11193,3576.0
2024,7,20363,11618,14492,3745.0
2024,7,20363,12197,10397,4495.0
2024,7,20363,12478,10581,1171.0
2024,7,20363,12478,10785,3039.0
2024,7,20363,12478,10792,4188.0
2024,7,20363,12478,10821,3581.0
2024,7,20363,12478,10994,5929.0
2024,7,20363,12478,11042,3589.0
2024,7,20363,12478,11057,9296.0
2024,7,20363,12478,11193,5705.0
2024,7,20363,12478,11433,3980.0
2024,7,20363,12478,12339,5792.0
2024,7,20363,12478,12397,3575.0
2024,7,20363,12478,12451,3893.0
2024,7,20363,12478,13198,3676.0
2024,7,20363,12478,13931,4851.0
2024,7,20363,12478,14122,3431.0
2024,7,20363,12478,14321,1844.0
2024,7,20363,12478,14492,9698.0
2024,7,20363,12478,14524,1701.0
2024,7,20363,12478,14576,5170.0
2024,7,20363,12478,14685,5729.0
2024,7,20363,12478,15096,5227.0
2024,7,20363,12953,10257,2480.0
2024,7,20363,12953,10431,3579.0
2024,7,20363,12953,10529,940.0
2024,7,20363,12953,10581,5548.0
2024,7,20363,12953,10599,4271.0
2024,7,20363,12953,10693,4890.0
2024,7,20363,12953,10785,4556.0
2024,7,20363,12953,10792,3135.0
2024,7,20363,12953,10868,3109.0
2024,7,20363,12953,10990,4142.0
2024,7,20363,12953,10994,7016.0
2024,7,20363,12953,11042,5523.0
2024,7,20363,12953,11057,7984.0
2024,7,20363,12953,11193,7849.0
2024,7,20363,12953,11267,1135.0
2024,7,20363,12953,11423,2869.0
2024,7,20363,12953,11433,5.0
2024,7,20363,12953,11986,4743.0
2024,7,20363,12953,11995,5905.0
2024,7,20363,12953,11996,5068.0
2024,7,20363,12953,12323,4921.0
2024,7,20363,12953,12339,2388.0
2024,7,20363,12953,12451,2203.0
2024,7,20363,12953,12992,1673.0
2024,7,20363,12953,13198,7124.0
2024,7,20363,12953,13244,2884.0
2024,7,20363,12953,13342,3360.0
2024,7,20363,12953,13485,1460.0
2024,7,20363,12953,13577,4513.0
2024,7,20363,12953,13871,1399.0
2024,7,20363,12953,13931,3215.0
2024,7,20363,12953,13933,1030.0
2024,7,20363,12953,14122,3154.0
2024,7,20363,12953,14193,647.0
2024,7,20363,12953,14307,1578.0
2024,7,20363,12953,14321,2518.0
2024,7,20363,12953,14492,12086.0
2024,7,20363,12953,14524,6245.0
2024,7,20363,12953,14574,1221.0
2024,7,20363,12953,14576,4903.0
2024,7,20363,12953,14685,5671.0
2024,7,20363,12953,15016,6667.0
2024,7,20363,12953,15096,1646.0
2024,7,20363,12953,15380,1272.0
2024,7,20363,12953,15412,4694.0
2024,7,20363,12953,15919,1604.0
2024,7,20368,11618,10408,1070.0
2024,7,20368,11618,10431,2053.0
2024,7,20368,11618,11193,1317.0
2024,7,20368,11618,11423,1366.0
2024,7,20368,11618,11986,1322.0
2024,7,20368,11618,15412,2889.0
2024,7,20368,11618,15624,1416.0
2024,7,20368,15070,13577,3102.0
2024,7,20368,15070,14082,1523.0
2024,7,20368,15070,14112,1397.0
2024,7,20368,15070,14761,1419.0
2024,7,20378,12953,10693,74.0
2024,7,20378,12953,12266,1074.0
2024,7,20378,12953,13244,56.0
2024,7,20378,12953,13495,57.0
2024,7,20397,12197,11057,7926.0
2024,7,20397,12197,11278,5627.0
2024,7,20398,11618,13930,1673.0
2024,7,20398,12197,13930,5616.0
2024,7,20409,11618,11697,13828.0
2024,7,20409,11618,12451,158.0
2024,7,20409,11618,12892,12568.0
2024,7,20409,11618,13204,15176.0
2024,7,20409,11618,14027,8802.0
2024,7,20409,11618,14635,4665.0
2024,7,20409,11618,14843,9651.0
2024,7,20409,11618,15304,8461.0
2024,7,20409,12197,10154,3941.0
2024,7,20409,12197,10994,3155.0
2024,7,20409,12197,11697,8870.0
2024,7,20409,12197,12451,155.0
2024,7,20409,12197,12478,155.0
2024,7,20409,12197,13204,17271.0
2024,7,20409,12197,14027,17563.0
2024,7,20409,12197,14635,4779.0
2024,7,20409,12197,14685,162.0
2024,7,20409,12197,15304,4825.0
2024,7,20409,12478,10140,4045.0
2024,7,20409,12478,10154,3818.0
2024,7,20409,12478,10397,8168.0
2024,7,20409,12478,10423,4262.0
2024,7,20409,12478,10693,7482.0
2024,7,20409,12478,10721,22168.0
2024,7,20409,12478,10732,9545.0
2024,7,20409,12478,10792,15422.0
2024,7,20409,12478,10800,4073.0
2024,7,20409,12478,10849,1884.0
2024,7,20409,12478,10994,7553.0
2024,7,20409,12478,11292,9335.0
2024,7,20409,12478,11618,298.0
2024,7,20409,12478,11697,29295.0
2024,7,20409,12478,12197,477.0
2024,7,20409,12478,12250,2141.0
2024,7,20409,12478,12266,4334.0
2024,7,20409,12478,12451,7908.0
2024,7,20409,12478,12889,17842.0
2024,7,20409,12478,12892,43461.0
2024,7,20409,12478,12953,286.0
2024,7,20409,12478,13204,40768.0
2024,7,20409,12478,13303,9396.0
2024,7,20409,12478,13342,3836.0
2024,7,20409,12478,13495,3905.0
2024,7,20409,12478,13541,3725.0
2024,7,20409,12478,13891,5645.0
2024,7,20409,12478,13930,7326.0
2024,7,20409,12478,14027,12909.0
2024,7,20409,12478,14107,3921.0
2024,7,20409,12478,14254,4319.0
2024,7,20409,12478,14321,6096.0
2024,7,20409,12478,14492,7522.0
2024,7,20409,12478,14570,4465.0
2024,7,20409,12478,14576,7188.0
2024,7,20409,12478,14635,8336.0
2024,7,20409,12478,14679,8856.0
2024,7,20409,12478,14683,3776.0
2024,7,20409,12478,14685,4441.0
2024,7,20409,12478,14747,4453.0
2024,7,20409,12478,14771,21447.0
2024,7,20409,12478,14843,36551.0
2024,7,20409,12478,14869,4484.0
2024,7,20409,12478,14893,5792.0
2024,7,20409,12478,14986,4017.0
2024,7,20409,12478,15096,4224.0
2024,7,20409,12478,15304,9000.0
2024,7,20409,12953,10154,2420.0
2024,7,20409,12953,10397,15539.0
2024,7,20409,12953,10693,131.0
2024,7,20409,12953,10721,13580.0
2024,7,20409,12953,11697,23856.0
2024,7,20409,12953,12451,155.0
2024,7,20409,12953,13204,21460.0
2024,7,20409,12953,13541,1773.0
2024,7,20409,12953,14027,13359.0
2024,7,20409,12953,14685,137.0
2024,7,20409,12953,14986,160.0
2024,7,20409,12953,15304,9275.0
2024,7,20409,15070,12478,154.0
2024,7,20416,11618,10397,9480.0
2024,7,20416,11618,10423,4436.0
2024,7,20416,11618,10693,4574.0
2024,7,20416,11618,10721,7125.0
2024,7,20416,11618,10994,4602.0
2024,7,20416,11618,11057,4615.0
2024,7,20416,11618,11066,3443.0
2024,7,20416,11618,11298,5260.0
2024,7,20416,11618,11433,4871.0
2024,7,20416,11618,11697,20463.0
2024,7,20416,11618,12266,4739.0
2024,7,20416,11618,12339,4670.0
2024,7,20416,11618,12889,9557.0
2024,7,20416,11618,12892,4823.0
2024,7,20416,11618,13198,2273.0
2024,7,20416,11618,13204,18117.0
2024,7,20416,11618,13303,5051.0
2024,7,20416,11618,13495,2418.0
2024,7,20416,11618,13577,10033.0
2024,7,20416,11618,13796,2632.0
2024,7,20416,11618,13930,3747.0
2024,7,20416,11618,14107,1863.0
2024,7,20416,11618,14122,2610.0
2024,7,20416,11618,14683,5166.0
2024,7,20416,11618,14843,1507.0
2024,7,20416,12953,10397,6274.0
2024,7,20416,12953,10693,6351.0
2024,7,20416,12953,10994,3710.0
2024,7,20416,12953,11057,12750.0
2024,7,20416,12953,11066,4562.0
2024,7,20416,12953,11298,7677.0
2024,7,20416,12953,11433,15065.0
2024,7,20416,12953,11697,18391.0
2024,7,20416,12953,12266,9001.0
2024,7,20416,12953,13204,11635.0
2024,7,20416,12953,13303,6757.0
2024,7,20416,12953,13577,8603.0
2024,7,20416,12953,13930,12237.0
2024,7,20416,12953,14122,3479.0
2024,7,20422,11618,13487,5473.0
2024,7,20422,12478,13487,4963.0
2024,7,20436,11618,14843,8187.0
2024,7,20436,12391,10397,2392.0
2024,7,20436,12391,11697,6196.0
2024,7,20436,12391,13204,8020.0
2024,7,20436,12391,13577,4536.0
2024,7,20436,12391,14027,2306.0
2024,7,20436,12391,15304,3844.0
2024,7,20436,12478,14843,11409.0
2024,7,20436,12953,10397,10438.0
2024,7,20436,12953,11042,4277.0
2024,7,20436,12953,11057,4707.0
2024,7,20436,12953,11193,4117.0
2024,7,20436,12953,11292,5417.0
2024,7,20436,12953,11298,4091.0
2024,7,20436,12953,14492,4601.0
2024,7,20452,11618,10397,880.0
2024,7,20452,11618,10431,4058.0
2024,7,20452,11618,10581,5685.0
2024,7,20452,11618,10693,2388.0
2024,7,20452,11618,10721,5079.0
2024,7,20452,11618,10785,3442.0
2024,7,20452,11618,10792,3930.0
2024,7,20452,11618,10994,3332.0
2024,7,20452,11618,11042,2020.0
2024,7,20452,11618,11057,3263.0
2024,7,20452,11618,11066,9517.0
2024,7,20452,11618,11193,4974.0
2024,7,20452,11618,11298,622.0
2024,7,20452,11618,11433,5162.0
2024,7,20452,11618,11986,5897.0
2024,7,20452,11618,11995,3008.0
2024,7,20452,11618,11996,5590.0
2024,7,20452,11618,12124,1763.0
2024,7,20452,11618,12264,255.0
2024,7,20452,11618,12339,10304.0
2024,7,20452,11618,12451,581.0
2024,7,20452,11618,13198,1829.0
2024,7,20452,11618,13244,1830.0
2024,7,20452,11618,13342,5303.0
2024,7,20452,11618,13485,1714.0
2024,7,20452,11618,13495,278.0
2024,7,20452,11618,13577,2122.0
2024,7,20452,11618,13931,2020.0
2024,7,20452,11618,14122,11234.0
2024,7,20452,11618,14321,5512.0
2024,7,20452,11618,14492,3549.0
2024,7,20452,11618,14524,1972.0
2024,7,20452,11618,14576,1945.0
2024,7,20452,11618,14685,514.0
2024,7,20452,11618,14730,3695.0
2024,7,20452,11618,15016,2021.0
2024,7,20452,11618,15096,2971.0
2024,7,20452,11618,15370,0.0
2024,7,20452,12478,10154,1381.0
2024,7,20452,12478,10693,4093.0
2024,7,20452,12478,10721,12525.0
2024,7,20452,12478,10792,3505.0
2024,7,20452,12478,11042,4089.0
2024,7,20452,12478,11066,10055.0
2024,7,20452,12478,11193,5320.0
2024,7,20452,12478,11278,11469.0
2024,7,20452,12478,12264,0.0
2024,7,20452,12478,12339,5928.0
2024,7,20452,12478,12953,43.0
2024,7,20452,12478,13487,66.0
2024,7,20452,12478,13541,1648.0
2024,7,20452,12478,13930,3929.0
2024,7,20452,12478,13931,4098.0
2024,7,20452,12478,13933,631.0
2024,7,20452,12478,14122,5615.0
2024,7,20452,12478,14321,1212.0
2024,7,20452,12478,14492,8541.0
2024,7,20452,12478,14524,1595.0
2024,7,20452,12953,10154,5424.0
2024,7,20452,12953,10257,0.0
2024,7,20452,12953,10431,2401.0
2024,7,20452,12953,10529,39.0
2024,7,20452,12953,10581,1952.0
2024,7,20452,12953,10693,5838.0
2024,7,20452,12953,10721,27343.0
2024,7,20452,12953,10792,7728.0
2024,7,20452,12953,10821,0.0
2024,7,20452,12953,10868,1716.0
2024,7,20452,12953,10990,1317.0
2024,7,20452,12953,11042,6972.0
2024,7,20452,12953,11057,1593.0
2024,7,20452,12953,11066,13800.0
2024,7,20452,12953,11193,3239.0
2024,7,20452,12953,11278,14868.0
2024,7,20452,12953,11423,1513.0
2024,7,20452,12953,11433,5078.0
2024,7,20452,12953,11986,1515.0
2024,7,20452,12953,11995,4853.0
2024,7,20452,12953,11996,3403.0
2024,7,20452,12953,12124,1671.0
2024,7,20452,12953,12250,1929.0
2024,7,20452,12953,12264,7707.0
2024,7,20452,12953,12323,5010.0
2024,7,20452,12953,12339,12616.0
2024,7,20452,12953,12451,4079.0
2024,7,20452,12953,12992,1676.0
2024,7,20452,12953,13198,2.0
2024,7,20452,12953,13244,5256.0
2024,7,20452,12953,13303,298.0
2024,7,20452,12953,13342,146.0
2024,7,20452,12953,13487,3407.0
2024,7,20452,12953,13541,5579.0
2024,7,20452,12953,13851,3830.0
2024,7,20452,12953,13871,3031.0
2024,7,20452,12953,13930,784.0
2024,7,20452,12953,13931,5584.0
2024,7,20452,12953,14100,11524.0
2024,7,20452,12953,14122,8336.0
2024,7,20452,12953,14193,253.0
2024,7,20452,12953,14307,0.0
2024,7,20452,12953,14321,9175.0
2024,7,20452,12953,14492,3519.0
2024,7,20452,12953,14524,3761.0
2024,7,20452,12953,14574,1280.0
2024,7,20452,12953,14576,0.0
2024,7,20452,12953,14633,0.0
2024,7,20452,12953,14730,8712.0
2024,7,20452,12953,14986,280.0
2024,7,20452,12953,15016,4116.0
2024,7,20452,12953,15370,1711.0
2024,7,20452,12953,15380,244.0
2024,7,20452,12953,15412,1665.0
2024,7,20452,12953,15919,3832.0
2024,7,20500,11618,10154,2472.0
2024,7,20500,11618,10257,2273.0
2024,7,20500,11618,11066,1411.0
2024,7,20500,11618,11193,1478.0
2024,7,20500,11618,11278,11473.0
2024,7,20500,11618,11433,1302.0
2024,7,20500,11618,11986,48.0
2024,7,20500,11618,11995,1403.0
2024,7,20500,11618,12264,1434.0
2024,7,20500,11618,12323,2554.0
2024,7,20500,11618,12397,2131.0
2024,7,20500,11618,13296,2204.0
2024,7,20500,11618,13931,227.0
2024,7,20500,11618,14122,1249.0
2024,7,20500,11618,14231,2108.0
2024,7,20500,11618,14307,2154.0
2024,7,20500,11618,14321,185.0
2024,7,20500,11618,14524,4874.0
2024,7,20500,11618,14576,1209.0
2024,7,20500,11618,14730,1057.0
2024,7,20500,11618,15096,1177.0
2024,7,20500,11618,15380,1377.0
2024,7,21080,12197,10154,994.0
2024,7,21080,12197,11615,3.0
2024,7,21080,12197,13541,446.0
2024,7,22080,12197,10994,2508.0
2024,7,22080,12197,12451,805.0
2024,7,22080,12197,13577,1277.0
2024,7,22080,12197,13931,459.0
2024,7,22080,12197,14321,300.0
2024,7,22080,12197,14492,1230.0
2024,7,22080,12197,14685,681.0
2024,7,22080,12197,15628,1136.0
2024,7,22080,12391,10994,883.0
2024,7,22080,12391,13931,1714.0
2024,7,22080,12391,14321,545.0
2024,7,22080,12391,14492,802.0
2024,7,22080,12391,14524,640.0
2024,7,22080,15070,10994,943.0
2024,7,22080,15070,13204,1054.0
2024,8,19393,12391,10821,15044.0
2024,8,19393,12391,13204,8867.0
2024,8,19393,12391,14027,6929.0
2024,8,19393,12391,15304,1671.0
2024,8,19393,12953,10397,17496.0
2024,8,19393,12953,10693,17755.0
2024,8,19393,12953,10821,167.0
2024,8,19393,12953,11259,16779.0
2024,8,19393,12953,11292,17955.0
2024,8,19393,12953,12191,16765.0
2024,8,19393,12953,12278,66.0
2024,8,19393,12953,12889,9.0
2024,8,19393,12953,13198,7614.0
2024,8,19393,12953,13204,86.0
2024,8,19393,12953,13232,30837.0
2024,8,19393,12953,13495,3991.0
2024,8,19393,12953,15016,15395.0
2024,8,19393,12953,15304,170.0
2024,8,19690,12478,12173,7784.0
2024,8,19790,11618,10208,1.0
2024,8,19790,11618,10397,40907.0
2024,8,19790,11618,10980,3.0
2024,8,19790,11618,11433,14294.0
2024,8,19790,11618,13487,12428.0
2024,8,19790,11618,14869,10215.0
2024,8,19790,12197,10397,6329.0
2024,8,19790,12478,10397,35990.0
2024,8,19790,12478,10423,14360.0
2024,8,19790,12478,10721,2519.0
2024,8,19790,12478,10868,5.0
2024,8,19790,12478,11292,11805.0
2024,8,19790,12478,11298,5209.0
2024,8,19790,12478,11433,7173.0
2024,8,19790,12478,11697,20055.0
2024,8,19790,12478,12173,6028.0
2024,8,19790,12478,12266,14.0
2024,8,19790,12478,12451,3148.0
2024,8,19790,12478,12889,22612.0
2024,8,19790,12478,12892,56925.0
2024,8,19790,12478,13204,26829.0
2024,8,19790,12478,13303,18766.0
2024,8,19790,12478,13487,9638.0
2024,8,19790,12478,13495,6987.0
2024,8,19790,12478,13930,40.0
2024,8,19790,12478,14027,8793.0
2024,8,19790,12478,14057,11250.0
2024,8,19790,12478,14107,11743.0
2024,8,19790,12478,14635,3763.0
2024,8,19790,12478,14679,15401.0
2024,8,19790,12478,14683,3405.0
2024,8,19790,12478,14747,21965.0
2024,8,19790,12478,14771,32004.0
2024,8,19790,12478,14843,15323.0
2024,8,19790,12478,14869,21395.0
2024,8,19790,12478,15024,1188.0
2024,8,19790,12478,15304,14139.0
2024,8,19790,12953,10397,66114.0
2024,8,19790,12953,10693,2704.0
2024,8,19790,12953,10721,2484.0
2024,8,19790,12953,10994,1897.0
2024,8,19790,12953,11193,1.0
2024,8,19790,12953,11292,12666.0
2024,8,19790,12953,11298,15475.0
2024,8,19790,12953,11433,28648.0
2024,8,19790,12953,11697,20001.0
2024,8,19790,12953,12266,12967.0
2024,8,19790,12953,12478,46.0
2024,8,19790,12953,13198,2818.0
2024,8,19790,12953,13204,26782.0
2024,8,19790,12953,13303,21172.0
2024,8,19790,12953,13360,2.0
2024,8,19790,12953,13485,202.0
2024,8,19790,12953,13487,25075.0
2024,8,19790,12953,13495,7093.0
2024,8,19790,12953,13930,25297.0
2024,8,19790,12953,14027,17375.0
2024,8,19790,12953,14635,7678.0
2024,8,19790,12953,14986,2817.0
2024,8,19790,12953,15304,18293.0
2024,8,19790,12953,15380,784.0
2024,8,19805,11618,11057,25234.0
2024,8,19805,11618,11298,19212.0
2024,8,19805,11618,13303,18684.0
2024,8,19805,11618,13930,16880.0
2024,8,19805,11618,14107,14299.0
2024,8,19805,12478,10423,6244.0
2024,8,19805,12478,11057,25084.0
2024,8,19805,12478,11298,12969.0
2024,8,19805,12478,12892,24643.0
2024,8,19805,12478,13303,36409.0
2024,8,19805,12478,13930,8826.0
2024,8,19805,12478,14107,13950.0
2024,8,19805,12478,14771,10253.0
2024,8,19805,12478,14908,2723.0
2024,8,19805,12478,15024,3458.0
2024,8,19805,12953,10140,96.0
2024,8,19805,12953,11057,39515.0
2024,8,19805,12953,11278,9502.0
2024,8,19805,12953,11298,48480.0
2024,8,19805,12953,13303,39495.0
2024,8,19805,12953,13930,31225.0
2024,8,19805,12953,14122,2672.0
2024,8,19805,12953,14492,8641.0
2024,8,19821,12478,12264,344.0
2024,8,19930,11618,11278,107.0
2024,8,19930,11618,12892,14009.0
2024,8,19930,11618,14057,4241.0
2024,8,19930,11618,14679,4634.0
2024,8,19930,11618,14747,14704.0
2024,8,19930,11618,14771,9616.0
2024,8,19930,12478,10299,2729.0
2024,8,19930,12478,14057,5028.0
2024,8,19930,12478,14679,9549.0
2024,8,19930,12478,14747,19878.0
2024,8,19930,12478,14771,17904.0
2024,8,19977,11618,10299,3996.0
2024,8,19977,11618,10397,23614.0
2024,8,19977,11618,10423,13986.0
2024,8,19977,11618,10599,0.0
2024,8,19977,11618,10693,12531.0
2024,8,19977,11618,10721,26780.0
2024,8,19977,11618,10732,4624.0
2024,8,19977,11618,10785,1256.0
2024,8,19977,11618,10792,2315.0
2024,8,19977,11618,10849,9018.0
2024,8,19977,11618,10994,6854.0
2024,8,19977,11618,11003,28.0
2024,8,19977,11618,11042,14610.0
2024,8,19977,11618,11057,10812.0
2024,8,19977,11618,11066,0.0
2024,8,19977,11618,11252,0.0
2024,8,19977,11618,11292,43913.0
2024,8,19977,11618,11298,15758.0
2024,8,19977,11618,11433,2805.0
2024,8,19977,11618,11624,3264.0
2024,8,19977,11618,11697,23085.0
2024,8,19977,11618,11884,0.0
2024,8,19977,11618,11996,189.0
2024,8,19977,11618,12264,13222.0
2024,8,19977,11618,12266,46300.0
2024,8,19977,11618,12441,3096.0
2024,8,19977,11618,12451,12198.0
2024,8,19977,11618,12889,28425.0
2024,8,19977,11618,12892,59184.0
2024,8,19977,11618,12953,0.0
2024,8,19977,11618,13198,3419.0
2024,8,19977,11618,13204,37280.0
2024,8,19977,11618,13244,1298.0
2024,8,19977,11618,13296,0.0
2024,8,19977,11618,13303,18063.0
2024,8,19977,11618,13487,13250.0
2024,8,19977,11618,13495,11145.0
2024,8,19977,11618,13577,3163.0
2024,8,19977,11618,13930,57227.0
2024,8,19977,11618,13931,4001.0
2024,8,19977,11618,14027,24330.0
2024,8,19977,11618,14057,8551.0
2024,8,19977,11618,14100,0.0
2024,8,19977,11618,14107,16907.0
2024,8,19977,11618,14321,1487.0
2024,8,19977,11618,14492,13670.0
2024,8,19977,11618,14512,0.0
2024,8,19977,11618,14570,166.0
2024,8,19977,11618,14576,3126.0
2024,8,19977,11618,14635,13723.0
2024,8,19977,11618,14679,17709.0
2024,8,19977,11618,14683,5790.0
2024,8,19977,11618,14685,5202.0
2024,8,19977,11618,14689,12.0
2024,8,19977,11618,14747,18634.0
2024,8,19977,11618,14771,59319.0
2024,8,19977,11618,14843,16262.0
2024,8,19977,11618,14869,4083.0
2024,8,19977,11618,14893,3959.0
2024,8,19977,11618,14908,12668.0
2024,8,19977,11618,14986,8052.0
2024,8,19977,11618,15016,6254.0
2024,8,19977,11618,15024,924.0
2024,8,19977,11618,15096,0.0
2024,8,19977,11618,15304,24632.0
2024,8,19977,12953,10423,33.0
2024,8,19977,12953,10558,0.0
2024,8,19977,12953,10693,5.0
2024,8,19977,12953,11042,2.0
2024,8,19977,12953,11292,25032.0
2024,8,19977,12953,11423,12.0
2024,8,19977,12953,11618,0.0
2024,8,19977,12953,12264,0.0
2024,8,19977,12953,12266,18816.0
2024,8,19977,12953,12339,0.0
2024,8,19977,12953,12451,7.0
2024,8,19977,12953,12889,37.0
2024,8,19977,12953,12892,49.0
2024,8,19977,12953,13244,0.0
2024,8,19977,12953,13487,17.0
2024,8,19977,12953,13495,0.0
2024,8,19977,12953,13871,0.0
2024,8,19977,12953,13891,23.0
2024,8,19977,12953,13930,56578.0
2024,8,19977,12953,14107,71.0
2024,8,19977,12953,14122,0.0
2024,8,19977,12953,14457,0.0
2024,8,19977,12953,14512,0.0
2024,8,19977,12953,14570,54.0
2024,8,19977,12953,14635,1.0
2024,8,19977,12953,14771,25.0
2024,8,19977,12953,14814,0.0
2024,8,19977,12953,14893,27.0
2024,8,19977,12953,15304,0.0
2024,8,19977,12953,15376,0.0
2024,8,19977,15070,11618,0.0
2024,8,20253,12197,10154,0.0
2024,8,20253,12197,12250,0.0
2024,8,20253,12197,12932,340.0
2024,8,20253,12197,13541,250.0
2024,8,20253,12478,10154,0.0
2024,8,20253,12478,13541,0.0
2024,8,20253,12478,14875,144.0
2024,8,20304,12197,10397,1688.0
2024,8,20304,12197,11433,3759.0
2024,8,20304,12478,10693,6020.0
2024,8,20304,12478,11042,1586.0
2024,8,20304,12478,12264,3636.0
2024,8,20304,12478,13342,3808.0
2024,8,20304,12478,13930,3908.0
2024,8,20304,12953,10693,2290.0
2024,8,20304,12953,12266,3033.0
2024,8,20304,12953,13342,3981.0
2024,8,20304,12953,13485,1737.0
2024,8,20304,12953,13851,1486.0
2024,8,20304,12953,13871,2864.0
2024,8,20304,12953,13930,147.0
2024,8,20304,12953,14492,289.0
2024,8,20304,12953,15096,3304.0
2024,8,20363,11618,11193,3715.0
2024,8,20363,11618,14492,4245.0
2024,8,20363,12197,10397,5442.0
2024,8,20363,12478,10581,871.0
2024,8,20363,12478,10785,2869.0
2024,8,20363,12478,10792,4000.0
2024,8,20363,12478,10821,2983.0
2024,8,20363,12478,10994,5358.0
2024,8,20363,12478,11042,3538.0
2024,8,20363,12478,11057,8438.0
2024,8,20363,12478,11193,4795.0
2024,8,20363,12478,11433,4078.0
2024,8,20363,12478,12339,4736.0
2024,8,20363,12478,12397,3572.0
2024,8,20363,12478,12451,3603.0
2024,8,20363,12478,13198,3068.0
2024,8,20363,12478,13931,5409.0
2024,8,20363,12478,14122,3459.0
2024,8,20363,12478,14321,1960.0
2024,8,20363,12478,14492,9296.0
2024,8,20363,12478,14524,1415.0
2024,8,20363,12478,14576,5529.0
2024,8,20363,12478,14685,5695.0
2024,8,20363,12478,15096,5612.0
2024,8,20363,12953,10257,2496.0
2024,8,20363,12953,10397,47.0
2024,8,20363,12953,10431,3522.0
2024,8,20363,12953,10529,994.0
2024,8,20363,12953,10581,5471.0
2024,8,20363,12953,10599,4266.0
2024,8,20363,12953,10693,4496.0
2024,8,20363,12953,10785,4484.0
2024,8,20363,12953,10792,2974.0
2024,8,20363,12953,10868,3225.0
2024,8,20363,12953,10990,4021.0
2024,8,20363,12953,10994,5750.0
2024,8,20363,12953,11042,5033.0
2024,8,20363,12953,11057,7629.0
2024,8,20363,12953,11193,7775.0
2024,8,20363,12953,11267,1158.0
2024,8,20363,12953,11423,2994.0
2024,8,20363,12953,11986,4653.0
2024,8,20363,12953,11995,6094.0
2024,8,20363,12953,11996,5053.0
2024,8,20363,12953,12323,5180.0
2024,8,20363,12953,12339,3213.0
2024,8,20363,12953,12451,1923.0
2024,8,20363,12953,12992,1423.0
2024,8,20363,12953,13198,4254.0
2024,8,20363,12953,13244,2713.0
2024,8,20363,12953,13342,3186.0
2024,8,20363,12953,13485,1852.0
2024,8,20363,12953,13577,4331.0
2024,8,20363,12953,13871,1263.0
2024,8,20363,12953,13931,2909.0
2024,8,20363,12953,13933,866.0
2024,8,20363,12953,14122,3243.0
2024,8,20363,12953,14193,250.0
2024,8,20363,12953,14307,1542.0
2024,8,20363,12953,14321,2170.0
2024,8,20363,12953,14492,12194.0
2024,8,20363,12953,14524,5792.0
2024,8,20363,12953,14574,1095.0
2024,8,20363,12953,14576,5026.0
2024,8,20363,12953,14685,5405.0
2024,8,20363,12953,15016,7437.0
2024,8,20363,12953,15096,1687.0
2024,8,20363,12953,15380,1525.0
2024,8,20363,12953,15412,4673.0
2024,8,20363,12953,15919,1343.0
2024,8,20368,11618,10408,1271.0
2024,8,20368,11618,10431,1912.0
2024,8,20368,11618,11193,1415.0
2024,8,20368,11618,11423,1518.0
2024,8,20368,11618,11986,682.0
2024,8,20368,11618,15412,1543.0
2024,8,20368,11618,15624,1481.0
2024,8,20368,15070,13577,2461.0
2024,8,20368,15070,14082,1501.0
2024,8,20368,15070,14112,1493.0
2024,8,20368,15070,14761,513.0
2024,8,20378,12953,12266,1687.0
2024,8,20397,12197,11057,7897.0
2024,8,20397,12197,11278,5190.0
2024,8,20398,11618,13930,1849.0
2024,8,20398,12197,13930,5297.0
2024,8,20409,11618,11697,12697.0
2024,8,20409,11618,12892,11473.0
2024,8,20409,11618,13204,16335.0
2024,8,20409,11618,14027,8537.0
2024,8,20409,11618,14635,4403.0
2024,8,20409,11618,14685,143.0
2024,8,20409,11618,14843,8995.0
2024,8,20409,11618,15304,7595.0
2024,8,20409,12197,10154,4364.0
2024,8,20409,12197,10994,3937.0
2024,8,20409,12197,11057,154.0
2024,8,20409,12197,11697,8875.0
2024,8,20409,12197,12451,121.0
2024,8,20409,12197,12953,158.0
2024,8,20409,12197,13204,16883.0
2024,8,20409,12197,14027,16896.0
2024,8,20409,12197,14492,150.0
2024,8,20409,12197,14635,4597.0
2024,8,20409,12197,15304,4373.0
2024,8,20409,12478,10140,3557.0
2024,8,20409,12478,10154,4169.0
2024,8,20409,12478,10397,7557.0
2024,8,20409,12478,10423,4501.0
2024,8,20409,12478,10693,6650.0
2024,8,20409,12478,10721,18691.0
2024,8,20409,12478,10732,8340.0
2024,8,20409,12478,10792,14861.0
2024,8,20409,12478,10800,3523.0
2024,8,20409,12478,10849,1850.0
2024,8,20409,12478,10994,6883.0
2024,8,20409,12478,11252,195.0
2024,8,20409,12478,11292,8489.0
2024,8,20409,12478,11618,148.0
2024,8,20409,12478,11697,26842.0
2024,8,20409,12478,12197,239.0
2024,8,20409,12478,12250,2162.0
2024,8,20409,12478,12266,4210.0
2024,8,20409,12478,12451,7451.0
2024,8,20409,12478,12889,16085.0
2024,8,20409,12478,12892,39140.0
2024,8,20409,12478,12953,427.0
2024,8,20409,12478,13204,40252.0
2024,8,20409,12478,13303,9185.0
2024,8,20409,12478,13342,3570.0
2024,8,20409,12478,13495,3606.0
2024,8,20409,12478,13541,4220.0
2024,8,20409,12478,13891,4938.0
2024,8,20409,12478,13930,6665.0
2024,8,20409,12478,14027,12696.0
2024,8,20409,12478,14057,136.0
2024,8,20409,12478,14107,3741.0
2024,8,20409,12478,14254,3728.0
2024,8,20409,12478,14321,7888.0
2024,8,20409,12478,14492,6736.0
2024,8,20409,12478,14570,1344.0
2024,8,20409,12478,14576,6913.0
2024,8,20409,12478,14635,7164.0
2024,8,20409,12478,14679,8915.0
2024,8,20409,12478,14683,3320.0
2024,8,20409,12478,14685,4150.0
2024,8,20409,12478,14747,4080.0
2024,8,20409,12478,14771,20075.0
2024,8,20409,12478,14843,31115.0
2024,8,20409,12478,14869,4289.0
2024,8,20409,12478,14893,5556.0
2024,8,20409,12478,14986,3601.0
2024,8,20409,12478,15096,3421.0
2024,8,20409,12478,15304,7897.0
2024,8,20409,12953,10154,2390.0
2024,8,20409,12953,10397,13128.0
2024,8,20409,12953,10721,11638.0
2024,8,20409,12953,10994,133.0
2024,8,20409,12953,11697,21209.0
2024,8,20409,12953,13204,19995.0
2024,8,20409,12953,13541,2356.0
2024,8,20409,12953,14027,11821.0
2024,8,20409,12953,14635,306.0
2024,8,20409,12953,14685,316.0
2024,8,20409,12953,15304,8622.0
2024,8,20416,11618,10397,9417.0
2024,8,20416,11618,10423,1285.0
2024,8,20416,11618,10693,4468.0
2024,8,20416,11618,10721,5198.0
2024,8,20416,11618,10994,4497.0
2024,8,20416,11618,11057,4573.0
2024,8,20416,11618,11066,2809.0
2024,8,20416,11618,11298,5960.0
2024,8,20416,11618,11433,4096.0
2024,8,20416,11618,11697,19596.0
2024,8,20416,11618,12266,4116.0
2024,8,20416,11618,12339,4200.0
2024,8,20416,11618,12889,11486.0
2024,8,20416,11618,12892,8472.0
2024,8,20416,11618,13198,3300.0
2024,8,20416,11618,13204,15362.0
2024,8,20416,11618,13303,4665.0
2024,8,20416,11618,13495,3092.0
2024,8,20416,11618,13577,8938.0
2024,8,20416,11618,13796,695.0
2024,8,20416,11618,13930,5301.0
2024,8,20416,11618,14107,853.0
2024,8,20416,11618,14122,3414.0
2024,8,20416,11618,14683,4214.0
2024,8,20416,12953,10397,5637.0
2024,8,20416,12953,10693,5877.0
2024,8,20416,12953,10821,12.0
2024,8,20416,12953,10994,4034.0
2024,8,20416,12953,11057,11318.0
2024,8,20416,12953,11066,4153.0
2024,8,20416,12953,11298,6040.0
2024,8,20416,12953,11433,15044.0
2024,8,20416,12953,11697,16945.0
2024,8,20416,12953,12266,6871.0
2024,8,20416,12953,13204,14887.0
2024,8,20416,12953,13303,5842.0
2024,8,20416,12953,13577,10027.0
2024,8,20416,12953,13930,12616.0
2024,8,20416,12953,14122,3368.0
2024,8,20422,11618,13487,4424.0
2024,8,20422,12478,13487,3373.0
2024,8,20436,11618,14843,9543.0
2024,8,20436,12391,10397,1285.0
2024,8,20436,12391,11697,6164.0
2024,8,20436,12391,13204,10455.0
2024,8,20436,12391,13577,2858.0
2024,8,20436,12391,14027,704.0
2024,8,20436,12391,15304,4032.0
2024,8,20436,12478,10397,3218.0
2024,8,20436,12478,12889,3919.0
2024,8,20436,12478,14843,11396.0
2024,8,20436,12953,10397,10344.0
2024,8,20436,12953,11042,3878.0
2024,8,20436,12953,11057,4467.0
2024,8,20436,12953,11193,3960.0
2024,8,20436,12953,11292,5770.0
2024,8,20436,12953,11298,4399.0
2024,8,20436,12953,14492,4694.0
2024,8,20452,11618,10397,1065.0
2024,8,20452,11618,10423,141.0
2024,8,20452,11618,10431,3465.0
2024,8,20452,11618,10581,5050.0
2024,8,20452,11618,10693,1624.0
2024,8,20452,11618,10721,4614.0
2024,8,20452,11618,10785,3135.0
2024,8,20452,11618,10792,3883.0
2024,8,20452,11618,10994,1266.0
2024,8,20452,11618,11042,1406.0
2024,8,20452,11618,11057,3023.0
2024,8,20452,11618,11066,7374.0
2024,8,20452,11618,11193,3096.0
2024,8,20452,11618,11278,134.0
2024,8,20452,11618,11298,436.0
2024,8,20452,11618,11433,5625.0
2024,8,20452,11618,11986,5362.0
2024,8,20452,11618,11995,1227.0
2024,8,20452,11618,11996,4817.0
2024,8,20452,11618,12124,1698.0
2024,8,20452,11618,12264,71.0
2024,8,20452,11618,12339,8315.0
2024,8,20452,11618,12397,1408.0
2024,8,20452,11618,12451,441.0
2024,8,20452,11618,13198,1694.0
2024,8,20452,11618,13244,2297.0
2024,8,20452,11618,13342,5355.0
2024,8,20452,11618,13485,1714.0
2024,8,20452,11618,13487,146.0
2024,8,20452,11618,13495,220.0
2024,8,20452,11618,13577,2102.0
2024,8,20452,11618,13931,2436.0
2024,8,20452,11618,14122,10111.0
2024,8,20452,11618,14307,695.0
2024,8,20452,11618,14321,6626.0
2024,8,20452,11618,14492,2558.0
2024,8,20452,11618,14524,1171.0
2024,8,20452,11618,14576,2155.0
2024,8,20452,11618,14685,1262.0
2024,8,20452,11618,14730,4153.0
2024,8,20452,11618,15016,1994.0
2024,8,20452,11618,15096,2650.0
2024,8,20452,12478,10154,1377.0
2024,8,20452,12478,10693,4037.0
2024,8,20452,12478,10721,11135.0
2024,8,20452,12478,10792,2150.0
2024,8,20452,12478,11042,3612.0
2024,8,20452,12478,11066,8677.0
2024,8,20452,12478,11193,4106.0
2024,8,20452,12478,11278,9928.0
2024,8,20452,12478,11995,0.0
2024,8,20452,12478,12339,4696.0
2024,8,20452,12478,13541,1860.0
2024,8,20452,12478,13930,3636.0
2024,8,20452,12478,13931,3370.0
2024,8,20452,12478,13933,751.0
2024,8,20452,12478,14122,4765.0
2024,8,20452,12478,14321,306.0
2024,8,20452,12478,14492,7223.0
2024,8,20452,12478,14524,1485.0
2024,8,20452,12953,10154,5661.0
2024,8,20452,12953,10431,2351.0
2024,8,20452,12953,10581,1918.0
2024,8,20452,12953,10693,5340.0
2024,8,20452,12953,10721,25784.0
2024,8,20452,12953,10792,6835.0
2024,8,20452,12953,10868,1374.0
2024,8,20452,12953,10990,1247.0
2024,8,20452,12953,11042,6719.0
2024,8,20452,12953,11057,1298.0
2024,8,20452,12953,11066,12554.0
2024,8,20452,12953,11193,2925.0
2024,8,20452,12953,11278,13595.0
2024,8,20452,12953,11423,1240.0
2024,8,20452,12953,11433,4992.0
2024,8,20452,12953,11986,1525.0
2024,8,20452,12953,11995,3933.0
2024,8,20452,12953,11996,2999.0
2024,8,20452,12953,12124,1717.0
2024,8,20452,12953,12250,1957.0
2024,8,20452,12953,12264,7106.0
2024,8,20452,12953,12323,4392.0
2024,8,20452,12953,12339,9722.0
2024,8,20452,12953,12451,4918.0
2024,8,20452,12953,12478,0.0
2024,8,20452,12953,12992,1174.0
2024,8,20452,12953,13244,4527.0
2024,8,20452,12953,13303,278.0
2024,8,20452,12953,13487,3316.0
2024,8,20452,12953,13541,5857.0
2024,8,20452,12953,13851,3258.0
2024,8,20452,12953,13871,2392.0
2024,8,20452,12953,13930,0.0
2024,8,20452,12953,13931,4966.0
2024,8,20452,12953,14100,10042.0
2024,8,20452,12953,14122,8077.0
2024,8,20452,12953,14193,280.0
2024,8,20452,12953,14321,9097.0
2024,8,20452,12953,14492,3190.0
2024,8,20452,12953,14524,3000.0
2024,8,20452,12953,14574,1127.0
2024,8,20452,12953,14685,69.0
2024,8,20452,12953,14730,7056.0
2024,8,20452,12953,14986,323.0
2024,8,20452,12953,15016,2907.0
2024,8,20452,12953,15370,1343.0
2024,8,20452,12953,15380,251.0
2024,8,20452,12953,15412,1557.0
2024,8,20452,12953,15919,3253.0
2024,8,20500,11618,10154,2451.0
2024,8,20500,11618,10257,2214.0
2024,8,20500,11618,10785,91.0
2024,8,20500,11618,10792,542.0
2024,8,20500,11618,11066,1353.0
2024,8,20500,11618,11193,1657.0
2024,8,20500,11618,11278,10198.0
2024,8,20500,11618,11433,666.0
2024,8,20500,11618,11986,50.0
2024,8,20500,11618,11995,2135.0
2024,8,20500,11618,12264,1458.0
2024,8,20500,11618,12323,2282.0
2024,8,20500,11618,12339,90.0
2024,8,20500,11618,12397,1228.0
2024,8,20500,11618,13296,1876.0
2024,8,20500,11618,13931,230.0
2024,8,20500,11618,14122,407.0
2024,8,20500,11618,14231,1990.0
2024,8,20500,11618,14307,2073.0
2024,8,20500,11618,14524,3878.0
2024,8,20500,11618,14576,739.0
2024,8,20500,11618,14730,50.0
2024,8,20500,11618,15096,1517.0
2024,8,20500,11618,15380,795.0
2024,8,21080,12197,10154,1075.0
2024,8,21080,12197,12250,20.0
2024,8,21080,12197,13541,530.0
2024,8,22080,12197,10821,69.0
2024,8,22080,12197,10994,2521.0
2024,8,22080,12197,12451,793.0
2024,8,22080,12197,13577,1408.0
2024,8,22080,12197,13931,511.0
2024,8,22080,12197,14321,261.0
2024,8,22080,12197,14492,1132.0
2024,8,22080,12197,14685,819.0
2024,8,22080,12197,15628,1410.0
2024,8,22080,12391,10994,921.0
2024,8,22080,12391,13931,1860.0
2024,8,22080,12391,14321,537.0
2024,8,22080,12391,14492,875.0
2024,8,22080,12391,14524,701.0
2024,8,22080,15070,10994,1013.0
2024,8,22080,15070,13204,1142.0
2024,8,22080,15070,15628,134.0
2024,9,19393,12391,10821,12900.0
2024,9,19393,12391,13204,6322.0
2024,9,19393,12391,14027,5619.0
2024,9,19393,12391,15304,1107.0
2024,9,19393,12953,10397,14474.0
2024,9,19393,12953,10693,16034.0
2024,9,19393,12953,11259,15439.0
2024,9,19393,12953,11292,15798.0
2024,9,19393,12953,12191,14156.0
2024,9,19393,12953,12278,80.0
2024,9,19393,12953,12889,8.0
2024,9,19393,12953,13198,6910.0
2024,9,19393,12953,13204,34.0
2024,9,19393,12953,13232,29234.0
2024,9,19393,12953,13495,3427.0
2024,9,19393,12953,15016,13839.0
2024,9,19690,12478,12173,6065.0
2024,9,19790,11618,10397,37410.0
2024,9,19790,11618,11433,13014.0
2024,9,19790,11618,13487,10677.0
2024,9,19790,11618,14869,8601.0
2024,9,19790,12197,10397,5389.0
2024,9,19790,12478,10397,32515.0
2024,9,19790,12478,10423,15718.0
2024,9,19790,12478,10721,2519.0
2024,9,19790,12478,11292,11534.0
2024,9,19790,12478,11298,4861.0
2024,9,19790,12478,11433,4573.0
2024,9,19790,12478,11697,15581.0
2024,9,19790,12478,12173,3990.0
2024,9,19790,12478,12264,18.0
2024,9,19790,12478,12451,2525.0
2024,9,19790,12478,12889,22512.0
2024,9,19790,12478,12892,55302.0
2024,9,19790,12478,13204,25071.0
2024,9,19790,12478,13303,16933.0
2024,9,19790,12478,13487,8633.0
2024,9,19790,12478,13495,6360.0
2024,9,19790,12478,14027,5773.0
2024,9,19790,12478,14057,9838.0
2024,9,19790,12478,14107,12489.0
2024,9,19790,12478,14635,2030.0
2024,9,19790,12478,14679,14046.0
2024,9,19790,12478,14683,3012.0
2024,9,19790,12478,14747,20624.0
2024,9,19790,12478,14771,31329.0
2024,9,19790,12478,14843,13705.0
2024,9,19790,12478,14869,19989.0
2024,9,19790,12478,15304,12580.0
2024,9,19790,12478,15370,2.0
2024,9,19790,12953,10397,60575.0
2024,9,19790,12953,10693,2274.0
2024,9,19790,12953,10721,5755.0
2024,9,19790,12953,10994,4420.0
2024,9,19790,12953,11292,11833.0
2024,9,19790,12953,11298,16721.0
2024,9,19790,12953,11433,25763.0
2024,9,19790,12953,11697,16794.0
2024,9,19790,12953,12266,11431.0
2024,9,19790,12953,12451,281.0
2024,9,19790,12953,13198,6242.0
2024,9,19790,12953,13204,25429.0
2024,9,19790,12953,13303,20016.0
2024,9,19790,12953,13485,42.0
2024,9,19790,12953,13487,22768.0
2024,9,19790,12953,13495,7773.0
2024,9,19790,12953,13577,1498.0
2024,9,19790,12953,13930,22834.0
2024,9,19790,12953,14027,14470.0
2024,9,19790,12953,14635,5457.0
2024,9,19790,12953,14986,2433.0
2024,9,19790,12953,15304,16527.0
2024,9,19790,12953,15380,18.0
2024,9,19805,11618,11057,20140.0
2024,9,19805,11618,11298,17845.0
2024,9,19805,11618,13303,16261.0
2024,9,19805,11618,13930,19704.0
2024,9,19805,11618,14107,13148.0
2024,9,19805,12478,10423,6972.0
2024,9,19805,12478,11057,22174.0
2024,9,19805,12478,11298,16144.0
2024,9,19805,12478,12892,24068.0
2024,9,19805,12478,13303,31952.0
2024,9,19805,12478,13930,10711.0
2024,9,19805,12478,14107,13620.0
2024,9,19805,12478,14492,77.0
2024,9,19805,12478,14771,10781.0
2024,9,19805,12478,14908,2483.0
2024,9,19805,12478,15024,196.0
2024,9,19805,12953,10140,47.0
2024,9,19805,12953,11057,31045.0
2024,9,19805,12953,11278,8255.0
2024,9,19805,12953,11298,44963.0
2024,9,19805,12953,13303,36174.0
2024,9,19805,12953,13930,30428.0
2024,9,19805,12953,14122,1652.0
2024,9,19805,12953,14492,8451.0
2024,9,19930,11618,12892,13505.0
2024,9,19930,11618,14057,4132.0
2024,9,19930,11618,14679,4077.0
2024,9,19930,11618,14747,14544.0
2024,9,19930,11618,14771,9609.0
2024,9,19930,12478,14057,4101.0
2024,9,19930,12478,14679,8357.0
2024,9,19930,12478,14747,18405.0
2024,9,19930,12478,14771,14558.0
2024,9,19977,11618,10299,163.0
2024,9,19977,11618,10397,21116.0
2024,9,19977,11618,10423,15238.0
2024,9,19977,11618,10693,15993.0
2024,9,19977,11618,10721,29984.0
2024,9,19977,11618,10732,3942.0
2024,9,19977,11618,10785,1177.0
2024,9,19977,11618,10792,2434.0
2024,9,19977,11618,10849,3160.0
2024,9,19977,11618,10994,9495.0
2024,9,19977,11618,11042,14014.0
2024,9,19977,11618,11057,8466.0
2024,9,19977,11618,11066,0.0
2024,9,19977,11618,11278,0.0
2024,9,19977,11618,11292,41269.0
2024,9,19977,11618,11298,17657.0
2024,9,19977,11618,11433,1669.0
2024,9,19977,11618,11624,2524.0
2024,9,19977,11618,11697,20701.0
2024,9,19977,11618,12217,0.0
2024,9,19977,11618,12264,12349.0
2024,9,19977,11618,12266,41730.0
2024,9,19977,11618,12441,98.0
2024,9,19977,11618,12451,11213.0
2024,9,19977,11618,12889,26660.0
2024,9,19977,11618,12892,51622.0
2024,9,19977,11618,13198,2888.0
2024,9,19977,11618,13204,38789.0
2024,9,19977,11618,13303,19299.0
2024,9,19977,11618,13487,9844.0
2024,9,19977,11618,13495,9455.0
2024,9,19977,11618,13577,1995.0
2024,9,19977,11618,13930,54465.0
2024,9,19977,11618,13931,2166.0
2024,9,19977,11618,14027,21993.0
2024,9,19977,11618,14057,6444.0
2024,9,19977,11618,14107,17327.0
2024,9,19977,11618,14321,93.0
2024,9,19977,11618,14492,12985.0
2024,9,19977,11618,14570,1.0
2024,9,19977,11618,14576,2653.0
2024,9,19977,11618,14635,12367.0
2024,9,19977,11618,14679,16217.0
2024,9,19977,11618,14683,5288.0
2024,9,19977,11618,14685,3768.0
2024,9,19977,11618,14689,11.0
2024,9,19977,11618,14696,453.0
2024,9,19977,11618,14747,17092.0
2024,9,19977,11618,14771,56450.0
2024,9,19977,11618,14843,14364.0
2024,9,19977,11618,14869,3891.0
2024,9,19977,11618,14893,4150.0
2024,9,19977,11618,14908,11363.0
2024,9,19977,11618,14986,6533.0
2024,9,19977,11618,15016,6505.0
2024,9,19977,11618,15024,402.0
2024,9,19977,11618,15096,0.0
2024,9,19977,11618,15304,24450.0
2024,9,19977,12953,10397,1.0
2024,9,19977,12953,10693,0.0
2024,9,19977,12953,11042,2.0
2024,9,19977,12953,11278,0.0
2024,9,19977,12953,11292,23461.0
2024,9,19977,12953,11423,7.0
2024,9,19977,12953,11618,0.0
2024,9,19977,12953,12264,0.0
2024,9,19977,12953,12266,16236.0
2024,9,19977,12953,12451,16.0
2024,9,19977,12953,12889,12.0
2024,9,19977,12953,13303,1.0
2024,9,19977,12953,13487,23.0
2024,9,19977,12953,13871,26.0
2024,9,19977,12953,13930,51224.0
2024,9,19977,12953,14057,0.0
2024,9,19977,12953,14107,43.0
2024,9,19977,12953,14635,1.0
2024,9,19977,12953,14679,0.0
2024,9,19977,12953,14771,4.0
2024,9,19977,12953,14893,3.0
2024,9,19977,15070,11618,0.0
2024,9,20253,12197,10154,0.0
2024,9,20253,12197,12250,3.0
2024,9,20253,12197,12932,311.0
2024,9,20253,12197,13541,30.0
2024,9,20253,12478,10154,0.0
2024,9,20253,12478,13541,0.0
2024,9,20253,12478,14875,130.0
2024,9,20304,12197,10397,1799.0
2024,9,20304,12197,11433,3483.0
2024,9,20304,12478,10693,6009.0
2024,9,20304,12478,11042,1820.0
2024,9,20304,12478,12264,2218.0
2024,9,20304,12478,13342,3464.0
2024,9,20304,12478,13930,3914.0
2024,9,20304,12478,14492,379.0
2024,9,20304,12953,10693,2015.0
2024,9,20304,12953,10785,2662.0
2024,9,20304,12953,11042,56.0
2024,9,20304,12953,12266,3622.0
2024,9,20304,12953,13342,3344.0
2024,9,20304,12953,13485,339.0
2024,9,20304,12953,13851,1830.0
2024,9,20304,12953,13871,2756.0
2024,9,20304,12953,13931,1102.0
2024,9,20304,12953,15096,826.0
2024,9,20363,11618,11193,3812.0
2024,9,20363,11618,14492,4487.0
2024,9,20363,12197,10397,4099.0
2024,9,20363,12478,10581,921.0
2024,9,20363,12478,10785,2571.0
2024,9,20363,12478,10792,7365.0
2024,9,20363,12478,10821,3407.0
2024,9,20363,12478,10994,5481.0
2024,9,20363,12478,11042,2075.0
2024,9,20363,12478,11057,5825.0
2024,9,20363,12478,11193,4124.0
2024,9,20363,12478,11433,3784.0
2024,9,20363,12478,12264,1350.0
2024,9,20363,12478,12339,3999.0
2024,9,20363,12478,12397,3442.0
2024,9,20363,12478,12451,924.0
2024,9,20363,12478,13198,2954.0
2024,9,20363,12478,13931,4099.0
2024,9,20363,12478,14122,3088.0
2024,9,20363,12478,14321,131.0
2024,9,20363,12478,14492,9107.0
2024,9,20363,12478,14524,3199.0
2024,9,20363,12478,14576,2839.0
2024,9,20363,12478,14685,5121.0
2024,9,20363,12478,15096,5015.0
2024,9,20363,12953,10257,2780.0
2024,9,20363,12953,10431,2837.0
2024,9,20363,12953,10529,1251.0
2024,9,20363,12953,10581,5273.0
2024,9,20363,12953,10599,4575.0
2024,9,20363,12953,10693,1305.0
2024,9,20363,12953,10785,2145.0
2024,9,20363,12953,10792,4261.0
2024,9,20363,12953,10868,3152.0
2024,9,20363,12953,10990,4263.0
2024,9,20363,12953,10994,1160.0
2024,9,20363,12953,11042,4188.0
2024,9,20363,12953,11057,6319.0
2024,9,20363,12953,11193,7979.0
2024,9,20363,12953,11267,1239.0
2024,9,20363,12953,11423,2719.0
2024,9,20363,12953,11433,16.0
2024,9,20363,12953,11986,4579.0
2024,9,20363,12953,11995,3272.0
2024,9,20363,12953,11996,4701.0
2024,9,20363,12953,12323,4226.0
2024,9,20363,12953,12339,4070.0
2024,9,20363,12953,12451,1844.0
2024,9,20363,12953,12992,1488.0
2024,9,20363,12953,13198,728.0
2024,9,20363,12953,13244,2947.0
2024,9,20363,12953,13342,3057.0
2024,9,20363,12953,13485,1675.0
2024,9,20363,12953,13577,2142.0
2024,9,20363,12953,13871,1553.0
2024,9,20363,12953,13931,2012.0
2024,9,20363,12953,13933,972.0
2024,9,20363,12953,14122,2144.0
2024,9,20363,12953,14193,108.0
2024,9,20363,12953,14307,1434.0
2024,9,20363,12953,14321,794.0
2024,9,20363,12953,14492,12159.0
2024,9,20363,12953,14524,4526.0
2024,9,20363,12953,14574,1179.0
2024,9,20363,12953,14576,4859.0
2024,9,20363,12953,14685,5075.0
2024,9,20363,12953,14696,158.0
2024,9,20363,12953,15016,6415.0
2024,9,20363,12953,15096,4065.0
2024,9,20363,12953,15370,1406.0
2024,9,20363,12953,15380,44.0
2024,9,20363,12953,15412,4710.0
2024,9,20363,12953,15919,2255.0
2024,9,20368,11618,10408,866.0
2024,9,20368,11618,10431,1248.0
2024,9,20368,11618,11193,1210.0
2024,9,20368,11618,11423,1316.0
2024,9,20368,11618,15412,1705.0
2024,9,20368,11618,15624,1206.0
2024,9,20368,15070,13577,1409.0
2024,9,20368,15070,14082,143.0
2024,9,20368,15070,14112,1293.0
2024,9,20378,12953,12264,895.0
2024,9,20378,12953,12266,1682.0
2024,9,20397,12197,11057,7059.0
2024,9,20397,12197,11278,5019.0
2024,9,20397,12197,14524,20.0
2024,9,20398,11618,13930,131.0
2024,9,20398,12197,13930,4946.0
2024,9,20409,11618,11697,8390.0
2024,9,20409,11618,12892,12111.0
2024,9,20409,11618,12953,307.0
2024,9,20409,11618,13204,13068.0
2024,9,20409,11618,14027,4715.0
2024,9,20409,11618,14635,3831.0
2024,9,20409,11618,14843,4312.0
2024,9,20409,11618,15304,4281.0
2024,9,20409,12197,10154,1609.0
2024,9,20409,12197,10721,45.0
2024,9,20409,12197,10994,2295.0
2024,9,20409,12197,11697,9155.0
2024,9,20409,12197,13204,12075.0
2024,9,20409,12197,14027,12054.0
2024,9,20409,12197,14635,3433.0
2024,9,20409,12197,14986,70.0
2024,9,20409,12197,15304,3039.0
2024,9,20409,12478,10140,3620.0
2024,9,20409,12478,10154,2580.0
2024,9,20409,12478,10397,10600.0
2024,9,20409,12478,10423,3987.0
2024,9,20409,12478,10693,5836.0
2024,9,20409,12478,10721,18959.0
2024,9,20409,12478,10732,4115.0
2024,9,20409,12478,10792,17002.0
2024,9,20409,12478,10800,3844.0
2024,9,20409,12478,10849,176.0
2024,9,20409,12478,10994,4828.0
2024,9,20409,12478,11278,96.0
2024,9,20409,12478,11292,6784.0
2024,9,20409,12478,11618,607.0
2024,9,20409,12478,11697,21610.0
2024,9,20409,12478,12250,97.0
2024,9,20409,12478,12266,3917.0
2024,9,20409,12478,12451,8712.0
2024,9,20409,12478,12889,18020.0
2024,9,20409,12478,12892,38348.0
2024,9,20409,12478,13204,22125.0
2024,9,20409,12478,13303,6066.0
2024,9,20409,12478,13342,2597.0
2024,9,20409,12478,13495,4748.0
2024,9,20409,12478,13541,2596.0
2024,9,20409,12478,13891,4727.0
2024,9,20409,12478,13930,6231.0
2024,9,20409,12478,14027,12894.0
2024,9,20409,12478,14107,4352.0
2024,9,20409,12478,14254,852.0
2024,9,20409,12478,14321,5909.0
2024,9,20409,12478,14492,6522.0
2024,9,20409,12478,14576,8873.0
2024,9,20409,12478,14635,8681.0
2024,9,20409,12478,14679,8352.0
2024,9,20409,12478,14683,2534.0
2024,9,20409,12478,14685,2853.0
2024,9,20409,12478,14747,4067.0
2024,9,20409,12478,14771,20099.0
2024,9,20409,12478,14843,16954.0
2024,9,20409,12478,14869,4195.0
2024,9,20409,12478,14877,143.0
2024,9,20409,12478,14893,5323.0
2024,9,20409,12478,14986,3474.0
2024,9,20409,12478,15096,5625.0
2024,9,20409,12478,15304,7886.0
2024,9,20409,12953,10154,2039.0
2024,9,20409,12953,10397,11954.0
2024,9,20409,12953,10721,13690.0
2024,9,20409,12953,11697,17426.0
2024,9,20409,12953,12478,117.0
2024,9,20409,12953,13204,15005.0
2024,9,20409,12953,13541,1037.0
2024,9,20409,12953,14027,13701.0
2024,9,20409,12953,14986,134.0
2024,9,20409,12953,15249,120.0
2024,9,20409,12953,15304,6374.0
2024,9,20416,11618,10397,8167.0
2024,9,20416,11618,10693,6193.0
2024,9,20416,11618,10721,6145.0
2024,9,20416,11618,10994,3503.0
2024,9,20416,11618,11057,3987.0
2024,9,20416,11618,11066,2518.0
2024,9,20416,11618,11298,4783.0
2024,9,20416,11618,11433,2667.0
2024,9,20416,11618,11697,17155.0
2024,9,20416,11618,12266,4085.0
2024,9,20416,11618,12339,2713.0
2024,9,20416,11618,12889,8286.0
2024,9,20416,11618,12892,9311.0
2024,9,20416,11618,13198,2424.0
2024,9,20416,11618,13204,9763.0
2024,9,20416,11618,13303,3436.0
2024,9,20416,11618,13495,4141.0
2024,9,20416,11618,13577,5994.0
2024,9,20416,11618,13930,5011.0
2024,9,20416,11618,14122,3312.0
2024,9,20416,11618,14683,3817.0
2024,9,20416,12953,10397,4194.0
2024,9,20416,12953,10693,4202.0
2024,9,20416,12953,10994,3147.0
2024,9,20416,12953,11057,9728.0
2024,9,20416,12953,11066,3639.0
2024,9,20416,12953,11298,4663.0
2024,9,20416,12953,11433,15238.0
2024,9,20416,12953,11697,15234.0
2024,9,20416,12953,12266,4054.0
2024,9,20416,12953,13204,10039.0
2024,9,20416,12953,13303,3930.0
2024,9,20416,12953,13577,5473.0
2024,9,20416,12953,13930,11275.0
2024,9,20416,12953,14122,2467.0
2024,9,20422,11618,13487,2639.0
2024,9,20422,12478,13487,3065.0
2024,9,20436,11618,14843,6641.0
2024,9,20436,12391,10397,63.0
2024,9,20436,12391,11697,517.0
2024,9,20436,12391,13204,6777.0
2024,9,20436,12391,13577,2513.0
2024,9,20436,12391,15304,2941.0
2024,9,20436,12478,10397,5080.0
2024,9,20436,12478,12889,6400.0
2024,9,20436,12478,14843,6399.0
2024,9,20436,12953,10397,10856.0
2024,9,20436,12953,11042,4108.0
2024,9,20436,12953,11057,3743.0
2024,9,20436,12953,11193,3539.0
2024,9,20436,12953,11292,5384.0
2024,9,20436,12953,11298,4162.0
2024,9,20436,12953,14492,4034.0
2024,9,20452,11618,10397,417.0
2024,9,20452,11618,10423,346.0
2024,9,20452,11618,10431,2854.0
2024,9,20452,11618,10581,5236.0
2024,9,20452,11618,10693,294.0
2024,9,20452,11618,10721,4388.0
2024,9,20452,11618,10785,2846.0
2024,9,20452,11618,10792,3814.0
2024,9,20452,11618,10994,51.0
2024,9,20452,11618,11042,3350.0
2024,9,20452,11618,11057,3477.0
2024,9,20452,11618,11066,9095.0
2024,9,20452,11618,11193,1900.0
2024,9,20452,11618,11267,0.0
2024,9,20452,11618,11298,50.0
2024,9,20452,11618,11433,8559.0
2024,9,20452,11618,11986,5272.0
2024,9,20452,11618,11995,3306.0
2024,9,20452,11618,11996,4779.0
2024,9,20452,11618,12124,1304.0
2024,9,20452,11618,12339,10406.0
2024,9,20452,11618,12451,62.0
2024,9,20452,11618,13198,1731.0
2024,9,20452,11618,13244,3005.0
2024,9,20452,11618,13296,0.0
2024,9,20452,11618,13342,5731.0
2024,9,20452,11618,13485,1929.0
2024,9,20452,11618,13487,71.0
2024,9,20452,11618,13495,309.0
2024,9,20452,11618,13577,1222.0
2024,9,20452,11618,13931,3298.0
2024,9,20452,11618,14122,11477.0
2024,9,20452,11618,14307,1543.0
2024,9,20452,11618,14321,7251.0
2024,9,20452,11618,14492,2599.0
2024,9,20452,11618,14576,1519.0
2024,9,20452,11618,14685,2098.0
2024,9,20452,11618,14730,4532.0
2024,9,20452,11618,15016,1836.0
2024,9,20452,11618,15096,1188.0
2024,9,20452,12478,10154,27.0
2024,9,20452,12478,10693,3965.0
2024,9,20452,12478,10721,11398.0
2024,9,20452,12478,10792,64.0
2024,9,20452,12478,10821,200.0
2024,9,20452,12478,11042,4551.0
2024,9,20452,12478,11057,1320.0
2024,9,20452,12478,11066,8332.0
2024,9,20452,12478,11193,4655.0
2024,9,20452,12478,11267,64.0
2024,9,20452,12478,11278,11913.0
2024,9,20452,12478,11433,1464.0
2024,9,20452,12478,12339,6211.0
2024,9,20452,12478,12451,2900.0
2024,9,20452,12478,12953,0.0
2024,9,20452,12478,13541,33.0
2024,9,20452,12478,13930,3403.0
2024,9,20452,12478,13931,4344.0
2024,9,20452,12478,13933,465.0
2024,9,20452,12478,14122,4630.0
2024,9,20452,12478,14321,1810.0
2024,9,20452,12478,14492,7289.0
2024,9,20452,12478,14524,84.0
2024,9,20452,12478,14576,1227.0
2024,9,20452,12478,14685,847.0
2024,9,20452,12953,10154,157.0
2024,9,20452,12953,10431,1838.0
2024,9,20452,12953,10581,1395.0
2024,9,20452,12953,10693,9310.0
2024,9,20452,12953,10721,25055.0
2024,9,20452,12953,10785,479.0
2024,9,20452,12953,10792,7074.0
2024,9,20452,12953,10868,1182.0
2024,9,20452,12953,10990,1229.0
2024,9,20452,12953,10994,2170.0
2024,9,20452,12953,11042,7500.0
2024,9,20452,12953,11057,1229.0
2024,9,20452,12953,11066,11691.0
2024,9,20452,12953,11193,2982.0
2024,9,20452,12953,11267,834.0
2024,9,20452,12953,11278,16401.0
2024,9,20452,12953,11423,1569.0
2024,9,20452,12953,11433,4051.0
2024,9,20452,12953,11986,1530.0
2024,9,20452,12953,11995,6090.0
2024,9,20452,12953,11996,2728.0
2024,9,20452,12953,12124,1224.0
2024,9,20452,12953,12250,75.0
2024,9,20452,12953,12264,6221.0
2024,9,20452,12953,12323,4040.0
2024,9,20452,12953,12339,9003.0
2024,9,20452,12953,12451,4549.0
2024,9,20452,12953,12992,1287.0
2024,9,20452,12953,13244,4888.0
2024,9,20452,12953,13485,1305.0
2024,9,20452,12953,13487,2834.0
2024,9,20452,12953,13541,136.0
2024,9,20452,12953,13851,3662.0
2024,9,20452,12953,13871,2152.0
2024,9,20452,12953,13931,5513.0
2024,9,20452,12953,14100,7563.0
2024,9,20452,12953,14122,9327.0
2024,9,20452,12953,14321,7840.0
2024,9,20452,12953,14492,2990.0
2024,9,20452,12953,14524,6372.0
2024,9,20452,12953,14574,1027.0
2024,9,20452,12953,14576,133.0
2024,9,20452,12953,14685,356.0
2024,9,20452,12953,14696,207.0
2024,9,20452,12953,14730,7610.0
2024,9,20452,12953,15016,3770.0
2024,9,20452,12953,15370,1350.0
2024,9,20452,12953,15412,1331.0
2024,9,20452,12953,15919,3171.0
2024,9,20500,11618,10154,1923.0
2024,9,20500,11618,10257,2228.0
2024,9,20500,11618,10785,450.0
2024,9,20500,11618,10792,1313.0
2024,9,20500,11618,11066,1735.0
2024,9,20500,11618,11193,3896.0
2024,9,20500,11618,11278,11166.0
2024,9,20500,11618,11995,1306.0
2024,9,20500,11618,12124,46.0
2024,9,20500,11618,12264,1531.0
2024,9,20500,11618,12323,2566.0
2024,9,20500,11618,12339,181.0
2024,9,20500,11618,12397,2406.0
2024,9,20500,11618,13296,2107.0
2024,9,20500,11618,13577,520.0
2024,9,20500,11618,13931,335.0
2024,9,20500,11618,14122,843.0
2024,9,20500,11618,14231,164.0
2024,9,20500,11618,14307,2201.0
2024,9,20500,11618,14321,83.0
2024,9,20500,11618,14524,6070.0
2024,9,20500,11618,14576,1275.0
2024,9,20500,11618,14730,511.0
2024,9,20500,11618,15096,2501.0
2024,9,21080,12197,10154,376.0
2024,9,21080,12197,13541,151.0
2024,9,22080,12197,10874,6.0
2024,9,22080,12197,10994,1119.0
2024,9,22080,12197,12451,76.0
2024,9,22080,12197,13495,72.0
2024,9,22080,12197,13577,960.0
2024,9,22080,12197,13931,395.0
2024,9,22080,12197,14321,11.0
2024,9,22080,12197,14492,1564.0
2024,9,22080,12197,14685,660.0
2024,9,22080,12197,15628,1045.0
2024,9,22080,12391,10994,1101.0
2024,9,22080,12391,12451,8.0
2024,9,22080,12391,13495,104.0
2024,9,22080,12391,13931,661.0
2024,9,22080,12391,14321,31.0
2024,9,22080,12391,14492,819.0
2024,9,22080,12391,14524,82.0
2024,9,22080,15070,10994,560.0
2024,9,22080,15070,13204,1236.0
2024,10,19393,12391,10821,12795.0
2024,10,19393,12391,13204,5307.0
2024,10,19393,12391,14027,7110.0
2024,10,19393,12953,10397,16337.0
2024,10,19393,12953,10693,18847.0
2024,10,19393,12953,11259,18390.0
2024,10,19393,12953,11292,16201.0
2024,10,19393,12953,12191,17040.0
2024,10,19393,12953,12278,110.0
2024,10,19393,12953,12889,121.0
2024,10,19393,12953,13198,6736.0
2024,10,19393,12953,13232,29045.0
2024,10,19393,12953,13495,4417.0
2024,10,19393,12953,15016,15134.0
2024,10,19690,12478,12173,6805.0
2024,10,19790,11618,10397,42262.0
2024,10,19790,11618,11433,13977.0
2024,10,19790,11618,13487,11661.0
2024,10,19790,11618,14869,8691.0
2024,10,19790,12197,10397,6059.0
2024,10,19790,12478,10140,593.0
2024,10,19790,12478,10397,33935.0
2024,10,19790,12478,10423,16786.0
2024,10,19790,12478,10721,2773.0
2024,10,19790,12478,11292,12334.0
2024,10,19790,12478,11298,5510.0
2024,10,19790,12478,11433,3985.0
2024,10,19790,12478,11697,19906.0
2024,10,19790,12478,12173,3988.0
2024,10,19790,12478,12451,2806.0
2024,10,19790,12478,12889,25614.0
2024,10,19790,12478,12892,58991.0
2024,10,19790,12478,13204,24822.0
2024,10,19790,12478,13303,19091.0
2024,10,19790,12478,13487,9356.0
2024,10,19790,12478,13495,7617.0
2024,10,19790,12478,13930,214.0
2024,10,19790,12478,14027,7794.0
2024,10,19790,12478,14057,10411.0
2024,10,19790,12478,14107,14228.0
2024,10,19790,12478,14635,3158.0
2024,10,19790,12478,14679,15845.0
2024,10,19790,12478,14683,3964.0
2024,10,19790,12478,14747,21816.0
2024,10,19790,12478,14771,33405.0
2024,10,19790,12478,14843,16403.0
2024,10,19790,12478,14869,21323.0
2024,10,19790,12478,15304,12532.0
2024,10,19790,12953,10397,66763.0
2024,10,19790,12953,10693,2476.0
2024,10,19790,12953,10721,6885.0
2024,10,19790,12953,10994,7977.0
2024,10,19790,12953,11292,11797.0
2024,10,19790,12953,11298,19035.0
2024,10,19790,12953,11433,27981.0
2024,10,19790,12953,11697,20477.0
2024,10,19790,12953,12264,106.0
2024,10,19790,12953,12266,12117.0
2024,10,19790,12953,12451,507.0
2024,10,19790,12953,13198,7403.0
2024,10,19790,12953,13204,28978.0
2024,10,19790,12953,13303,21715.0
2024,10,19790,12953,13485,80.0
2024,10,19790,12953,13487,23407.0
2024,10,19790,12953,13495,9261.0
2024,10,19790,12953,13577,2123.0
2024,10,19790,12953,13930,23557.0
2024,10,19790,12953,14027,16865.0
2024,10,19790,12953,14635,6547.0
2024,10,19790,12953,14986,2044.0
2024,10,19790,12953,15304,18773.0
2024,10,19805,11618,11057,24913.0
2024,10,19805,11618,11298,19261.0
2024,10,19805,11618,13303,15376.0
2024,10,19805,11618,13930,19275.0
2024,10,19805,11618,14107,15264.0
2024,10,19805,12478,10423,8442.0
2024,10,19805,12478,11057,27264.0
2024,10,19805,12478,11298,15379.0
2024,10,19805,12478,12892,25773.0
2024,10,19805,12478,13303,37942.0
2024,10,19805,12478,13930,11860.0
2024,10,19805,12478,14107,18790.0
2024,10,19805,12478,14771,11069.0
2024,10,19805,12478,14908,2763.0
2024,10,19805,12953,10140,105.0
2024,10,19805,12953,11057,34734.0
2024,10,19805,12953,11278,3534.0
2024,10,19805,12953,11298,49904.0
2024,10,19805,12953,13303,40444.0
2024,10,19805,12953,13930,31248.0
2024,10,19805,12953,14122,2270.0
2024,10,19805,12953,14492,9068.0
2024,10,19930,11618,11884,34.0
2024,10,19930,11618,12892,13298.0
2024,10,19930,11618,14057,4250.0
2024,10,19930,11618,14679,4555.0
2024,10,19930,11618,14747,14163.0
2024,10,19930,11618,14771,10115.0
2024,10,19930,12478,13891,16.0
2024,10,19930,12478,14057,4332.0
2024,10,19930,12478,14107,2.0
2024,10,19930,12478,14262,438.0
2024,10,19930,12478,14679,9312.0
2024,10,19930,12478,14747,14297.0
2024,10,19930,12478,14771,14746.0
2024,10,19977,11618,10397,22906.0
2024,10,19977,11618,10423,19277.0
2024,10,19977,11618,10693,17810.0
2024,10,19977,11618,10721,37433.0
2024,10,19977,11618,10732,4983.0
2024,10,19977,11618,10785,326.0
2024,10,19977,11618,10792,3165.0
2024,10,19977,11618,10994,10331.0
2024,10,19977,11618,11042,17263.0
2024,10,19977,11618,11057,9212.0
2024,10,19977,11618,11193,0.0
2024,10,19977,11618,11278,0.0
2024,10,19977,11618,11292,43046.0
2024,10,19977,11618,11298,18014.0
2024,10,19977,11618,11423,25.0
2024,10,19977,11618,11624,2821.0
2024,10,19977,11618,11697,27882.0
2024,10,19977,11618,11775,1.0
2024,10,19977,11618,12264,15106.0
2024,10,19977,11618,12266,49078.0
2024,10,19977,11618,12441,21.0
2024,10,19977,11618,12451,12525.0
2024,10,19977,11618,12889,31814.0
2024,10,19977,11618,12892,58233.0
2024,10,19977,11618,13198,2709.0
2024,10,19977,11618,13204,40798.0
2024,10,19977,11618,13244,0.0
2024,10,19977,11618,13303,22676.0
2024,10,19977,11618,13485,588.0
2024,10,19977,11618,13487,9019.0
2024,10,19977,11618,13495,12213.0
2024,10,19977,11618,13577,2024.0
2024,10,19977,11618,13891,0.0
2024,10,19977,11618,13930,62142.0
2024,10,19977,11618,13931,2472.0
2024,10,19977,11618,14027,27431.0
2024,10,19977,11618,14057,6928.0
2024,10,19977,11618,14107,20122.0
2024,10,19977,11618,14122,0.0
2024,10,19977,11618,14321,533.0
2024,10,19977,11618,14492,14466.0
2024,10,19977,11618,14570,15.0
2024,10,19977,11618,14576,3485.0
2024,10,19977,11618,14635,14572.0
2024,10,19977,11618,14679,17527.0
2024,10,19977,11618,14683,7113.0
2024,10,19977,11618,14685,6250.0
2024,10,19977,11618,14689,18.0
2024,10,19977,11618,14696,157.0
2024,10,19977,11618,14730,0.0
2024,10,19977,11618,14747,12969.0
2024,10,19977,11618,14771,67133.0
2024,10,19977,11618,14843,16256.0
2024,10,19977,11618,14869,4193.0
2024,10,19977,11618,14893,4938.0
2024,10,19977,11618,14908,12467.0
2024,10,19977,11618,14986,4844.0
2024,10,19977,11618,15016,6306.0
2024,10,19977,11618,15024,1244.0
2024,10,19977,11618,15096,444.0
2024,10,19977,11618,15304,24108.0
2024,10,19977,11618,15380,8.0
2024,10,19977,12953,10140,45.0
2024,10,19977,12953,10423,7.0
2024,10,19977,12953,11042,6.0
2024,10,19977,12953,11278,0.0
2024,10,19977,12953,11292,25313.0
2024,10,19977,12953,11775,7.0
2024,10,19977,12953,12266,21796.0
2024,10,19977,12953,12889,9.0
2024,10,19977,12953,13303,2.0
2024,10,19977,12953,13930,54664.0
2024,10,19977,12953,14057,20.0
2024,10,19977,12953,14107,79.0
2024,10,19977,12953,14635,2.0
2024,10,19977,12953,14696,126.0
2024,10,19977,12953,14771,7.0
2024,10,19977,12953,14893,13.0
2024,10,19977,12953,14908,1.0
2024,10,19977,15070,11618,0.0
2024,10,20253,12197,10154,0.0
2024,10,20253,12197,12250,0.0
2024,10,20253,12197,12932,329.0
2024,10,20253,12197,13541,0.0
2024,10,20253,12478,12250,123.0
2024,10,20253,12478,13541,53.0
2024,10,20253,12478,14875,139.0
2024,10,20304,12197,10397,3343.0
2024,10,20304,12197,11433,3797.0
2024,10,20304,12478,10693,6345.0
2024,10,20304,12478,10821,61.0
2024,10,20304,12478,11042,2011.0
2024,10,20304,12478,12264,1882.0
2024,10,20304,12478,13342,3420.0
2024,10,20304,12478,13930,4044.0
2024,10,20304,12478,14122,51.0
2024,10,20304,12478,14492,136.0
2024,10,20304,12953,10693,2118.0
2024,10,20304,12953,10785,3210.0
2024,10,20304,12953,12266,3761.0
2024,10,20304,12953,13342,3574.0
2024,10,20304,12953,13851,1889.0
2024,10,20304,12953,13871,4373.0
2024,10,20304,12953,13930,324.0
2024,10,20304,12953,13931,467.0
2024,10,20304,12953,14492,1494.0
2024,10,20304,12953,15096,1536.0
2024,10,20363,11618,11193,3973.0
2024,10,20363,11618,14492,5270.0
2024,10,20363,12197,10397,4146.0
2024,10,20363,12478,10581,1078.0
2024,10,20363,12478,10785,2718.0
2024,10,20363,12478,10792,7789.0
2024,10,20363,12478,10821,3178.0
2024,10,20363,12478,10994,6047.0
2024,10,20363,12478,11042,1797.0
2024,10,20363,12478,11057,6525.0
2024,10,20363,12478,11066,194.0
2024,10,20363,12478,11193,5462.0
2024,10,20363,12478,11433,3983.0
2024,10,20363,12478,12264,1827.0
2024,10,20363,12478,12339,5483.0
2024,10,20363,12478,12397,3815.0
2024,10,20363,12478,13198,3184.0
2024,10,20363,12478,13931,3873.0
2024,10,20363,12478,14122,3420.0
2024,10,20363,12478,14492,10333.0
2024,10,20363,12478,14524,3372.0
2024,10,20363,12478,14576,3705.0
2024,10,20363,12478,14685,6367.0
2024,10,20363,12478,15096,5007.0
2024,10,20363,12953,10257,2863.0
2024,10,20363,12953,10431,1610.0
2024,10,20363,12953,10529,219.0
2024,10,20363,12953,10581,5309.0
2024,10,20363,12953,10599,5149.0
2024,10,20363,12953,10693,60.0
2024,10,20363,12953,10785,1899.0
2024,10,20363,12953,10792,5322.0
2024,10,20363,12953,10868,3426.0
2024,10,20363,12953,10980,1228.0
2024,10,20363,12953,10990,4859.0
2024,10,20363,12953,11042,5303.0
2024,10,20363,12953,11057,8034.0
2024,10,20363,12953,11066,66.0
2024,10,20363,12953,11193,8584.0
2024,10,20363,12953,11267,1258.0
2024,10,20363,12953,11423,3149.0
2024,10,20363,12953,11986,4677.0
2024,10,20363,12953,11995,3731.0
2024,10,20363,12953,11996,5252.0
2024,10,20363,12953,12323,4798.0
2024,10,20363,12953,12339,5331.0
2024,10,20363,12953,12451,1666.0
2024,10,20363,12953,12992,1558.0
2024,10,20363,12953,13244,2942.0
2024,10,20363,12953,13342,3029.0
2024,10,20363,12953,13485,1829.0
2024,10,20363,12953,13577,1818.0
2024,10,20363,12953,13871,280.0
2024,10,20363,12953,13931,2732.0
2024,10,20363,12953,13933,1013.0
2024,10,20363,12953,14122,3684.0
2024,10,20363,12953,14307,1294.0
2024,10,20363,12953,14321,3142.0
2024,10,20363,12953,14492,11803.0
2024,10,20363,12953,14524,3423.0
2024,10,20363,12953,14574,1371.0
2024,10,20363,12953,14576,5261.0
2024,10,20363,12953,14685,3178.0
2024,10,20363,12953,14696,66.0
2024,10,20363,12953,15016,7706.0
2024,10,20363,12953,15096,3873.0
2024,10,20363,12953,15370,1829.0
2024,10,20363,12953,15412,5226.0
2024,10,20363,12953,15919,3056.0
2024,10,20368,11618,10408,994.0
2024,10,20368,11618,10431,873.0
2024,10,20368,11618,11193,1295.0
2024,10,20368,11618,11423,1174.0
2024,10,20368,11618,15412,2476.0
2024,10,20368,11618,15624,1332.0
2024,10,20368,15070,13577,2448.0
2024,10,20368,15070,14082,1049.0
2024,10,20368,15070,14112,1239.0
2024,10,20378,12953,12264,102.0
2024,10,20397,12197,11057,8130.0
2024,10,20397,12197,11278,5478.0
2024,10,20398,12197,13930,4794.0
2024,10,20409,11618,11697,8683.0
2024,10,20409,11618,12892,14019.0
2024,10,20409,11618,13204,12529.0
2024,10,20409,11618,14027,5271.0
2024,10,20409,11618,14635,4029.0
2024,10,20409,11618,14685,0.0
2024,10,20409,11618,14843,4650.0
2024,10,20409,11618,15304,4202.0
2024,10,20409,12197,10154,561.0
2024,10,20409,12197,10994,2663.0
2024,10,20409,12197,11697,13860.0
2024,10,20409,12197,13204,12274.0
2024,10,20409,12197,14027,15580.0
2024,10,20409,12197,14635,7254.0
2024,10,20409,12197,14843,246.0
2024,10,20409,12197,15304,3044.0
2024,10,20409,12391,11697,584.0
2024,10,20409,12391,13204,1102.0
2024,10,20409,12391,14027,697.0
2024,10,20409,12478,10140,3556.0
2024,10,20409,12478,10154,1915.0
2024,10,20409,12478,10397,12511.0
2024,10,20409,12478,10423,3742.0
2024,10,20409,12478,10529,99.0
2024,10,20409,12478,10693,7033.0
2024,10,20409,12478,10721,21941.0
2024,10,20409,12478,10732,5016.0
2024,10,20409,12478,10792,17427.0
2024,10,20409,12478,10800,3359.0
2024,10,20409,12478,10994,6049.0
2024,10,20409,12478,11292,7362.0
2024,10,20409,12478,11618,282.0
2024,10,20409,12478,11697,25819.0
2024,10,20409,12478,12266,4419.0
2024,10,20409,12478,12451,9705.0
2024,10,20409,12478,12889,23279.0
2024,10,20409,12478,12892,40354.0
2024,10,20409,12478,13204,24130.0
2024,10,20409,12478,13303,6671.0
2024,10,20409,12478,13342,2156.0
2024,10,20409,12478,13495,7715.0
2024,10,20409,12478,13541,1659.0
2024,10,20409,12478,13891,4552.0
2024,10,20409,12478,13930,6610.0
2024,10,20409,12478,14027,14531.0
2024,10,20409,12478,14107,6164.0
2024,10,20409,12478,14321,5372.0
2024,10,20409,12478,14492,8036.0
2024,10,20409,12478,14576,9681.0
2024,10,20409,12478,14635,9172.0
2024,10,20409,12478,14679,8734.0
2024,10,20409,12478,14683,3220.0
2024,10,20409,12478,14685,3688.0
2024,10,20409,12478,14747,3679.0
2024,10,20409,12478,14771,17583.0
2024,10,20409,12478,14843,23121.0
2024,10,20409,12478,14869,4465.0
2024,10,20409,12478,14893,4652.0
2024,10,20409,12478,14986,2709.0
2024,10,20409,12478,15096,6718.0
2024,10,20409,12478,15304,8689.0
2024,10,20409,12953,10154,1091.0
2024,10,20409,12953,10397,11362.0
2024,10,20409,12953,10721,15845.0
2024,10,20409,12953,11697,20109.0
2024,10,20409,12953,13204,15018.0
2024,10,20409,12953,13303,110.0
2024,10,20409,12953,13541,441.0
2024,10,20409,12953,14027,14893.0
2024,10,20409,12953,15304,5208.0
2024,10,20416,11618,10397,9565.0
2024,10,20416,11618,10423,3888.0
2024,10,20416,11618,10693,4316.0
2024,10,20416,11618,10721,8344.0
2024,10,20416,11618,10994,3629.0
2024,10,20416,11618,11057,4633.0
2024,10,20416,11618,11066,2610.0
2024,10,20416,11618,11298,5305.0
2024,10,20416,11618,11433,3347.0
2024,10,20416,11618,11697,20625.0
2024,10,20416,11618,12266,4614.0
2024,10,20416,11618,12339,6729.0
2024,10,20416,11618,12889,11239.0
2024,10,20416,11618,12892,6618.0
2024,10,20416,11618,13198,3667.0
2024,10,20416,11618,13204,13336.0
2024,10,20416,11618,13303,4361.0
2024,10,20416,11618,13495,4942.0
2024,10,20416,11618,13577,7667.0
2024,10,20416,11618,13930,6150.0
2024,10,20416,11618,14122,4021.0
2024,10,20416,11618,14683,3852.0
2024,10,20416,12953,10397,5062.0
2024,10,20416,12953,10693,4679.0
2024,10,20416,12953,10994,3805.0
2024,10,20416,12953,11057,11173.0
2024,10,20416,12953,11066,4320.0
2024,10,20416,12953,11298,5230.0
2024,10,20416,12953,11433,17944.0
2024,10,20416,12953,11697,17590.0
2024,10,20416,12953,12266,4996.0
2024,10,20416,12953,13204,13225.0
2024,10,20416,12953,13303,4928.0
2024,10,20416,12953,13577,5535.0
2024,10,20416,12953,13930,11800.0
2024,10,20416,12953,14122,4051.0
2024,10,20422,11618,13487,2724.0
2024,10,20422,12478,13487,3598.0
2024,10,20436,11618,14843,7767.0
2024,10,20436,12391,13204,5986.0
2024,10,20436,12391,13577,2563.0
2024,10,20436,12391,15304,3229.0
2024,10,20436,12478,10397,5911.0
2024,10,20436,12478,12889,6719.0
2024,10,20436,12478,13204,930.0
2024,10,20436,12478,14843,9200.0
2024,10,20436,12478,15304,1013.0
2024,10,20436,12953,10397,12276.0
2024,10,20436,12953,11042,4781.0
2024,10,20436,12953,11057,4720.0
2024,10,20436,12953,11193,4866.0
2024,10,20436,12953,11292,5904.0
2024,10,20436,12953,11298,4267.0
2024,10,20436,12953,14492,4447.0
2024,10,20452,11618,10397,583.0
2024,10,20452,11618,10423,546.0
2024,10,20452,11618,10431,1204.0
2024,10,20452,11618,10581,6085.0
2024,10,20452,11618,10693,631.0
2024,10,20452,11618,10721,5110.0
2024,10,20452,11618,10785,6682.0
2024,10,20452,11618,10792,3300.0
2024,10,20452,11618,10994,271.0
2024,10,20452,11618,11042,2199.0
2024,10,20452,11618,11057,3524.0
2024,10,20452,11618,11066,11163.0
2024,10,20452,11618,11193,3066.0
2024,10,20452,11618,11278,231.0
2024,10,20452,11618,11298,246.0
2024,10,20452,11618,11433,8771.0
2024,10,20452,11618,11986,5402.0
2024,10,20452,11618,11995,3210.0
2024,10,20452,11618,11996,5118.0
2024,10,20452,11618,12124,1305.0
2024,10,20452,11618,12264,137.0
2024,10,20452,11618,12323,584.0
2024,10,20452,11618,12339,11447.0
2024,10,20452,11618,12451,618.0
2024,10,20452,11618,13198,2187.0
2024,10,20452,11618,13244,3434.0
2024,10,20452,11618,13342,5955.0
2024,10,20452,11618,13485,1714.0
2024,10,20452,11618,13487,585.0
2024,10,20452,11618,13495,2166.0
2024,10,20452,11618,13577,1819.0
2024,10,20452,11618,13931,3455.0
2024,10,20452,11618,14122,13593.0
2024,10,20452,11618,14307,1390.0
2024,10,20452,11618,14321,6853.0
2024,10,20452,11618,14492,3634.0
2024,10,20452,11618,14576,1445.0
2024,10,20452,11618,14685,2822.0
2024,10,20452,11618,14696,75.0
2024,10,20452,11618,14730,5747.0
2024,10,20452,11618,14986,342.0
2024,10,20452,11618,15016,2213.0
2024,10,20452,11618,15096,2732.0
2024,10,20452,12478,10693,4315.0
2024,10,20452,12478,10721,13448.0
2024,10,20452,12478,11042,5289.0
2024,10,20452,12478,11057,1883.0
2024,10,20452,12478,11066,8598.0
2024,10,20452,12478,11193,4616.0
2024,10,20452,12478,11278,12881.0
2024,10,20452,12478,11433,2001.0
2024,10,20452,12478,12339,6057.0
2024,10,20452,12478,12451,4292.0
2024,10,20452,12478,13303,218.0
2024,10,20452,12478,13930,3430.0
2024,10,20452,12478,13931,5017.0
2024,10,20452,12478,13933,549.0
2024,10,20452,12478,14122,5382.0
2024,10,20452,12478,14321,1877.0
2024,10,20452,12478,14492,8107.0
2024,10,20452,12478,14524,187.0
2024,10,20452,12478,14576,1839.0
2024,10,20452,12953,10431,1067.0
2024,10,20452,12953,10581,1599.0
2024,10,20452,12953,10693,11490.0
2024,10,20452,12953,10721,26119.0
2024,10,20452,12953,10785,106.0
2024,10,20452,12953,10792,7056.0
2024,10,20452,12953,10868,1356.0
2024,10,20452,12953,10990,2704.0
2024,10,20452,12953,10994,1575.0
2024,10,20452,12953,11042,7585.0
2024,10,20452,12953,11057,1187.0
2024,10,20452,12953,11066,12954.0
2024,10,20452,12953,11193,3289.0
2024,10,20452,12953,11267,1088.0
2024,10,20452,12953,11278,20313.0
2024,10,20452,12953,11298,0.0
2024,10,20452,12953,11423,1539.0
2024,10,20452,12953,11433,4127.0
2024,10,20452,12953,11986,1550.0
2024,10,20452,12953,11995,6770.0
2024,10,20452,12953,11996,2912.0
2024,10,20452,12953,12124,1271.0
2024,10,20452,12953,12264,7739.0
2024,10,20452,12953,12323,4503.0
2024,10,20452,12953,12339,8997.0
2024,10,20452,12953,12451,5640.0
2024,10,20452,12953,12992,1455.0
2024,10,20452,12953,13244,5474.0
2024,10,20452,12953,13485,1752.0
2024,10,20452,12953,13487,3098.0
2024,10,20452,12953,13851,4015.0
2024,10,20452,12953,13871,2663.0
2024,10,20452,12953,13930,704.0
2024,10,20452,12953,13931,5799.0
2024,10,20452,12953,14100,8617.0
2024,10,20452,12953,14122,9673.0
2024,10,20452,12953,14321,5784.0
2024,10,20452,12953,14492,3434.0
2024,10,20452,12953,14524,8225.0
2024,10,20452,12953,14574,1401.0
2024,10,20452,12953,14576,42.0
2024,10,20452,12953,14685,2512.0
2024,10,20452,12953,14696,95.0
2024,10,20452,12953,14730,8332.0
2024,10,20452,12953,15016,3149.0
2024,10,20452,12953,15370,1390.0
2024,10,20452,12953,15412,1792.0
2024,10,20452,12953,15919,3266.0
2024,10,20500,11618,10257,3035.0
2024,10,20500,11618,10785,495.0
2024,10,20500,11618,10792,1546.0
2024,10,20500,11618,11042,232.0
2024,10,20500,11618,11066,1218.0
2024,10,20500,11618,11193,3564.0
2024,10,20500,11618,11278,12086.0
2024,10,20500,11618,11433,48.0
2024,10,20500,11618,11995,1658.0
2024,10,20500,11618,12264,1455.0
2024,10,20500,11618,12323,2349.0
2024,10,20500,11618,12339,181.0
2024,10,20500,11618,12397,2620.0
2024,10,20500,11618,13296,2399.0
2024,10,20500,11618,13931,1321.0
2024,10,20500,11618,14122,281.0
2024,10,20500,11618,14307,2359.0
2024,10,20500,11618,14321,476.0
2024,10,20500,11618,14524,6730.0
2024,10,20500,11618,14576,1514.0
2024,10,20500,11618,15096,1281.0
2024,10,21080,12197,10154,232.0
2024,10,21080,12197,12197,7.0
2024,10,21080,12197,13541,96.0
2024,10,22080,12197,10874,5.0
2024,10,22080,12197,10994,1497.0
2024,10,22080,12197,13495,124.0
2024,10,22080,12197,13577,1082.0
2024,10,22080,12197,13931,406.0
2024,10,22080,12197,14492,2134.0
2024,10,22080,12197,14685,715.0
2024,10,22080,12197,14986,57.0
2024,10,22080,12197,15628,1739.0
2024,10,22080,12391,10994,983.0
2024,10,22080,12391,13495,60.0
2024,10,22080,12391,13931,584.0
2024,10,22080,12391,14492,961.0
2024,10,22080,12391,14635,1643.0
2024,10,22080,12391,15628,1275.0
2024,10,22080,15070,10994,663.0
2024,10,22080,15070,13204,1109.0
2024,10,22080,15070,14635,414.0
2024,11,19393,12391,10423,51.0
2024,11,19393,12391,10821,9959.0
2024,11,19393,12391,11540,3.0
2024,11,19393,12391,13204,6915.0
2024,11,19393,12391,13303,820.0
2024,11,19393,12391,14027,6836.0
2024,11,19393,12391,15304,460.0
2024,11,19393,12953,10397,15354.0
2024,11,19393,12953,10423,103.0
2024,11,19393,12953,10693,17007.0
2024,11,19393,12953,11259,18242.0
2024,11,19393,12953,11292,14991.0
2024,11,19393,12953,12191,17314.0
2024,11,19393,12953,12278,5.0
2024,11,19393,12953,12889,6.0
2024,11,19393,12953,13198,7043.0
2024,11,19393,12953,13232,27461.0
2024,11,19393,12953,13495,3886.0
2024,11,19393,12953,15016,14663.0
2024,11,19690,12478,12173,5978.0
2024,11,19790,11618,10397,39183.0
2024,11,19790,11618,11433,13073.0
2024,11,19790,11618,13487,10593.0
2024,11,19790,11618,14869,7332.0
2024,11,19790,12197,10397,5325.0
2024,11,19790,12478,10397,32049.0
2024,11,19790,12478,10423,16076.0
2024,11,19790,12478,10721,3043.0
2024,11,19790,12478,11292,9077.0
2024,11,19790,12478,11298,5199.0
2024,11,19790,12478,11433,3400.0
2024,11,19790,12478,11697,18627.0
2024,11,19790,12478,12173,3560.0
2024,11,19790,12478,12451,2695.0
2024,11,19790,12478,12889,21447.0
2024,11,19790,12478,12892,57616.0
2024,11,19790,12478,13198,1.0
2024,11,19790,12478,13204,24688.0
2024,11,19790,12478,13303,20300.0
2024,11,19790,12478,13487,9306.0
2024,11,19790,12478,13495,6348.0
2024,11,19790,12478,14027,6837.0
2024,11,19790,12478,14057,5783.0
2024,11,19790,12478,14107,12840.0
2024,11,19790,12478,14635,2707.0
2024,11,19790,12478,14679,13853.0
2024,11,19790,12478,14683,3793.0
2024,11,19790,12478,14747,18608.0
2024,11,19790,12478,14771,31656.0
2024,11,19790,12478,14843,14535.0
2024,11,19790,12478,14869,18520.0
2024,11,19790,12478,15024,660.0
2024,11,19790,12478,15304,12505.0
2024,11,19790,12478,15370,9.0
2024,11,19790,12953,10397,61835.0
2024,11,19790,12953,10693,1547.0
2024,11,19790,12953,10721,5837.0
2024,11,19790,12953,10994,6635.0
2024,11,19790,12953,11292,9696.0
2024,11,19790,12953,11298,17649.0
2024,11,19790,12953,11433,25961.0
2024,11,19790,12953,11697,21513.0
2024,11,19790,12953,12266,11643.0
2024,11,19790,12953,12451,371.0
2024,11,19790,12953,13198,6699.0
2024,11,19790,12953,13204,31640.0
2024,11,19790,12953,13244,107.0
2024,11,19790,12953,13303,23076.0
2024,11,19790,12953,13487,22853.0
2024,11,19790,12953,13495,7971.0
2024,11,19790,12953,13577,1594.0
2024,11,19790,12953,13930,21598.0
2024,11,19790,12953,14027,16396.0
2024,11,19790,12953,14635,7642.0
2024,11,19790,12953,14683,1.0
2024,11,19790,12953,14986,4333.0
2024,11,19790,12953,15304,20060.0
2024,11,19805,11618,11057,21915.0
2024,11,19805,11618,11298,16926.0
2024,11,19805,11618,13303,17299.0
2024,11,19805,11618,13930,5976.0
2024,11,19805,11618,14107,14024.0
2024,11,19805,12478,10423,8343.0
2024,11,19805,12478,11057,18558.0
2024,11,19805,12478,11298,12725.0
2024,11,19805,12478,12889,2589.0
2024,11,19805,12478,12892,23739.0
2024,11,19805,12478,13303,33977.0
2024,11,19805,12478,13930,8243.0
2024,11,19805,12478,14107,17857.0
2024,11,19805,12478,14771,8995.0
2024,11,19805,12478,14908,2575.0
2024,11,19805,12478,15024,2731.0
2024,11,19805,12953,10140,96.0
2024,11,19805,12953,11057,31232.0
2024,11,19805,12953,11278,4527.0
2024,11,19805,12953,11298,49771.0
2024,11,19805,12953,12478,1.0
2024,11,19805,12953,13204,8616.0
2024,11,19805,12953,13303,41163.0
2024,11,19805,12953,13495,2976.0
2024,11,19805,12953,13930,30774.0
2024,11,19805,12953,14027,5916.0
2024,11,19805,12953,14122,241.0
2024,11,19805,12953,14492,1213.0
2024,11,19805,12953,14635,3095.0
2024,11,19805,12953,14986,1877.0
2024,11,19805,12953,15304,6187.0
2024,11,19930,11618,12892,12159.0
2024,11,19930,11618,14057,3759.0
2024,11,19930,11618,14679,4409.0
2024,11,19930,11618,14747,12797.0
2024,11,19930,11618,14771,11494.0
2024,11,19930,12478,14057,4244.0
2024,11,19930,12478,14262,3111.0
2024,11,19930,12478,14679,8531.0
2024,11,19930,12478,14747,16157.0
2024,11,19930,12478,14771,13460.0
2024,11,19977,11618,10397,19911.0
2024,11,19977,11618,10423,19882.0
2024,11,19977,11618,10529,0.0
2024,11,19977,11618,10620,0.0
2024,11,19977,11618,10693,12570.0
2024,11,19977,11618,10721,31416.0
2024,11,19977,11618,10732,4799.0
2024,11,19977,11618,10785,1947.0
2024,11,19977,11618,10792,2989.0
2024,11,19977,11618,10994,8747.0
2024,11,19977,11618,11042,11490.0
2024,11,19977,11618,11057,11176.0
2024,11,19977,11618,11278,0.0
2024,11,19977,11618,11292,38137.0
2024,11,19977,11618,11298,18177.0
2024,11,19977,11618,11423,99.0
2024,11,19977,11618,11433,162.0
2024,11,19977,11618,11624,2944.0
2024,11,19977,11618,11697,35025.0
2024,11,19977,11618,11775,16.0
2024,11,19977,11618,11921,0.0
2024,11,19977,11618,12173,1190.0
2024,11,19977,11618,12264,14008.0
2024,11,19977,11618,12266,48700.0
2024,11,19977,11618,12441,88.0
2024,11,19977,11618,12451,12214.0
2024,11,19977,11618,12889,29484.0
2024,11,19977,11618,12892,58621.0
2024,11,19977,11618,13204,50393.0
2024,11,19977,11618,13303,29281.0
2024,11,19977,11618,13485,3056.0
2024,11,19977,11618,13487,2496.0
2024,11,19977,11618,13495,10943.0
2024,11,19977,11618,13577,2549.0
2024,11,19977,11618,13930,58272.0
2024,11,19977,11618,13931,1955.0
2024,11,19977,11618,14027,33606.0
2024,11,19977,11618,14057,3908.0
2024,11,19977,11618,14107,20142.0
2024,11,19977,11618,14262,2.0
2024,11,19977,11618,14321,3086.0
2024,11,19977,11618,14492,20732.0
2024,11,19977,11618,14576,3047.0
2024,11,19977,11618,14635,19075.0
2024,11,19977,11618,14679,12922.0
2024,11,19977,11618,14683,7087.0
2024,11,19977,11618,14685,3411.0
2024,11,19977,11618,14747,8639.0
2024,11,19977,11618,14771,59615.0
2024,11,19977,11618,14843,14173.0
2024,11,19977,11618,14869,3261.0
2024,11,19977,11618,14893,4381.0
2024,11,19977,11618,14908,10400.0
2024,11,19977,11618,14986,5663.0
2024,11,19977,11618,15016,3181.0
2024,11,19977,11618,15024,3990.0
2024,11,19977,11618,15096,1926.0
2024,11,19977,11618,15304,30169.0
2024,11,19977,11618,15370,0.0
2024,11,19977,12953,10423,47.0
2024,11,19977,12953,11292,22289.0
2024,11,19977,12953,11697,10.0
2024,11,19977,12953,11775,69.0
2024,11,19977,12953,12266,21817.0
2024,11,19977,12953,12889,28.0
2024,11,19977,12953,12892,13.0
2024,11,19977,12953,13930,41757.0
2024,11,19977,12953,14107,22.0
2024,11,19977,12953,14696,155.0
2024,11,19977,12953,14747,0.0
2024,11,19977,12953,14893,74.0
2024,11,19977,12953,14908,7.0
2024,11,19977,15070,11618,0.0
2024,11,20253,12197,10154,0.0
2024,11,20253,12197,12250,0.0
2024,11,20253,12197,12932,308.0
2024,11,20253,12197,13541,0.0
2024,11,20253,12478,12250,102.0
2024,11,20253,12478,13541,176.0
2024,11,20253,12478,14875,104.0
2024,11,20304,12197,10397,1172.0
2024,11,20304,12197,11433,3522.0
2024,11,20304,12478,10693,3294.0
2024,11,20304,12478,11042,534.0
2024,11,20304,12478,12264,3018.0
2024,11,20304,12478,13342,2423.0
2024,11,20304,12478,13487,2.0
2024,11,20304,12478,13930,3875.0
2024,11,20304,12953,10693,2072.0
2024,11,20304,12953,10785,866.0
2024,11,20304,12953,12266,1922.0
2024,11,20304,12953,13342,3408.0
2024,11,20304,12953,13851,1705.0
2024,11,20304,12953,13871,4181.0
2024,11,20304,12953,13930,1541.0
2024,11,20304,12953,13931,1037.0
2024,11,20304,12953,14492,1564.0
2024,11,20304,12953,15096,2996.0
2024,11,20363,11618,11193,3814.0
2024,11,20363,11618,14492,4477.0
2024,11,20363,12197,10397,5278.0
2024,11,20363,12478,10581,1390.0
2024,11,20363,12478,10785,2404.0
2024,11,20363,12478,10792,6622.0
2024,11,20363,12478,10994,5471.0
2024,11,20363,12478,11042,2534.0
2024,11,20363,12478,11057,6741.0
2024,11,20363,12478,11193,5188.0
2024,11,20363,12478,11433,3708.0
2024,11,20363,12478,12264,632.0
2024,11,20363,12478,12339,4100.0
2024,11,20363,12478,12397,3275.0
2024,11,20363,12478,12451,2603.0
2024,11,20363,12478,13198,702.0
2024,11,20363,12478,13931,3689.0
2024,11,20363,12478,14122,2194.0
2024,11,20363,12478,14492,9350.0
2024,11,20363,12478,14524,1418.0
2024,11,20363,12478,14576,4968.0
2024,11,20363,12478,14685,2710.0
2024,11,20363,12478,15096,1895.0
2024,11,20363,12953,10257,2555.0
2024,11,20363,12953,10431,2570.0
2024,11,20363,12953,10581,4684.0
2024,11,20363,12953,10599,4520.0
2024,11,20363,12953,10693,483.0
2024,11,20363,12953,10785,3733.0
2024,11,20363,12953,10792,5859.0
2024,11,20363,12953,10868,3040.0
2024,11,20363,12953,10980,1132.0
2024,11,20363,12953,10990,4261.0
2024,11,20363,12953,10994,1593.0
2024,11,20363,12953,11042,3504.0
2024,11,20363,12953,11057,7711.0
2024,11,20363,12953,11066,660.0
2024,11,20363,12953,11193,7362.0
2024,11,20363,12953,11267,1187.0
2024,11,20363,12953,11423,2721.0
2024,11,20363,12953,11986,1196.0
2024,11,20363,12953,11995,3190.0
2024,11,20363,12953,11996,4879.0
2024,11,20363,12953,12323,4317.0
2024,11,20363,12953,12339,3976.0
2024,11,20363,12953,12451,1740.0
2024,11,20363,12953,12992,1316.0
2024,11,20363,12953,13244,2109.0
2024,11,20363,12953,13342,2670.0
2024,11,20363,12953,13485,447.0
2024,11,20363,12953,13577,1501.0
2024,11,20363,12953,13931,1912.0
2024,11,20363,12953,13933,990.0
2024,11,20363,12953,14122,1860.0
2024,11,20363,12953,14193,1145.0
2024,11,20363,12953,14307,1274.0
2024,11,20363,12953,14321,2047.0
2024,11,20363,12953,14492,10549.0
2024,11,20363,12953,14524,3511.0
2024,11,20363,12953,14574,1175.0
2024,11,20363,12953,14576,4874.0
2024,11,20363,12953,14685,4405.0
2024,11,20363,12953,14696,84.0
2024,11,20363,12953,15016,5344.0
2024,11,20363,12953,15096,1553.0
2024,11,20363,12953,15370,1528.0
2024,11,20363,12953,15412,4177.0
2024,11,20363,12953,15919,2441.0
2024,11,20368,11618,10431,1842.0
2024,11,20368,11618,11193,1345.0
2024,11,20368,11618,11423,1188.0
2024,11,20368,11618,14685,487.0
2024,11,20368,11618,15412,1975.0
2024,11,20368,11618,15624,1226.0
2024,11,20368,15070,11697,427.0
2024,11,20368,15070,13577,1639.0
2024,11,20368,15070,14082,1298.0
2024,11,20368,15070,14112,1301.0
2024,11,20368,15070,14761,147.0
2024,11,20397,12197,11057,5552.0
2024,11,20397,12197,11278,5014.0
2024,11,20398,11618,13303,127.0
2024,11,20398,11618,13930,4916.0
2024,11,20398,12197,13303,1360.0
2024,11,20398,12197,13930,4496.0
2024,11,20409,11618,11697,12385.0
2024,11,20409,11618,13204,16015.0
2024,11,20409,11618,14027,10464.0
2024,11,20409,11618,14635,5378.0
2024,11,20409,11618,14843,6422.0
2024,11,20409,11618,15304,8127.0
2024,11,20409,12197,11697,12154.0
2024,11,20409,12197,13204,11510.0
2024,11,20409,12197,14027,17059.0
2024,11,20409,12197,14635,6454.0
2024,11,20409,12197,14843,3117.0
2024,11,20409,12197,15304,3437.0
2024,11,20409,12391,11697,2611.0
2024,11,20409,12391,13204,4305.0
2024,11,20409,12391,14027,2403.0
2024,11,20409,12478,10397,15030.0
2024,11,20409,12478,10693,4509.0
2024,11,20409,12478,10721,17051.0
2024,11,20409,12478,10732,7693.0
2024,11,20409,12478,10792,11665.0
2024,11,20409,12478,10994,6305.0
2024,11,20409,12478,11292,5286.0
2024,11,20409,12478,11618,238.0
2024,11,20409,12478,11697,30109.0
2024,11,20409,12478,12197,82.0
2024,11,20409,12478,12266,4772.0
2024,11,20409,12478,12451,10252.0
2024,11,20409,12478,12889,14677.0
2024,11,20409,12478,12892,36373.0
2024,11,20409,12478,13204,28959.0
2024,11,20409,12478,13303,11518.0
2024,11,20409,12478,13495,6211.0
2024,11,20409,12478,13930,3355.0
2024,11,20409,12478,14027,20379.0
2024,11,20409,12478,14107,7739.0
2024,11,20409,12478,14492,12281.0
2024,11,20409,12478,14576,6687.0
2024,11,20409,12478,14635,9410.0
2024,11,20409,12478,14679,8687.0
2024,11,20409,12478,14685,5687.0
2024,11,20409,12478,14771,18651.0
2024,11,20409,12478,14843,25481.0
2024,11,20409,12478,14869,3882.0
2024,11,20409,12478,14986,3611.0
2024,11,20409,12478,15096,5118.0
2024,11,20409,12478,15304,14890.0
2024,11,20409,12953,10721,10883.0
2024,11,20409,12953,11697,14839.0
2024,11,20409,12953,13204,10923.0
2024,11,20409,12953,14027,11009.0
2024,11,20416,11618,10397,11467.0
2024,11,20416,11618,10423,4597.0
2024,11,20416,11618,10693,3845.0
2024,11,20416,11618,10721,1561.0
2024,11,20416,11618,10994,4027.0
2024,11,20416,11618,11057,4056.0
2024,11,20416,11618,11066,408.0
2024,11,20416,11618,11298,6920.0
2024,11,20416,11618,11433,747.0
2024,11,20416,11618,11697,18145.0
2024,11,20416,11618,12266,4403.0
2024,11,20416,11618,12339,4993.0
2024,11,20416,11618,12889,8571.0
2024,11,20416,11618,12892,8776.0
2024,11,20416,11618,13198,677.0
2024,11,20416,11618,13204,17665.0
2024,11,20416,11618,13303,4606.0
2024,11,20416,11618,13495,3347.0
2024,11,20416,11618,13577,7411.0
2024,11,20416,11618,13930,6099.0
2024,11,20416,11618,14122,3617.0
2024,11,20416,11618,14683,605.0
2024,11,20416,12953,10397,4771.0
2024,11,20416,12953,10693,763.0
2024,11,20416,12953,10994,3805.0
2024,11,20416,12953,11057,8822.0
2024,11,20416,12953,11066,4506.0
2024,11,20416,12953,11298,4975.0
2024,11,20416,12953,11433,17491.0
2024,11,20416,12953,11697,14712.0
2024,11,20416,12953,12266,8415.0
2024,11,20416,12953,13204,14010.0
2024,11,20416,12953,13303,4909.0
2024,11,20416,12953,13577,5569.0
2024,11,20416,12953,13930,11410.0
2024,11,20416,12953,14122,630.0
2024,11,20422,11618,13487,3252.0
2024,11,20422,12478,13487,2991.0
2024,11,20436,11618,10397,3318.0
2024,11,20436,11618,14843,9167.0
2024,11,20436,12391,13204,5952.0
2024,11,20436,12391,13577,2323.0
2024,11,20436,12391,15304,3584.0
2024,11,20436,12478,10397,5235.0
2024,11,20436,12478,12889,6253.0
2024,11,20436,12478,13204,5496.0
2024,11,20436,12478,14843,9470.0
2024,11,20436,12478,15304,6022.0
2024,11,20436,12953,10397,11263.0
2024,11,20436,12953,11042,3164.0
2024,11,20436,12953,11057,4915.0
2024,11,20436,12953,11193,2345.0
2024,11,20436,12953,11292,5359.0
2024,11,20436,12953,11298,4345.0
2024,11,20436,12953,13204,4884.0
2024,11,20436,12953,14492,4304.0
2024,11,20452,11618,10397,678.0
2024,11,20452,11618,10423,365.0
2024,11,20452,11618,10431,1359.0
2024,11,20452,11618,10581,3147.0
2024,11,20452,11618,10693,2621.0
2024,11,20452,11618,10721,4681.0
2024,11,20452,11618,10785,3159.0
2024,11,20452,11618,10792,2060.0
2024,11,20452,11618,10994,331.0
2024,11,20452,11618,11042,3311.0
2024,11,20452,11618,11057,598.0
2024,11,20452,11618,11066,10094.0
2024,11,20452,11618,11193,1882.0
2024,11,20452,11618,11278,1511.0
2024,11,20452,11618,11433,6990.0
2024,11,20452,11618,11986,3726.0
2024,11,20452,11618,11996,3820.0
2024,11,20452,11618,12264,73.0
2024,11,20452,11618,12323,3561.0
2024,11,20452,11618,12339,10217.0
2024,11,20452,11618,12451,2405.0
2024,11,20452,11618,13198,3506.0
2024,11,20452,11618,13244,3136.0
2024,11,20452,11618,13296,28.0
2024,11,20452,11618,13342,3706.0
2024,11,20452,11618,13485,56.0
2024,11,20452,11618,13487,2117.0
2024,11,20452,11618,13495,1632.0
2024,11,20452,11618,13930,1205.0
2024,11,20452,11618,13931,3484.0
2024,11,20452,11618,14122,10100.0
2024,11,20452,11618,14321,4151.0
2024,11,20452,11618,14492,364.0
2024,11,20452,11618,14685,4192.0
2024,11,20452,11618,14696,174.0
2024,11,20452,11618,14730,4693.0
2024,11,20452,11618,14986,2267.0
2024,11,20452,11618,15016,3443.0
2024,11,20452,11618,15096,1712.0
2024,11,20452,12478,10693,5981.0
2024,11,20452,12478,10721,12019.0
2024,11,20452,12478,10792,504.0
2024,11,20452,12478,11042,3630.0
2024,11,20452,12478,11057,531.0
2024,11,20452,12478,11066,8318.0
2024,11,20452,12478,11193,2479.0
2024,11,20452,12478,11278,10823.0
2024,11,20452,12478,11433,1881.0
2024,11,20452,12478,12339,5651.0
2024,11,20452,12478,12451,1301.0
2024,11,20452,12478,13198,2142.0
2024,11,20452,12478,13303,65.0
2024,11,20452,12478,13930,3934.0
2024,11,20452,12478,13931,3772.0
2024,11,20452,12478,13933,601.0
2024,11,20452,12478,14122,6009.0
2024,11,20452,12478,14321,1907.0
2024,11,20452,12478,14492,6059.0
2024,11,20452,12478,14524,2036.0
2024,11,20452,12478,14576,588.0
2024,11,20452,12478,14685,2861.0
2024,11,20452,12478,15096,1277.0
2024,11,20452,12953,10431,1335.0
2024,11,20452,12953,10581,114.0
2024,11,20452,12953,10693,11273.0
2024,11,20452,12953,10721,24092.0
2024,11,20452,12953,10792,5596.0
2024,11,20452,12953,10868,1338.0
2024,11,20452,12953,10990,1766.0
2024,11,20452,12953,10994,368.0
2024,11,20452,12953,11042,9130.0
2024,11,20452,12953,11057,1260.0
2024,11,20452,12953,11066,12943.0
2024,11,20452,12953,11193,3815.0
2024,11,20452,12953,11267,1223.0
2024,11,20452,12953,11278,17998.0
2024,11,20452,12953,11423,1486.0
2024,11,20452,12953,11433,4004.0
2024,11,20452,12953,11624,1446.0
2024,11,20452,12953,11986,2145.0
2024,11,20452,12953,11995,6086.0
2024,11,20452,12953,11996,3808.0
2024,11,20452,12953,12264,7752.0
2024,11,20452,12953,12323,4046.0
2024,11,20452,12953,12339,9268.0
2024,11,20452,12953,12451,4978.0
2024,11,20452,12953,12992,1401.0
2024,11,20452,12953,13198,69.0
2024,11,20452,12953,13244,5712.0
2024,11,20452,12953,13303,300.0
2024,11,20452,12953,13485,1401.0
2024,11,20452,12953,13487,2844.0
2024,11,20452,12953,13851,3608.0
2024,11,20452,12953,13871,1657.0
2024,11,20452,12953,13930,4058.0
2024,11,20452,12953,13931,3768.0
2024,11,20452,12953,14100,3304.0
2024,11,20452,12953,14122,11503.0
2024,11,20452,12953,14321,2506.0
2024,11,20452,12953,14492,7160.0
2024,11,20452,12953,14524,6684.0
2024,11,20452,12953,14574,1492.0
2024,11,20452,12953,14576,130.0
2024,11,20452,12953,14685,743.0
2024,11,20452,12953,14696,201.0
2024,11,20452,12953,14730,7359.0
2024,11,20452,12953,15016,5803.0
2024,11,20452,12953,15096,347.0
2024,11,20452,12953,15370,1366.0
2024,11,20452,12953,15412,2958.0
2024,11,20452,12953,15919,3097.0
2024,11,20500,11618,10257,2051.0
2024,11,20500,11618,10431,30.0
2024,11,20500,11618,10785,47.0
2024,11,20500,11618,10792,1244.0
2024,11,20500,11618,11042,1550.0
2024,11,20500,11618,11066,1313.0
2024,11,20500,11618,11193,3354.0
2024,11,20500,11618,11278,9489.0
2024,11,20500,11618,11995,2378.0
2024,11,20500,11618,12264,1308.0
2024,11,20500,11618,12339,215.0
2024,11,20500,11618,12397,2153.0
2024,11,20500,11618,13296,2295.0
2024,11,20500,11618,13931,1458.0
2024,11,20500,11618,14122,1137.0
2024,11,20500,11618,14307,2273.0
2024,11,20500,11618,14524,6261.0
2024,11,20500,11618,14576,2633.0
2024,11,20500,11618,14730,232.0
2024,11,20500,11618,15096,1155.0
2024,11,21080,12197,10154,155.0
2024,11,21080,12197,13541,49.0
2024,11,22080,11618,11146,362.0
2024,11,22080,11618,13204,109.0
2024,11,22080,12197,10994,2072.0
2024,11,22080,12197,11252,363.0
2024,11,22080,12197,13577,1052.0
2024,11,22080,12197,14492,997.0
2024,11,22080,12197,14986,521.0
2024,11,22080,12197,15628,3809.0
2024,11,22080,12391,10994,1281.0
2024,11,22080,12391,13495,117.0
2024,11,22080,12391,13931,514.0
2024,11,22080,12391,14492,1890.0
2024,11,22080,12391,14635,2063.0
2024,11,22080,12391,14986,305.0
2024,11,22080,12391,15628,1642.0
2024,11,22080,15070,10994,653.0
2024,11,22080,15070,13204,1254.0
2024,11,22080,15070,14635,540.0
2024,11,22080,15070,15628,179.0
2024,12,19393,12391,10423,21.0
2024,12,19393,12391,10821,11825.0
2024,12,19393,12391,11540,8.0
2024,12,19393,12391,13204,6753.0
2024,12,19393,12391,13303,1334.0
2024,12,19393,12391,13577,14.0
2024,12,19393,12391,14027,7291.0
2024,12,19393,12391,14107,1.0
2024,12,19393,12391,14635,4.0
2024,12,19393,12391,14730,2.0
2024,12,19393,12391,15304,1449.0
2024,12,19393,12953,10397,18126.0
2024,12,19393,12953,10423,178.0
2024,12,19393,12953,10693,19684.0
2024,12,19393,12953,11259,21116.0
2024,12,19393,12953,11292,18335.0
2024,12,19393,12953,12191,19026.0
2024,12,19393,12953,12954,11.0
2024,12,19393,12953,13198,8855.0
2024,12,19393,12953,13232,29160.0
2024,12,19393,12953,13303,2.0
2024,12,19393,12953,13495,4257.0
2024,12,19393,12953,14107,9.0
2024,12,19393,12953,15016,18594.0
2024,12,19690,12478,12173,7471.0
2024,12,19790,11618,10397,37908.0
2024,12,19790,11618,11433,12088.0
2024,12,19790,11618,13487,10604.0
2024,12,19790,11618,14869,8800.0
2024,12,19790,12197,10397,5859.0
2024,12,19790,12478,10397,32321.0
2024,12,19790,12478,10423,15160.0
2024,12,19790,12478,10721,2674.0
2024,12,19790,12478,10849,963.0
2024,12,19790,12478,11292,13127.0
2024,12,19790,12478,11298,5335.0
2024,12,19790,12478,11433,2301.0
2024,12,19790,12478,11697,23518.0
2024,12,19790,12478,12173,4798.0
2024,12,19790,12478,12451,3279.0
2024,12,19790,12478,12889,23064.0
2024,12,19790,12478,12892,56817.0
2024,12,19790,12478,13198,2.0
2024,12,19790,12478,13204,29157.0
2024,12,19790,12478,13244,2.0
2024,12,19790,12478,13303,24279.0
2024,12,19790,12478,13487,10624.0
2024,12,19790,12478,13495,6918.0
2024,12,19790,12478,13891,328.0
2024,12,19790,12478,14027,8215.0
2024,12,19790,12478,14057,5359.0
2024,12,19790,12478,14107,14327.0
2024,12,19790,12478,14262,214.0
2024,12,19790,12478,14635,4476.0
2024,12,19790,12478,14679,16152.0
2024,12,19790,12478,14683,3843.0
2024,12,19790,12478,14747,20266.0
2024,12,19790,12478,14771,31469.0
2024,12,19790,12478,14843,18562.0
2024,12,19790,12478,14869,24154.0
2024,12,19790,12478,15024,2827.0
2024,12,19790,12478,15304,14549.0
2024,12,19790,12953,10397,63378.0
2024,12,19790,12953,10423,2.0
2024,12,19790,12953,10693,1888.0
2024,12,19790,12953,10721,5093.0
2024,12,19790,12953,10994,6685.0
2024,12,19790,12953,11066,210.0
2024,12,19790,12953,11292,12985.0
2024,12,19790,12953,11298,16384.0
2024,12,19790,12953,11433,25259.0
2024,12,19790,12953,11697,26774.0
2024,12,19790,12953,12266,11985.0
2024,12,19790,12953,12451,2266.0
2024,12,19790,12953,13198,4916.0
2024,12,19790,12953,13204,37079.0
2024,12,19790,12953,13303,27778.0
2024,12,19790,12953,13487,23950.0
2024,12,19790,12953,13495,8423.0
2024,12,19790,12953,13577,1234.0
2024,12,19790,12953,13930,18475.0
2024,12,19790,12953,14027,21030.0
2024,12,19790,12953,14100,2.0
2024,12,19790,12953,14492,108.0
2024,12,19790,12953,14635,8662.0
2024,12,19790,12953,14869,185.0
2024,12,19790,12953,14986,5754.0
2024,12,19790,12953,15304,23522.0
2024,12,19790,12953,15919,1.0
2024,12,19805,11618,11057,25803.0
2024,12,19805,11618,11298,19898.0
2024,12,19805,11618,13303,19296.0
2024,12,19805,11618,13930,4613.0
2024,12,19805,11618,14107,14585.0
2024,12,19805,12478,10423,9454.0
2024,12,19805,12478,10721,74.0
2024,12,19805,12478,11057,19296.0
2024,12,19805,12478,11298,16021.0
2024,12,19805,12478,11503,1205.0
2024,12,19805,12478,12889,3519.0
2024,12,19805,12478,12892,26160.0
2024,12,19805,12478,13303,34238.0
2024,12,19805,12478,13930,8025.0
2024,12,19805,12478,14107,16410.0
2024,12,19805,12478,14771,9432.0
2024,12,19805,12478,14908,2770.0
2024,12,19805,12478,15024,3632.0
2024,12,19805,12953,10140,16.0
2024,12,19805,12953,11057,37837.0
2024,12,19805,12953,11278,6085.0
2024,12,19805,12953,11298,51636.0
2024,12,19805,12953,12478,188.0
2024,12,19805,12953,13204,13248.0
2024,12,19805,12953,13303,45608.0
2024,12,19805,12953,13495,4087.0
2024,12,19805,12953,13930,32046.0
2024,12,19805,12953,14027,9117.0
2024,12,19805,12953,14635,4006.0
2024,12,19805,12953,14986,2547.0
2024,12,19805,12953,15304,9091.0
2024,12,19930,11618,11884,0.0
2024,12,19930,11618,12889,160.0
2024,12,19930,11618,12892,13302.0
2024,12,19930,11618,14057,4924.0
2024,12,19930,11618,14679,4528.0
2024,12,19930,11618,14747,12706.0
2024,12,19930,11618,14771,9436.0
2024,12,19930,12478,14057,4788.0
2024,12,19930,12478,14262,4270.0
2024,12,19930,12478,14679,9457.0
2024,12,19930,12478,14747,18742.0
2024,12,19930,12478,14771,16723.0
2024,12,19977,11618,10140,0.0
2024,12,19977,11618,10397,18647.0
2024,12,19977,11618,10423,18081.0
2024,12,19977,11618,10599,0.0
2024,12,19977,11618,10693,13250.0
2024,12,19977,11618,10721,23467.0
2024,12,19977,11618,10732,4933.0
2024,12,19977,11618,10785,2994.0
2024,12,19977,11618,10792,3170.0
2024,12,19977,11618,10849,2126.0
2024,12,19977,11618,10994,8805.0
2024,12,19977,11618,11042,11704.0
2024,12,19977,11618,11057,11204.0
2024,12,19977,11618,11066,99.0
2024,12,19977,11618,11278,0.0
2024,12,19977,11618,11292,45665.0
2024,12,19977,11618,11298,15966.0
2024,12,19977,11618,11423,2.0
2024,12,19977,11618,11433,3013.0
2024,12,19977,11618,11503,1874.0
2024,12,19977,11618,11624,3152.0
2024,12,19977,11618,11697,43142.0
2024,12,19977,11618,11775,0.0
2024,12,19977,11618,11921,0.0
2024,12,19977,11618,12094,1517.0
2024,12,19977,11618,12173,4964.0
2024,12,19977,11618,12264,15097.0
2024,12,19977,11618,12266,53229.0
2024,12,19977,11618,12441,2796.0
2024,12,19977,11618,12451,10760.0
2024,12,19977,11618,12889,28308.0
2024,12,19977,11618,12892,64160.0
2024,12,19977,11618,13204,56755.0
2024,12,19977,11618,13303,36380.0
2024,12,19977,11618,13485,3397.0
2024,12,19977,11618,13487,1731.0
2024,12,19977,11618,13495,11239.0
2024,12,19977,11618,13502,1377.0
2024,12,19977,11618,13577,183.0
2024,12,19977,11618,13830,311.0
2024,12,19977,11618,13851,0.0
2024,12,19977,11618,13891,0.0
2024,12,19977,11618,13930,58729.0
2024,12,19977,11618,13931,1749.0
2024,12,19977,11618,14027,41665.0
2024,12,19977,11618,14057,4699.0
2024,12,19977,11618,14107,21564.0
2024,12,19977,11618,14193,4.0
2024,12,19977,11618,14262,0.0
2024,12,19977,11618,14307,1095.0
2024,12,19977,11618,14321,3611.0
2024,12,19977,11618,14492,18621.0
2024,12,19977,11618,14570,0.0
2024,12,19977,11618,14576,3011.0
2024,12,19977,11618,14635,25918.0
2024,12,19977,11618,14679,13565.0
2024,12,19977,11618,14683,8705.0
2024,12,19977,11618,14685,3782.0
2024,12,19977,11618,14696,345.0
2024,12,19977,11618,14747,9720.0
2024,12,19977,11618,14771,65192.0
2024,12,19977,11618,14843,16598.0
2024,12,19977,11618,14869,6027.0
2024,12,19977,11618,14893,5036.0
2024,12,19977,11618,14908,12625.0
2024,12,19977,11618,14986,7239.0
2024,12,19977,11618,15016,2081.0
2024,12,19977,11618,15024,4550.0
2024,12,19977,11618,15096,959.0
2024,12,19977,11618,15249,0.0
2024,12,19977,11618,15304,37090.0
2024,12,19977,11618,15370,0.0
2024,12,19977,11618,15380,19.0
2024,12,19977,12953,10423,24.0
2024,12,19977,12953,10800,96.0
2024,12,19977,12953,11278,0.0
2024,12,19977,12953,11292,23640.0
2024,12,19977,12953,11298,2.0
2024,12,19977,12953,11503,22.0
2024,12,19977,12953,11540,16.0
2024,12,19977,12953,11618,150.0
2024,12,19977,12953,11697,0.0
2024,12,19977,12953,11775,1.0
2024,12,19977,12953,12094,1.0
2024,12,19977,12953,12264,121.0
2024,12,19977,12953,12266,24225.0
2024,12,19977,12953,12889,8.0
2024,12,19977,12953,12892,25.0
2024,12,19977,12953,13204,0.0
2024,12,19977,12953,13303,16.0
2024,12,19977,12953,13487,18.0
2024,12,19977,12953,13930,40064.0
2024,12,19977,12953,14057,11.0
2024,12,19977,12953,14107,16.0
2024,12,19977,12953,14635,0.0
2024,12,19977,12953,14771,0.0
2024,12,19977,12953,14893,3.0
2024,12,19977,12953,14908,18.0
2024,12,19977,15070,10693,0.0
2024,12,19977,15070,11618,0.0
2024,12,20253,12197,10154,0.0
2024,12,20253,12197,12250,0.0
2024,12,20253,12197,12932,264.0
2024,12,20253,12197,13541,0.0
2024,12,20253,12478,10154,15.0
2024,12,20253,12478,12250,89.0
2024,12,20253,12478,13541,150.0
2024,12,20253,12478,14875,87.0
2024,12,20304,12197,11433,3637.0
2024,12,20304,12478,10693,2694.0
2024,12,20304,12478,10792,536.0
2024,12,20304,12478,12264,2376.0
2024,12,20304,12478,13342,2284.0
2024,12,20304,12478,13930,3309.0
2024,12,20304,12478,14492,720.0
2024,12,20304,12953,10693,2225.0
2024,12,20304,12953,11066,76.0
2024,12,20304,12953,11986,547.0
2024,12,20304,12953,12266,1290.0
2024,12,20304,12953,13342,3697.0
2024,12,20304,12953,13487,2.0
2024,12,20304,12953,13851,2007.0
2024,12,20304,12953,13871,3799.0
2024,12,20304,12953,13930,1123.0
2024,12,20304,12953,13931,971.0
2024,12,20304,12953,14492,1939.0
2024,12,20304,12953,15096,2240.0
2024,12,20363,11618,11193,3637.0
2024,12,20363,11618,14492,4496.0
2024,12,20363,12197,10397,5541.0
2024,12,20363,12478,10581,1634.0
2024,12,20363,12478,10785,1878.0
2024,12,20363,12478,10792,3633.0
2024,12,20363,12478,10994,3760.0
2024,12,20363,12478,11042,1356.0
2024,12,20363,12478,11057,5835.0
2024,12,20363,12478,11193,4353.0
2024,12,20363,12478,11298,117.0
2024,12,20363,12478,11433,4516.0
2024,12,20363,12478,12264,718.0
2024,12,20363,12478,12339,1324.0
2024,12,20363,12478,12397,2705.0
2024,12,20363,12478,12451,3671.0
2024,12,20363,12478,13198,678.0
2024,12,20363,12478,13487,148.0
2024,12,20363,12478,13931,3639.0
2024,12,20363,12478,14122,1996.0
2024,12,20363,12478,14321,42.0
2024,12,20363,12478,14492,8144.0
2024,12,20363,12478,14524,1454.0
2024,12,20363,12478,14576,5160.0
2024,12,20363,12478,14685,2110.0
2024,12,20363,12478,15096,833.0
2024,12,20363,12953,10257,2107.0
2024,12,20363,12953,10397,40.0
2024,12,20363,12953,10431,2870.0
2024,12,20363,12953,10581,3622.0
2024,12,20363,12953,10599,4529.0
2024,12,20363,12953,10693,1192.0
2024,12,20363,12953,10785,3187.0
2024,12,20363,12953,10792,4301.0
2024,12,20363,12953,10868,2593.0
2024,12,20363,12953,10980,889.0
2024,12,20363,12953,10990,3307.0
2024,12,20363,12953,10994,1257.0
2024,12,20363,12953,11042,4759.0
2024,12,20363,12953,11057,6981.0
2024,12,20363,12953,11066,333.0
2024,12,20363,12953,11193,7356.0
2024,12,20363,12953,11267,810.0
2024,12,20363,12953,11423,2868.0
2024,12,20363,12953,11433,131.0
2024,12,20363,12953,11995,3974.0
2024,12,20363,12953,11996,4711.0
2024,12,20363,12953,12323,3632.0
2024,12,20363,12953,12339,3761.0
2024,12,20363,12953,12451,1127.0
2024,12,20363,12953,12992,1070.0
2024,12,20363,12953,13244,1102.0
2024,12,20363,12953,13342,2135.0
2024,12,20363,12953,13485,93.0
2024,12,20363,12953,13487,35.0
2024,12,20363,12953,13577,1800.0
2024,12,20363,12953,13931,2665.0
2024,12,20363,12953,13933,544.0
2024,12,20363,12953,14122,1390.0
2024,12,20363,12953,14193,2066.0
2024,12,20363,12953,14307,994.0
2024,12,20363,12953,14321,1917.0
2024,12,20363,12953,14492,9465.0
2024,12,20363,12953,14524,4026.0
2024,12,20363,12953,14574,705.0
2024,12,20363,12953,14576,3974.0
2024,12,20363,12953,14685,3173.0
2024,12,20363,12953,14696,71.0
2024,12,20363,12953,14730,1054.0
2024,12,20363,12953,15016,5869.0
2024,12,20363,12953,15096,918.0
2024,12,20363,12953,15370,1541.0
2024,12,20363,12953,15412,3855.0
2024,12,20363,12953,15919,2613.0
2024,12,20368,11618,10431,2334.0
2024,12,20368,11618,11193,1265.0
2024,12,20368,11618,11423,1349.0
2024,12,20368,11618,14685,975.0
2024,12,20368,11618,15412,3752.0
2024,12,20368,11618,15624,1552.0
2024,12,20368,15070,11697,1208.0
2024,12,20368,15070,13577,1663.0
2024,12,20368,15070,14082,1826.0
2024,12,20368,15070,14112,1631.0
2024,12,20368,15070,14761,1662.0
2024,12,20378,12953,12266,76.0
2024,12,20397,12197,11057,6497.0
2024,12,20397,12197,11278,4942.0
2024,12,20398,11618,13303,115.0
2024,12,20398,11618,13930,6697.0
2024,12,20398,12197,13303,2018.0
2024,12,20398,12197,13930,4953.0
2024,12,20409,11618,11697,15878.0
2024,12,20409,11618,13204,23328.0
2024,12,20409,11618,13303,151.0
2024,12,20409,11618,14027,12868.0
2024,12,20409,11618,14635,6069.0
2024,12,20409,11618,14843,10317.0
2024,12,20409,11618,15304,7191.0
2024,12,20409,12197,11697,13683.0
2024,12,20409,12197,13204,12683.0
2024,12,20409,12197,14027,20127.0
2024,12,20409,12197,14635,7403.0
2024,12,20409,12197,14843,3597.0
2024,12,20409,12197,15304,4072.0
2024,12,20409,12391,10721,92.0
2024,12,20409,12391,11697,2502.0
2024,12,20409,12391,13204,4484.0
2024,12,20409,12391,14027,2489.0
2024,12,20409,12478,10257,145.0
2024,12,20409,12478,10397,15967.0
2024,12,20409,12478,10423,141.0
2024,12,20409,12478,10693,3134.0
2024,12,20409,12478,10721,15801.0
2024,12,20409,12478,10732,9131.0
2024,12,20409,12478,10792,13647.0
2024,12,20409,12478,10849,728.0
2024,12,20409,12478,10994,6619.0
2024,12,20409,12478,11292,7839.0
2024,12,20409,12478,11618,430.0
2024,12,20409,12478,11697,39208.0
2024,12,20409,12478,12197,111.0
2024,12,20409,12478,12266,3956.0
2024,12,20409,12478,12451,11510.0
2024,12,20409,12478,12889,14140.0
2024,12,20409,12478,12892,46208.0
2024,12,20409,12478,13204,36424.0
2024,12,20409,12478,13303,12519.0
2024,12,20409,12478,13495,6965.0
2024,12,20409,12478,13930,3157.0
2024,12,20409,12478,14027,23143.0
2024,12,20409,12478,14107,8631.0
2024,12,20409,12478,14254,1636.0
2024,12,20409,12478,14492,11660.0
2024,12,20409,12478,14570,1528.0
2024,12,20409,12478,14576,6923.0
2024,12,20409,12478,14635,12688.0
2024,12,20409,12478,14679,7978.0
2024,12,20409,12478,14685,6676.0
2024,12,20409,12478,14771,23028.0
2024,12,20409,12478,14843,31887.0
2024,12,20409,12478,14869,5621.0
2024,12,20409,12478,14986,3892.0
2024,12,20409,12478,15096,4874.0
2024,12,20409,12478,15304,17370.0
2024,12,20409,12953,10721,8371.0
2024,12,20409,12953,11697,18210.0
2024,12,20409,12953,13204,12300.0
2024,12,20409,12953,14027,13968.0
2024,12,20416,11618,10397,15179.0
2024,12,20416,11618,10423,4863.0
2024,12,20416,11618,10693,4611.0
2024,12,20416,11618,10721,1946.0
2024,12,20416,11618,10994,4992.0
2024,12,20416,11618,11057,5881.0
2024,12,20416,11618,11298,8797.0
2024,12,20416,11618,11697,20356.0
2024,12,20416,11618,12266,4983.0
2024,12,20416,11618,12339,5241.0
2024,12,20416,11618,12889,9085.0
2024,12,20416,11618,12892,11761.0
2024,12,20416,11618,13204,19016.0
2024,12,20416,11618,13303,9107.0
2024,12,20416,11618,13495,5879.0
2024,12,20416,11618,13577,5504.0
2024,12,20416,11618,13930,4548.0
2024,12,20416,11618,14122,4367.0
2024,12,20416,12953,10397,4979.0
2024,12,20416,12953,10994,390.0
2024,12,20416,12953,11057,9923.0
2024,12,20416,12953,11066,4481.0
2024,12,20416,12953,11298,4921.0
2024,12,20416,12953,11433,17769.0
2024,12,20416,12953,11697,24792.0
2024,12,20416,12953,12266,10952.0
2024,12,20416,12953,13204,12276.0
2024,12,20416,12953,13303,9692.0
2024,12,20416,12953,13577,5320.0
2024,12,20416,12953,13930,11887.0
2024,12,20422,11618,13487,5612.0
2024,12,20422,12478,13487,4509.0
2024,12,20436,11618,10397,4756.0
2024,12,20436,11618,14843,13231.0
2024,12,20436,12391,11697,2832.0
2024,12,20436,12391,13204,8921.0
2024,12,20436,12391,13577,219.0
2024,12,20436,12391,14027,5971.0
2024,12,20436,12391,14635,2085.0
2024,12,20436,12391,15304,5053.0
2024,12,20436,12478,10397,5639.0
2024,12,20436,12478,12889,6799.0
2024,12,20436,12478,13204,6220.0
2024,12,20436,12478,14843,12799.0
2024,12,20436,12478,15304,6292.0
2024,12,20436,12953,10397,9182.0
2024,12,20436,12953,11042,3657.0
2024,12,20436,12953,11057,4811.0
2024,12,20436,12953,11193,1869.0
2024,12,20436,12953,11292,3213.0
2024,12,20436,12953,11298,4900.0
2024,12,20436,12953,13204,6248.0
2024,12,20436,12953,13303,2673.0
2024,12,20436,12953,14492,5095.0
2024,12,20445,12953,12264,47.0
2024,12,20452,11618,10397,924.0
2024,12,20452,11618,10431,1990.0
2024,12,20452,11618,10434,0.0
2024,12,20452,11618,10581,2040.0
2024,12,20452,11618,10693,2697.0
2024,12,20452,11618,10721,4816.0
2024,12,20452,11618,10785,2668.0
2024,12,20452,11618,10792,208.0
2024,12,20452,11618,10994,1158.0
2024,12,20452,11618,11042,3436.0
2024,12,20452,11618,11057,964.0
2024,12,20452,11618,11066,10456.0
2024,12,20452,11618,11193,1050.0
2024,12,20452,11618,11278,2103.0
2024,12,20452,11618,11298,44.0
2024,12,20452,11618,11433,4556.0
2024,12,20452,11618,11986,4023.0
2024,12,20452,11618,11996,3769.0
2024,12,20452,11618,12264,57.0
2024,12,20452,11618,12323,3507.0
2024,12,20452,11618,12339,9987.0
2024,12,20452,11618,12451,3424.0
2024,12,20452,11618,13198,1248.0
2024,12,20452,11618,13244,1904.0
2024,12,20452,11618,13296,580.0
2024,12,20452,11618,13342,3896.0
2024,12,20452,11618,13487,3064.0
2024,12,20452,11618,13495,1257.0
2024,12,20452,11618,13577,1885.0
2024,12,20452,11618,13930,789.0
2024,12,20452,11618,13931,3194.0
2024,12,20452,11618,14122,9982.0
2024,12,20452,11618,14307,366.0
2024,12,20452,11618,14321,4161.0
2024,12,20452,11618,14492,1012.0
2024,12,20452,11618,14685,3077.0
2024,12,20452,11618,14730,4900.0
2024,12,20452,11618,14986,2455.0
2024,12,20452,11618,15016,3632.0
2024,12,20452,11618,15096,1779.0
2024,12,20452,12478,10693,6968.0
2024,12,20452,12478,10721,9411.0
2024,12,20452,12478,10785,1131.0
2024,12,20452,12478,10792,909.0
2024,12,20452,12478,10994,1535.0
2024,12,20452,12478,11042,4901.0
2024,12,20452,12478,11057,1556.0
2024,12,20452,12478,11066,8600.0
2024,12,20452,12478,11193,3145.0
2024,12,20452,12478,11278,10982.0
2024,12,20452,12478,11433,1326.0
2024,12,20452,12478,12339,7491.0
2024,12,20452,12478,12451,375.0
2024,12,20452,12478,12953,0.0
2024,12,20452,12478,13198,2105.0
2024,12,20452,12478,13230,0.0
2024,12,20452,12478,13577,0.0
2024,12,20452,12478,13930,3795.0
2024,12,20452,12478,13931,2945.0
2024,12,20452,12478,13933,642.0
2024,12,20452,12478,14100,11.0
2024,12,20452,12478,14122,5838.0
2024,12,20452,12478,14321,2122.0
2024,12,20452,12478,14492,5965.0
2024,12,20452,12478,14524,2035.0
2024,12,20452,12478,14685,3422.0
2024,12,20452,12478,15096,2234.0
2024,12,20452,12953,10431,1723.0
2024,12,20452,12953,10693,10258.0
2024,12,20452,12953,10721,19668.0
2024,12,20452,12953,10785,845.0
2024,12,20452,12953,10792,5434.0
2024,12,20452,12953,10868,1157.0
2024,12,20452,12953,10990,921.0
2024,12,20452,12953,10994,789.0
2024,12,20452,12953,11042,7026.0
2024,12,20452,12953,11057,1582.0
2024,12,20452,12953,11066,11955.0
2024,12,20452,12953,11193,4053.0
2024,12,20452,12953,11267,1664.0
2024,12,20452,12953,11278,17136.0
2024,12,20452,12953,11423,1749.0
2024,12,20452,12953,11433,3993.0
2024,12,20452,12953,11618,0.0
2024,12,20452,12953,11624,2605.0
2024,12,20452,12953,11986,2492.0
2024,12,20452,12953,11995,5854.0
2024,12,20452,12953,11996,3453.0
2024,12,20452,12953,12264,8344.0
2024,12,20452,12953,12323,4574.0
2024,12,20452,12953,12339,9181.0
2024,12,20452,12953,12451,4209.0
2024,12,20452,12953,12945,142.0
2024,12,20452,12953,12992,1813.0
2024,12,20452,12953,13198,1667.0
2024,12,20452,12953,13244,6465.0
2024,12,20452,12953,13303,521.0
2024,12,20452,12953,13485,2073.0
2024,12,20452,12953,13487,2565.0
2024,12,20452,12953,13577,693.0
2024,12,20452,12953,13851,3432.0
2024,12,20452,12953,13871,1965.0
2024,12,20452,12953,13930,5273.0
2024,12,20452,12953,13931,3069.0
2024,12,20452,12953,14100,2877.0
2024,12,20452,12953,14122,11446.0
2024,12,20452,12953,14321,1714.0
2024,12,20452,12953,14492,8150.0
2024,12,20452,12953,14524,5972.0
2024,12,20452,12953,14574,1234.0
2024,12,20452,12953,14576,554.0
2024,12,20452,12953,14685,2385.0
2024,12,20452,12953,14730,6190.0
2024,12,20452,12953,15016,5668.0
2024,12,20452,12953,15096,842.0
2024,12,20452,12953,15370,1783.0
2024,12,20452,12953,15412,4102.0
2024,12,20452,12953,15919,3686.0
2024,12,20500,11618,10257,2427.0
2024,12,20500,11618,10431,309.0
2024,12,20500,11618,10792,2078.0
2024,12,20500,11618,11042,1956.0
2024,12,20500,11618,11066,724.0
2024,12,20500,11618,11193,3391.0
2024,12,20500,11618,11278,8917.0
2024,12,20500,11618,11433,475.0
2024,12,20500,11618,11995,2636.0
2024,12,20500,11618,11996,194.0
2024,12,20500,11618,12264,1242.0
2024,12,20500,11618,12339,90.0
2024,12,20500,11618,12397,1923.0
2024,12,20500,11618,13296,1727.0
2024,12,20500,11618,13931,830.0
2024,12,20500,11618,14122,1248.0
2024,12,20500,11618,14307,1407.0
2024,12,20500,11618,14492,94.0
2024,12,20500,11618,14524,6478.0
2024,12,20500,11618,14576,2122.0
2024,12,20500,11618,14685,50.0
2024,12,20500,11618,14730,50.0
2024,12,20500,11618,15096,622.0
2024,12,20500,12953,12264,49.0
2024,12,21080,12197,10154,99.0
2024,12,22080,11618,11146,1083.0
2024,12,22080,12197,10994,2313.0
2024,12,22080,12197,11252,833.0
2024,12,22080,12197,13577,924.0
2024,12,22080,12197,14492,1441.0
2024,12,22080,12197,14986,1367.0
2024,12,22080,12197,15628,4444.0
2024,12,22080,12391,10994,1310.0
2024,12,22080,12391,13931,940.0
2024,12,22080,12391,14492,1952.0
2024,12,22080,12391,14635,1934.0
2024,12,22080,12391,14986,897.0
2024,12,22080,12391,15628,1631.0
2024,12,22080,15070,10994,1043.0
2024,12,22080,15070,13204,1358.0
2024,12,22080,15070,14635,704.0
2024,12,22080,15070,15628,838.0
2025,1,19393,12391,10821,7804.0
2025,1,19393,12391,13204,5949.0
2025,1,19393,12391,13303,1350.0
2025,1,19393,12391,14027,7218.0
2025,1,19393,12391,15304,1225.0
2025,1,19393,12953,10397,13081.0
2025,1,19393,12953,10423,35.0
2025,1,19393,12953,10693,12974.0
2025,1,19393,12953,11259,13017.0
2025,1,19393,12953,11292,14194.0
2025,1,19393,12953,11540,178.0
2025,1,19393,12953,12191,12799.0
2025,1,19393,12953,12278,13.0
2025,1,19393,12953,12889,0.0
2025,1,19393,12953,13198,4531.0
2025,1,19393,12953,13232,20242.0
2025,1,19393,12953,13495,3791.0
2025,1,19393,12953,13871,9.0
2025,1,19393,12953,14683,5.0
2025,1,19393,12953,15016,11093.0
2025,1,19690,12478,12173,5900.0
2025,1,19790,11618,10397,32322.0
2025,1,19790,11618,11433,10027.0
2025,1,19790,11618,11995,15.0
2025,1,19790,11618,12451,14.0
2025,1,19790,11618,13487,8095.0
2025,1,19790,11618,14869,7415.0
2025,1,19790,12197,10397,5942.0
2025,1,19790,12478,10397,25849.0
2025,1,19790,12478,10423,11860.0
2025,1,19790,12478,10721,2430.0
2025,1,19790,12478,10849,333.0
2025,1,19790,12478,11292,8384.0
2025,1,19790,12478,11298,4513.0
2025,1,19790,12478,11433,2459.0
2025,1,19790,12478,11697,18489.0
2025,1,19790,12478,12173,3829.0
2025,1,19790,12478,12264,15.0
2025,1,19790,12478,12451,2740.0
2025,1,19790,12478,12889,23201.0
2025,1,19790,12478,12892,44750.0
2025,1,19790,12478,13204,26065.0
2025,1,19790,12478,13303,22065.0
2025,1,19790,12478,13487,1353.0
2025,1,19790,12478,13495,6242.0
2025,1,19790,12478,14027,7241.0
2025,1,19790,12478,14057,4727.0
2025,1,19790,12478,14107,10491.0
2025,1,19790,12478,14262,401.0
2025,1,19790,12478,14635,5158.0
2025,1,19790,12478,14679,11950.0
2025,1,19790,12478,14683,3084.0
2025,1,19790,12478,14747,15031.0
2025,1,19790,12478,14771,27687.0
2025,1,19790,12478,14843,15850.0
2025,1,19790,12478,14869,21329.0
2025,1,19790,12478,15024,4898.0
2025,1,19790,12478,15304,12108.0
2025,1,19790,12953,10397,53293.0
2025,1,19790,12953,10693,382.0
2025,1,19790,12953,10721,1112.0
2025,1,19790,12953,10994,559.0
2025,1,19790,12953,11292,10081.0
2025,1,19790,12953,11298,12862.0
2025,1,19790,12953,11433,20681.0
2025,1,19790,12953,11697,22115.0
2025,1,19790,12953,11996,1.0
2025,1,19790,12953,12266,10477.0
2025,1,19790,12953,12451,700.0
2025,1,19790,12953,13198,4593.0
2025,1,19790,12953,13204,31736.0
2025,1,19790,12953,13303,29651.0
2025,1,19790,12953,13487,18629.0
2025,1,19790,12953,13495,5929.0
2025,1,19790,12953,13930,7404.0
2025,1,19790,12953,14027,22743.0
2025,1,19790,12953,14635,6789.0
2025,1,19790,12953,14869,363.0
2025,1,19790,12953,14986,4979.0
2025,1,19790,12953,15304,20162.0
2025,1,19805,11618,11057,22365.0
2025,1,19805,11618,11298,15351.0
2025,1,19805,11618,13303,18474.0
2025,1,19805,11618,13930,3882.0
2025,1,19805,11618,14107,13175.0
2025,1,19805,12478,10423,8744.0
2025,1,19805,12478,11057,15776.0
2025,1,19805,12478,11298,11467.0
2025,1,19805,12478,11503,2544.0
2025,1,19805,12478,12889,4200.0
2025,1,19805,12478,12892,21057.0
2025,1,19805,12478,13303,28953.0
2025,1,19805,12478,13930,7197.0
2025,1,19805,12478,14107,16261.0
2025,1,19805,12478,14771,9339.0
2025,1,19805,12478,14908,2577.0
2025,1,19805,12478,15024,3046.0
2025,1,19805,12953,11057,27088.0
2025,1,19805,12953,11278,2301.0
2025,1,19805,12953,11298,41094.0
2025,1,19805,12953,13204,9647.0
2025,1,19805,12953,13244,112.0
2025,1,19805,12953,13303,41803.0
2025,1,19805,12953,13495,3673.0
2025,1,19805,12953,13930,25651.0
2025,1,19805,12953,14027,6561.0
2025,1,19805,12953,14635,3255.0
2025,1,19805,12953,14986,1459.0
2025,1,19805,12953,15304,7089.0
2025,1,19930,11618,12892,5882.0
2025,1,19930,11618,14057,810.0
2025,1,19930,11618,14107,159.0
2025,1,19930,11618,14679,649.0
2025,1,19930,11618,14747,8676.0
2025,1,19930,11618,14771,4449.0
2025,1,19930,12478,12889,150.0
2025,1,19930,12478,14057,4618.0
2025,1,19930,12478,14262,2808.0
2025,1,19930,12478,14679,5342.0
2025,1,19930,12478,14747,11111.0
2025,1,19930,12478,14771,9424.0
2025,1,19977,11618,10397,17452.0
2025,1,19977,11618,10423,19132.0
2025,1,19977,11618,10693,12331.0
2025,1,19977,11618,10721,22749.0
2025,1,19977,11618,10732,5183.0
2025,1,19977,11618,10785,2614.0
2025,1,19977,11618,10792,654.0
2025,1,19977,11618,10849,3314.0
2025,1,19977,11618,10994,5382.0
2025,1,19977,11618,11042,9340.0
2025,1,19977,11618,11057,5719.0
2025,1,19977,11618,11292,40306.0
2025,1,19977,11618,11298,15962.0
2025,1,19977,11618,11433,2557.0
2025,1,19977,11618,11503,3642.0
2025,1,19977,11618,11624,3397.0
2025,1,19977,11618,11697,38270.0
2025,1,19977,11618,11986,0.0
2025,1,19977,11618,12094,1633.0
2025,1,19977,11618,12173,4228.0
2025,1,19977,11618,12264,12790.0
2025,1,19977,11618,12266,44832.0
2025,1,19977,11618,12402,112.0
2025,1,19977,11618,12441,4515.0
2025,1,19977,11618,12451,7634.0
2025,1,19977,11618,12889,29731.0
2025,1,19977,11618,12892,45658.0
2025,1,19977,11618,13204,52835.0
2025,1,19977,11618,13303,36290.0
2025,1,19977,11618,13485,711.0
2025,1,19977,11618,13495,10373.0
2025,1,19977,11618,13502,1156.0
2025,1,19977,11618,13830,132.0
2025,1,19977,11618,13930,50681.0
2025,1,19977,11618,13931,1540.0
2025,1,19977,11618,14027,37646.0
2025,1,19977,11618,14057,4691.0
2025,1,19977,11618,14107,17465.0
2025,1,19977,11618,14193,4.0
2025,1,19977,11618,14307,189.0
2025,1,19977,11618,14321,4035.0
2025,1,19977,11618,14492,15793.0
2025,1,19977,11618,14570,4.0
2025,1,19977,11618,14576,3284.0
2025,1,19977,11618,14635,21900.0
2025,1,19977,11618,14679,14108.0
2025,1,19977,11618,14683,4312.0
2025,1,19977,11618,14685,3198.0
2025,1,19977,11618,14747,9050.0
2025,1,19977,11618,14771,59078.0
2025,1,19977,11618,14831,0.0
2025,1,19977,11618,14843,16166.0
2025,1,19977,11618,14869,8812.0
2025,1,19977,11618,14893,1039.0
2025,1,19977,11618,14908,11091.0
2025,1,19977,11618,14986,6922.0
2025,1,19977,11618,15024,3784.0
2025,1,19977,11618,15096,551.0
2025,1,19977,11618,15304,30177.0
2025,1,19977,12953,10423,10.0
2025,1,19977,12953,10693,32.0
2025,1,19977,12953,11278,0.0
2025,1,19977,12953,11292,22331.0
2025,1,19977,12953,11298,17.0
2025,1,19977,12953,11540,14.0
2025,1,19977,12953,12094,0.0
2025,1,19977,12953,12266,19132.0
2025,1,19977,12953,12889,3.0
2025,1,19977,12953,12892,71.0
2025,1,19977,12953,13303,0.0
2025,1,19977,12953,13495,0.0
2025,1,19977,12953,13930,27579.0
2025,1,19977,12953,14057,10.0
2025,1,19977,12953,14635,0.0
2025,1,19977,12953,14771,0.0
2025,1,19977,12953,14908,8.0
2025,1,20253,12197,10154,0.0
2025,1,20253,12197,12250,0.0
2025,1,20253,12197,12932,273.0
2025,1,20253,12197,13541,0.0
2025,1,20253,12478,10154,5.0
2025,1,20253,12478,12250,2.0
2025,1,20253,12478,13541,7.0
2025,1,20253,12478,14875,88.0
2025,1,20304,12197,10397,697.0
2025,1,20304,12197,11433,2774.0
2025,1,20304,12478,10693,579.0
2025,1,20304,12478,10792,191.0
2025,1,20304,12478,13198,1024.0
2025,1,20304,12478,13342,1141.0
2025,1,20304,12478,13487,1832.0
2025,1,20304,12478,13930,1975.0
2025,1,20304,12478,14492,253.0
2025,1,20304,12953,10693,2972.0
2025,1,20304,12953,10792,1460.0
2025,1,20304,12953,11042,751.0
2025,1,20304,12953,11986,228.0
2025,1,20304,12953,12266,133.0
2025,1,20304,12953,12339,1208.0
2025,1,20304,12953,13342,1721.0
2025,1,20304,12953,13851,1459.0
2025,1,20304,12953,13871,1180.0
2025,1,20304,12953,13930,5485.0
2025,1,20304,12953,14492,1753.0
2025,1,20363,11618,11193,3363.0
2025,1,20363,11618,14492,4371.0
2025,1,20363,12197,10397,3337.0
2025,1,20363,12478,10581,1776.0
2025,1,20363,12478,10785,2816.0
2025,1,20363,12478,10792,6265.0
2025,1,20363,12478,10994,2802.0
2025,1,20363,12478,11042,3873.0
2025,1,20363,12478,11057,3761.0
2025,1,20363,12478,11193,4493.0
2025,1,20363,12478,11278,167.0
2025,1,20363,12478,11298,28.0
2025,1,20363,12478,11433,5570.0
2025,1,20363,12478,12264,3333.0
2025,1,20363,12478,12339,2617.0
2025,1,20363,12478,12397,3514.0
2025,1,20363,12478,12451,325.0
2025,1,20363,12478,13198,184.0
2025,1,20363,12478,13487,3344.0
2025,1,20363,12478,13930,1776.0
2025,1,20363,12478,13931,2930.0
2025,1,20363,12478,14122,1025.0
2025,1,20363,12478,14321,3004.0
2025,1,20363,12478,14492,6964.0
2025,1,20363,12478,14524,2605.0
2025,1,20363,12478,14576,1981.0
2025,1,20363,12478,14685,1536.0
2025,1,20363,12478,15096,2993.0
2025,1,20363,12953,10257,2020.0
2025,1,20363,12953,10431,1495.0
2025,1,20363,12953,10581,2445.0
2025,1,20363,12953,10599,3603.0
2025,1,20363,12953,10693,2809.0
2025,1,20363,12953,10785,2525.0
2025,1,20363,12953,10792,4015.0
2025,1,20363,12953,10868,2697.0
2025,1,20363,12953,10980,740.0
2025,1,20363,12953,10990,2971.0
2025,1,20363,12953,10994,4874.0
2025,1,20363,12953,11042,5196.0
2025,1,20363,12953,11057,4494.0
2025,1,20363,12953,11193,6490.0
2025,1,20363,12953,11267,833.0
2025,1,20363,12953,11423,1354.0
2025,1,20363,12953,11986,2322.0
2025,1,20363,12953,11995,1859.0
2025,1,20363,12953,11996,3912.0
2025,1,20363,12953,12323,1434.0
2025,1,20363,12953,12339,2744.0
2025,1,20363,12953,12451,3137.0
2025,1,20363,12953,12992,815.0
2025,1,20363,12953,13244,2392.0
2025,1,20363,12953,13342,1909.0
2025,1,20363,12953,13485,1094.0
2025,1,20363,12953,13577,1307.0
2025,1,20363,12953,13871,1054.0
2025,1,20363,12953,13931,3729.0
2025,1,20363,12953,13933,557.0
2025,1,20363,12953,14122,1009.0
2025,1,20363,12953,14193,1729.0
2025,1,20363,12953,14321,1504.0
2025,1,20363,12953,14492,8263.0
2025,1,20363,12953,14524,5290.0
2025,1,20363,12953,14574,636.0
2025,1,20363,12953,14576,3986.0
2025,1,20363,12953,14685,1333.0
2025,1,20363,12953,15016,3779.0
2025,1,20363,12953,15096,62.0
2025,1,20363,12953,15370,911.0
2025,1,20363,12953,15412,3313.0
2025,1,20363,12953,15919,1088.0
2025,1,20368,11618,10431,1233.0
2025,1,20368,11618,11193,133.0
2025,1,20368,11618,11423,310.0
2025,1,20368,11618,14685,294.0
2025,1,20368,11618,15412,2058.0
2025,1,20368,11618,15624,282.0
2025,1,20368,15070,11697,1052.0
2025,1,20368,15070,13577,1228.0
2025,1,20368,15070,14082,1456.0
2025,1,20368,15070,14112,1307.0
2025,1,20368,15070,14761,1155.0
2025,1,20378,12953,10693,122.0
2025,1,20378,12953,12191,71.0
2025,1,20378,12953,12264,3888.0
2025,1,20378,12953,12266,995.0
2025,1,20397,12197,11057,4757.0
2025,1,20397,12197,11278,3585.0
2025,1,20398,11618,13930,4779.0
2025,1,20398,12197,13303,1985.0
2025,1,20398,12197,13930,4081.0
2025,1,20409,11618,11697,14127.0
2025,1,20409,11618,13204,18179.0
2025,1,20409,11618,14027,9066.0
2025,1,20409,11618,14100,78.0
2025,1,20409,11618,14524,152.0
2025,1,20409,11618,14635,4879.0
2025,1,20409,11618,14843,9052.0
2025,1,20409,11618,15304,4135.0
2025,1,20409,12197,11697,12472.0
2025,1,20409,12197,13204,11547.0
2025,1,20409,12197,14027,17974.0
2025,1,20409,12197,14635,7123.0
2025,1,20409,12197,14843,3242.0
2025,1,20409,12197,15304,3185.0
2025,1,20409,12391,11697,2645.0
2025,1,20409,12391,13204,4427.0
2025,1,20409,12391,14027,2368.0
2025,1,20409,12478,10397,11584.0
2025,1,20409,12478,10693,1849.0
2025,1,20409,12478,10721,14385.0
2025,1,20409,12478,10732,8735.0
2025,1,20409,12478,10792,9189.0
2025,1,20409,12478,10849,77.0
2025,1,20409,12478,10994,3566.0
2025,1,20409,12478,11292,5834.0
2025,1,20409,12478,11697,27172.0
2025,1,20409,12478,12266,2331.0
2025,1,20409,12478,12451,8309.0
2025,1,20409,12478,12889,12211.0
2025,1,20409,12478,12892,31027.0
2025,1,20409,12478,13204,23914.0
2025,1,20409,12478,13303,12039.0
2025,1,20409,12478,13495,3166.0
2025,1,20409,12478,13891,150.0
2025,1,20409,12478,13930,2163.0
2025,1,20409,12478,14027,16788.0
2025,1,20409,12478,14107,7516.0
2025,1,20409,12478,14254,614.0
2025,1,20409,12478,14492,9997.0
2025,1,20409,12478,14570,690.0
2025,1,20409,12478,14576,6109.0
2025,1,20409,12478,14635,8188.0
2025,1,20409,12478,14679,7644.0
2025,1,20409,12478,14685,2959.0
2025,1,20409,12478,14771,18358.0
2025,1,20409,12478,14843,25921.0
2025,1,20409,12478,14869,4836.0
2025,1,20409,12478,14986,2503.0
2025,1,20409,12478,15096,5111.0
2025,1,20409,12478,15304,11433.0
2025,1,20409,12953,10721,5901.0
2025,1,20409,12953,11697,13322.0
2025,1,20409,12953,13204,9082.0
2025,1,20409,12953,14027,11655.0
2025,1,20416,11618,10397,8683.0
2025,1,20416,11618,10423,1321.0
2025,1,20416,11618,10693,3791.0
2025,1,20416,11618,10721,984.0
2025,1,20416,11618,10994,2531.0
2025,1,20416,11618,11057,3997.0
2025,1,20416,11618,11298,5566.0
2025,1,20416,11618,11433,75.0
2025,1,20416,11618,11697,21823.0
2025,1,20416,11618,12266,3692.0
2025,1,20416,11618,12339,4154.0
2025,1,20416,11618,12889,7902.0
2025,1,20416,11618,12892,7880.0
2025,1,20416,11618,13204,19790.0
2025,1,20416,11618,13303,7704.0
2025,1,20416,11618,13495,4312.0
2025,1,20416,11618,13577,4393.0
2025,1,20416,11618,13930,3504.0
2025,1,20416,11618,14122,4549.0
2025,1,20416,12953,10397,4296.0
2025,1,20416,12953,11057,7597.0
2025,1,20416,12953,11066,3548.0
2025,1,20416,12953,11298,3679.0
2025,1,20416,12953,11433,11835.0
2025,1,20416,12953,11697,21023.0
2025,1,20416,12953,12266,8003.0
2025,1,20416,12953,13204,12368.0
2025,1,20416,12953,13303,8921.0
2025,1,20416,12953,13577,3630.0
2025,1,20416,12953,13930,8893.0
2025,1,20422,11618,13487,1239.0
2025,1,20422,12478,13487,2476.0
2025,1,20436,11618,10397,3488.0
2025,1,20436,11618,14843,12226.0
2025,1,20436,12391,11697,653.0
2025,1,20436,12391,13204,6407.0
2025,1,20436,12391,14027,5749.0
2025,1,20436,12391,14635,687.0
2025,1,20436,12391,15304,4319.0
2025,1,20436,12478,10397,4861.0
2025,1,20436,12478,12889,6177.0
2025,1,20436,12478,13204,5845.0
2025,1,20436,12478,14843,12287.0
2025,1,20436,12478,15304,6488.0
2025,1,20436,12953,10397,6765.0
2025,1,20436,12953,11042,3150.0
2025,1,20436,12953,11057,3363.0
2025,1,20436,12953,11193,289.0
2025,1,20436,12953,11292,701.0
2025,1,20436,12953,11298,4326.0
2025,1,20436,12953,13204,7280.0
2025,1,20436,12953,13303,5421.0
2025,1,20436,12953,14492,4543.0
2025,1,20452,11618,10397,508.0
2025,1,20452,11618,10431,1177.0
2025,1,20452,11618,10581,1977.0
2025,1,20452,11618,10693,886.0
2025,1,20452,11618,10721,4147.0
2025,1,20452,11618,10785,332.0
2025,1,20452,11618,10792,1316.0
2025,1,20452,11618,10994,1927.0
2025,1,20452,11618,11042,4800.0
2025,1,20452,11618,11057,3399.0
2025,1,20452,11618,11066,6540.0
2025,1,20452,11618,11193,3405.0
2025,1,20452,11618,11278,1534.0
2025,1,20452,11618,11298,63.0
2025,1,20452,11618,11433,3392.0
2025,1,20452,11618,11986,3802.0
2025,1,20452,11618,11996,782.0
2025,1,20452,11618,12264,26.0
2025,1,20452,11618,12323,693.0
2025,1,20452,11618,12339,8639.0
2025,1,20452,11618,12451,3913.0
2025,1,20452,11618,13342,3427.0
2025,1,20452,11618,13485,1424.0
2025,1,20452,11618,13487,5102.0
2025,1,20452,11618,13495,71.0
2025,1,20452,11618,13577,1639.0
2025,1,20452,11618,13930,418.0
2025,1,20452,11618,13931,3272.0
2025,1,20452,11618,14122,7674.0
2025,1,20452,11618,14307,136.0
2025,1,20452,11618,14321,2415.0
2025,1,20452,11618,14492,358.0
2025,1,20452,11618,14685,2263.0
2025,1,20452,11618,14730,3760.0
2025,1,20452,11618,14986,2137.0
2025,1,20452,11618,15016,5149.0
2025,1,20452,11618,15096,2491.0
2025,1,20452,12478,10693,6538.0
2025,1,20452,12478,10721,10670.0
2025,1,20452,12478,10785,354.0
2025,1,20452,12478,10994,2014.0
2025,1,20452,12478,11042,2357.0
2025,1,20452,12478,11057,1766.0
2025,1,20452,12478,11066,6822.0
2025,1,20452,12478,11193,2145.0
2025,1,20452,12478,11278,9847.0
2025,1,20452,12478,12339,5913.0
2025,1,20452,12478,12451,3461.0
2025,1,20452,12478,12945,4.0
2025,1,20452,12478,12953,0.0
2025,1,20452,12478,13930,3478.0
2025,1,20452,12478,13931,3188.0
2025,1,20452,12478,13933,420.0
2025,1,20452,12478,14122,6015.0
2025,1,20452,12478,14321,132.0
2025,1,20452,12478,14492,5292.0
2025,1,20452,12478,14524,201.0
2025,1,20452,12478,14576,2519.0
2025,1,20452,12478,14685,3349.0
2025,1,20452,12478,15096,1203.0
2025,1,20452,12953,10257,0.0
2025,1,20452,12953,10431,1182.0
2025,1,20452,12953,10693,8067.0
2025,1,20452,12953,10721,21578.0
2025,1,20452,12953,10785,302.0
2025,1,20452,12953,10792,4463.0
2025,1,20452,12953,10868,999.0
2025,1,20452,12953,10990,1177.0
2025,1,20452,12953,10994,231.0
2025,1,20452,12953,11042,4335.0
2025,1,20452,12953,11057,2065.0
2025,1,20452,12953,11066,10838.0
2025,1,20452,12953,11193,2359.0
2025,1,20452,12953,11267,925.0
2025,1,20452,12953,11278,15736.0
2025,1,20452,12953,11423,1330.0
2025,1,20452,12953,11433,3442.0
2025,1,20452,12953,11624,2318.0
2025,1,20452,12953,11986,30.0
2025,1,20452,12953,11995,5163.0
2025,1,20452,12953,11996,2788.0
2025,1,20452,12953,12264,2476.0
2025,1,20452,12953,12323,3966.0
2025,1,20452,12953,12339,7187.0
2025,1,20452,12953,12451,1797.0
2025,1,20452,12953,12992,1128.0
2025,1,20452,12953,13198,557.0
2025,1,20452,12953,13244,4215.0
2025,1,20452,12953,13303,356.0
2025,1,20452,12953,13342,760.0
2025,1,20452,12953,13485,1332.0
2025,1,20452,12953,13487,2419.0
2025,1,20452,12953,13577,160.0
2025,1,20452,12953,13851,2931.0
2025,1,20452,12953,13871,1457.0
2025,1,20452,12953,13930,9408.0
2025,1,20452,12953,13931,2222.0
2025,1,20452,12953,14100,2573.0
2025,1,20452,12953,14122,11732.0
2025,1,20452,12953,14321,2920.0
2025,1,20452,12953,14492,8790.0
2025,1,20452,12953,14524,3930.0
2025,1,20452,12953,14574,1143.0
2025,1,20452,12953,14576,177.0
2025,1,20452,12953,14685,2795.0
2025,1,20452,12953,14730,4844.0
2025,1,20452,12953,15016,4611.0
2025,1,20452,12953,15096,3741.0
2025,1,20452,12953,15370,1371.0
2025,1,20452,12953,15412,2122.0
2025,1,20452,12953,15919,2880.0
2025,1,20500,11618,10257,2258.0
2025,1,20500,11618,10431,305.0
2025,1,20500,11618,10785,856.0
2025,1,20500,11618,10792,2495.0
2025,1,20500,11618,11042,783.0
2025,1,20500,11618,11066,2133.0
2025,1,20500,11618,11193,1469.0
2025,1,20500,11618,11278,8147.0
2025,1,20500,11618,11433,1254.0
2025,1,20500,11618,11995,2512.0
2025,1,20500,11618,11996,2143.0
2025,1,20500,11618,12264,1302.0
2025,1,20500,11618,12323,1999.0
2025,1,20500,11618,12397,2425.0
2025,1,20500,11618,13296,1999.0
2025,1,20500,11618,13931,1351.0
2025,1,20500,11618,14122,2355.0
2025,1,20500,11618,14307,2270.0
2025,1,20500,11618,14321,969.0
2025,1,20500,11618,14524,5508.0
2025,1,20500,11618,14576,2185.0
2025,1,20500,11618,15096,416.0
2025,1,20500,12953,12264,285.0
2025,1,22080,11618,11146,568.0
2025,1,22080,12197,10994,1731.0
2025,1,22080,12197,11252,810.0
2025,1,22080,12197,13577,670.0
2025,1,22080,12197,14492,970.0
2025,1,22080,12197,14986,1159.0
2025,1,22080,12197,15628,3395.0
2025,1,22080,12391,10994,966.0
2025,1,22080,12391,13931,661.0
2025,1,22080,12391,14492,1032.0
2025,1,22080,12391,14635,2191.0
2025,1,22080,12391,14986,845.0
2025,1,22080,12391,15628,1698.0
2025,1,22080,15070,10994,930.0
2025,1,22080,15070,13204,917.0
2025,1,22080,15070,14635,630.0
2025,1,22080,15070,15628,870.0
2025,2,19393,12391,10821,6897.0
2025,2,19393,12391,11697,244.0
2025,2,19393,12391,12889,3.0
2025,2,19393,12391,13204,5999.0
2025,2,19393,12391,13303,1567.0
2025,2,19393,12391,14027,6689.0
2025,2,19393,12391,14730,8.0
2025,2,19393,12391,15304,1884.0
2025,2,19393,12953,10397,11550.0
2025,2,19393,12953,10693,11194.0
2025,2,19393,12953,11259,10900.0
2025,2,19393,12953,11292,12674.0
2025,2,19393,12953,11540,99.0
2025,2,19393,12953,12191,11337.0
2025,2,19393,12953,12278,11.0
2025,2,19393,12953,12889,5.0
2025,2,19393,12953,13198,3685.0
2025,2,19393,12953,13232,17306.0
2025,2,19393,12953,13495,3644.0
2025,2,19393,12953,13871,7.0
2025,2,19393,12953,14683,11.0
2025,2,19393,12953,14771,0.0
2025,2,19393,12953,15016,8518.0
2025,2,19393,12953,15304,293.0
2025,2,19393,12953,15376,35.0
2025,2,19690,12478,12173,5563.0
2025,2,19790,11618,10397,31195.0
2025,2,19790,11618,11433,8863.0
2025,2,19790,11618,13487,6944.0
2025,2,19790,11618,14869,7116.0
2025,2,19790,12197,10397,5849.0
2025,2,19790,12478,10397,22284.0
2025,2,19790,12478,10423,10360.0
2025,2,19790,12478,10721,2242.0
2025,2,19790,12478,10849,362.0
2025,2,19790,12478,11292,8229.0
2025,2,19790,12478,11298,3797.0
2025,2,19790,12478,11433,2207.0
2025,2,19790,12478,11697,17384.0
2025,2,19790,12478,12173,3170.0
2025,2,19790,12478,12451,2114.0
2025,2,19790,12478,12889,20270.0
2025,2,19790,12478,12892,44654.0
2025,2,19790,12478,13198,1.0
2025,2,19790,12478,13204,22753.0
2025,2,19790,12478,13303,19272.0
2025,2,19790,12478,13495,6982.0
2025,2,19790,12478,14027,6661.0
2025,2,19790,12478,14057,3929.0
2025,2,19790,12478,14107,8634.0
2025,2,19790,12478,14262,471.0
2025,2,19790,12478,14492,56.0
2025,2,19790,12478,14635,5310.0
2025,2,19790,12478,14679,11028.0
2025,2,19790,12478,14683,2651.0
2025,2,19790,12478,14747,13804.0
2025,2,19790,12478,14771,24676.0
2025,2,19790,12478,14843,13989.0
2025,2,19790,12478,14869,21520.0
2025,2,19790,12478,15024,5032.0
2025,2,19790,12478,15304,10207.0
2025,2,19790,12953,10397,51983.0
2025,2,19790,12953,10721,844.0
2025,2,19790,12953,10994,12.0
2025,2,19790,12953,11252,112.0
2025,2,19790,12953,11292,9183.0
2025,2,19790,12953,11298,11860.0
2025,2,19790,12953,11433,17878.0
2025,2,19790,12953,11697,21688.0
2025,2,19790,12953,12266,9143.0
2025,2,19790,12953,13198,4466.0
2025,2,19790,12953,13204,27595.0
2025,2,19790,12953,13303,27076.0
2025,2,19790,12953,13360,8.0
2025,2,19790,12953,13487,16220.0
2025,2,19790,12953,13495,7228.0
2025,2,19790,12953,13930,6004.0
2025,2,19790,12953,14027,21835.0
2025,2,19790,12953,14635,7189.0
2025,2,19790,12953,14869,279.0
2025,2,19790,12953,14986,4912.0
2025,2,19790,12953,15304,19211.0
2025,2,19805,11618,11057,19405.0
2025,2,19805,11618,11298,14590.0
2025,2,19805,11618,13303,16447.0
2025,2,19805,11618,13930,2854.0
2025,2,19805,11618,14107,12835.0
2025,2,19805,12478,10423,7306.0
2025,2,19805,12478,11057,12970.0
2025,2,19805,12478,11298,9451.0
2025,2,19805,12478,11503,2598.0
2025,2,19805,12478,12889,2984.0
2025,2,19805,12478,12892,19922.0
2025,2,19805,12478,13303,25446.0
2025,2,19805,12478,13930,4586.0
2025,2,19805,12478,14107,15301.0
2025,2,19805,12478,14771,8522.0
2025,2,19805,12478,14908,2235.0
2025,2,19805,12478,15024,2885.0
2025,2,19805,12953,11057,23899.0
2025,2,19805,12953,11278,1853.0
2025,2,19805,12953,11298,38178.0
2025,2,19805,12953,13204,10007.0
2025,2,19805,12953,13303,38208.0
2025,2,19805,12953,13495,3273.0
2025,2,19805,12953,13930,22781.0
2025,2,19805,12953,14027,6617.0
2025,2,19805,12953,14635,3537.0
2025,2,19805,12953,14986,2109.0
2025,2,19805,12953,15304,6177.0
2025,2,19930,11618,12478,5.0
2025,2,19930,11618,12892,5689.0
2025,2,19930,11618,13198,1.0
2025,2,19930,11618,14057,1784.0
2025,2,19930,11618,14679,2129.0
2025,2,19930,11618,14747,7488.0
2025,2,19930,11618,14771,3453.0
2025,2,19930,12478,13198,2.0
2025,2,19930,12478,14057,3589.0
2025,2,19930,12478,14107,11.0
2025,2,19930,12478,14262,3125.0
2025,2,19930,12478,14679,3464.0
2025,2,19930,12478,14747,10624.0
2025,2,19930,12478,14771,7763.0
2025,2,19930,12478,14831,171.0
2025,2,19977,11618,10397,16697.0
2025,2,19977,11618,10423,18683.0
2025,2,19977,11618,10620,0.0
2025,2,19977,11618,10693,10883.0
2025,2,19977,11618,10713,8.0
2025,2,19977,11618,10721,21760.0
2025,2,19977,11618,10732,4460.0
2025,2,19977,11618,10785,2593.0
2025,2,19977,11618,10792,1227.0
2025,2,19977,11618,10849,4095.0
2025,2,19977,11618,10994,6776.0
2025,2,19977,11618,11042,7263.0
2025,2,19977,11618,11057,6340.0
2025,2,19977,11618,11292,35996.0
2025,2,19977,11618,11298,14604.0
2025,2,19977,11618,11433,2208.0
2025,2,19977,11618,11503,3769.0
2025,2,19977,11618,11624,3128.0
2025,2,19977,11618,11697,34979.0
2025,2,19977,11618,12094,2857.0
2025,2,19977,11618,12173,3812.0
2025,2,19977,11618,12264,10457.0
2025,2,19977,11618,12266,39803.0
2025,2,19977,11618,12278,0.0
2025,2,19977,11618,12280,0.0
2025,2,19977,11618,12441,5108.0
2025,2,19977,11618,12451,9931.0
2025,2,19977,11618,12889,26941.0
2025,2,19977,11618,12892,42738.0
2025,2,19977,11618,12953,0.0
2025,2,19977,11618,13204,49843.0
2025,2,19977,11618,13303,31991.0
2025,2,19977,11618,13495,13572.0
2025,2,19977,11618,13502,2236.0
2025,2,19977,11618,13930,44141.0
2025,2,19977,11618,13931,1727.0
2025,2,19977,11618,14027,37945.0
2025,2,19977,11618,14057,3863.0
2025,2,19977,11618,14107,15894.0
2025,2,19977,11618,14193,3.0
2025,2,19977,11618,14321,3848.0
2025,2,19977,11618,14492,12071.0
2025,2,19977,11618,14576,2702.0
2025,2,19977,11618,14635,24766.0
2025,2,19977,11618,14679,11743.0
2025,2,19977,11618,14683,4234.0
2025,2,19977,11618,14685,2751.0
2025,2,19977,11618,14747,7687.0
2025,2,19977,11618,14771,50390.0
2025,2,19977,11618,14831,0.0
2025,2,19977,11618,14843,14485.0
2025,2,19977,11618,14869,10260.0
2025,2,19977,11618,14908,8866.0
2025,2,19977,11618,14986,8547.0
2025,2,19977,11618,15024,3536.0
2025,2,19977,11618,15304,28521.0
2025,2,19977,12953,10423,13.0
2025,2,19977,12953,11292,21946.0
2025,2,19977,12953,11298,7.0
2025,2,19977,12953,12264,163.0
2025,2,19977,12953,12266,16390.0
2025,2,19977,12953,12441,52.0
2025,2,19977,12953,12451,13.0
2025,2,19977,12953,12889,6.0
2025,2,19977,12953,12892,43.0
2025,2,19977,12953,13495,107.0
2025,2,19977,12953,13930,24771.0
2025,2,19977,12953,14027,29.0
2025,2,19977,12953,14635,4.0
2025,2,19977,12953,14908,2.0
2025,2,20253,12197,10154,0.0
2025,2,20253,12197,12250,0.0
2025,2,20253,12197,12932,212.0
2025,2,20253,12197,13541,0.0
2025,2,20253,12478,10154,0.0
2025,2,20253,12478,12250,0.0
2025,2,20253,12478,13541,0.0
2025,2,20253,12478,14875,68.0
2025,2,20304,12197,10397,327.0
2025,2,20304,12197,11433,2225.0
2025,2,20304,12478,13198,834.0
2025,2,20304,12478,13342,889.0
2025,2,20304,12478,13487,1889.0
2025,2,20304,12478,13930,1738.0
2025,2,20304,12953,10693,2811.0
2025,2,20304,12953,10792,1469.0
2025,2,20304,12953,11042,820.0
2025,2,20304,12953,12339,1140.0
2025,2,20304,12953,13342,1277.0
2025,2,20304,12953,13851,1017.0
2025,2,20304,12953,13871,985.0
2025,2,20304,12953,13930,4490.0
2025,2,20304,12953,14492,1337.0
2025,2,20363,11618,11193,3010.0
2025,2,20363,11618,14492,4125.0
2025,2,20363,12197,10397,3616.0
2025,2,20363,12478,10397,184.0
2025,2,20363,12478,10581,1709.0
2025,2,20363,12478,10785,2995.0
2025,2,20363,12478,10792,5631.0
2025,2,20363,12478,10994,2872.0
2025,2,20363,12478,11042,3444.0
2025,2,20363,12478,11057,3363.0
2025,2,20363,12478,11193,3851.0
2025,2,20363,12478,11278,185.0
2025,2,20363,12478,11433,4778.0
2025,2,20363,12478,12264,2825.0
2025,2,20363,12478,12339,2593.0
2025,2,20363,12478,12397,2801.0
2025,2,20363,12478,12451,145.0
2025,2,20363,12478,13487,3440.0
2025,2,20363,12478,13930,1829.0
2025,2,20363,12478,13931,2837.0
2025,2,20363,12478,14122,822.0
2025,2,20363,12478,14321,3183.0
2025,2,20363,12478,14492,6615.0
2025,2,20363,12478,14524,1956.0
2025,2,20363,12478,14576,1557.0
2025,2,20363,12478,14685,1554.0
2025,2,20363,12478,15096,2648.0
2025,2,20363,12953,10257,2265.0
2025,2,20363,12953,10431,1310.0
2025,2,20363,12953,10581,2400.0
2025,2,20363,12953,10599,3280.0
2025,2,20363,12953,10693,2989.0
2025,2,20363,12953,10785,2546.0
2025,2,20363,12953,10792,4221.0
2025,2,20363,12953,10821,9.0
2025,2,20363,12953,10868,2700.0
2025,2,20363,12953,10980,847.0
2025,2,20363,12953,10990,2597.0
2025,2,20363,12953,10994,6308.0
2025,2,20363,12953,11042,4847.0
2025,2,20363,12953,11057,4759.0
2025,2,20363,12953,11193,5765.0
2025,2,20363,12953,11267,860.0
2025,2,20363,12953,11423,1228.0
2025,2,20363,12953,11986,2542.0
2025,2,20363,12953,11995,1289.0
2025,2,20363,12953,11996,3482.0
2025,2,20363,12953,12323,1297.0
2025,2,20363,12953,12339,2628.0
2025,2,20363,12953,12451,3975.0
2025,2,20363,12953,12992,866.0
2025,2,20363,12953,13244,2313.0
2025,2,20363,12953,13342,1957.0
2025,2,20363,12953,13485,1240.0
2025,2,20363,12953,13577,1667.0
2025,2,20363,12953,13871,1177.0
2025,2,20363,12953,13931,3537.0
2025,2,20363,12953,13933,540.0
2025,2,20363,12953,14122,1453.0
2025,2,20363,12953,14193,1663.0
2025,2,20363,12953,14321,1930.0
2025,2,20363,12953,14492,7541.0
2025,2,20363,12953,14524,5056.0
2025,2,20363,12953,14574,681.0
2025,2,20363,12953,14576,3874.0
2025,2,20363,12953,14685,1789.0
2025,2,20363,12953,15016,3256.0
2025,2,20363,12953,15096,71.0
2025,2,20363,12953,15370,846.0
2025,2,20363,12953,15412,3316.0
2025,2,20363,12953,15919,963.0
2025,2,20368,11618,10431,839.0
2025,2,20368,11618,15412,1166.0
2025,2,20368,11618,15624,652.0
2025,2,20368,15070,11697,1064.0
2025,2,20368,15070,13577,962.0
2025,2,20368,15070,14082,1860.0
2025,2,20368,15070,14112,1538.0
2025,2,20368,15070,14761,1781.0
2025,2,20378,12953,10599,68.0
2025,2,20378,12953,10693,71.0
2025,2,20378,12953,12264,3590.0
2025,2,20378,12953,12266,2355.0
2025,2,20378,12953,13495,68.0
2025,2,20397,12197,11057,3864.0
2025,2,20397,12197,11278,2649.0
2025,2,20397,12197,14100,18.0
2025,2,20398,11618,13930,5134.0
2025,2,20398,12197,13303,1720.0
2025,2,20398,12197,13930,3673.0
2025,2,20409,11618,11697,11513.0
2025,2,20409,11618,13204,14107.0
2025,2,20409,11618,13495,216.0
2025,2,20409,11618,14027,8818.0
2025,2,20409,11618,14635,3761.0
2025,2,20409,11618,14843,7405.0
2025,2,20409,11618,15304,3782.0
2025,2,20409,12197,11697,10895.0
2025,2,20409,12197,12478,114.0
2025,2,20409,12197,13204,9757.0
2025,2,20409,12197,14027,16983.0
2025,2,20409,12197,14635,6748.0
2025,2,20409,12197,14843,3087.0
2025,2,20409,12197,15304,3208.0
2025,2,20409,12391,11697,2411.0
2025,2,20409,12391,13204,3913.0
2025,2,20409,12391,14027,2982.0
2025,2,20409,12478,10397,11033.0
2025,2,20409,12478,10693,2178.0
2025,2,20409,12478,10721,12125.0
2025,2,20409,12478,10732,7540.0
2025,2,20409,12478,10792,9683.0
2025,2,20409,12478,10849,1470.0
2025,2,20409,12478,10994,3842.0
2025,2,20409,12478,11292,4107.0
2025,2,20409,12478,11697,27567.0
2025,2,20409,12478,12197,570.0
2025,2,20409,12478,12266,2082.0
2025,2,20409,12478,12451,6448.0
2025,2,20409,12478,12478,2.0
2025,2,20409,12478,12889,14340.0
2025,2,20409,12478,12892,29023.0
2025,2,20409,12478,13204,25240.0
2025,2,20409,12478,13303,14527.0
2025,2,20409,12478,13487,159.0
2025,2,20409,12478,13495,3088.0
2025,2,20409,12478,13930,2010.0
2025,2,20409,12478,14027,17713.0
2025,2,20409,12478,14107,7077.0
2025,2,20409,12478,14492,7762.0
2025,2,20409,12478,14570,1830.0
2025,2,20409,12478,14576,6273.0
2025,2,20409,12478,14635,10116.0
2025,2,20409,12478,14679,6052.0
2025,2,20409,12478,14685,3627.0
2025,2,20409,12478,14771,15500.0
2025,2,20409,12478,14843,25501.0
2025,2,20409,12478,14869,5375.0
2025,2,20409,12478,14986,4269.0
2025,2,20409,12478,15096,4679.0
2025,2,20409,12478,15304,12673.0
2025,2,20409,12953,10721,5497.0
2025,2,20409,12953,11697,12339.0
2025,2,20409,12953,12478,20.0
2025,2,20409,12953,13204,9071.0
2025,2,20409,12953,14027,11411.0
2025,2,20416,11618,10397,8091.0
2025,2,20416,11618,10693,3059.0
2025,2,20416,11618,10994,2703.0
2025,2,20416,11618,11057,2985.0
2025,2,20416,11618,11298,4417.0
2025,2,20416,11618,11433,2189.0
2025,2,20416,11618,11697,22614.0
2025,2,20416,11618,12266,3704.0
2025,2,20416,11618,12339,3899.0
2025,2,20416,11618,12889,7709.0
2025,2,20416,11618,12892,4795.0
2025,2,20416,11618,13204,18275.0
2025,2,20416,11618,13303,10230.0
2025,2,20416,11618,13495,3112.0
2025,2,20416,11618,13577,3899.0
2025,2,20416,11618,13930,4044.0
2025,2,20416,11618,14122,3683.0
2025,2,20416,12953,10397,4469.0
2025,2,20416,12953,11057,7780.0
2025,2,20416,12953,11066,2952.0
2025,2,20416,12953,11298,3634.0
2025,2,20416,12953,11433,8340.0
2025,2,20416,12953,11697,17117.0
2025,2,20416,12953,12266,5132.0
2025,2,20416,12953,13204,12140.0
2025,2,20416,12953,13303,8202.0
2025,2,20416,12953,13495,2370.0
2025,2,20416,12953,13577,3785.0
2025,2,20416,12953,13930,7835.0
2025,2,20416,12953,14027,2083.0
2025,2,20422,11618,13487,389.0
2025,2,20436,11618,10397,3789.0
2025,2,20436,11618,14843,10594.0
2025,2,20436,12391,11697,2312.0
2025,2,20436,12391,13204,7442.0
2025,2,20436,12391,14027,4888.0
2025,2,20436,12391,14635,1423.0
2025,2,20436,12391,15304,4701.0
2025,2,20436,12478,10397,4664.0
2025,2,20436,12478,12889,4938.0
2025,2,20436,12478,13204,4737.0
2025,2,20436,12478,14843,10944.0
2025,2,20436,12478,15304,4891.0
2025,2,20436,12953,10397,6209.0
2025,2,20436,12953,11042,2670.0
2025,2,20436,12953,11057,2955.0
2025,2,20436,12953,11298,4276.0
2025,2,20436,12953,13204,6097.0
2025,2,20436,12953,13303,4630.0
2025,2,20436,12953,14492,4210.0
2025,2,20445,12953,12264,286.0
2025,2,20452,11618,10257,825.0
2025,2,20452,11618,10397,524.0
2025,2,20452,11618,10431,1147.0
2025,2,20452,11618,10581,1517.0
2025,2,20452,11618,10693,1436.0
2025,2,20452,11618,10721,3556.0
2025,2,20452,11618,10785,727.0
2025,2,20452,11618,10792,1606.0
2025,2,20452,11618,10994,1057.0
2025,2,20452,11618,11042,4640.0
2025,2,20452,11618,11057,2421.0
2025,2,20452,11618,11066,6546.0
2025,2,20452,11618,11193,4086.0
2025,2,20452,11618,11278,1224.0
2025,2,20452,11618,11298,143.0
2025,2,20452,11618,11433,3031.0
2025,2,20452,11618,11986,3086.0
2025,2,20452,11618,12264,321.0
2025,2,20452,11618,12339,7938.0
2025,2,20452,11618,12451,2111.0
2025,2,20452,11618,13342,2904.0
2025,2,20452,11618,13485,1783.0
2025,2,20452,11618,13487,4758.0
2025,2,20452,11618,13577,1766.0
2025,2,20452,11618,13930,118.0
2025,2,20452,11618,13931,1847.0
2025,2,20452,11618,14122,6316.0
2025,2,20452,11618,14307,256.0
2025,2,20452,11618,14321,2653.0
2025,2,20452,11618,14492,1200.0
2025,2,20452,11618,14576,1041.0
2025,2,20452,11618,14685,2922.0
2025,2,20452,11618,14730,3921.0
2025,2,20452,11618,14986,845.0
2025,2,20452,11618,15016,4837.0
2025,2,20452,11618,15096,1747.0
2025,2,20452,12478,10693,6196.0
2025,2,20452,12478,10721,9144.0
2025,2,20452,12478,10994,1763.0
2025,2,20452,12478,11042,1817.0
2025,2,20452,12478,11057,1487.0
2025,2,20452,12478,11066,5643.0
2025,2,20452,12478,11193,1659.0
2025,2,20452,12478,11278,8294.0
2025,2,20452,12478,12339,4338.0
2025,2,20452,12478,12451,3307.0
2025,2,20452,12478,13495,145.0
2025,2,20452,12478,13930,2990.0
2025,2,20452,12478,13931,1958.0
2025,2,20452,12478,13933,324.0
2025,2,20452,12478,14122,4006.0
2025,2,20452,12478,14492,4608.0
2025,2,20452,12478,14576,2535.0
2025,2,20452,12478,14685,3276.0
2025,2,20452,12478,15096,1120.0
2025,2,20452,12953,10431,1195.0
2025,2,20452,12953,10693,7919.0
2025,2,20452,12953,10721,22060.0
2025,2,20452,12953,10792,3764.0
2025,2,20452,12953,10821,0.0
2025,2,20452,12953,10868,1074.0
2025,2,20452,12953,10990,1100.0
2025,2,20452,12953,11042,3957.0
2025,2,20452,12953,11057,1781.0
2025,2,20452,12953,11066,10857.0
2025,2,20452,12953,11193,2452.0
2025,2,20452,12953,11267,931.0
2025,2,20452,12953,11278,15096.0
2025,2,20452,12953,11298,41.0
2025,2,20452,12953,11423,1051.0
2025,2,20452,12953,11433,3032.0
2025,2,20452,12953,11624,2321.0
2025,2,20452,12953,11995,4853.0
2025,2,20452,12953,11996,2853.0
2025,2,20452,12953,12217,0.0
2025,2,20452,12953,12264,1522.0
2025,2,20452,12953,12323,3919.0
2025,2,20452,12953,12339,6354.0
2025,2,20452,12953,12451,1126.0
2025,2,20452,12953,12992,896.0
2025,2,20452,12953,13244,3601.0
2025,2,20452,12953,13303,301.0
2025,2,20452,12953,13342,729.0
2025,2,20452,12953,13485,1169.0
2025,2,20452,12953,13487,2135.0
2025,2,20452,12953,13495,149.0
2025,2,20452,12953,13851,2747.0
2025,2,20452,12953,13871,1093.0
2025,2,20452,12953,13930,10166.0
2025,2,20452,12953,13931,2090.0
2025,2,20452,12953,14100,2276.0
2025,2,20452,12953,14122,10580.0
2025,2,20452,12953,14321,2629.0
2025,2,20452,12953,14492,7671.0
2025,2,20452,12953,14524,3085.0
2025,2,20452,12953,14574,990.0
2025,2,20452,12953,14685,2777.0
2025,2,20452,12953,14730,5334.0
2025,2,20452,12953,15016,4366.0
2025,2,20452,12953,15096,3310.0
2025,2,20452,12953,15370,927.0
2025,2,20452,12953,15412,2113.0
2025,2,20452,12953,15919,2322.0
2025,2,20500,11618,10257,1438.0
2025,2,20500,11618,10431,147.0
2025,2,20500,11618,10581,578.0
2025,2,20500,11618,10785,1075.0
2025,2,20500,11618,10792,1724.0
2025,2,20500,11618,11042,369.0
2025,2,20500,11618,11066,1083.0
2025,2,20500,11618,11193,761.0
2025,2,20500,11618,11278,6932.0
2025,2,20500,11618,11433,1334.0
2025,2,20500,11618,11995,2136.0
2025,2,20500,11618,11996,2380.0
2025,2,20500,11618,12264,1088.0
2025,2,20500,11618,12323,1981.0
2025,2,20500,11618,12397,1958.0
2025,2,20500,11618,13296,1949.0
2025,2,20500,11618,13931,1356.0
2025,2,20500,11618,14122,2292.0
2025,2,20500,11618,14307,1803.0
2025,2,20500,11618,14321,456.0
2025,2,20500,11618,14492,49.0
2025,2,20500,11618,14524,4685.0
2025,2,20500,11618,14576,1452.0
2025,2,20500,11618,14685,94.0
2025,2,20500,11618,14730,46.0
2025,2,20500,11618,15096,600.0
2025,2,20500,12953,12264,269.0
2025,2,22080,11618,11146,310.0
2025,2,22080,11618,13204,115.0
2025,2,22080,12197,10994,1649.0
2025,2,22080,12197,11252,647.0
2025,2,22080,12197,13577,729.0
2025,2,22080,12197,14492,835.0
2025,2,22080,12197,14986,1079.0
2025,2,22080,12197,15628,3716.0
2025,2,22080,12391,10994,1317.0
2025,2,22080,12391,13495,105.0
2025,2,22080,12391,13931,369.0
2025,2,22080,12391,14492,1282.0
2025,2,22080,12391,14635,1724.0
2025,2,22080,12391,14986,785.0
2025,2,22080,12391,15628,1683.0
2025,2,22080,15070,10994,622.0
2025,2,22080,15070,13204,1351.0
2025,2,22080,15070,14635,639.0
2025,2,22080,15070,15628,847.0
2025,3,19393,12391,10821,8173.0
2025,3,19393,12391,11697,130.0
2025,3,19393,12391,12889,2.0
2025,3,19393,12391,13204,7610.0
2025,3,19393,12391,13303,1314.0
2025,3,19393,12391,14027,6952.0
2025,3,19393,12391,14683,4.0
2025,3,19393,12391,14730,3.0
2025,3,19393,12391,15304,2782.0
2025,3,19393,12953,10397,15244.0
2025,3,19393,12953,10693,15446.0
2025,3,19393,12953,11259,14366.0
2025,3,19393,12953,11292,13727.0
2025,3,19393,12953,11540,23.0
2025,3,19393,12953,12191,15281.0
2025,3,19393,12953,12889,14.0
2025,3,19393,12953,13198,6372.0
2025,3,19393,12953,13204,8.0
2025,3,19393,12953,13232,24650.0
2025,3,19393,12953,13487,15.0
2025,3,19393,12953,13495,4540.0
2025,3,19393,12953,14683,56.0
2025,3,19393,12953,14893,0.0
2025,3,19393,12953,15016,13808.0
2025,3,19393,12953,15304,82.0
2025,3,19393,12953,15376,1.0
2025,3,19690,12478,12173,6512.0
2025,3,19790,11618,10397,36659.0
2025,3,19790,11618,11433,11045.0
2025,3,19790,11618,13487,9259.0
2025,3,19790,11618,14869,9059.0
2025,3,19790,12197,10397,5632.0
2025,3,19790,12478,10397,27050.0
2025,3,19790,12478,10423,11906.0
2025,3,19790,12478,10721,2691.0
2025,3,19790,12478,10849,859.0
2025,3,19790,12478,11292,9294.0
2025,3,19790,12478,11298,4707.0
2025,3,19790,12478,11433,2762.0
2025,3,19790,12478,11697,18981.0
2025,3,19790,12478,12173,5031.0
2025,3,19790,12478,12451,2472.0
2025,3,19790,12478,12889,22757.0
2025,3,19790,12478,12892,53765.0
2025,3,19790,12478,13204,24423.0
2025,3,19790,12478,13303,21645.0
2025,3,19790,12478,13487,2363.0
2025,3,19790,12478,13495,6733.0
2025,3,19790,12478,14027,7537.0
2025,3,19790,12478,14057,4787.0
2025,3,19790,12478,14107,12142.0
2025,3,19790,12478,14262,577.0
2025,3,19790,12478,14635,5978.0
2025,3,19790,12478,14679,13034.0
2025,3,19790,12478,14683,3712.0
2025,3,19790,12478,14747,15687.0
2025,3,19790,12478,14771,29629.0
2025,3,19790,12478,14843,16775.0
2025,3,19790,12478,14869,25648.0
2025,3,19790,12478,15024,5299.0
2025,3,19790,12478,15304,11789.0
2025,3,19790,12953,10397,60323.0
2025,3,19790,12953,10721,315.0
2025,3,19790,12953,11292,10160.0
2025,3,19790,12953,11298,14054.0
2025,3,19790,12953,11433,21602.0
2025,3,19790,12953,11624,303.0
2025,3,19790,12953,11697,23897.0
2025,3,19790,12953,12191,128.0
2025,3,19790,12953,12266,11087.0
2025,3,19790,12953,13198,6324.0
2025,3,19790,12953,13204,32430.0
2025,3,19790,12953,13303,30486.0
2025,3,19790,12953,13487,19610.0
2025,3,19790,12953,13495,7279.0
2025,3,19790,12953,13930,7360.0
2025,3,19790,12953,14027,23706.0
2025,3,19790,12953,14492,392.0
2025,3,19790,12953,14635,7837.0
2025,3,19790,12953,14869,513.0
2025,3,19790,12953,14986,5362.0
2025,3,19790,12953,15304,22286.0
2025,3,19805,11618,11057,24259.0
2025,3,19805,11618,11298,17491.0
2025,3,19805,11618,13303,17521.0
2025,3,19805,11618,13930,3591.0
2025,3,19805,11618,14107,14884.0
2025,3,19805,11618,15304,38.0
2025,3,19805,12478,10423,9026.0
2025,3,19805,12478,11057,16216.0
2025,3,19805,12478,11298,11692.0
2025,3,19805,12478,11503,2803.0
2025,3,19805,12478,12889,3189.0
2025,3,19805,12478,12892,23739.0
2025,3,19805,12478,13303,26035.0
2025,3,19805,12478,13930,6729.0
2025,3,19805,12478,14107,17365.0
2025,3,19805,12478,14492,413.0
2025,3,19805,12478,14771,9377.0
2025,3,19805,12478,14908,2753.0
2025,3,19805,12478,15024,2777.0
2025,3,19805,12953,11057,30461.0
2025,3,19805,12953,11278,2613.0
2025,3,19805,12953,11298,46527.0
2025,3,19805,12953,11540,15.0
2025,3,19805,12953,13204,10442.0
2025,3,19805,12953,13303,39617.0
2025,3,19805,12953,13495,3772.0
2025,3,19805,12953,13930,29750.0
2025,3,19805,12953,14027,6822.0
2025,3,19805,12953,14635,4162.0
2025,3,19805,12953,14986,1850.0
2025,3,19805,12953,15304,7319.0
2025,3,19930,11618,10620,2.0
2025,3,19930,11618,12892,9518.0
2025,3,19930,11618,14057,3688.0
2025,3,19930,11618,14262,1.0
2025,3,19930,11618,14679,4117.0
2025,3,19930,11618,14747,10083.0
2025,3,19930,11618,14771,7324.0
2025,3,19930,12478,13891,9.0
2025,3,19930,12478,14057,4028.0
2025,3,19930,12478,14262,3713.0
2025,3,19930,12478,14679,5666.0
2025,3,19930,12478,14747,16353.0
2025,3,19930,12478,14771,11981.0
2025,3,19977,11618,10397,17140.0
2025,3,19977,11618,10423,21172.0
2025,3,19977,11618,10693,15017.0
2025,3,19977,11618,10713,0.0
2025,3,19977,11618,10721,28170.0
2025,3,19977,11618,10732,4707.0
2025,3,19977,11618,10785,3091.0
2025,3,19977,11618,10792,2762.0
2025,3,19977,11618,10800,5.0
2025,3,19977,11618,10849,4047.0
2025,3,19977,11618,10994,9237.0
2025,3,19977,11618,11042,8892.0
2025,3,19977,11618,11057,9174.0
2025,3,19977,11618,11109,0.0
2025,3,19977,11618,11193,0.0
2025,3,19977,11618,11278,0.0
2025,3,19977,11618,11292,40679.0
2025,3,19977,11618,11298,16776.0
2025,3,19977,11618,11433,2896.0
2025,3,19977,11618,11503,3673.0
2025,3,19977,11618,11624,3390.0
2025,3,19977,11618,11697,36457.0
2025,3,19977,11618,12094,2879.0
2025,3,19977,11618,12173,4228.0
2025,3,19977,11618,12264,12105.0
2025,3,19977,11618,12266,43289.0
2025,3,19977,11618,12441,3143.0
2025,3,19977,11618,12451,11661.0
2025,3,19977,11618,12889,30662.0
2025,3,19977,11618,12892,51520.0
2025,3,19977,11618,13198,95.0
2025,3,19977,11618,13204,51167.0
2025,3,19977,11618,13303,34319.0
2025,3,19977,11618,13487,0.0
2025,3,19977,11618,13495,13373.0
2025,3,19977,11618,13502,2436.0
2025,3,19977,11618,13871,46.0
2025,3,19977,11618,13930,52607.0
2025,3,19977,11618,13931,2151.0
2025,3,19977,11618,14027,41651.0
2025,3,19977,11618,14057,4152.0
2025,3,19977,11618,14107,17551.0
2025,3,19977,11618,14193,2.0
2025,3,19977,11618,14321,3914.0
2025,3,19977,11618,14492,13088.0
2025,3,19977,11618,14524,0.0
2025,3,19977,11618,14570,2.0
2025,3,19977,11618,14576,3153.0
2025,3,19977,11618,14635,25153.0
2025,3,19977,11618,14679,12704.0
2025,3,19977,11618,14683,6178.0
2025,3,19977,11618,14685,3380.0
2025,3,19977,11618,14747,8553.0
2025,3,19977,11618,14771,58548.0
2025,3,19977,11618,14831,1.0
2025,3,19977,11618,14843,15836.0
2025,3,19977,11618,14869,12370.0
2025,3,19977,11618,14893,234.0
2025,3,19977,11618,14908,10439.0
2025,3,19977,11618,14986,10185.0
2025,3,19977,11618,15016,253.0
2025,3,19977,11618,15024,3678.0
2025,3,19977,11618,15304,33996.0
2025,3,19977,12953,10423,12.0
2025,3,19977,12953,10721,0.0
2025,3,19977,12953,10849,0.0
2025,3,19977,12953,11109,0.0
2025,3,19977,12953,11193,0.0
2025,3,19977,12953,11292,24305.0
2025,3,19977,12953,11298,7.0
2025,3,19977,12953,11986,20.0
2025,3,19977,12953,12266,18391.0
2025,3,19977,12953,12441,7.0
2025,3,19977,12953,12451,1.0
2025,3,19977,12953,12889,2.0
2025,3,19977,12953,12892,17.0
2025,3,19977,12953,13487,6.0
2025,3,19977,12953,13495,9.0
2025,3,19977,12953,13502,20.0
2025,3,19977,12953,13930,38211.0
2025,3,19977,12953,14027,0.0
2025,3,19977,12953,14057,1.0
2025,3,19977,12953,14107,8.0
2025,3,19977,12953,14635,3.0
2025,3,19977,12953,14679,0.0
2025,3,19977,12953,14747,14.0
2025,3,19977,12953,14771,13.0
2025,3,19977,12953,15016,1.0
2025,3,19977,15070,11618,0.0
2025,3,20253,12197,10154,0.0
2025,3,20253,12197,12250,0.0
2025,3,20253,12197,12932,263.0
2025,3,20253,12197,13541,0.0
2025,3,20253,12478,10154,1.0
2025,3,20253,12478,12250,0.0
2025,3,20253,12478,13541,75.0
2025,3,20253,12478,14875,105.0
2025,3,20304,12197,11433,3139.0
2025,3,20304,12478,10693,1456.0
2025,3,20304,12478,10792,201.0
2025,3,20304,12478,11433,44.0
2025,3,20304,12478,12264,1450.0
2025,3,20304,12478,13198,211.0
2025,3,20304,12478,13342,300.0
2025,3,20304,12478,13487,2140.0
2025,3,20304,12478,13930,2066.0
2025,3,20304,12478,14122,1315.0
2025,3,20304,12953,10693,3763.0
2025,3,20304,12953,10792,388.0
2025,3,20304,12953,11042,1421.0
2025,3,20304,12953,11986,1208.0
2025,3,20304,12953,12266,189.0
2025,3,20304,12953,12339,373.0
2025,3,20304,12953,13342,1887.0
2025,3,20304,12953,13851,1399.0
2025,3,20304,12953,13871,1597.0
2025,3,20304,12953,13930,1923.0
2025,3,20304,12953,14492,377.0
2025,3,20304,12953,15096,953.0
2025,3,20363,11618,11193,4647.0
2025,3,20363,11618,14492,5744.0
2025,3,20363,12197,10397,5816.0
2025,3,20363,12197,11433,61.0
2025,3,20363,12478,10397,38.0
2025,3,20363,12478,10581,1863.0
2025,3,20363,12478,10693,1493.0
2025,3,20363,12478,10785,3415.0
2025,3,20363,12478,10792,6360.0
2025,3,20363,12478,10994,5074.0
2025,3,20363,12478,11042,4671.0
2025,3,20363,12478,11057,3130.0
2025,3,20363,12478,11066,978.0
2025,3,20363,12478,11193,4958.0
2025,3,20363,12478,11278,99.0
2025,3,20363,12478,11433,5826.0
2025,3,20363,12478,12264,2104.0
2025,3,20363,12478,12339,4286.0
2025,3,20363,12478,12397,3330.0
2025,3,20363,12478,12451,3275.0
2025,3,20363,12478,13198,1071.0
2025,3,20363,12478,13342,1142.0
2025,3,20363,12478,13487,2439.0
2025,3,20363,12478,13930,4503.0
2025,3,20363,12478,13931,3869.0
2025,3,20363,12478,14122,1226.0
2025,3,20363,12478,14321,3292.0
2025,3,20363,12478,14492,7418.0
2025,3,20363,12478,14524,2887.0
2025,3,20363,12478,14576,4463.0
2025,3,20363,12478,14685,3176.0
2025,3,20363,12478,15096,4367.0
2025,3,20363,12953,10257,2552.0
2025,3,20363,12953,10431,1674.0
2025,3,20363,12953,10581,3101.0
2025,3,20363,12953,10599,4386.0
2025,3,20363,12953,10693,2115.0
2025,3,20363,12953,10785,3320.0
2025,3,20363,12953,10792,3764.0
2025,3,20363,12953,10868,3148.0
2025,3,20363,12953,10980,1147.0
2025,3,20363,12953,10990,3727.0
2025,3,20363,12953,10994,3225.0
2025,3,20363,12953,11042,5120.0
2025,3,20363,12953,11057,5986.0
2025,3,20363,12953,11193,7337.0
2025,3,20363,12953,11267,1019.0
2025,3,20363,12953,11423,2670.0
2025,3,20363,12953,11986,2702.0
2025,3,20363,12953,11995,565.0
2025,3,20363,12953,11996,4411.0
2025,3,20363,12953,12323,2809.0
2025,3,20363,12953,12339,3206.0
2025,3,20363,12953,12451,7132.0
2025,3,20363,12953,12992,1194.0
2025,3,20363,12953,13198,167.0
2025,3,20363,12953,13244,3192.0
2025,3,20363,12953,13342,2814.0
2025,3,20363,12953,13485,373.0
2025,3,20363,12953,13577,2054.0
2025,3,20363,12953,13871,2483.0
2025,3,20363,12953,13931,4705.0
2025,3,20363,12953,13933,704.0
2025,3,20363,12953,14122,2504.0
2025,3,20363,12953,14193,2000.0
2025,3,20363,12953,14321,788.0
2025,3,20363,12953,14492,10624.0
2025,3,20363,12953,14524,6411.0
2025,3,20363,12953,14574,1061.0
2025,3,20363,12953,14576,4750.0
2025,3,20363,12953,14685,1965.0
2025,3,20363,12953,15016,6141.0
2025,3,20363,12953,15096,2830.0
2025,3,20363,12953,15370,1370.0
2025,3,20363,12953,15412,4266.0
2025,3,20363,12953,15919,2259.0
2025,3,20368,11618,10431,1448.0
2025,3,20368,11618,11193,895.0
2025,3,20368,11618,14685,1000.0
2025,3,20368,11618,15412,1822.0
2025,3,20368,11618,15624,1212.0
2025,3,20368,15070,11697,1074.0
2025,3,20368,15070,13577,1273.0
2025,3,20368,15070,14082,1823.0
2025,3,20368,15070,14112,1612.0
2025,3,20368,15070,14761,1566.0
2025,3,20378,12953,10693,62.0
2025,3,20378,12953,12264,5804.0
2025,3,20378,12953,12266,3821.0
2025,3,20397,12197,11057,5229.0
2025,3,20397,12197,11278,3660.0
2025,3,20398,11618,13930,6916.0
2025,3,20398,12197,13303,1971.0
2025,3,20398,12197,13930,4121.0
2025,3,20409,11618,11697,12388.0
2025,3,20409,11618,12478,130.0
2025,3,20409,11618,13204,17694.0
2025,3,20409,11618,14027,11491.0
2025,3,20409,11618,14635,3655.0
2025,3,20409,11618,14843,7621.0
2025,3,20409,11618,15304,3741.0
2025,3,20409,12197,11697,8458.0
2025,3,20409,12197,12478,134.0
2025,3,20409,12197,13204,9602.0
2025,3,20409,12197,14027,19562.0
2025,3,20409,12197,14635,6357.0
2025,3,20409,12197,14843,3231.0
2025,3,20409,12197,15304,4132.0
2025,3,20409,12391,11697,2448.0
2025,3,20409,12391,13204,3191.0
2025,3,20409,12391,14027,4404.0
2025,3,20409,12478,10397,9400.0
2025,3,20409,12478,10693,3368.0
2025,3,20409,12478,10721,15308.0
2025,3,20409,12478,10732,7958.0
2025,3,20409,12478,10792,10145.0
2025,3,20409,12478,10849,2379.0
2025,3,20409,12478,10994,6432.0
2025,3,20409,12478,11278,81.0
2025,3,20409,12478,11292,6443.0
2025,3,20409,12478,11697,28325.0
2025,3,20409,12478,12197,358.0
2025,3,20409,12478,12266,3850.0
2025,3,20409,12478,12391,147.0
2025,3,20409,12478,12451,7340.0
2025,3,20409,12478,12478,129.0
2025,3,20409,12478,12889,16972.0
2025,3,20409,12478,12892,35167.0
2025,3,20409,12478,13204,30040.0
2025,3,20409,12478,13303,15148.0
2025,3,20409,12478,13495,3667.0
2025,3,20409,12478,13796,137.0
2025,3,20409,12478,13930,3615.0
2025,3,20409,12478,14027,20637.0
2025,3,20409,12478,14107,7960.0
2025,3,20409,12478,14321,228.0
2025,3,20409,12478,14492,9117.0
2025,3,20409,12478,14570,3232.0
2025,3,20409,12478,14576,6315.0
2025,3,20409,12478,14635,11406.0
2025,3,20409,12478,14679,7224.0
2025,3,20409,12478,14685,3524.0
2025,3,20409,12478,14771,16564.0
2025,3,20409,12478,14843,32484.0
2025,3,20409,12478,14869,7072.0
2025,3,20409,12478,14986,6077.0
2025,3,20409,12478,15096,5461.0
2025,3,20409,12478,15304,14534.0
2025,3,20409,12953,10721,8383.0
2025,3,20409,12953,11697,11914.0
2025,3,20409,12953,13204,11182.0
2025,3,20409,12953,14027,14383.0
2025,3,20409,12953,14635,144.0
2025,3,20416,11618,10397,9625.0
2025,3,20416,11618,10423,2319.0
2025,3,20416,11618,10693,5281.0
2025,3,20416,11618,10994,4339.0
2025,3,20416,11618,11057,4321.0
2025,3,20416,11618,11298,4736.0
2025,3,20416,11618,11433,3673.0
2025,3,20416,11618,11697,22092.0
2025,3,20416,11618,12266,6135.0
2025,3,20416,11618,12339,4688.0
2025,3,20416,11618,12889,9209.0
2025,3,20416,11618,12892,4862.0
2025,3,20416,11618,13204,19556.0
2025,3,20416,11618,13303,7494.0
2025,3,20416,11618,13495,2380.0
2025,3,20416,11618,13577,5328.0
2025,3,20416,11618,13930,4585.0
2025,3,20416,11618,14122,4947.0
2025,3,20416,12953,10397,4566.0
2025,3,20416,12953,11057,8914.0
2025,3,20416,12953,11066,4136.0
2025,3,20416,12953,11298,4750.0
2025,3,20416,12953,11433,10925.0
2025,3,20416,12953,11697,19253.0
2025,3,20416,12953,12266,7075.0
2025,3,20416,12953,13204,12219.0
2025,3,20416,12953,13303,7633.0
2025,3,20416,12953,13495,4237.0
2025,3,20416,12953,13577,4376.0
2025,3,20416,12953,13930,7894.0
2025,3,20416,12953,14027,401.0
2025,3,20422,11618,10693,166.0
2025,3,20422,11618,13487,227.0
2025,3,20436,11618,10397,3684.0
2025,3,20436,11618,14843,11770.0
2025,3,20436,12391,11697,1817.0
2025,3,20436,12391,13204,4974.0
2025,3,20436,12391,14027,4926.0
2025,3,20436,12391,14635,2469.0
2025,3,20436,12391,15304,3184.0
2025,3,20436,12478,10397,5564.0
2025,3,20436,12478,12889,4878.0
2025,3,20436,12478,13204,5452.0
2025,3,20436,12478,13303,294.0
2025,3,20436,12478,14843,11685.0
2025,3,20436,12478,15304,6032.0
2025,3,20436,12953,10397,7052.0
2025,3,20436,12953,11042,4410.0
2025,3,20436,12953,11057,3020.0
2025,3,20436,12953,11298,5053.0
2025,3,20436,12953,13204,6671.0
2025,3,20436,12953,13303,5464.0
2025,3,20436,12953,14492,4348.0
2025,3,20445,12953,12264,138.0
2025,3,20452,11618,10257,1609.0
2025,3,20452,11618,10397,635.0
2025,3,20452,11618,10423,214.0
2025,3,20452,11618,10431,1590.0
2025,3,20452,11618,10581,359.0
2025,3,20452,11618,10693,630.0
2025,3,20452,11618,10721,5318.0
2025,3,20452,11618,10785,1947.0
2025,3,20452,11618,10792,1663.0
2025,3,20452,11618,10994,416.0
2025,3,20452,11618,11042,5107.0
2025,3,20452,11618,11057,2184.0
2025,3,20452,11618,11066,9515.0
2025,3,20452,11618,11193,4192.0
2025,3,20452,11618,11278,2757.0
2025,3,20452,11618,11298,299.0
2025,3,20452,11618,11433,3293.0
2025,3,20452,11618,11986,3577.0
2025,3,20452,11618,11996,253.0
2025,3,20452,11618,12124,362.0
2025,3,20452,11618,12264,1575.0
2025,3,20452,11618,12323,155.0
2025,3,20452,11618,12339,8675.0
2025,3,20452,11618,12397,183.0
2025,3,20452,11618,12451,1755.0
2025,3,20452,11618,13342,3565.0
2025,3,20452,11618,13485,1930.0
2025,3,20452,11618,13487,5534.0
2025,3,20452,11618,13495,457.0
2025,3,20452,11618,13577,2117.0
2025,3,20452,11618,13930,130.0
2025,3,20452,11618,13931,2971.0
2025,3,20452,11618,14122,9336.0
2025,3,20452,11618,14321,2102.0
2025,3,20452,11618,14492,2883.0
2025,3,20452,11618,14576,1973.0
2025,3,20452,11618,14685,4045.0
2025,3,20452,11618,14730,5065.0
2025,3,20452,11618,15016,5539.0
2025,3,20452,11618,15096,1443.0
2025,3,20452,12478,10693,5996.0
2025,3,20452,12478,10721,11809.0
2025,3,20452,12478,10994,525.0
2025,3,20452,12478,11042,2885.0
2025,3,20452,12478,11057,3029.0
2025,3,20452,12478,11066,6999.0
2025,3,20452,12478,11193,2557.0
2025,3,20452,12478,11278,11362.0
2025,3,20452,12478,12339,5583.0
2025,3,20452,12478,12451,953.0
2025,3,20452,12478,13930,913.0
2025,3,20452,12478,13931,2950.0
2025,3,20452,12478,13933,426.0
2025,3,20452,12478,14100,0.0
2025,3,20452,12478,14122,4873.0
2025,3,20452,12478,14321,0.0
2025,3,20452,12478,14492,5685.0
2025,3,20452,12478,14576,743.0
2025,3,20452,12478,14685,2638.0
2025,3,20452,12478,15096,233.0
2025,3,20452,12953,10431,1654.0
2025,3,20452,12953,10693,10202.0
2025,3,20452,12953,10721,27053.0
2025,3,20452,12953,10792,7033.0
2025,3,20452,12953,10868,1232.0
2025,3,20452,12953,10990,1371.0
2025,3,20452,12953,10994,4583.0
2025,3,20452,12953,11042,6291.0
2025,3,20452,12953,11057,2097.0
2025,3,20452,12953,11066,14185.0
2025,3,20452,12953,11193,3616.0
2025,3,20452,12953,11267,906.0
2025,3,20452,12953,11278,20889.0
2025,3,20452,12953,11298,1.0
2025,3,20452,12953,11423,1437.0
2025,3,20452,12953,11433,4541.0
2025,3,20452,12953,11624,3433.0
2025,3,20452,12953,11986,50.0
2025,3,20452,12953,11995,8142.0
2025,3,20452,12953,11996,4217.0
2025,3,20452,12953,12264,1384.0
2025,3,20452,12953,12323,4219.0
2025,3,20452,12953,12339,9805.0
2025,3,20452,12953,12992,1285.0
2025,3,20452,12953,13244,4960.0
2025,3,20452,12953,13303,331.0
2025,3,20452,12953,13342,1443.0
2025,3,20452,12953,13485,2719.0
2025,3,20452,12953,13487,3040.0
2025,3,20452,12953,13851,3672.0
2025,3,20452,12953,13871,1512.0
2025,3,20452,12953,13930,14825.0
2025,3,20452,12953,13931,2901.0
2025,3,20452,12953,14100,2941.0
2025,3,20452,12953,14122,12952.0
2025,3,20452,12953,14321,3972.0
2025,3,20452,12953,14492,9807.0
2025,3,20452,12953,14524,4047.0
2025,3,20452,12953,14574,1425.0
2025,3,20452,12953,14685,3535.0
2025,3,20452,12953,14730,7112.0
2025,3,20452,12953,14986,56.0
2025,3,20452,12953,15016,5803.0
2025,3,20452,12953,15096,1086.0
2025,3,20452,12953,15370,1361.0
2025,3,20452,12953,15412,2654.0
2025,3,20452,12953,15919,2888.0
2025,3,20500,11618,10257,759.0
2025,3,20500,11618,10431,92.0
2025,3,20500,11618,10581,2028.0
2025,3,20500,11618,10785,1073.0
2025,3,20500,11618,10792,1535.0
2025,3,20500,11618,11042,486.0
2025,3,20500,11618,11066,98.0
2025,3,20500,11618,11193,1605.0
2025,3,20500,11618,11278,7614.0
2025,3,20500,11618,11433,1571.0
2025,3,20500,11618,11995,2704.0
2025,3,20500,11618,11996,2574.0
2025,3,20500,11618,12264,1224.0
2025,3,20500,11618,12323,2298.0
2025,3,20500,11618,12339,207.0
2025,3,20500,11618,12397,1838.0
2025,3,20500,11618,13296,1899.0
2025,3,20500,11618,13931,656.0
2025,3,20500,11618,14122,1440.0
2025,3,20500,11618,14307,2099.0
2025,3,20500,11618,14321,1100.0
2025,3,20500,11618,14524,5693.0
2025,3,20500,11618,14576,1003.0
2025,3,20500,11618,14685,48.0
2025,3,20500,11618,15096,1211.0
2025,3,20500,12953,12264,41.0
2025,3,22080,11618,11146,522.0
2025,3,22080,11618,13204,39.0
2025,3,22080,12197,10994,1821.0
2025,3,22080,12197,11252,659.0
2025,3,22080,12197,13577,970.0
2025,3,22080,12197,14193,75.0
2025,3,22080,12197,14492,964.0
2025,3,22080,12197,14986,938.0
2025,3,22080,12197,15628,4201.0
2025,3,22080,12391,10994,1775.0
2025,3,22080,12391,13495,125.0
2025,3,22080,12391,13931,543.0
2025,3,22080,12391,14492,1633.0
2025,3,22080,12391,14635,1728.0
2025,3,22080,12391,14986,796.0
2025,3,22080,12391,15628,1989.0
2025,3,22080,15070,10994,752.0
2025,3,22080,15070,13204,1451.0
2025,3,22080,15070,15628,968.0
2025,4,19393,12391,10423,8.0
2025,4,19393,12391,10821,10900.0
2025,4,19393,12391,11259,5.0
2025,4,19393,12391,11697,9.0
2025,4,19393,12391,13204,8088.0
2025,4,19393,12391,13303,1570.0
2025,4,19393,12391,14027,7444.0
2025,4,19393,12391,14683,5.0
2025,4,19393,12391,14986,32.0
2025,4,19393,12391,15304,3290.0
2025,4,19393,12953,10397,17082.0
2025,4,19393,12953,10693,17530.0
2025,4,19393,12953,11259,15365.0
2025,4,19393,12953,11292,13669.0
2025,4,19393,12953,12191,15052.0
2025,4,19393,12953,12889,82.0
2025,4,19393,12953,13198,6253.0
2025,4,19393,12953,13204,7.0
2025,4,19393,12953,13232,27493.0
2025,4,19393,12953,13487,12.0
2025,4,19393,12953,13495,4813.0
2025,4,19393,12953,13796,4.0
2025,4,19393,12953,14492,1.0
2025,4,19393,12953,14683,21.0
2025,4,19393,12953,15016,14744.0
2025,4,19690,12478,12173,6905.0
2025,4,19790,11618,10397,36426.0
2025,4,19790,11618,10868,2.0
2025,4,19790,11618,11433,11623.0
2025,4,19790,11618,13487,9975.0
2025,4,19790,11618,14869,9566.0
2025,4,19790,11618,15323,2.0
2025,4,19790,12197,10397,5557.0
2025,4,19790,12478,10397,29105.0
2025,4,19790,12478,10423,14679.0
2025,4,19790,12478,10693,1.0
2025,4,19790,12478,10721,2471.0
2025,4,19790,12478,11292,8699.0
2025,4,19790,12478,11298,4724.0
2025,4,19790,12478,11433,3344.0
2025,4,19790,12478,11697,17862.0
2025,4,19790,12478,12173,4604.0
2025,4,19790,12478,12451,2555.0
2025,4,19790,12478,12889,24322.0
2025,4,19790,12478,12892,59374.0
2025,4,19790,12478,13204,24576.0
2025,4,19790,12478,13303,20495.0
2025,4,19790,12478,13487,3198.0
2025,4,19790,12478,13495,7534.0
2025,4,19790,12478,14027,6632.0
2025,4,19790,12478,14057,5294.0
2025,4,19790,12478,14107,12786.0
2025,4,19790,12478,14262,468.0
2025,4,19790,12478,14635,4227.0
2025,4,19790,12478,14679,14399.0
2025,4,19790,12478,14683,3731.0
2025,4,19790,12478,14685,3.0
2025,4,19790,12478,14747,18678.0
2025,4,19790,12478,14771,31410.0
2025,4,19790,12478,14843,15715.0
2025,4,19790,12478,14869,21604.0
2025,4,19790,12478,15024,5477.0
2025,4,19790,12478,15304,11699.0
2025,4,19790,12953,10397,62006.0
2025,4,19790,12953,10693,11.0
2025,4,19790,12953,10721,2701.0
2025,4,19790,12953,10868,25.0
2025,4,19790,12953,10994,1877.0
2025,4,19790,12953,11292,9856.0
2025,4,19790,12953,11298,15275.0
2025,4,19790,12953,11433,26220.0
2025,4,19790,12953,11624,367.0
2025,4,19790,12953,11697,23425.0
2025,4,19790,12953,11921,28.0
2025,4,19790,12953,11977,127.0
2025,4,19790,12953,12266,11208.0
2025,4,19790,12953,12478,30.0
2025,4,19790,12953,13198,6681.0
2025,4,19790,12953,13204,32299.0
2025,4,19790,12953,13277,1.0
2025,4,19790,12953,13303,28966.0
2025,4,19790,12953,13487,19901.0
2025,4,19790,12953,13495,7795.0
2025,4,19790,12953,13577,2233.0
2025,4,19790,12953,13851,6.0
2025,4,19790,12953,13930,12033.0
2025,4,19790,12953,14027,21485.0
2025,4,19790,12953,14492,581.0
2025,4,19790,12953,14524,133.0
2025,4,19790,12953,14635,7558.0
2025,4,19790,12953,14683,16.0
2025,4,19790,12953,14869,375.0
2025,4,19790,12953,14986,5604.0
2025,4,19790,12953,15304,22005.0
2025,4,19805,11618,11057,21141.0
2025,4,19805,11618,11298,17769.0
2025,4,19805,11618,13303,13657.0
2025,4,19805,11618,13930,4510.0
2025,4,19805,11618,14107,14637.0
2025,4,19805,12478,10423,9017.0
2025,4,19805,12478,11057,15068.0
2025,4,19805,12478,11298,12580.0
2025,4,19805,12478,11503,124.0
2025,4,19805,12478,12889,3944.0
2025,4,19805,12478,12892,23864.0
2025,4,19805,12478,13303,28182.0
2025,4,19805,12478,13930,8327.0
2025,4,19805,12478,14107,18474.0
2025,4,19805,12478,14771,9867.0
2025,4,19805,12478,14908,2795.0
2025,4,19805,12478,15024,3052.0
2025,4,19805,12953,11057,35069.0
2025,4,19805,12953,11193,33.0
2025,4,19805,12953,11278,225.0
2025,4,19805,12953,11298,46572.0
2025,4,19805,12953,13204,11358.0
2025,4,19805,12953,13303,40316.0
2025,4,19805,12953,13495,4158.0
2025,4,19805,12953,13930,36401.0
2025,4,19805,12953,14027,6654.0
2025,4,19805,12953,14635,3531.0
2025,4,19805,12953,14986,2481.0
2025,4,19805,12953,15304,7928.0
2025,4,19821,12478,12264,268.0
2025,4,19930,11618,12892,12052.0
2025,4,19930,11618,14057,4251.0
2025,4,19930,11618,14679,4001.0
2025,4,19930,11618,14747,12927.0
2025,4,19930,11618,14771,11197.0
2025,4,19930,12478,14057,4272.0
2025,4,19930,12478,14262,2425.0
2025,4,19930,12478,14679,8778.0
2025,4,19930,12478,14747,17760.0
2025,4,19930,12478,14771,16285.0
2025,4,19977,11618,10397,17067.0
2025,4,19977,11618,10423,16466.0
2025,4,19977,11618,10558,0.0
2025,4,19977,11618,10693,15561.0
2025,4,19977,11618,10721,24573.0
2025,4,19977,11618,10732,4437.0
2025,4,19977,11618,10785,2486.0
2025,4,19977,11618,10792,2588.0
2025,4,19977,11618,10994,10602.0
2025,4,19977,11618,11042,7440.0
2025,4,19977,11618,11057,10585.0
2025,4,19977,11618,11109,0.0
2025,4,19977,11618,11193,16.0
2025,4,19977,11618,11278,0.0
2025,4,19977,11618,11292,37126.0
2025,4,19977,11618,11298,15066.0
2025,4,19977,11618,11624,3325.0
2025,4,19977,11618,11697,36638.0
2025,4,19977,11618,11986,0.0
2025,4,19977,11618,11996,123.0
2025,4,19977,11618,12173,2709.0
2025,4,19977,11618,12264,17323.0
2025,4,19977,11618,12266,38019.0
2025,4,19977,11618,12339,0.0
2025,4,19977,11618,12451,11669.0
2025,4,19977,11618,12889,31626.0
2025,4,19977,11618,12892,58975.0
2025,4,19977,11618,13204,51251.0
2025,4,19977,11618,13303,30380.0
2025,4,19977,11618,13485,0.0
2025,4,19977,11618,13487,1845.0
2025,4,19977,11618,13495,11939.0
2025,4,19977,11618,13930,52601.0
2025,4,19977,11618,13931,2368.0
2025,4,19977,11618,14027,36895.0
2025,4,19977,11618,14057,4441.0
2025,4,19977,11618,14107,17284.0
2025,4,19977,11618,14321,2536.0
2025,4,19977,11618,14492,15940.0
2025,4,19977,11618,14570,24.0
2025,4,19977,11618,14576,2537.0
2025,4,19977,11618,14635,24241.0
2025,4,19977,11618,14679,13824.0
2025,4,19977,11618,14683,5054.0
2025,4,19977,11618,14685,7211.0
2025,4,19977,11618,14747,7717.0
2025,4,19977,11618,14771,67139.0
2025,4,19977,11618,14831,30.0
2025,4,19977,11618,14843,15609.0
2025,4,19977,11618,14869,3637.0
2025,4,19977,11618,14893,3248.0
2025,4,19977,11618,14908,10679.0
2025,4,19977,11618,14986,11114.0
2025,4,19977,11618,15016,3232.0
2025,4,19977,11618,15024,4405.0
2025,4,19977,11618,15304,28983.0
2025,4,19977,12953,10423,92.0
2025,4,19977,12953,11193,9.0
2025,4,19977,12953,11292,23677.0
2025,4,19977,12953,12266,29281.0
2025,4,19977,12953,13487,149.0
2025,4,19977,12953,13930,54753.0
2025,4,19977,12953,14027,15.0
2025,4,19977,12953,14635,3.0
2025,4,19977,12953,14679,0.0
2025,4,19977,12953,14747,10.0
2025,4,19977,12953,14771,13.0
2025,4,19977,12953,15016,23.0
2025,4,19977,15070,10397,0.0
2025,4,19977,15070,11618,0.0
2025,4,20253,12197,10154,11.0
2025,4,20253,12197,12250,0.0
2025,4,20253,12197,12932,296.0
2025,4,20253,12197,13541,0.0
2025,4,20253,12478,10154,7.0
2025,4,20253,12478,12250,20.0
2025,4,20253,12478,13541,177.0
2025,4,20253,12478,14875,99.0
2025,4,20304,11618,11433,270.0
2025,4,20304,12197,11433,3053.0
2025,4,20304,12478,10693,1850.0
2025,4,20304,12478,10792,127.0
2025,4,20304,12478,12264,1797.0
2025,4,20304,12478,13487,2013.0
2025,4,20304,12478,13930,1958.0
2025,4,20304,12478,14122,1590.0
2025,4,20304,12953,10693,2994.0
2025,4,20304,12953,11042,1521.0
2025,4,20304,12953,11193,970.0
2025,4,20304,12953,11986,1722.0
2025,4,20304,12953,13342,1779.0
2025,4,20304,12953,13851,1614.0
2025,4,20304,12953,13871,635.0
2025,4,20304,12953,15096,1353.0
2025,4,20363,11618,11193,3484.0
2025,4,20363,11618,14492,4755.0
2025,4,20363,12197,10208,105.0
2025,4,20363,12197,10397,6691.0
2025,4,20363,12197,11433,690.0
2025,4,20363,12197,11996,10.0
2025,4,20363,12478,10208,146.0
2025,4,20363,12478,10581,1559.0
2025,4,20363,12478,10693,979.0
2025,4,20363,12478,10785,2723.0
2025,4,20363,12478,10792,6922.0
2025,4,20363,12478,10994,5784.0
2025,4,20363,12478,11042,4837.0
2025,4,20363,12478,11057,4832.0
2025,4,20363,12478,11066,559.0
2025,4,20363,12478,11193,5316.0
2025,4,20363,12478,11433,6194.0
2025,4,20363,12478,12264,1764.0
2025,4,20363,12478,12339,4931.0
2025,4,20363,12478,12397,3632.0
2025,4,20363,12478,12451,3763.0
2025,4,20363,12478,13198,1317.0
2025,4,20363,12478,13342,869.0
2025,4,20363,12478,13487,1946.0
2025,4,20363,12478,13930,5140.0
2025,4,20363,12478,13931,3593.0
2025,4,20363,12478,14122,1429.0
2025,4,20363,12478,14321,2930.0
2025,4,20363,12478,14492,7731.0
2025,4,20363,12478,14524,2873.0
2025,4,20363,12478,14576,5834.0
2025,4,20363,12478,14685,3511.0
2025,4,20363,12478,15096,5111.0
2025,4,20363,12953,10208,1168.0
2025,4,20363,12953,10257,2744.0
2025,4,20363,12953,10431,2579.0
2025,4,20363,12953,10581,3874.0
2025,4,20363,12953,10599,4418.0
2025,4,20363,12953,10693,2638.0
2025,4,20363,12953,10785,3003.0
2025,4,20363,12953,10792,3342.0
2025,4,20363,12953,10868,2742.0
2025,4,20363,12953,10980,1401.0
2025,4,20363,12953,10990,4392.0
2025,4,20363,12953,10994,1941.0
2025,4,20363,12953,11042,5063.0
2025,4,20363,12953,11057,6233.0
2025,4,20363,12953,11193,7040.0
2025,4,20363,12953,11267,1187.0
2025,4,20363,12953,11423,2969.0
2025,4,20363,12953,11433,19.0
2025,4,20363,12953,11986,2737.0
2025,4,20363,12953,11995,927.0
2025,4,20363,12953,11996,5668.0
2025,4,20363,12953,12217,476.0
2025,4,20363,12953,12323,3940.0
2025,4,20363,12953,12339,3294.0
2025,4,20363,12953,12451,6201.0
2025,4,20363,12953,12992,1358.0
2025,4,20363,12953,13198,178.0
2025,4,20363,12953,13244,3236.0
2025,4,20363,12953,13342,2943.0
2025,4,20363,12953,13577,900.0
2025,4,20363,12953,13871,3788.0
2025,4,20363,12953,13931,4039.0
2025,4,20363,12953,13933,892.0
2025,4,20363,12953,14122,3204.0
2025,4,20363,12953,14193,1916.0
2025,4,20363,12953,14321,1001.0
2025,4,20363,12953,14492,9893.0
2025,4,20363,12953,14524,6460.0
2025,4,20363,12953,14574,1217.0
2025,4,20363,12953,14576,5116.0
2025,4,20363,12953,14685,2038.0
2025,4,20363,12953,15016,6419.0
2025,4,20363,12953,15096,3678.0
2025,4,20363,12953,15370,1477.0
2025,4,20363,12953,15412,4649.0
2025,4,20363,12953,15919,2252.0
2025,4,20368,11618,10431,1515.0
2025,4,20368,11618,11193,1150.0
2025,4,20368,11618,14685,240.0
2025,4,20368,11618,15412,1722.0
2025,4,20368,11618,15624,1162.0
2025,4,20368,15070,11697,1027.0
2025,4,20368,15070,13577,1327.0
2025,4,20368,15070,14082,1757.0
2025,4,20368,15070,14112,1837.0
2025,4,20368,15070,14761,1319.0
2025,4,20378,12953,12264,7097.0
2025,4,20397,12197,11057,5903.0
2025,4,20397,12197,11278,4861.0
2025,4,20398,11618,13930,4584.0
2025,4,20398,12197,13303,1831.0
2025,4,20398,12197,13930,4999.0
2025,4,20409,11618,11697,11398.0
2025,4,20409,11618,12892,182.0
2025,4,20409,11618,13204,16285.0
2025,4,20409,11618,14027,11532.0
2025,4,20409,11618,14635,3754.0
2025,4,20409,11618,14843,7560.0
2025,4,20409,11618,15304,4118.0
2025,4,20409,12197,11618,44.0
2025,4,20409,12197,11697,10843.0
2025,4,20409,12197,12451,28.0
2025,4,20409,12197,13204,10373.0
2025,4,20409,12197,14027,15763.0
2025,4,20409,12197,14635,6822.0
2025,4,20409,12197,14843,3034.0
2025,4,20409,12197,15304,3317.0
2025,4,20409,12391,11697,3721.0
2025,4,20409,12391,13204,4259.0
2025,4,20409,12391,14027,3844.0
2025,4,20409,12478,10140,110.0
2025,4,20409,12478,10397,11064.0
2025,4,20409,12478,10529,39.0
2025,4,20409,12478,10693,3630.0
2025,4,20409,12478,10721,13395.0
2025,4,20409,12478,10732,6687.0
2025,4,20409,12478,10792,10626.0
2025,4,20409,12478,10800,107.0
2025,4,20409,12478,10994,8698.0
2025,4,20409,12478,11278,1824.0
2025,4,20409,12478,11292,3455.0
2025,4,20409,12478,11433,130.0
2025,4,20409,12478,11618,200.0
2025,4,20409,12478,11697,28067.0
2025,4,20409,12478,12197,97.0
2025,4,20409,12478,12266,3608.0
2025,4,20409,12478,12451,6734.0
2025,4,20409,12478,12889,18145.0
2025,4,20409,12478,12892,37162.0
2025,4,20409,12478,13204,34512.0
2025,4,20409,12478,13303,14590.0
2025,4,20409,12478,13495,3530.0
2025,4,20409,12478,13891,139.0
2025,4,20409,12478,13930,3706.0
2025,4,20409,12478,14027,17189.0
2025,4,20409,12478,14107,6050.0
2025,4,20409,12478,14122,34.0
2025,4,20409,12478,14307,58.0
2025,4,20409,12478,14321,4776.0
2025,4,20409,12478,14492,7650.0
2025,4,20409,12478,14576,3256.0
2025,4,20409,12478,14635,11141.0
2025,4,20409,12478,14679,7398.0
2025,4,20409,12478,14685,6278.0
2025,4,20409,12478,14747,164.0
2025,4,20409,12478,14771,21805.0
2025,4,20409,12478,14843,30414.0
2025,4,20409,12478,14869,3571.0
2025,4,20409,12478,14893,127.0
2025,4,20409,12478,14986,4401.0
2025,4,20409,12478,15096,2830.0
2025,4,20409,12478,15304,14741.0
2025,4,20409,12953,10721,10020.0
2025,4,20409,12953,10994,50.0
2025,4,20409,12953,11697,15097.0
2025,4,20409,12953,13204,11265.0
2025,4,20409,12953,14027,10883.0
2025,4,20409,12953,15304,303.0
2025,4,20416,11618,10397,9104.0
2025,4,20416,11618,10423,3678.0
2025,4,20416,11618,10693,4648.0
2025,4,20416,11618,10994,6849.0
2025,4,20416,11618,11057,4171.0
2025,4,20416,11618,11298,5103.0
2025,4,20416,11618,11433,3805.0
2025,4,20416,11618,11697,15335.0
2025,4,20416,11618,12266,5792.0
2025,4,20416,11618,12339,4232.0
2025,4,20416,11618,12889,5825.0
2025,4,20416,11618,12892,4892.0
2025,4,20416,11618,13204,15387.0
2025,4,20416,11618,13303,7478.0
2025,4,20416,11618,13495,4083.0
2025,4,20416,11618,13577,7279.0
2025,4,20416,11618,13930,4624.0
2025,4,20416,11618,14122,3254.0
2025,4,20416,11618,14635,1991.0
2025,4,20416,12953,10397,1309.0
2025,4,20416,12953,10994,2382.0
2025,4,20416,12953,11057,8973.0
2025,4,20416,12953,11066,3266.0
2025,4,20416,12953,11298,3640.0
2025,4,20416,12953,11433,4896.0
2025,4,20416,12953,11697,14299.0
2025,4,20416,12953,12266,4879.0
2025,4,20416,12953,13204,5108.0
2025,4,20416,12953,13303,5687.0
2025,4,20416,12953,13577,4314.0
2025,4,20416,12953,13930,4970.0
2025,4,20422,11618,13487,1787.0
2025,4,20422,12478,13487,3311.0
2025,4,20436,11618,10397,4292.0
2025,4,20436,11618,14843,10932.0
2025,4,20436,12391,11697,2524.0
2025,4,20436,12391,13204,7692.0
2025,4,20436,12391,13577,731.0
2025,4,20436,12391,14027,4109.0
2025,4,20436,12391,14635,2034.0
2025,4,20436,12391,15304,4167.0
2025,4,20436,12478,10397,5654.0
2025,4,20436,12478,11298,425.0
2025,4,20436,12478,12889,6321.0
2025,4,20436,12478,13204,7074.0
2025,4,20436,12478,13303,4826.0
2025,4,20436,12478,14843,10708.0
2025,4,20436,12478,15304,6518.0
2025,4,20436,12953,10397,7459.0
2025,4,20436,12953,11042,4680.0
2025,4,20436,12953,11057,4575.0
2025,4,20436,12953,11298,5544.0
2025,4,20436,12953,13204,4562.0
2025,4,20436,12953,13303,4113.0
2025,4,20436,12953,14492,2964.0
2025,4,20452,11618,10397,573.0
2025,4,20452,11618,10431,37.0
2025,4,20452,11618,10581,1635.0
2025,4,20452,11618,10693,279.0
2025,4,20452,11618,10721,5686.0
2025,4,20452,11618,10785,1546.0
2025,4,20452,11618,10792,66.0
2025,4,20452,11618,11042,3967.0
2025,4,20452,11618,11057,816.0
2025,4,20452,11618,11066,5717.0
2025,4,20452,11618,11193,1745.0
2025,4,20452,11618,11278,1856.0
2025,4,20452,11618,11433,4596.0
2025,4,20452,11618,11986,2770.0
2025,4,20452,11618,11995,31.0
2025,4,20452,11618,11996,3551.0
2025,4,20452,11618,12124,1823.0
2025,4,20452,11618,12264,1530.0
2025,4,20452,11618,12323,2314.0
2025,4,20452,11618,12339,7717.0
2025,4,20452,11618,12451,1316.0
2025,4,20452,11618,13342,3464.0
2025,4,20452,11618,13485,1700.0
2025,4,20452,11618,13487,3882.0
2025,4,20452,11618,13495,294.0
2025,4,20452,11618,13577,3963.0
2025,4,20452,11618,13930,2453.0
2025,4,20452,11618,13931,1554.0
2025,4,20452,11618,14122,8100.0
2025,4,20452,11618,14492,1309.0
2025,4,20452,11618,14576,2175.0
2025,4,20452,11618,14685,849.0
2025,4,20452,11618,14730,3642.0
2025,4,20452,11618,15016,1760.0
2025,4,20452,11618,15096,1226.0
2025,4,20452,12478,10693,6218.0
2025,4,20452,12478,10721,11249.0
2025,4,20452,12478,11042,2863.0
2025,4,20452,12478,11057,2312.0
2025,4,20452,12478,11066,7310.0
2025,4,20452,12478,11193,2998.0
2025,4,20452,12478,11278,12465.0
2025,4,20452,12478,12339,4540.0
2025,4,20452,12478,12451,72.0
2025,4,20452,12478,13342,456.0
2025,4,20452,12478,13930,704.0
2025,4,20452,12478,13931,3342.0
2025,4,20452,12478,13933,515.0
2025,4,20452,12478,14122,4704.0
2025,4,20452,12478,14321,0.0
2025,4,20452,12478,14492,7120.0
2025,4,20452,12478,14524,103.0
2025,4,20452,12478,14685,2141.0
2025,4,20452,12953,10208,931.0
2025,4,20452,12953,10431,1996.0
2025,4,20452,12953,10599,0.0
2025,4,20452,12953,10693,11542.0
2025,4,20452,12953,10721,27474.0
2025,4,20452,12953,10785,397.0
2025,4,20452,12953,10792,7707.0
2025,4,20452,12953,10868,2899.0
2025,4,20452,12953,10980,0.0
2025,4,20452,12953,10990,1570.0
2025,4,20452,12953,10994,4851.0
2025,4,20452,12953,11042,7261.0
2025,4,20452,12953,11057,2617.0
2025,4,20452,12953,11066,15459.0
2025,4,20452,12953,11193,4995.0
2025,4,20452,12953,11267,1057.0
2025,4,20452,12953,11278,23927.0
2025,4,20452,12953,11423,1456.0
2025,4,20452,12953,11433,5360.0
2025,4,20452,12953,11624,3285.0
2025,4,20452,12953,11977,68.0
2025,4,20452,12953,11995,10365.0
2025,4,20452,12953,11996,4184.0
2025,4,20452,12953,12124,966.0
2025,4,20452,12953,12264,532.0
2025,4,20452,12953,12323,5299.0
2025,4,20452,12953,12339,11179.0
2025,4,20452,12953,12451,976.0
2025,4,20452,12953,12992,1228.0
2025,4,20452,12953,13244,5060.0
2025,4,20452,12953,13342,1640.0
2025,4,20452,12953,13485,3205.0
2025,4,20452,12953,13487,2794.0
2025,4,20452,12953,13851,3687.0
2025,4,20452,12953,13871,1473.0
2025,4,20452,12953,13930,6795.0
2025,4,20452,12953,13931,4880.0
2025,4,20452,12953,14100,2858.0
2025,4,20452,12953,14122,13273.0
2025,4,20452,12953,14321,6539.0
2025,4,20452,12953,14492,12972.0
2025,4,20452,12953,14524,5433.0
2025,4,20452,12953,14574,1521.0
2025,4,20452,12953,14685,3767.0
2025,4,20452,12953,14730,8135.0
2025,4,20452,12953,15016,6620.0
2025,4,20452,12953,15096,262.0
2025,4,20452,12953,15370,1490.0
2025,4,20452,12953,15412,3337.0
2025,4,20452,12953,15919,2938.0
2025,4,20500,11618,10431,1211.0
2025,4,20500,11618,10792,1975.0
2025,4,20500,11618,11042,219.0
2025,4,20500,11618,11066,1112.0
2025,4,20500,11618,11193,1973.0
2025,4,20500,11618,11278,7305.0
2025,4,20500,11618,11995,2459.0
2025,4,20500,11618,12264,344.0
2025,4,20500,11618,13931,630.0
2025,4,20500,11618,14321,1267.0
2025,4,20500,11618,14524,3450.0
2025,4,20500,11618,14576,401.0
2025,4,20500,11618,15096,1170.0
2025,4,21080,12197,10154,75.0
2025,4,22080,11618,11146,446.0
2025,4,22080,11618,13204,241.0
2025,4,22080,12197,10994,2028.0
2025,4,22080,12197,11252,713.0
2025,4,22080,12197,12478,1.0
2025,4,22080,12197,13577,942.0
2025,4,22080,12197,14492,1119.0
2025,4,22080,12197,14986,1084.0
2025,4,22080,12197,15628,4032.0
2025,4,22080,12391,10994,1851.0
2025,4,22080,12391,13495,104.0
2025,4,22080,12391,13931,485.0
2025,4,22080,12391,14492,1657.0
2025,4,22080,12391,14635,1874.0
2025,4,22080,12391,14986,802.0
2025,4,22080,12391,15628,1673.0
2025,4,22080,15070,10994,678.0
2025,4,22080,15070,13204,1468.0
2025,4,22080,15070,15628,846.0
2025,5,19393,12391,10423,22.0
2025,5,19393,12391,10821,11617.0
2025,5,19393,12391,11259,2.0
2025,5,19393,12391,13204,8295.0
2025,5,19393,12391,13303,1233.0
2025,5,19393,12391,14027,6642.0
2025,5,19393,12391,14986,64.0
2025,5,19393,12391,15304,3227.0
2025,5,19393,12953,10397,18120.0
2025,5,19393,12953,10693,19306.0
2025,5,19393,12953,11259,17264.0
2025,5,19393,12953,11292,15266.0
2025,5,19393,12953,12191,16499.0
2025,5,19393,12953,12889,173.0
2025,5,19393,12953,13198,7537.0
2025,5,19393,12953,13232,28741.0
2025,5,19393,12953,13495,4800.0
2025,5,19393,12953,13796,12.0
2025,5,19393,12953,14893,6.0
2025,5,19393,12953,15016,16383.0
2025,5,19690,12478,12173,8526.0
2025,5,19790,11618,10397,36055.0
2025,5,19790,11618,11433,10826.0
2025,5,19790,11618,13487,9910.0
2025,5,19790,11618,14869,9196.0
2025,5,19790,12197,10397,6079.0
2025,5,19790,12478,10397,33155.0
2025,5,19790,12478,10423,17844.0
2025,5,19790,12478,10721,2780.0
2025,5,19790,12478,10994,76.0
2025,5,19790,12478,11057,87.0
2025,5,19790,12478,11292,9522.0
2025,5,19790,12478,11298,4962.0
2025,5,19790,12478,11433,6844.0
2025,5,19790,12478,11697,17666.0
2025,5,19790,12478,12173,5890.0
2025,5,19790,12478,12266,174.0
2025,5,19790,12478,12451,2679.0
2025,5,19790,12478,12889,25170.0
2025,5,19790,12478,12892,64441.0
2025,5,19790,12478,13204,23292.0
2025,5,19790,12478,13303,19314.0
2025,5,19790,12478,13487,8657.0
2025,5,19790,12478,13495,6768.0
2025,5,19790,12478,14027,7092.0
2025,5,19790,12478,14057,9574.0
2025,5,19790,12478,14107,14751.0
2025,5,19790,12478,14262,104.0
2025,5,19790,12478,14635,3067.0
2025,5,19790,12478,14679,15378.0
2025,5,19790,12478,14683,3374.0
2025,5,19790,12478,14685,152.0
2025,5,19790,12478,14747,22426.0
2025,5,19790,12478,14771,35271.0
2025,5,19790,12478,14843,16469.0
2025,5,19790,12478,14869,20397.0
2025,5,19790,12478,15024,4619.0
2025,5,19790,12478,15304,12286.0
2025,5,19790,12953,10397,71271.0
2025,5,19790,12953,10693,2205.0
2025,5,19790,12953,10721,5489.0
2025,5,19790,12953,10994,3486.0
2025,5,19790,12953,11292,11917.0
2025,5,19790,12953,11298,17156.0
2025,5,19790,12953,11433,29374.0
2025,5,19790,12953,11624,60.0
2025,5,19790,12953,11697,19467.0
2025,5,19790,12953,12266,11530.0
2025,5,19790,12953,12451,2.0
2025,5,19790,12953,12478,20.0
2025,5,19790,12953,12992,3.0
2025,5,19790,12953,13198,7406.0
2025,5,19790,12953,13204,25746.0
2025,5,19790,12953,13303,25661.0
2025,5,19790,12953,13487,23692.0
2025,5,19790,12953,13495,7806.0
2025,5,19790,12953,13577,3581.0
2025,5,19790,12953,13871,146.0
2025,5,19790,12953,13930,23751.0
2025,5,19790,12953,14027,18568.0
2025,5,19790,12953,14492,87.0
2025,5,19790,12953,14635,6628.0
2025,5,19790,12953,14683,10.0
2025,5,19790,12953,14986,3597.0
2025,5,19790,12953,15304,19047.0
2025,5,19805,11618,11057,20492.0
2025,5,19805,11618,11298,16507.0
2025,5,19805,11618,13303,12987.0
2025,5,19805,11618,13930,4432.0
2025,5,19805,11618,14107,13625.0
2025,5,19805,11618,15370,58.0
2025,5,19805,12478,10423,9785.0
2025,5,19805,12478,11057,15602.0
2025,5,19805,12478,11298,17145.0
2025,5,19805,12478,12889,4430.0
2025,5,19805,12478,12892,25946.0
2025,5,19805,12478,13303,33969.0
2025,5,19805,12478,13930,9015.0
2025,5,19805,12478,14107,19340.0
2025,5,19805,12478,14771,11234.0
2025,5,19805,12478,14908,2915.0
2025,5,19805,12478,15024,2692.0
2025,5,19805,12953,11057,33191.0
2025,5,19805,12953,11298,51246.0
2025,5,19805,12953,12266,116.0
2025,5,19805,12953,13204,11260.0
2025,5,19805,12953,13303,44426.0
2025,5,19805,12953,13495,3954.0
2025,5,19805,12953,13930,37444.0
2025,5,19805,12953,14027,845.0
2025,5,19805,12953,14100,10.0
2025,5,19805,12953,14635,372.0
2025,5,19805,12953,14730,24.0
2025,5,19805,12953,14986,165.0
2025,5,19805,12953,15304,7999.0
2025,5,19930,11618,12892,8662.0
2025,5,19930,11618,14057,3581.0
2025,5,19930,11618,14679,3165.0
2025,5,19930,11618,14747,13245.0
2025,5,19930,11618,14771,13044.0
2025,5,19930,12478,14057,5036.0
2025,5,19930,12478,14679,9370.0
2025,5,19930,12478,14747,20386.0
2025,5,19930,12478,14771,19936.0
2025,5,19977,11618,10299,1081.0
2025,5,19977,11618,10397,14871.0
2025,5,19977,11618,10423,12468.0
2025,5,19977,11618,10693,14926.0
2025,5,19977,11618,10721,18891.0
2025,5,19977,11618,10732,4284.0
2025,5,19977,11618,10785,963.0
2025,5,19977,11618,10792,1788.0
2025,5,19977,11618,10849,1330.0
2025,5,19977,11618,10994,7592.0
2025,5,19977,11618,11042,9147.0
2025,5,19977,11618,11057,9181.0
2025,5,19977,11618,11066,34.0
2025,5,19977,11618,11193,180.0
2025,5,19977,11618,11292,33994.0
2025,5,19977,11618,11298,11903.0
2025,5,19977,11618,11433,4342.0
2025,5,19977,11618,11603,38.0
2025,5,19977,11618,11624,2750.0
2025,5,19977,11618,11697,23734.0
2025,5,19977,11618,11775,0.0
2025,5,19977,11618,12191,0.0
2025,5,19977,11618,12264,14560.0
2025,5,19977,11618,12266,34560.0
2025,5,19977,11618,12339,230.0
2025,5,19977,11618,12441,860.0
2025,5,19977,11618,12451,9318.0
2025,5,19977,11618,12889,26212.0
2025,5,19977,11618,12892,53062.0
2025,5,19977,11618,12953,0.0
2025,5,19977,11618,13198,837.0
2025,5,19977,11618,13204,38613.0
2025,5,19977,11618,13303,22296.0
2025,5,19977,11618,13487,3225.0
2025,5,19977,11618,13495,8990.0
2025,5,19977,11618,13577,965.0
2025,5,19977,11618,13871,475.0
2025,5,19977,11618,13930,50396.0
2025,5,19977,11618,13931,2279.0
2025,5,19977,11618,14027,23117.0
2025,5,19977,11618,14057,3767.0
2025,5,19977,11618,14107,14134.0
2025,5,19977,11618,14321,2100.0
2025,5,19977,11618,14492,14093.0
2025,5,19977,11618,14570,1.0
2025,5,19977,11618,14576,2186.0
2025,5,19977,11618,14635,15320.0
2025,5,19977,11618,14679,14032.0
2025,5,19977,11618,14683,3642.0
2025,5,19977,11618,14685,3600.0
2025,5,19977,11618,14730,450.0
2025,5,19977,11618,14747,6609.0
2025,5,19977,11618,14771,62815.0
2025,5,19977,11618,14831,29.0
2025,5,19977,11618,14843,14345.0
2025,5,19977,11618,14869,3374.0
2025,5,19977,11618,14893,3377.0
2025,5,19977,11618,14908,9172.0
2025,5,19977,11618,14986,8492.0
2025,5,19977,11618,15016,1161.0
2025,5,19977,11618,15024,2761.0
2025,5,19977,11618,15304,22477.0
2025,5,19977,12953,10140,35.0
2025,5,19977,12953,10299,4.0
2025,5,19977,12953,10423,5.0
2025,5,19977,12953,10693,5.0
2025,5,19977,12953,11109,0.0
2025,5,19977,12953,11292,25939.0
2025,5,19977,12953,11298,14.0
2025,5,19977,12953,11423,0.0
2025,5,19977,12953,11540,17.0
2025,5,19977,12953,11618,0.0
2025,5,19977,12953,11638,0.0
2025,5,19977,12953,11884,20.0
2025,5,19977,12953,12264,176.0
2025,5,19977,12953,12266,33719.0
2025,5,19977,12953,12339,0.0
2025,5,19977,12953,12889,64.0
2025,5,19977,12953,12892,13.0
2025,5,19977,12953,13198,2.0
2025,5,19977,12953,13204,0.0
2025,5,19977,12953,13891,11.0
2025,5,19977,12953,13930,64226.0
2025,5,19977,12953,14107,1.0
2025,5,19977,12953,14635,2.0
2025,5,19977,12953,14679,33.0
2025,5,19977,12953,14689,20.0
2025,5,19977,12953,14747,6.0
2025,5,19977,12953,14771,97.0
2025,5,19977,12953,15016,21.0
2025,5,19977,12953,15304,0.0
2025,5,20207,12391,12544,362.0
2025,5,20253,12197,10154,7.0
2025,5,20253,12197,12250,0.0
2025,5,20253,12197,12932,312.0
2025,5,20253,12197,13541,33.0
2025,5,20253,12478,10154,0.0
2025,5,20253,12478,12250,146.0
2025,5,20253,12478,13541,133.0
2025,5,20253,12478,14875,106.0
2025,5,20304,12197,10397,164.0
2025,5,20304,12197,11433,2634.0
2025,5,20304,12478,10693,403.0
2025,5,20304,12478,12264,366.0
2025,5,20304,12478,13244,1.0
2025,5,20304,12478,13487,415.0
2025,5,20304,12478,13930,306.0
2025,5,20304,12478,14122,308.0
2025,5,20304,12953,10693,403.0
2025,5,20304,12953,11042,325.0
2025,5,20304,12953,11193,279.0
2025,5,20304,12953,11986,360.0
2025,5,20304,12953,13342,337.0
2025,5,20304,12953,13851,1749.0
2025,5,20304,12953,14730,1408.0
2025,5,20304,12953,15096,267.0
2025,5,20304,12953,15370,1.0
2025,5,20363,11618,11193,1373.0
2025,5,20363,11618,14492,2816.0
2025,5,20363,12197,10397,6993.0
2025,5,20363,12197,11433,1486.0
2025,5,20363,12478,10581,1708.0
2025,5,20363,12478,10693,6119.0
2025,5,20363,12478,10785,2822.0
2025,5,20363,12478,10792,7700.0
2025,5,20363,12478,10994,5933.0
2025,5,20363,12478,11042,4762.0
2025,5,20363,12478,11057,6897.0
2025,5,20363,12478,11193,5522.0
2025,5,20363,12478,11433,4254.0
2025,5,20363,12478,12264,3375.0
2025,5,20363,12478,12339,5402.0
2025,5,20363,12478,12397,2801.0
2025,5,20363,12478,12451,3713.0
2025,5,20363,12478,13198,1602.0
2025,5,20363,12478,13342,1712.0
2025,5,20363,12478,13487,415.0
2025,5,20363,12478,13930,5986.0
2025,5,20363,12478,13931,5050.0
2025,5,20363,12478,14122,1758.0
2025,5,20363,12478,14321,3476.0
2025,5,20363,12478,14492,9665.0
2025,5,20363,12478,14524,4588.0
2025,5,20363,12478,14576,5927.0
2025,5,20363,12478,14685,5265.0
2025,5,20363,12478,14730,77.0
2025,5,20363,12478,15096,5051.0
2025,5,20363,12953,10257,2465.0
2025,5,20363,12953,10431,3363.0
2025,5,20363,12953,10581,4380.0
2025,5,20363,12953,10599,4653.0
2025,5,20363,12953,10693,2019.0
2025,5,20363,12953,10785,3376.0
2025,5,20363,12953,10792,1996.0
2025,5,20363,12953,10868,2994.0
2025,5,20363,12953,10980,1534.0
2025,5,20363,12953,10990,4341.0
2025,5,20363,12953,10994,1677.0
2025,5,20363,12953,11042,5022.0
2025,5,20363,12953,11057,6774.0
2025,5,20363,12953,11066,1202.0
2025,5,20363,12953,11193,8400.0
2025,5,20363,12953,11267,1353.0
2025,5,20363,12953,11423,3197.0
2025,5,20363,12953,11433,8.0
2025,5,20363,12953,11986,556.0
2025,5,20363,12953,11995,2646.0
2025,5,20363,12953,11996,6335.0
2025,5,20363,12953,12217,987.0
2025,5,20363,12953,12323,4893.0
2025,5,20363,12953,12339,2222.0
2025,5,20363,12953,12451,6859.0
2025,5,20363,12953,12945,1277.0
2025,5,20363,12953,12992,1534.0
2025,5,20363,12953,13198,41.0
2025,5,20363,12953,13244,3430.0
2025,5,20363,12953,13342,3528.0
2025,5,20363,12953,13871,3298.0
2025,5,20363,12953,13930,133.0
2025,5,20363,12953,13931,2313.0
2025,5,20363,12953,13933,769.0
2025,5,20363,12953,14122,3327.0
2025,5,20363,12953,14193,1947.0
2025,5,20363,12953,14321,4607.0
2025,5,20363,12953,14492,10140.0
2025,5,20363,12953,14524,3389.0
2025,5,20363,12953,14574,1277.0
2025,5,20363,12953,14576,5259.0
2025,5,20363,12953,14685,2053.0
2025,5,20363,12953,14730,72.0
2025,5,20363,12953,15016,6405.0
2025,5,20363,12953,15096,4590.0
2025,5,20363,12953,15370,1509.0
2025,5,20363,12953,15380,467.0
2025,5,20363,12953,15412,4454.0
2025,5,20363,12953,15919,2743.0
2025,5,20368,11618,10408,291.0
2025,5,20368,11618,10431,1512.0
2025,5,20368,11618,11193,1254.0
2025,5,20368,11618,11423,447.0
2025,5,20368,11618,11986,307.0
2025,5,20368,11618,15412,1975.0
2025,5,20368,11618,15624,1360.0
2025,5,20368,15070,11697,1077.0
2025,5,20368,15070,13577,2061.0
2025,5,20368,15070,14082,1181.0
2025,5,20368,15070,14112,1335.0
2025,5,20368,15070,14761,1185.0
2025,5,20378,12953,12264,5025.0
2025,5,20397,12197,11057,6073.0
2025,5,20397,12197,11278,5479.0
2025,5,20398,11618,13930,4747.0
2025,5,20398,12197,13303,187.0
2025,5,20398,12197,13930,6577.0
2025,5,20409,11618,11697,10544.0
2025,5,20409,11618,12451,162.0
2025,5,20409,11618,12892,9252.0
2025,5,20409,11618,13204,13204.0
2025,5,20409,11618,14027,6573.0
2025,5,20409,11618,14635,3135.0
2025,5,20409,11618,14843,6658.0
2025,5,20409,11618,15304,6736.0
2025,5,20409,12197,10154,610.0
2025,5,20409,12197,10732,110.0
2025,5,20409,12197,11697,9145.0
2025,5,20409,12197,12478,42.0
2025,5,20409,12197,13204,10378.0
2025,5,20409,12197,14027,15968.0
2025,5,20409,12197,14635,6187.0
2025,5,20409,12197,14843,2933.0
2025,5,20409,12197,15304,4387.0
2025,5,20409,12391,10721,0.0
2025,5,20409,12391,11697,3682.0
2025,5,20409,12391,13204,4164.0
2025,5,20409,12391,14027,3497.0
2025,5,20409,12478,10140,3811.0
2025,5,20409,12478,10397,15208.0
2025,5,20409,12478,10529,1374.0
2025,5,20409,12478,10693,6814.0
2025,5,20409,12478,10721,23423.0
2025,5,20409,12478,10732,6539.0
2025,5,20409,12478,10792,15137.0
2025,5,20409,12478,10800,4003.0
2025,5,20409,12478,10994,6681.0
2025,5,20409,12478,11057,84.0
2025,5,20409,12478,11278,2026.0
2025,5,20409,12478,11292,7709.0
2025,5,20409,12478,11433,3399.0
2025,5,20409,12478,11618,257.0
2025,5,20409,12478,11697,24508.0
2025,5,20409,12478,12197,154.0
2025,5,20409,12478,12266,3784.0
2025,5,20409,12478,12451,10228.0
2025,5,20409,12478,12889,18716.0
2025,5,20409,12478,12892,34871.0
2025,5,20409,12478,12953,296.0
2025,5,20409,12478,13204,31669.0
2025,5,20409,12478,13303,9941.0
2025,5,20409,12478,13495,4889.0
2025,5,20409,12478,13891,4724.0
2025,5,20409,12478,13930,7568.0
2025,5,20409,12478,14027,11637.0
2025,5,20409,12478,14107,3986.0
2025,5,20409,12478,14122,2396.0
2025,5,20409,12478,14307,1341.0
2025,5,20409,12478,14321,5530.0
2025,5,20409,12478,14492,11051.0
2025,5,20409,12478,14576,6424.0
2025,5,20409,12478,14635,8170.0
2025,5,20409,12478,14679,7545.0
2025,5,20409,12478,14685,6267.0
2025,5,20409,12478,14747,5252.0
2025,5,20409,12478,14771,24496.0
2025,5,20409,12478,14843,28865.0
2025,5,20409,12478,14869,3718.0
2025,5,20409,12478,14893,4832.0
2025,5,20409,12478,14986,5109.0
2025,5,20409,12478,15096,2507.0
2025,5,20409,12478,15304,12603.0
2025,5,20409,12953,11697,15949.0
2025,5,20409,12953,12451,135.0
2025,5,20409,12953,13204,15238.0
2025,5,20409,12953,14027,11020.0
2025,5,20409,12953,15304,6228.0
2025,5,20416,11618,10397,6109.0
2025,5,20416,11618,10423,4766.0
2025,5,20416,11618,10693,3615.0
2025,5,20416,11618,10994,5613.0
2025,5,20416,11618,11057,2769.0
2025,5,20416,11618,11066,331.0
2025,5,20416,11618,11298,5673.0
2025,5,20416,11618,11433,3792.0
2025,5,20416,11618,11697,12094.0
2025,5,20416,11618,12266,3964.0
2025,5,20416,11618,12339,4177.0
2025,5,20416,11618,12889,7652.0
2025,5,20416,11618,12892,6185.0
2025,5,20416,11618,13204,17444.0
2025,5,20416,11618,13303,4190.0
2025,5,20416,11618,13495,2371.0
2025,5,20416,11618,13577,5366.0
2025,5,20416,11618,13930,5817.0
2025,5,20416,11618,14122,1718.0
2025,5,20416,11618,14492,1687.0
2025,5,20416,11618,14635,318.0
2025,5,20416,11618,14683,733.0
2025,5,20416,11618,14730,638.0
2025,5,20416,12953,10994,558.0
2025,5,20416,12953,11057,5140.0
2025,5,20416,12953,11066,3015.0
2025,5,20416,12953,11298,6469.0
2025,5,20416,12953,11433,10378.0
2025,5,20416,12953,11697,11552.0
2025,5,20416,12953,12266,5410.0
2025,5,20416,12953,13204,8945.0
2025,5,20416,12953,13303,5180.0
2025,5,20416,12953,13577,4634.0
2025,5,20416,12953,13930,5226.0
2025,5,20416,12953,13931,749.0
2025,5,20416,12953,14524,931.0
2025,5,20422,11618,13487,3096.0
2025,5,20422,12478,13487,3083.0
2025,5,20436,11618,10397,6379.0
2025,5,20436,11618,14843,7099.0
2025,5,20436,12391,11697,2699.0
2025,5,20436,12391,13204,5033.0
2025,5,20436,12391,13577,2595.0
2025,5,20436,12391,14027,2118.0
2025,5,20436,12391,14635,1090.0
2025,5,20436,12391,15304,3970.0
2025,5,20436,12478,10397,8235.0
2025,5,20436,12478,11298,3004.0
2025,5,20436,12478,12889,6495.0
2025,5,20436,12478,12892,6966.0
2025,5,20436,12478,13204,6594.0
2025,5,20436,12478,13303,3697.0
2025,5,20436,12478,14843,10618.0
2025,5,20436,12478,15304,5389.0
2025,5,20436,12953,10397,9196.0
2025,5,20436,12953,11042,4745.0
2025,5,20436,12953,11057,5366.0
2025,5,20436,12953,11292,1323.0
2025,5,20436,12953,11298,4145.0
2025,5,20436,12953,13204,2123.0
2025,5,20436,12953,13303,1365.0
2025,5,20436,12953,14492,5740.0
2025,5,20452,11618,10397,469.0
2025,5,20452,11618,10431,472.0
2025,5,20452,11618,10581,1116.0
2025,5,20452,11618,10693,217.0
2025,5,20452,11618,10721,4054.0
2025,5,20452,11618,10785,2100.0
2025,5,20452,11618,10792,287.0
2025,5,20452,11618,10994,0.0
2025,5,20452,11618,11042,1750.0
2025,5,20452,11618,11057,69.0
2025,5,20452,11618,11066,5413.0
2025,5,20452,11618,11193,1476.0
2025,5,20452,11618,11278,1333.0
2025,5,20452,11618,11433,726.0
2025,5,20452,11618,11618,27.0
2025,5,20452,11618,11986,2766.0
2025,5,20452,11618,11995,115.0
2025,5,20452,11618,11996,3041.0
2025,5,20452,11618,12124,1347.0
2025,5,20452,11618,12264,1714.0
2025,5,20452,11618,12323,890.0
2025,5,20452,11618,12339,5003.0
2025,5,20452,11618,12451,212.0
2025,5,20452,11618,13198,630.0
2025,5,20452,11618,13244,939.0
2025,5,20452,11618,13342,2240.0
2025,5,20452,11618,13485,990.0
2025,5,20452,11618,13487,2044.0
2025,5,20452,11618,13577,1762.0
2025,5,20452,11618,13930,1670.0
2025,5,20452,11618,13931,291.0
2025,5,20452,11618,14122,5466.0
2025,5,20452,11618,14321,1506.0
2025,5,20452,11618,14492,1838.0
2025,5,20452,11618,14576,1702.0
2025,5,20452,11618,14685,862.0
2025,5,20452,11618,14730,2791.0
2025,5,20452,11618,15016,2553.0
2025,5,20452,11618,15096,1132.0
2025,5,20452,12478,10154,618.0
2025,5,20452,12478,10693,4828.0
2025,5,20452,12478,10721,13029.0
2025,5,20452,12478,11042,2805.0
2025,5,20452,12478,11057,1456.0
2025,5,20452,12478,11066,8722.0
2025,5,20452,12478,11193,3069.0
2025,5,20452,12478,11278,12230.0
2025,5,20452,12478,12339,5423.0
2025,5,20452,12478,13541,505.0
2025,5,20452,12478,13930,1857.0
2025,5,20452,12478,13931,2417.0
2025,5,20452,12478,13933,405.0
2025,5,20452,12478,14100,43.0
2025,5,20452,12478,14122,6903.0
2025,5,20452,12478,14492,6513.0
2025,5,20452,12478,14524,90.0
2025,5,20452,12478,14685,309.0
2025,5,20452,12478,14730,92.0
2025,5,20452,12953,10154,1328.0
2025,5,20452,12953,10431,2128.0
2025,5,20452,12953,10693,13498.0
2025,5,20452,12953,10721,32171.0
2025,5,20452,12953,10785,145.0
2025,5,20452,12953,10792,9134.0
2025,5,20452,12953,10868,2677.0
2025,5,20452,12953,10990,1261.0
2025,5,20452,12953,10994,3645.0
2025,5,20452,12953,11042,8345.0
2025,5,20452,12953,11057,3115.0
2025,5,20452,12953,11066,14741.0
2025,5,20452,12953,11193,4383.0
2025,5,20452,12953,11267,777.0
2025,5,20452,12953,11278,23305.0
2025,5,20452,12953,11423,1383.0
2025,5,20452,12953,11433,5364.0
2025,5,20452,12953,11624,2121.0
2025,5,20452,12953,11986,4606.0
2025,5,20452,12953,11995,8518.0
2025,5,20452,12953,11996,3733.0
2025,5,20452,12953,12124,1773.0
2025,5,20452,12953,12264,2761.0
2025,5,20452,12953,12323,4824.0
2025,5,20452,12953,12339,13911.0
2025,5,20452,12953,12451,319.0
2025,5,20452,12953,12992,1336.0
2025,5,20452,12953,13244,5023.0
2025,5,20452,12953,13342,3163.0
2025,5,20452,12953,13485,3065.0
2025,5,20452,12953,13487,2440.0
2025,5,20452,12953,13495,299.0
2025,5,20452,12953,13541,1137.0
2025,5,20452,12953,13851,3732.0
2025,5,20452,12953,13871,3115.0
2025,5,20452,12953,13930,1450.0
2025,5,20452,12953,13931,6814.0
2025,5,20452,12953,14027,904.0
2025,5,20452,12953,14100,1533.0
2025,5,20452,12953,14122,13473.0
2025,5,20452,12953,14307,0.0
2025,5,20452,12953,14321,6194.0
2025,5,20452,12953,14492,11883.0
2025,5,20452,12953,14524,8595.0
2025,5,20452,12953,14574,1301.0
2025,5,20452,12953,14685,3052.0
2025,5,20452,12953,14730,6920.0
2025,5,20452,12953,15016,6252.0
2025,5,20452,12953,15096,55.0
2025,5,20452,12953,15370,1351.0
2025,5,20452,12953,15412,2994.0
2025,5,20452,12953,15919,2857.0
2025,5,20500,11618,10431,330.0
2025,5,20500,11618,10792,1376.0
2025,5,20500,11618,11193,1120.0
2025,5,20500,11618,11278,5035.0
2025,5,20500,11618,11433,98.0
2025,5,20500,11618,11995,1521.0
2025,5,20500,11618,12264,334.0
2025,5,20500,11618,12323,94.0
2025,5,20500,11618,13931,805.0
2025,5,20500,11618,14122,227.0
2025,5,20500,11618,14492,46.0
2025,5,20500,11618,14524,2994.0
2025,5,20500,11618,15096,30.0
2025,5,20500,11618,15380,326.0
2025,5,21080,12197,10154,412.0
2025,5,21080,12197,13541,79.0
2025,5,22080,11618,11146,804.0
2025,5,22080,12197,10994,2095.0
2025,5,22080,12197,11996,497.0
2025,5,22080,12197,13577,1914.0
2025,5,22080,12197,14492,1760.0
2025,5,22080,12197,14986,589.0
2025,5,22080,12197,15628,2658.0
2025,5,22080,12391,10994,951.0
2025,5,22080,12391,13931,1198.0
2025,5,22080,12391,14492,1220.0
2025,5,22080,12391,14524,436.0
2025,5,22080,12391,14635,823.0
2025,5,22080,12391,15628,1433.0
2025,5,22080,15070,10994,1067.0
2025,5,22080,15070,12244,55.0
2025,5,22080,15070,13204,1111.0
2025,5,22080,15070,15628,732.0
2025,6,19393,12391,10423,3.0
2025,6,19393,12391,10693,144.0
2025,6,19393,12391,10821,12878.0
2025,6,19393,12391,11066,37.0
2025,6,19393,12391,11259,21.0
2025,6,19393,12391,11292,28.0
2025,6,19393,12391,12191,21.0
2025,6,19393,12391,13204,7540.0
2025,6,19393,12391,13303,1145.0
2025,6,19393,12391,14027,5996.0
2025,6,19393,12391,14107,16.0
2025,6,19393,12391,14986,86.0
2025,6,19393,12391,15304,1188.0
2025,6,19393,12953,10397,15844.0
2025,6,19393,12953,10693,16858.0
2025,6,19393,12953,10800,178.0
2025,6,19393,12953,10821,0.0
2025,6,19393,12953,11259,15540.0
2025,6,19393,12953,11292,16148.0
2025,6,19393,12953,11481,15.0
2025,6,19393,12953,11603,34.0
2025,6,19393,12953,11986,12.0
2025,6,19393,12953,12191,16400.0
2025,6,19393,12953,12451,11.0
2025,6,19393,12953,12889,110.0
2025,6,19393,12953,12892,95.0
2025,6,19393,12953,13198,6930.0
2025,6,19393,12953,13204,1.0
2025,6,19393,12953,13232,26951.0
2025,6,19393,12953,13303,8.0
2025,6,19393,12953,13487,226.0
2025,6,19393,12953,13495,3969.0
2025,6,19393,12953,13796,15.0
2025,6,19393,12953,14057,25.0
2025,6,19393,12953,14107,66.0
2025,6,19393,12953,14683,55.0
2025,6,19393,12953,14730,52.0
2025,6,19393,12953,14831,1.0
2025,6,19393,12953,14893,4.0
2025,6,19393,12953,15016,16316.0
2025,6,19393,12953,15370,8.0
2025,6,19690,12478,12173,8296.0
2025,6,19790,11618,10397,39715.0
2025,6,19790,11618,11433,12533.0
2025,6,19790,11618,11996,1.0
2025,6,19790,11618,12451,27.0
2025,6,19790,11618,13487,11305.0
2025,6,19790,11618,14869,9809.0
2025,6,19790,12197,10397,5845.0
2025,6,19790,12478,10208,169.0
2025,6,19790,12478,10397,33844.0
2025,6,19790,12478,10423,17352.0
2025,6,19790,12478,10721,2540.0
2025,6,19790,12478,10849,718.0
2025,6,19790,12478,11057,1.0
2025,6,19790,12478,11292,13304.0
2025,6,19790,12478,11298,5142.0
2025,6,19790,12478,11433,9420.0
2025,6,19790,12478,11697,17196.0
2025,6,19790,12478,11995,96.0
2025,6,19790,12478,12173,5942.0
2025,6,19790,12478,12451,2461.0
2025,6,19790,12478,12889,23232.0
2025,6,19790,12478,12892,58653.0
2025,6,19790,12478,13204,22553.0
2025,6,19790,12478,13303,17287.0
2025,6,19790,12478,13422,2.0
2025,6,19790,12478,13487,9508.0
2025,6,19790,12478,13495,6443.0
2025,6,19790,12478,13931,14.0
2025,6,19790,12478,14027,7321.0
2025,6,19790,12478,14057,10378.0
2025,6,19790,12478,14107,13880.0
2025,6,19790,12478,14635,2449.0
2025,6,19790,12478,14679,13959.0
2025,6,19790,12478,14683,3195.0
2025,6,19790,12478,14747,21667.0
2025,6,19790,12478,14771,35116.0
2025,6,19790,12478,14843,16203.0
2025,6,19790,12478,14869,20424.0
2025,6,19790,12478,15024,4872.0
2025,6,19790,12478,15304,12402.0
2025,6,19790,12478,15389,5.0
2025,6,19790,12953,10397,68382.0
2025,6,19790,12953,10693,2550.0
2025,6,19790,12953,10721,4743.0
2025,6,19790,12953,10994,3338.0
2025,6,19790,12953,11057,26.0
2025,6,19790,12953,11109,197.0
2025,6,19790,12953,11292,12007.0
2025,6,19790,12953,11298,17127.0
2025,6,19790,12953,11433,28169.0
2025,6,19790,12953,11697,19216.0
2025,6,19790,12953,12266,11896.0
2025,6,19790,12953,12451,248.0
2025,6,19790,12953,13198,7886.0
2025,6,19790,12953,13204,24995.0
2025,6,19790,12953,13303,22108.0
2025,6,19790,12953,13487,24084.0
2025,6,19790,12953,13495,7908.0
2025,6,19790,12953,13577,3371.0
2025,6,19790,12953,13851,4.0
2025,6,19790,12953,13930,24853.0
2025,6,19790,12953,14027,16744.0
2025,6,19790,12953,14492,2.0
2025,6,19790,12953,14635,6463.0
2025,6,19790,12953,14986,3024.0
2025,6,19790,12953,15304,17417.0
2025,6,19790,12953,15380,397.0
2025,6,19805,11618,11057,19447.0
2025,6,19805,11618,11298,18185.0
2025,6,19805,11618,13303,16987.0
2025,6,19805,11618,13930,7981.0
2025,6,19805,11618,14107,13737.0
2025,6,19805,12478,10423,9077.0
2025,6,19805,12478,11057,19636.0
2025,6,19805,12478,11298,18487.0
2025,6,19805,12478,12889,4545.0
2025,6,19805,12478,12892,24166.0
2025,6,19805,12478,13303,33398.0
2025,6,19805,12478,13930,6831.0
2025,6,19805,12478,14107,15018.0
2025,6,19805,12478,14771,10974.0
2025,6,19805,12478,14908,2682.0
2025,6,19805,12478,15024,2913.0
2025,6,19805,12953,10849,448.0
2025,6,19805,12953,11057,33997.0
2025,6,19805,12953,11298,54308.0
2025,6,19805,12953,11433,27.0
2025,6,19805,12953,11648,407.0
2025,6,19805,12953,13204,9073.0
2025,6,19805,12953,13303,40890.0
2025,6,19805,12953,13495,3838.0
2025,6,19805,12953,13930,37599.0
2025,6,19805,12953,15304,7786.0
2025,6,19930,11618,12892,8704.0
2025,6,19930,11618,13487,0.0
2025,6,19930,11618,14057,4428.0
2025,6,19930,11618,14679,4101.0
2025,6,19930,11618,14747,14145.0
2025,6,19930,11618,14771,10718.0
2025,6,19930,12478,10299,2556.0
2025,6,19930,12478,14057,4911.0
2025,6,19930,12478,14679,9311.0
2025,6,19930,12478,14747,19001.0
2025,6,19930,12478,14771,15807.0
2025,6,19977,11618,10299,3600.0
2025,6,19977,11618,10397,16810.0
2025,6,19977,11618,10423,14127.0
2025,6,19977,11618,10693,16983.0
2025,6,19977,11618,10721,24274.0
2025,6,19977,11618,10732,4835.0
2025,6,19977,11618,10792,559.0
2025,6,19977,11618,10849,5083.0
2025,6,19977,11618,10994,7695.0
2025,6,19977,11618,11042,11747.0
2025,6,19977,11618,11057,11309.0
2025,6,19977,11618,11066,37.0
2025,6,19977,11618,11109,0.0
2025,6,19977,11618,11193,91.0
2025,6,19977,11618,11292,38815.0
2025,6,19977,11618,11298,14503.0
2025,6,19977,11618,11433,3040.0
2025,6,19977,11618,11624,3052.0
2025,6,19977,11618,11697,22566.0
2025,6,19977,11618,11884,6.0
2025,6,19977,11618,11996,0.0
2025,6,19977,11618,12191,0.0
2025,6,19977,11618,12264,15040.0
2025,6,19977,11618,12266,38607.0
2025,6,19977,11618,12441,2776.0
2025,6,19977,11618,12451,9394.0
2025,6,19977,11618,12889,25188.0
2025,6,19977,11618,12892,55256.0
2025,6,19977,11618,12953,0.0
2025,6,19977,11618,13198,3266.0
2025,6,19977,11618,13204,37349.0
2025,6,19977,11618,13264,1.0
2025,6,19977,11618,13303,18926.0
2025,6,19977,11618,13487,2523.0
2025,6,19977,11618,13495,8427.0
2025,6,19977,11618,13577,2721.0
2025,6,19977,11618,13851,0.0
2025,6,19977,11618,13891,4.0
2025,6,19977,11618,13930,52742.0
2025,6,19977,11618,13931,3130.0
2025,6,19977,11618,14027,20892.0
2025,6,19977,11618,14057,5265.0
2025,6,19977,11618,14100,0.0
2025,6,19977,11618,14107,15383.0
2025,6,19977,11618,14321,2513.0
2025,6,19977,11618,14492,14681.0
2025,6,19977,11618,14635,12432.0
2025,6,19977,11618,14679,15155.0
2025,6,19977,11618,14683,3167.0
2025,6,19977,11618,14685,5084.0
2025,6,19977,11618,14747,12950.0
2025,6,19977,11618,14771,66516.0
2025,6,19977,11618,14843,16147.0
2025,6,19977,11618,14869,3964.0
2025,6,19977,11618,14893,4163.0
2025,6,19977,11618,14908,11838.0
2025,6,19977,11618,14986,7975.0
2025,6,19977,11618,15016,2767.0
2025,6,19977,11618,15024,1363.0
2025,6,19977,11618,15304,21934.0
2025,6,19977,12953,10397,0.0
2025,6,19977,12953,10423,25.0
2025,6,19977,12953,11042,0.0
2025,6,19977,12953,11057,0.0
2025,6,19977,12953,11193,0.0
2025,6,19977,12953,11292,25872.0
2025,6,19977,12953,11298,0.0
2025,6,19977,12953,11481,13.0
2025,6,19977,12953,11618,0.0
2025,6,19977,12953,11884,5.0
2025,6,19977,12953,11921,0.0
2025,6,19977,12953,11986,0.0
2025,6,19977,12953,12264,157.0
2025,6,19977,12953,12266,32371.0
2025,6,19977,12953,12889,6.0
2025,6,19977,12953,12892,13.0
2025,6,19977,12953,12915,0.0
2025,6,19977,12953,13198,0.0
2025,6,19977,12953,13204,0.0
2025,6,19977,12953,13342,0.0
2025,6,19977,12953,13487,21.0
2025,6,19977,12953,13495,7.0
2025,6,19977,12953,13891,17.0
2025,6,19977,12953,13930,63591.0
2025,6,19977,12953,14057,4.0
2025,6,19977,12953,14570,3.0
2025,6,19977,12953,14635,6.0
2025,6,19977,12953,14679,9.0
2025,6,19977,12953,14747,11.0
2025,6,19977,12953,14771,27.0
2025,6,19977,12953,15016,22.0
2025,6,19977,12953,15412,0.0
2025,6,20207,12391,12323,681.0
2025,6,20207,12391,12544,1115.0
2025,6,20207,12391,12882,351.0
2025,6,20253,12197,10154,0.0
2025,6,20253,12197,12250,2.0
2025,6,20253,12197,12932,283.0
2025,6,20253,12197,13541,152.0
2025,6,20253,12197,14306,32.0
2025,6,20253,12478,10154,0.0
2025,6,20253,12478,12250,73.0
2025,6,20253,12478,13541,0.0
2025,6,20253,12478,14875,161.0
2025,6,20304,12197,10397,54.0
2025,6,20304,12197,11433,2325.0
2025,6,20304,12953,10693,1567.0
2025,6,20304,12953,13851,1743.0
2025,6,20304,12953,14122,1415.0
2025,6,20304,12953,14576,1310.0
2025,6,20304,12953,14730,1656.0
2025,6,20363,11618,11193,1853.0
2025,6,20363,11618,11433,75.0
2025,6,20363,11618,14492,3236.0
2025,6,20363,12197,10397,7201.0
2025,6,20363,12197,11433,1792.0
2025,6,20363,12478,10581,1545.0
2025,6,20363,12478,10693,7170.0
2025,6,20363,12478,10785,3015.0
2025,6,20363,12478,10792,6844.0
2025,6,20363,12478,10994,5542.0
2025,6,20363,12478,11042,4867.0
2025,6,20363,12478,11057,6713.0
2025,6,20363,12478,11193,5489.0
2025,6,20363,12478,11433,2472.0
2025,6,20363,12478,12264,3153.0
2025,6,20363,12478,12339,4844.0
2025,6,20363,12478,12397,3102.0
2025,6,20363,12478,12451,3966.0
2025,6,20363,12478,13198,1789.0
2025,6,20363,12478,13342,1698.0
2025,6,20363,12478,13930,5224.0
2025,6,20363,12478,13931,5355.0
2025,6,20363,12478,14122,1826.0
2025,6,20363,12478,14321,3114.0
2025,6,20363,12478,14492,8973.0
2025,6,20363,12478,14524,4543.0
2025,6,20363,12478,14576,4994.0
2025,6,20363,12478,14685,5155.0
2025,6,20363,12478,15096,4723.0
2025,6,20363,12953,10257,2668.0
2025,6,20363,12953,10431,3340.0
2025,6,20363,12953,10581,4297.0
2025,6,20363,12953,10599,4342.0
2025,6,20363,12953,10693,3081.0
2025,6,20363,12953,10785,3282.0
2025,6,20363,12953,10792,1724.0
2025,6,20363,12953,10868,3112.0
2025,6,20363,12953,10980,1485.0
2025,6,20363,12953,10990,2693.0
2025,6,20363,12953,10994,1555.0
2025,6,20363,12953,11042,7351.0
2025,6,20363,12953,11057,5013.0
2025,6,20363,12953,11066,1811.0
2025,6,20363,12953,11193,8279.0
2025,6,20363,12953,11267,1321.0
2025,6,20363,12953,11423,3070.0
2025,6,20363,12953,11481,194.0
2025,6,20363,12953,11995,2654.0
2025,6,20363,12953,11996,5727.0
2025,6,20363,12953,12217,1153.0
2025,6,20363,12953,12323,4557.0
2025,6,20363,12953,12339,1838.0
2025,6,20363,12953,12451,6786.0
2025,6,20363,12953,12945,1427.0
2025,6,20363,12953,12992,1484.0
2025,6,20363,12953,13198,72.0
2025,6,20363,12953,13244,2915.0
2025,6,20363,12953,13342,2068.0
2025,6,20363,12953,13485,1343.0
2025,6,20363,12953,13487,22.0
2025,6,20363,12953,13577,71.0
2025,6,20363,12953,13871,4307.0
2025,6,20363,12953,13931,1492.0
2025,6,20363,12953,13933,769.0
2025,6,20363,12953,14122,556.0
2025,6,20363,12953,14193,985.0
2025,6,20363,12953,14321,5746.0
2025,6,20363,12953,14492,9011.0
2025,6,20363,12953,14524,3903.0
2025,6,20363,12953,14574,831.0
2025,6,20363,12953,14576,3712.0
2025,6,20363,12953,14685,3621.0
2025,6,20363,12953,15016,6461.0
2025,6,20363,12953,15096,4463.0
2025,6,20363,12953,15370,1390.0
2025,6,20363,12953,15380,1438.0
2025,6,20363,12953,15412,4581.0
2025,6,20363,12953,15919,2679.0
2025,6,20368,11618,10408,1310.0
2025,6,20368,11618,10431,2425.0
2025,6,20368,11618,11193,1370.0
2025,6,20368,11618,11423,1261.0
2025,6,20368,11618,11721,371.0
2025,6,20368,11618,11986,1256.0
2025,6,20368,11618,15412,2691.0
2025,6,20368,11618,15624,1884.0
2025,6,20368,15070,11697,1022.0
2025,6,20368,15070,13577,2835.0
2025,6,20368,15070,14082,1197.0
2025,6,20368,15070,14112,1436.0
2025,6,20368,15070,14761,1139.0
2025,6,20378,12953,12264,3691.0
2025,6,20397,12197,11057,6042.0
2025,6,20397,12197,11278,4993.0
2025,6,20398,11618,13930,4026.0
2025,6,20398,12197,13930,6916.0
2025,6,20409,11618,11697,10662.0
2025,6,20409,11618,12892,10344.0
2025,6,20409,11618,13204,16131.0
2025,6,20409,11618,14027,7931.0
2025,6,20409,11618,14635,3400.0
2025,6,20409,11618,14843,10477.0
2025,6,20409,11618,15304,7989.0
2025,6,20409,12197,10154,2849.0
2025,6,20409,12197,10721,83.0
2025,6,20409,12197,11697,7090.0
2025,6,20409,12197,12451,301.0
2025,6,20409,12197,12478,37.0
2025,6,20409,12197,13204,12892.0
2025,6,20409,12197,14027,13350.0
2025,6,20409,12197,14635,6513.0
2025,6,20409,12197,14843,3229.0
2025,6,20409,12197,15304,3793.0
2025,6,20409,12391,11697,2924.0
2025,6,20409,12391,12478,151.0
2025,6,20409,12391,13204,4208.0
2025,6,20409,12391,14027,3807.0
2025,6,20409,12478,10140,4218.0
2025,6,20409,12478,10154,3673.0
2025,6,20409,12478,10397,12065.0
2025,6,20409,12478,10529,1602.0
2025,6,20409,12478,10693,7315.0
2025,6,20409,12478,10721,19889.0
2025,6,20409,12478,10732,7762.0
2025,6,20409,12478,10792,13663.0
2025,6,20409,12478,10800,3724.0
2025,6,20409,12478,10849,1567.0
2025,6,20409,12478,10994,6732.0
2025,6,20409,12478,11278,2777.0
2025,6,20409,12478,11292,8465.0
2025,6,20409,12478,11433,3337.0
2025,6,20409,12478,11618,325.0
2025,6,20409,12478,11697,24044.0
2025,6,20409,12478,12197,95.0
2025,6,20409,12478,12250,434.0
2025,6,20409,12478,12266,1229.0
2025,6,20409,12478,12451,8613.0
2025,6,20409,12478,12889,16394.0
2025,6,20409,12478,12892,37427.0
2025,6,20409,12478,12953,149.0
2025,6,20409,12478,13204,31356.0
2025,6,20409,12478,13296,692.0
2025,6,20409,12478,13303,2793.0
2025,6,20409,12478,13495,3841.0
2025,6,20409,12478,13541,1065.0
2025,6,20409,12478,13891,4921.0
2025,6,20409,12478,13930,7387.0
2025,6,20409,12478,14027,11531.0
2025,6,20409,12478,14107,4064.0
2025,6,20409,12478,14122,2756.0
2025,6,20409,12478,14254,1802.0
2025,6,20409,12478,14307,1516.0
2025,6,20409,12478,14321,5359.0
2025,6,20409,12478,14492,11141.0
2025,6,20409,12478,14570,2137.0
2025,6,20409,12478,14576,5909.0
2025,6,20409,12478,14635,7283.0
2025,6,20409,12478,14679,7589.0
2025,6,20409,12478,14685,5418.0
2025,6,20409,12478,14747,5050.0
2025,6,20409,12478,14771,24124.0
2025,6,20409,12478,14843,32505.0
2025,6,20409,12478,14869,3992.0
2025,6,20409,12478,14893,5164.0
2025,6,20409,12478,14986,3916.0
2025,6,20409,12478,15096,2261.0
2025,6,20409,12478,15249,124.0
2025,6,20409,12478,15304,11401.0
2025,6,20409,12953,10154,319.0
2025,6,20409,12953,11697,15362.0
2025,6,20409,12953,12451,297.0
2025,6,20409,12953,13204,15384.0
2025,6,20409,12953,14027,8358.0
2025,6,20409,12953,15304,6505.0
2025,6,20416,11618,10397,5925.0
2025,6,20416,11618,10423,4314.0
2025,6,20416,11618,10599,1443.0
2025,6,20416,11618,10693,3766.0
2025,6,20416,11618,10868,1065.0
2025,6,20416,11618,10980,940.0
2025,6,20416,11618,10994,3649.0
2025,6,20416,11618,11057,6450.0
2025,6,20416,11618,11066,587.0
2025,6,20416,11618,11298,6201.0
2025,6,20416,11618,11433,6794.0
2025,6,20416,11618,11697,11645.0
2025,6,20416,11618,12266,5354.0
2025,6,20416,11618,12339,4601.0
2025,6,20416,11618,12889,5851.0
2025,6,20416,11618,12892,6375.0
2025,6,20416,11618,13204,14721.0
2025,6,20416,11618,13303,3570.0
2025,6,20416,11618,13495,2075.0
2025,6,20416,11618,13577,4038.0
2025,6,20416,11618,13930,6142.0
2025,6,20416,11618,14122,2629.0
2025,6,20416,11618,14492,2334.0
2025,6,20416,11618,14683,1030.0
2025,6,20416,11618,14730,883.0
2025,6,20416,12953,10397,645.0
2025,6,20416,12953,11057,4648.0
2025,6,20416,12953,11066,3160.0
2025,6,20416,12953,11298,6573.0
2025,6,20416,12953,11433,10428.0
2025,6,20416,12953,11697,10191.0
2025,6,20416,12953,12266,5493.0
2025,6,20416,12953,13204,9228.0
2025,6,20416,12953,13303,4973.0
2025,6,20416,12953,13577,4252.0
2025,6,20416,12953,13930,4722.0
2025,6,20416,12953,13931,1237.0
2025,6,20416,12953,14524,886.0
2025,6,20422,11618,13487,4438.0
2025,6,20422,12478,13487,4537.0
2025,6,20436,11618,10397,10088.0
2025,6,20436,11618,14843,4143.0
2025,6,20436,12391,13204,3851.0
2025,6,20436,12391,13577,2396.0
2025,6,20436,12391,14027,1810.0
2025,6,20436,12391,15304,3966.0
2025,6,20436,12478,10397,8718.0
2025,6,20436,12478,11298,5006.0
2025,6,20436,12478,12889,5945.0
2025,6,20436,12478,12892,6698.0
2025,6,20436,12478,13204,6219.0
2025,6,20436,12478,13303,5604.0
2025,6,20436,12478,14843,10038.0
2025,6,20436,12478,15304,5339.0
2025,6,20436,12953,10397,8585.0
2025,6,20436,12953,11042,4183.0
2025,6,20436,12953,11057,5322.0
2025,6,20436,12953,11292,4103.0
2025,6,20436,12953,11298,5279.0
2025,6,20436,12953,14492,4352.0
2025,6,20452,11618,10397,221.0
2025,6,20452,11618,10431,572.0
2025,6,20452,11618,10581,1899.0
2025,6,20452,11618,10693,140.0
2025,6,20452,11618,10721,4750.0
2025,6,20452,11618,10785,3522.0
2025,6,20452,11618,10792,293.0
2025,6,20452,11618,10994,829.0
2025,6,20452,11618,11042,2364.0
2025,6,20452,11618,11057,1141.0
2025,6,20452,11618,11066,7647.0
2025,6,20452,11618,11193,1896.0
2025,6,20452,11618,11278,2897.0
2025,6,20452,11618,11298,125.0
2025,6,20452,11618,11433,3052.0
2025,6,20452,11618,11973,0.0
2025,6,20452,11618,11986,3713.0
2025,6,20452,11618,11996,3791.0
2025,6,20452,11618,12124,1443.0
2025,6,20452,11618,12264,955.0
2025,6,20452,11618,12323,465.0
2025,6,20452,11618,12339,6877.0
2025,6,20452,11618,12451,338.0
2025,6,20452,11618,13198,1045.0
2025,6,20452,11618,13244,2431.0
2025,6,20452,11618,13342,3627.0
2025,6,20452,11618,13485,1931.0
2025,6,20452,11618,13487,3415.0
2025,6,20452,11618,13495,0.0
2025,6,20452,11618,13577,1204.0
2025,6,20452,11618,13930,305.0
2025,6,20452,11618,13931,66.0
2025,6,20452,11618,14122,8174.0
2025,6,20452,11618,14321,2946.0
2025,6,20452,11618,14492,2209.0
2025,6,20452,11618,14524,906.0
2025,6,20452,11618,14576,2906.0
2025,6,20452,11618,14685,828.0
2025,6,20452,11618,14730,3873.0
2025,6,20452,11618,15016,3414.0
2025,6,20452,11618,15096,1542.0
2025,6,20452,12478,10154,1841.0
2025,6,20452,12478,10529,0.0
2025,6,20452,12478,10693,3880.0
2025,6,20452,12478,10721,11594.0
2025,6,20452,12478,11042,3330.0
2025,6,20452,12478,11057,1462.0
2025,6,20452,12478,11066,8453.0
2025,6,20452,12478,11193,3945.0
2025,6,20452,12478,11278,8735.0
2025,6,20452,12478,11433,0.0
2025,6,20452,12478,12339,5312.0
2025,6,20452,12478,12953,0.0
2025,6,20452,12478,13541,1640.0
2025,6,20452,12478,13930,1701.0
2025,6,20452,12478,13931,2788.0
2025,6,20452,12478,13933,367.0
2025,6,20452,12478,14122,6753.0
2025,6,20452,12478,14492,6733.0
2025,6,20452,12478,14524,0.0
2025,6,20452,12953,10154,4794.0
2025,6,20452,12953,10397,75.0
2025,6,20452,12953,10431,2397.0
2025,6,20452,12953,10529,41.0
2025,6,20452,12953,10581,2381.0
2025,6,20452,12953,10693,9347.0
2025,6,20452,12953,10721,31098.0
2025,6,20452,12953,10792,9645.0
2025,6,20452,12953,10868,2029.0
2025,6,20452,12953,10990,1743.0
2025,6,20452,12953,10994,3938.0
2025,6,20452,12953,11042,5842.0
2025,6,20452,12953,11057,4123.0
2025,6,20452,12953,11066,12772.0
2025,6,20452,12953,11193,4103.0
2025,6,20452,12953,11267,699.0
2025,6,20452,12953,11278,22683.0
2025,6,20452,12953,11298,0.0
2025,6,20452,12953,11423,1324.0
2025,6,20452,12953,11433,4079.0
2025,6,20452,12953,11624,116.0
2025,6,20452,12953,11986,6460.0
2025,6,20452,12953,11995,7423.0
2025,6,20452,12953,11996,3473.0
2025,6,20452,12953,12124,1560.0
2025,6,20452,12953,12250,670.0
2025,6,20452,12953,12264,3299.0
2025,6,20452,12953,12323,4934.0
2025,6,20452,12953,12339,12441.0
2025,6,20452,12953,12992,1283.0
2025,6,20452,12953,13244,4649.0
2025,6,20452,12953,13342,4850.0
2025,6,20452,12953,13485,1414.0
2025,6,20452,12953,13487,2496.0
2025,6,20452,12953,13495,191.0
2025,6,20452,12953,13541,4582.0
2025,6,20452,12953,13577,230.0
2025,6,20452,12953,13851,2996.0
2025,6,20452,12953,13871,3016.0
2025,6,20452,12953,13930,879.0
2025,6,20452,12953,13931,8190.0
2025,6,20452,12953,14027,956.0
2025,6,20452,12953,14100,136.0
2025,6,20452,12953,14122,13831.0
2025,6,20452,12953,14307,0.0
2025,6,20452,12953,14321,5548.0
2025,6,20452,12953,14492,13088.0
2025,6,20452,12953,14524,7880.0
2025,6,20452,12953,14574,1257.0
2025,6,20452,12953,14685,1371.0
2025,6,20452,12953,14730,5324.0
2025,6,20452,12953,14986,190.0
2025,6,20452,12953,15016,5661.0
2025,6,20452,12953,15370,1340.0
2025,6,20452,12953,15380,73.0
2025,6,20452,12953,15412,3236.0
2025,6,20452,12953,15919,3100.0
2025,6,20500,11618,10154,451.0
2025,6,20500,11618,10431,961.0
2025,6,20500,11618,10581,326.0
2025,6,20500,11618,10792,2581.0
2025,6,20500,11618,11042,41.0
2025,6,20500,11618,11066,45.0
2025,6,20500,11618,11193,1895.0
2025,6,20500,11618,11278,6162.0
2025,6,20500,11618,11433,50.0
2025,6,20500,11618,11995,2284.0
2025,6,20500,11618,12264,1122.0
2025,6,20500,11618,12323,1213.0
2025,6,20500,11618,13931,1536.0
2025,6,20500,11618,14122,372.0
2025,6,20500,11618,14524,3561.0
2025,6,20500,11618,14576,716.0
2025,6,20500,11618,15096,213.0
2025,6,20500,11618,15380,1159.0
2025,6,21080,12197,10154,752.0
2025,6,21080,12197,12250,7.0
2025,6,21080,12197,13541,297.0
2025,6,21080,12197,14307,3.0
2025,6,22080,11618,11146,958.0
2025,6,22080,12197,10994,2174.0
2025,6,22080,12197,11996,524.0
2025,6,22080,12197,13577,1695.0
2025,6,22080,12197,14492,1785.0
2025,6,22080,12197,14685,277.0
2025,6,22080,12197,14986,287.0
2025,6,22080,12197,15628,2752.0
2025,6,22080,12391,10994,1472.0
2025,6,22080,12391,13931,1192.0
2025,6,22080,12391,14492,1214.0
2025,6,22080,12391,14524,529.0
2025,6,22080,12391,14635,848.0
2025,6,22080,12391,15628,1001.0
2025,6,22080,15070,10994,1008.0
2025,6,22080,15070,13204,1205.0
2025,7,19393,12391,10693,156.0
2025,7,19393,12391,10821,15209.0
2025,7,19393,12391,11066,42.0
2025,7,19393,12391,11259,31.0
2025,7,19393,12391,11292,87.0
2025,7,19393,12391,12191,100.0
2025,7,19393,12391,13204,8817.0
2025,7,19393,12391,13303,1621.0
2025,7,19393,12391,14027,7360.0
2025,7,19393,12391,14107,10.0
2025,7,19393,12391,14986,147.0
2025,7,19393,12391,15016,12.0
2025,7,19393,12391,15304,994.0
2025,7,19393,12953,10397,16027.0
2025,7,19393,12953,10693,17653.0
2025,7,19393,12953,10800,130.0
2025,7,19393,12953,10821,63.0
2025,7,19393,12953,11259,15665.0
2025,7,19393,12953,11292,16142.0
2025,7,19393,12953,11481,16.0
2025,7,19393,12953,11603,43.0
2025,7,19393,12953,11697,49.0
2025,7,19393,12953,11986,1.0
2025,7,19393,12953,12191,17463.0
2025,7,19393,12953,12451,18.0
2025,7,19393,12953,12889,110.0
2025,7,19393,12953,12892,146.0
2025,7,19393,12953,13198,6067.0
2025,7,19393,12953,13204,1.0
2025,7,19393,12953,13232,27081.0
2025,7,19393,12953,13303,5.0
2025,7,19393,12953,13495,3979.0
2025,7,19393,12953,13796,8.0
2025,7,19393,12953,14057,7.0
2025,7,19393,12953,14107,65.0
2025,7,19393,12953,14683,107.0
2025,7,19393,12953,14730,51.0
2025,7,19393,12953,14831,1.0
2025,7,19393,12953,14893,6.0
2025,7,19393,12953,15016,16360.0
2025,7,19393,12953,15370,15.0
2025,7,19690,12478,12173,8701.0
2025,7,19790,11618,10397,43049.0
2025,7,19790,11618,10980,25.0
2025,7,19790,11618,11066,4.0
2025,7,19790,11618,11433,12941.0
2025,7,19790,11618,13487,12861.0
2025,7,19790,11618,14869,9295.0
2025,7,19790,12197,10397,6361.0
2025,7,19790,12197,10980,13.0
2025,7,19790,12197,10994,1.0
2025,7,19790,12197,11996,11.0
2025,7,19790,12478,10397,36148.0
2025,7,19790,12478,10423,18131.0
2025,7,19790,12478,10721,2439.0
2025,7,19790,12478,10849,747.0
2025,7,19790,12478,10868,9.0
2025,7,19790,12478,10980,7.0
2025,7,19790,12478,11042,13.0
2025,7,19790,12478,11252,9.0
2025,7,19790,12478,11292,13711.0
2025,7,19790,12478,11298,5456.0
2025,7,19790,12478,11433,9935.0
2025,7,19790,12478,11697,19841.0
2025,7,19790,12478,11996,4.0
2025,7,19790,12478,12173,6226.0
2025,7,19790,12478,12451,2613.0
2025,7,19790,12478,12889,23534.0
2025,7,19790,12478,12892,56216.0
2025,7,19790,12478,13204,26659.0
2025,7,19790,12478,13303,18179.0
2025,7,19790,12478,13487,9241.0
2025,7,19790,12478,13495,6527.0
2025,7,19790,12478,13891,24.0
2025,7,19790,12478,14027,7667.0
2025,7,19790,12478,14057,10443.0
2025,7,19790,12478,14107,13285.0
2025,7,19790,12478,14635,3875.0
2025,7,19790,12478,14679,14759.0
2025,7,19790,12478,14683,4094.0
2025,7,19790,12478,14685,12.0
2025,7,19790,12478,14747,22037.0
2025,7,19790,12478,14771,35131.0
2025,7,19790,12478,14843,17182.0
2025,7,19790,12478,14869,21133.0
2025,7,19790,12478,15024,5344.0
2025,7,19790,12478,15304,14374.0
2025,7,19790,12953,10397,72770.0
2025,7,19790,12953,10693,2589.0
2025,7,19790,12953,10721,5380.0
2025,7,19790,12953,10994,3582.0
2025,7,19790,12953,11066,32.0
2025,7,19790,12953,11109,144.0
2025,7,19790,12953,11292,11703.0
2025,7,19790,12953,11298,17481.0
2025,7,19790,12953,11433,28024.0
2025,7,19790,12953,11697,20120.0
2025,7,19790,12953,12266,12257.0
2025,7,19790,12953,12451,467.0
2025,7,19790,12953,13198,7521.0
2025,7,19790,12953,13204,25805.0
2025,7,19790,12953,13303,22209.0
2025,7,19790,12953,13342,6.0
2025,7,19790,12953,13487,24646.0
2025,7,19790,12953,13495,7759.0
2025,7,19790,12953,13577,4372.0
2025,7,19790,12953,13851,1.0
2025,7,19790,12953,13930,24561.0
2025,7,19790,12953,14027,16624.0
2025,7,19790,12953,14635,6706.0
2025,7,19790,12953,14986,3637.0
2025,7,19790,12953,15304,17176.0
2025,7,19790,12953,15380,1130.0
2025,7,19805,11618,11057,20280.0
2025,7,19805,11618,11298,19076.0
2025,7,19805,11618,13303,18305.0
2025,7,19805,11618,13930,8118.0
2025,7,19805,11618,14107,15148.0
2025,7,19805,12478,10423,9139.0
2025,7,19805,12478,11057,22562.0
2025,7,19805,12478,11298,19238.0
2025,7,19805,12478,12889,4830.0
2025,7,19805,12478,12892,25402.0
2025,7,19805,12478,13303,39749.0
2025,7,19805,12478,13930,6579.0
2025,7,19805,12478,14107,14897.0
2025,7,19805,12478,14771,11077.0
2025,7,19805,12478,14908,2869.0
2025,7,19805,12478,15024,3291.0
2025,7,19805,12953,10693,46.0
2025,7,19805,12953,10849,394.0
2025,7,19805,12953,11057,36497.0
2025,7,19805,12953,11298,54614.0
2025,7,19805,12953,11648,516.0
2025,7,19805,12953,13204,9099.0
2025,7,19805,12953,13303,43389.0
2025,7,19805,12953,13495,3895.0
2025,7,19805,12953,13930,38893.0
2025,7,19805,12953,15304,8116.0
2025,7,19805,12953,15370,23.0
2025,7,19821,12478,10721,233.0
2025,7,19821,12478,12264,320.0
2025,7,19930,11618,12892,9906.0
2025,7,19930,11618,14004,149.0
2025,7,19930,11618,14057,4540.0
2025,7,19930,11618,14679,4066.0
2025,7,19930,11618,14747,13722.0
2025,7,19930,11618,14771,10352.0
2025,7,19930,12478,10299,4068.0
2025,7,19930,12478,10713,168.0
2025,7,19930,12478,11884,174.0
2025,7,19930,12478,14057,4311.0
2025,7,19930,12478,14679,9368.0
2025,7,19930,12478,14747,19654.0
2025,7,19930,12478,14771,15372.0
2025,7,19977,11618,10136,0.0
2025,7,19977,11618,10140,0.0
2025,7,19977,11618,10299,3833.0
2025,7,19977,11618,10397,20427.0
2025,7,19977,11618,10423,19863.0
2025,7,19977,11618,10693,19962.0
2025,7,19977,11618,10721,25587.0
2025,7,19977,11618,10732,4774.0
2025,7,19977,11618,10792,2560.0
2025,7,19977,11618,10849,8199.0
2025,7,19977,11618,10994,3671.0
2025,7,19977,11618,11042,13161.0
2025,7,19977,11618,11057,12462.0
2025,7,19977,11618,11109,0.0
2025,7,19977,11618,11292,50853.0
2025,7,19977,11618,11298,16055.0
2025,7,19977,11618,11423,0.0
2025,7,19977,11618,11433,2741.0
2025,7,19977,11618,11624,3304.0
2025,7,19977,11618,11697,23825.0
2025,7,19977,11618,11775,0.0
2025,7,19977,11618,11884,74.0
2025,7,19977,11618,12264,14667.0
2025,7,19977,11618,12266,48107.0
2025,7,19977,11618,12280,95.0
2025,7,19977,11618,12339,0.0
2025,7,19977,11618,12441,2561.0
2025,7,19977,11618,12451,13362.0
2025,7,19977,11618,12889,28114.0
2025,7,19977,11618,12892,61707.0
2025,7,19977,11618,12953,0.0
2025,7,19977,11618,13198,3675.0
2025,7,19977,11618,13204,44572.0
2025,7,19977,11618,13256,0.0
2025,7,19977,11618,13264,25.0
2025,7,19977,11618,13303,23435.0
2025,7,19977,11618,13487,8353.0
2025,7,19977,11618,13495,6636.0
2025,7,19977,11618,13577,3385.0
2025,7,19977,11618,13871,0.0
2025,7,19977,11618,13891,16.0
2025,7,19977,11618,13930,58957.0
2025,7,19977,11618,13931,2980.0
2025,7,19977,11618,14027,22589.0
2025,7,19977,11618,14057,8852.0
2025,7,19977,11618,14107,17455.0
2025,7,19977,11618,14321,2989.0
2025,7,19977,11618,14457,0.0
2025,7,19977,11618,14492,16859.0
2025,7,19977,11618,14635,14887.0
2025,7,19977,11618,14679,18747.0
2025,7,19977,11618,14683,3643.0
2025,7,19977,11618,14685,6437.0
2025,7,19977,11618,14747,20187.0
2025,7,19977,11618,14771,67934.0
2025,7,19977,11618,14814,0.0
2025,7,19977,11618,14843,16820.0
2025,7,19977,11618,14869,3777.0
2025,7,19977,11618,14893,4629.0
2025,7,19977,11618,14908,12157.0
2025,7,19977,11618,14986,7692.0
2025,7,19977,11618,15024,1229.0
2025,7,19977,11618,15304,27677.0
2025,7,19977,11618,15370,0.0
2025,7,19977,12953,10140,0.0
2025,7,19977,12953,10397,27.0
2025,7,19977,12953,10423,2.0
2025,7,19977,12953,10558,0.0
2025,7,19977,12953,11042,2.0
2025,7,19977,12953,11193,8.0
2025,7,19977,12953,11292,25952.0
2025,7,19977,12953,11618,0.0
2025,7,19977,12953,11921,0.0
2025,7,19977,12953,11986,19.0
2025,7,19977,12953,12266,34377.0
2025,7,19977,12953,13198,10.0
2025,7,19977,12953,13204,41.0
2025,7,19977,12953,13244,0.0
2025,7,19977,12953,13495,0.0
2025,7,19977,12953,13930,62364.0
2025,7,19977,12953,14057,29.0
2025,7,19977,12953,14635,4.0
2025,7,19977,12953,14679,25.0
2025,7,19977,12953,14747,13.0
2025,7,19977,12953,15412,3.0
2025,7,19977,15070,11618,0.0
2025,7,19977,15070,11697,0.0
2025,7,20207,12391,12323,946.0
2025,7,20207,12391,12544,1144.0
2025,7,20207,12391,12882,793.0
2025,7,20253,12197,10154,0.0
2025,7,20253,12197,12250,3.0
2025,7,20253,12197,12932,244.0
2025,7,20253,12197,13541,149.0
2025,7,20253,12197,14306,68.0
2025,7,20253,12391,10721,432.0
2025,7,20253,12478,10154,0.0
2025,7,20253,12478,12250,0.0
2025,7,20253,12478,13541,0.0
2025,7,20253,12478,14875,161.0
2025,7,20304,12197,11433,2206.0
2025,7,20304,12953,10693,1836.0
2025,7,20304,12953,13851,1416.0
2025,7,20304,12953,14122,1647.0
2025,7,20304,12953,14576,1756.0
2025,7,20304,12953,14730,1746.0
2025,7,20363,11618,11193,1920.0
2025,7,20363,11618,11433,70.0
2025,7,20363,11618,14492,3647.0
2025,7,20363,12197,10397,7210.0
2025,7,20363,12197,11433,1681.0
2025,7,20363,12478,10581,2027.0
2025,7,20363,12478,10693,7286.0
2025,7,20363,12478,10785,3084.0
2025,7,20363,12478,10792,7039.0
2025,7,20363,12478,10994,5630.0
2025,7,20363,12478,11042,4678.0
2025,7,20363,12478,11057,6942.0
2025,7,20363,12478,11066,72.0
2025,7,20363,12478,11193,5285.0
2025,7,20363,12478,11433,2091.0
2025,7,20363,12478,12264,3205.0
2025,7,20363,12478,12339,5233.0
2025,7,20363,12478,12397,2951.0
2025,7,20363,12478,12451,3702.0
2025,7,20363,12478,13198,1706.0
2025,7,20363,12478,13342,1700.0
2025,7,20363,12478,13930,5515.0
2025,7,20363,12478,13931,5071.0
2025,7,20363,12478,14122,1961.0
2025,7,20363,12478,14321,2872.0
2025,7,20363,12478,14492,9177.0
2025,7,20363,12478,14524,4787.0
2025,7,20363,12478,14576,5165.0
2025,7,20363,12478,14685,5654.0
2025,7,20363,12478,15096,5105.0
2025,7,20363,12953,10257,2872.0
2025,7,20363,12953,10397,45.0
2025,7,20363,12953,10431,3293.0
2025,7,20363,12953,10581,5746.0
2025,7,20363,12953,10599,4538.0
2025,7,20363,12953,10693,3649.0
2025,7,20363,12953,10785,3357.0
2025,7,20363,12953,10792,1834.0
2025,7,20363,12953,10868,3012.0
2025,7,20363,12953,10980,1177.0
2025,7,20363,12953,10990,2911.0
2025,7,20363,12953,10994,1640.0
2025,7,20363,12953,11042,7752.0
2025,7,20363,12953,11057,4799.0
2025,7,20363,12953,11066,1751.0
2025,7,20363,12953,11193,9457.0
2025,7,20363,12953,11267,1356.0
2025,7,20363,12953,11423,3141.0
2025,7,20363,12953,11481,524.0
2025,7,20363,12953,11995,2665.0
2025,7,20363,12953,11996,5732.0
2025,7,20363,12953,12217,1353.0
2025,7,20363,12953,12323,4879.0
2025,7,20363,12953,12339,1980.0
2025,7,20363,12953,12451,7085.0
2025,7,20363,12953,12945,1349.0
2025,7,20363,12953,12992,1425.0
2025,7,20363,12953,13244,2799.0
2025,7,20363,12953,13342,1972.0
2025,7,20363,12953,13485,1787.0
2025,7,20363,12953,13577,261.0
2025,7,20363,12953,13871,4172.0
2025,7,20363,12953,13931,1313.0
2025,7,20363,12953,13933,799.0
2025,7,20363,12953,14122,198.0
2025,7,20363,12953,14193,817.0
2025,7,20363,12953,14321,5883.0
2025,7,20363,12953,14492,8569.0
2025,7,20363,12953,14524,4029.0
2025,7,20363,12953,14574,833.0
2025,7,20363,12953,14576,3091.0
2025,7,20363,12953,14685,3918.0
2025,7,20363,12953,14730,68.0
2025,7,20363,12953,15016,7065.0
2025,7,20363,12953,15096,4530.0
2025,7,20363,12953,15370,1146.0
2025,7,20363,12953,15380,1261.0
2025,7,20363,12953,15412,4792.0
2025,7,20363,12953,15919,2536.0
2025,7,20368,11618,10408,1479.0
2025,7,20368,11618,10431,2940.0
2025,7,20368,11618,11193,1173.0
2025,7,20368,11618,11423,1499.0
2025,7,20368,11618,11721,657.0
2025,7,20368,11618,11986,1418.0
2025,7,20368,11618,15412,2629.0
2025,7,20368,11618,15624,2338.0
2025,7,20368,15070,11697,1343.0
2025,7,20368,15070,13577,3313.0
2025,7,20368,15070,14082,1203.0
2025,7,20368,15070,14112,1599.0
2025,7,20368,15070,14761,1400.0
2025,7,20378,12953,12264,4280.0
2025,7,20397,12197,11057,6446.0
2025,7,20397,12197,11278,4809.0
2025,7,20398,11618,13930,3734.0
2025,7,20398,12197,13930,7048.0
2025,7,20409,11618,11697,12100.0
2025,7,20409,11618,12478,889.0
2025,7,20409,11618,12892,11026.0
2025,7,20409,11618,13204,15568.0
2025,7,20409,11618,14027,8592.0
2025,7,20409,11618,14635,4279.0
2025,7,20409,11618,14843,10668.0
2025,7,20409,11618,15304,8409.0
2025,7,20409,12197,10154,4170.0
2025,7,20409,12197,11252,160.0
2025,7,20409,12197,11697,8736.0
2025,7,20409,12197,12451,311.0
2025,7,20409,12197,13204,15202.0
2025,7,20409,12197,14027,14134.0
2025,7,20409,12197,14635,7569.0
2025,7,20409,12197,14843,4146.0
2025,7,20409,12197,15304,4679.0
2025,7,20409,12391,11697,4666.0
2025,7,20409,12391,12478,270.0
2025,7,20409,12391,13204,4766.0
2025,7,20409,12391,14027,4458.0
2025,7,20409,12391,15304,310.0
2025,7,20409,12478,10140,4373.0
2025,7,20409,12478,10154,4787.0
2025,7,20409,12478,10397,12433.0
2025,7,20409,12478,10529,1546.0
2025,7,20409,12478,10693,6655.0
2025,7,20409,12478,10721,20637.0
2025,7,20409,12478,10732,8585.0
2025,7,20409,12478,10792,13952.0
2025,7,20409,12478,10800,3777.0
2025,7,20409,12478,10849,2528.0
2025,7,20409,12478,10994,7479.0
2025,7,20409,12478,11278,2070.0
2025,7,20409,12478,11292,8277.0
2025,7,20409,12478,11433,3271.0
2025,7,20409,12478,11618,777.0
2025,7,20409,12478,11697,25172.0
2025,7,20409,12478,12197,65.0
2025,7,20409,12478,12217,126.0
2025,7,20409,12478,12250,2347.0
2025,7,20409,12478,12451,7763.0
2025,7,20409,12478,12889,15931.0
2025,7,20409,12478,12892,42698.0
2025,7,20409,12478,13204,34672.0
2025,7,20409,12478,13296,1208.0
2025,7,20409,12478,13495,3841.0
2025,7,20409,12478,13541,4908.0
2025,7,20409,12478,13891,4900.0
2025,7,20409,12478,13930,7509.0
2025,7,20409,12478,13931,191.0
2025,7,20409,12478,14027,11678.0
2025,7,20409,12478,14107,4284.0
2025,7,20409,12478,14122,2047.0
2025,7,20409,12478,14254,3780.0
2025,7,20409,12478,14307,1277.0
2025,7,20409,12478,14321,4987.0
2025,7,20409,12478,14492,12350.0
2025,7,20409,12478,14524,145.0
2025,7,20409,12478,14570,3887.0
2025,7,20409,12478,14576,6644.0
2025,7,20409,12478,14635,8483.0
2025,7,20409,12478,14679,8404.0
2025,7,20409,12478,14685,5811.0
2025,7,20409,12478,14747,5365.0
2025,7,20409,12478,14771,23166.0
2025,7,20409,12478,14843,35355.0
2025,7,20409,12478,14869,4236.0
2025,7,20409,12478,14893,5171.0
2025,7,20409,12478,14986,3881.0
2025,7,20409,12478,15096,3241.0
2025,7,20409,12478,15304,12971.0
2025,7,20409,12953,10154,1799.0
2025,7,20409,12953,11697,17423.0
2025,7,20409,12953,13204,17389.0
2025,7,20409,12953,14027,8024.0
2025,7,20409,12953,15304,8818.0
2025,7,20416,11618,10397,5067.0
2025,7,20416,11618,10423,4393.0
2025,7,20416,11618,10599,2154.0
2025,7,20416,11618,10693,2380.0
2025,7,20416,11618,10868,1989.0
2025,7,20416,11618,10980,1148.0
2025,7,20416,11618,10994,2850.0
2025,7,20416,11618,11057,4363.0
2025,7,20416,11618,11066,807.0
2025,7,20416,11618,11298,5767.0
2025,7,20416,11618,11433,8076.0
2025,7,20416,11618,11697,15824.0
2025,7,20416,11618,12266,5104.0
2025,7,20416,11618,12339,4536.0
2025,7,20416,11618,12889,9655.0
2025,7,20416,11618,12892,5436.0
2025,7,20416,11618,13204,16288.0
2025,7,20416,11618,13303,4702.0
2025,7,20416,11618,13495,481.0
2025,7,20416,11618,13577,4207.0
2025,7,20416,11618,13930,1265.0
2025,7,20416,11618,14122,2234.0
2025,7,20416,11618,14492,2730.0
2025,7,20416,11618,14683,315.0
2025,7,20416,11618,14730,983.0
2025,7,20416,11618,14843,1710.0
2025,7,20416,12953,10397,718.0
2025,7,20416,12953,11057,5501.0
2025,7,20416,12953,11066,3833.0
2025,7,20416,12953,11298,5536.0
2025,7,20416,12953,11433,13417.0
2025,7,20416,12953,11697,10790.0
2025,7,20416,12953,12266,6500.0
2025,7,20416,12953,13204,12009.0
2025,7,20416,12953,13303,5240.0
2025,7,20416,12953,13577,4898.0
2025,7,20416,12953,13930,4521.0
2025,7,20416,12953,13931,444.0
2025,7,20416,12953,14524,198.0
2025,7,20422,11618,13487,4695.0
2025,7,20422,12478,13487,5399.0
2025,7,20436,11618,10397,11014.0
2025,7,20436,11618,14843,6225.0
2025,7,20436,12391,13204,5586.0
2025,7,20436,12391,13577,2753.0
2025,7,20436,12391,14027,374.0
2025,7,20436,12391,15304,5336.0
2025,7,20436,12478,10397,10373.0
2025,7,20436,12478,11298,6395.0
2025,7,20436,12478,12889,6415.0
2025,7,20436,12478,12892,6772.0
2025,7,20436,12478,13204,6696.0
2025,7,20436,12478,13303,5312.0
2025,7,20436,12478,14843,10974.0
2025,7,20436,12478,15304,5552.0
2025,7,20436,12953,10397,10257.0
2025,7,20436,12953,11042,5404.0
2025,7,20436,12953,11057,5493.0
2025,7,20436,12953,11292,4761.0
2025,7,20436,12953,11298,5737.0
2025,7,20436,12953,14492,5404.0
2025,7,20452,11618,10257,0.0
2025,7,20452,11618,10397,956.0
2025,7,20452,11618,10581,5079.0
2025,7,20452,11618,10693,520.0
2025,7,20452,11618,10721,5113.0
2025,7,20452,11618,10785,4975.0
2025,7,20452,11618,10792,1607.0
2025,7,20452,11618,10994,3526.0
2025,7,20452,11618,11042,3889.0
2025,7,20452,11618,11057,2259.0
2025,7,20452,11618,11066,9118.0
2025,7,20452,11618,11193,3571.0
2025,7,20452,11618,11278,44.0
2025,7,20452,11618,11298,558.0
2025,7,20452,11618,11433,7196.0
2025,7,20452,11618,11986,3868.0
2025,7,20452,11618,11996,4888.0
2025,7,20452,11618,12124,1624.0
2025,7,20452,11618,12264,229.0
2025,7,20452,11618,12339,8743.0
2025,7,20452,11618,12451,1507.0
2025,7,20452,11618,13198,1692.0
2025,7,20452,11618,13244,3047.0
2025,7,20452,11618,13342,5042.0
2025,7,20452,11618,13485,1760.0
2025,7,20452,11618,13495,260.0
2025,7,20452,11618,13577,1717.0
2025,7,20452,11618,13931,1144.0
2025,7,20452,11618,14122,6898.0
2025,7,20452,11618,14321,5640.0
2025,7,20452,11618,14492,236.0
2025,7,20452,11618,14524,1785.0
2025,7,20452,11618,14576,2896.0
2025,7,20452,11618,14685,297.0
2025,7,20452,11618,14730,3984.0
2025,7,20452,11618,15016,5421.0
2025,7,20452,11618,15096,2830.0
2025,7,20452,12478,10154,1550.0
2025,7,20452,12478,10693,3819.0
2025,7,20452,12478,10721,12797.0
2025,7,20452,12478,10821,0.0
2025,7,20452,12478,11042,3486.0
2025,7,20452,12478,11057,1838.0
2025,7,20452,12478,11066,8563.0
2025,7,20452,12478,11193,4081.0
2025,7,20452,12478,11278,8435.0
2025,7,20452,12478,12339,5395.0
2025,7,20452,12478,12451,214.0
2025,7,20452,12478,12945,12.0
2025,7,20452,12478,13541,1557.0
2025,7,20452,12478,13930,1306.0
2025,7,20452,12478,13931,3340.0
2025,7,20452,12478,13933,104.0
2025,7,20452,12478,14122,6324.0
2025,7,20452,12478,14492,7455.0
2025,7,20452,12478,14524,2.0
2025,7,20452,12478,14730,0.0
2025,7,20452,12953,10154,5750.0
2025,7,20452,12953,10431,2559.0
2025,7,20452,12953,10581,3676.0
2025,7,20452,12953,10693,8649.0
2025,7,20452,12953,10721,28722.0
2025,7,20452,12953,10792,8683.0
2025,7,20452,12953,10868,2160.0
2025,7,20452,12953,10874,0.0
2025,7,20452,12953,10990,1546.0
2025,7,20452,12953,10994,3665.0
2025,7,20452,12953,11042,4823.0
2025,7,20452,12953,11057,4684.0
2025,7,20452,12953,11066,12082.0
2025,7,20452,12953,11193,3914.0
2025,7,20452,12953,11267,783.0
2025,7,20452,12953,11278,21719.0
2025,7,20452,12953,11423,1055.0
2025,7,20452,12953,11433,4054.0
2025,7,20452,12953,11986,6574.0
2025,7,20452,12953,11995,6458.0
2025,7,20452,12953,11996,3435.0
2025,7,20452,12953,12124,1585.0
2025,7,20452,12953,12250,1587.0
2025,7,20452,12953,12264,2219.0
2025,7,20452,12953,12278,0.0
2025,7,20452,12953,12323,4413.0
2025,7,20452,12953,12339,12297.0
2025,7,20452,12953,12992,1255.0
2025,7,20452,12953,13244,4743.0
2025,7,20452,12953,13342,4347.0
2025,7,20452,12953,13485,764.0
2025,7,20452,12953,13487,2777.0
2025,7,20452,12953,13495,282.0
2025,7,20452,12953,13541,5759.0
2025,7,20452,12953,13577,273.0
2025,7,20452,12953,13851,3040.0
2025,7,20452,12953,13871,2199.0
2025,7,20452,12953,13930,1204.0
2025,7,20452,12953,13931,8277.0
2025,7,20452,12953,14027,1043.0
2025,7,20452,12953,14122,13452.0
2025,7,20452,12953,14307,3.0
2025,7,20452,12953,14321,4681.0
2025,7,20452,12953,14492,13203.0
2025,7,20452,12953,14524,7825.0
2025,7,20452,12953,14574,1547.0
2025,7,20452,12953,14576,0.0
2025,7,20452,12953,14685,928.0
2025,7,20452,12953,14730,5067.0
2025,7,20452,12953,14986,269.0
2025,7,20452,12953,15016,5845.0
2025,7,20452,12953,15370,1513.0
2025,7,20452,12953,15380,211.0
2025,7,20452,12953,15412,3415.0
2025,7,20452,12953,15919,3350.0
2025,7,20500,11618,10154,2373.0
2025,7,20500,11618,10431,1341.0
2025,7,20500,11618,10581,131.0
2025,7,20500,11618,10792,1227.0
2025,7,20500,11618,11042,137.0
2025,7,20500,11618,11066,134.0
2025,7,20500,11618,11193,1413.0
2025,7,20500,11618,11278,9750.0
2025,7,20500,11618,11995,2308.0
2025,7,20500,11618,11996,81.0
2025,7,20500,11618,12264,1061.0
2025,7,20500,11618,12323,1997.0
2025,7,20500,11618,13931,2474.0
2025,7,20500,11618,14122,2202.0
2025,7,20500,11618,14524,3885.0
2025,7,20500,11618,14576,1346.0
2025,7,20500,11618,14730,46.0
2025,7,20500,11618,15096,174.0
2025,7,20500,11618,15380,2261.0
2025,7,21080,12197,10154,1217.0
2025,7,21080,12197,13541,537.0
2025,7,22080,11618,11146,1219.0
2025,7,22080,12197,10994,2064.0
2025,7,22080,12197,11996,541.0
2025,7,22080,12197,13577,1973.0
2025,7,22080,12197,14492,1926.0
2025,7,22080,12197,14685,641.0
2025,7,22080,12197,15628,2787.0
2025,7,22080,12391,10994,1928.0
2025,7,22080,12391,13931,1432.0
2025,7,22080,12391,14492,1298.0
2025,7,22080,12391,14524,629.0
2025,7,22080,12391,14635,1163.0
2025,7,22080,12391,15628,958.0
2025,7,22080,15070,10994,1001.0
2025,7,22080,15070,13204,1750.0
2025,8,19393,12391,10693,30.0
2025,8,19393,12391,10821,13764.0
2025,8,19393,12391,11066,11.0
2025,8,19393,12391,11259,11.0
2025,8,19393,12391,11292,43.0
2025,8,19393,12391,13204,9131.0
2025,8,19393,12391,13303,310.0
2025,8,19393,12391,14027,8199.0
2025,8,19393,12391,14107,2.0
2025,8,19393,12391,14492,23.0
2025,8,19393,12391,14986,24.0
2025,8,19393,12391,15016,41.0
2025,8,19393,12391,15304,1183.0
2025,8,19393,12953,10397,16017.0
2025,8,19393,12953,10423,81.0
2025,8,19393,12953,10693,16861.0
2025,8,19393,12953,10800,426.0
2025,8,19393,12953,11259,16490.0
2025,8,19393,12953,11292,17376.0
2025,8,19393,12953,11481,7.0
2025,8,19393,12953,11540,84.0
2025,8,19393,12953,11603,6.0
2025,8,19393,12953,11697,7.0
2025,8,19393,12953,11986,2.0
2025,8,19393,12953,12191,16534.0
2025,8,19393,12953,12889,13.0
2025,8,19393,12953,12892,58.0
2025,8,19393,12953,13198,6560.0
2025,8,19393,12953,13204,112.0
2025,8,19393,12953,13232,29757.0
2025,8,19393,12953,13495,3704.0
2025,8,19393,12953,13851,7.0
2025,8,19393,12953,14057,1.0
2025,8,19393,12953,14107,29.0
2025,8,19393,12953,14570,7.0
2025,8,19393,12953,14679,79.0
2025,8,19393,12953,14730,2.0
2025,8,19393,12953,14831,109.0
2025,8,19393,12953,14869,3.0
2025,8,19393,12953,14893,2.0
2025,8,19393,12953,15016,15926.0
2025,8,19690,12478,12173,8196.0
2025,8,19790,11618,10397,43796.0
2025,8,19790,11618,10868,7.0
2025,8,19790,11618,11057,16.0
2025,8,19790,11618,11433,15904.0
2025,8,19790,11618,13487,13538.0
2025,8,19790,11618,14869,9796.0
2025,8,19790,12197,10397,6067.0
2025,8,19790,12478,10397,33237.0
2025,8,19790,12478,10423,16190.0
2025,8,19790,12478,10721,2696.0
2025,8,19790,12478,10849,1055.0
2025,8,19790,12478,10868,11.0
2025,8,19790,12478,10994,2.0
2025,8,19790,12478,11066,1.0
2025,8,19790,12478,11292,13039.0
2025,8,19790,12478,11298,4924.0
2025,8,19790,12478,11433,10763.0
2025,8,19790,12478,11697,20033.0
2025,8,19790,12478,12173,5839.0
2025,8,19790,12478,12451,2625.0
2025,8,19790,12478,12889,23496.0
2025,8,19790,12478,12892,56328.0
2025,8,19790,12478,13204,26505.0
2025,8,19790,12478,13303,18639.0
2025,8,19790,12478,13487,9064.0
2025,8,19790,12478,13495,6247.0
2025,8,19790,12478,14027,7903.0
2025,8,19790,12478,14057,10561.0
2025,8,19790,12478,14107,12620.0
2025,8,19790,12478,14635,3293.0
2025,8,19790,12478,14679,14255.0
2025,8,19790,12478,14683,3775.0
2025,8,19790,12478,14747,21885.0
2025,8,19790,12478,14771,33900.0
2025,8,19790,12478,14843,16654.0
2025,8,19790,12478,14869,20236.0
2025,8,19790,12478,15024,1175.0
2025,8,19790,12478,15249,3.0
2025,8,19790,12478,15304,14144.0
2025,8,19790,12953,10397,69275.0
2025,8,19790,12953,10693,2308.0
2025,8,19790,12953,10721,6874.0
2025,8,19790,12953,10994,3883.0
2025,8,19790,12953,11057,1.0
2025,8,19790,12953,11233,11.0
2025,8,19790,12953,11292,11955.0
2025,8,19790,12953,11298,16787.0
2025,8,19790,12953,11433,28884.0
2025,8,19790,12953,11697,21379.0
2025,8,19790,12953,11921,2.0
2025,8,19790,12953,12264,48.0
2025,8,19790,12953,12266,12237.0
2025,8,19790,12953,12278,3.0
2025,8,19790,12953,12339,66.0
2025,8,19790,12953,12451,233.0
2025,8,19790,12953,13198,7150.0
2025,8,19790,12953,13204,26442.0
2025,8,19790,12953,13303,22724.0
2025,8,19790,12953,13485,247.0
2025,8,19790,12953,13487,24470.0
2025,8,19790,12953,13495,7598.0
2025,8,19790,12953,13577,4112.0
2025,8,19790,12953,13930,25270.0
2025,8,19790,12953,14027,17425.0
2025,8,19790,12953,14492,3.0
2025,8,19790,12953,14635,6505.0
2025,8,19790,12953,14683,2.0
2025,8,19790,12953,14685,1.0
2025,8,19790,12953,14986,3392.0
2025,8,19790,12953,15304,18069.0
2025,8,19790,12953,15370,1.0
2025,8,19790,12953,15380,871.0
2025,8,19805,11618,11057,20164.0
2025,8,19805,11618,11298,19347.0
2025,8,19805,11618,13204,3.0
2025,8,19805,11618,13303,19112.0
2025,8,19805,11618,13930,9097.0
2025,8,19805,11618,14107,12874.0
2025,8,19805,12478,10423,9271.0
2025,8,19805,12478,11057,17918.0
2025,8,19805,12478,11298,18273.0
2025,8,19805,12478,12889,4691.0
2025,8,19805,12478,12892,25223.0
2025,8,19805,12478,13303,33621.0
2025,8,19805,12478,13930,1187.0
2025,8,19805,12478,14107,14375.0
2025,8,19805,12478,14771,11297.0
2025,8,19805,12478,14908,2915.0
2025,8,19805,12478,15024,3287.0
2025,8,19805,12953,10849,782.0
2025,8,19805,12953,11057,37098.0
2025,8,19805,12953,11298,53979.0
2025,8,19805,12953,11648,753.0
2025,8,19805,12953,13204,9603.0
2025,8,19805,12953,13303,46139.0
2025,8,19805,12953,13495,3784.0
2025,8,19805,12953,13930,37731.0
2025,8,19805,12953,15304,7921.0
2025,8,19930,11618,12892,9931.0
2025,8,19930,11618,14057,5102.0
2025,8,19930,11618,14679,4308.0
2025,8,19930,11618,14747,16955.0
2025,8,19930,11618,14771,9860.0
2025,8,19930,12478,10299,2676.0
2025,8,19930,12478,14057,5043.0
2025,8,19930,12478,14679,9570.0
2025,8,19930,12478,14747,20365.0
2025,8,19930,12478,14771,15143.0
2025,8,19977,11618,10140,8.0
2025,8,19977,11618,10299,4116.0
2025,8,19977,11618,10397,18937.0
2025,8,19977,11618,10423,16661.0
2025,8,19977,11618,10466,0.0
2025,8,19977,11618,10558,0.0
2025,8,19977,11618,10693,15317.0
2025,8,19977,11618,10721,26272.0
2025,8,19977,11618,10732,4653.0
2025,8,19977,11618,10792,1949.0
2025,8,19977,11618,10800,0.0
2025,8,19977,11618,10849,9421.0
2025,8,19977,11618,10994,3258.0
2025,8,19977,11618,11042,14424.0
2025,8,19977,11618,11057,10980.0
2025,8,19977,11618,11292,50967.0
2025,8,19977,11618,11298,16413.0
2025,8,19977,11618,11423,40.0
2025,8,19977,11618,11433,1598.0
2025,8,19977,11618,11624,2133.0
2025,8,19977,11618,11697,25230.0
2025,8,19977,11618,12264,15128.0
2025,8,19977,11618,12266,46398.0
2025,8,19977,11618,12278,0.0
2025,8,19977,11618,12339,0.0
2025,8,19977,11618,12441,3134.0
2025,8,19977,11618,12451,12490.0
2025,8,19977,11618,12889,29787.0
2025,8,19977,11618,12892,60266.0
2025,8,19977,11618,12953,0.0
2025,8,19977,11618,13198,1613.0
2025,8,19977,11618,13204,43527.0
2025,8,19977,11618,13244,88.0
2025,8,19977,11618,13264,4.0
2025,8,19977,11618,13303,23053.0
2025,8,19977,11618,13485,1738.0
2025,8,19977,11618,13487,10919.0
2025,8,19977,11618,13495,6802.0
2025,8,19977,11618,13502,1.0
2025,8,19977,11618,13577,3496.0
2025,8,19977,11618,13851,0.0
2025,8,19977,11618,13891,8.0
2025,8,19977,11618,13930,60557.0
2025,8,19977,11618,13931,2443.0
2025,8,19977,11618,14027,22482.0
2025,8,19977,11618,14057,8612.0
2025,8,19977,11618,14107,16474.0
2025,8,19977,11618,14321,1512.0
2025,8,19977,11618,14492,17116.0
2025,8,19977,11618,14512,0.0
2025,8,19977,11618,14570,247.0
2025,8,19977,11618,14635,14534.0
2025,8,19977,11618,14679,17968.0
2025,8,19977,11618,14683,3742.0
2025,8,19977,11618,14685,5617.0
2025,8,19977,11618,14747,20101.0
2025,8,19977,11618,14771,67577.0
2025,8,19977,11618,14814,0.0
2025,8,19977,11618,14843,16591.0
2025,8,19977,11618,14869,4596.0
2025,8,19977,11618,14893,4722.0
2025,8,19977,11618,14908,12587.0
2025,8,19977,11618,14986,7961.0
2025,8,19977,11618,15024,1013.0
2025,8,19977,11618,15304,27285.0
2025,8,19977,12953,10140,5.0
2025,8,19977,12953,10257,0.0
2025,8,19977,12953,10423,2.0
2025,8,19977,12953,10693,0.0
2025,8,19977,12953,11042,0.0
2025,8,19977,12953,11193,5.0
2025,8,19977,12953,11292,26003.0
2025,8,19977,12953,11618,0.0
2025,8,19977,12953,12094,25.0
2025,8,19977,12953,12266,32425.0
2025,8,19977,12953,12339,0.0
2025,8,19977,12953,12889,16.0
2025,8,19977,12953,12892,1.0
2025,8,19977,12953,13198,11.0
2025,8,19977,12953,13204,0.0
2025,8,19977,12953,13485,3.0
2025,8,19977,12953,13495,1.0
2025,8,19977,12953,13930,61044.0
2025,8,19977,12953,14057,58.0
2025,8,19977,12953,14635,2.0
2025,8,19977,12953,14679,36.0
2025,8,19977,12953,14747,11.0
2025,8,19977,12953,14771,10.0
2025,8,19977,12953,14893,38.0
2025,8,19977,12953,14908,0.0
2025,8,19977,15070,11618,0.0
2025,8,20207,12391,12323,1165.0
2025,8,20207,12391,12544,1247.0
2025,8,20207,12391,12882,902.0
2025,8,20253,12197,10154,0.0
2025,8,20253,12197,12250,0.0
2025,8,20253,12197,12932,319.0
2025,8,20253,12197,13541,203.0
2025,8,20253,12197,14306,113.0
2025,8,20253,12391,10721,536.0
2025,8,20253,12478,10154,0.0
2025,8,20253,12478,12250,0.0
2025,8,20253,12478,13541,0.0
2025,8,20253,12478,14875,178.0
2025,8,20304,12197,11433,822.0
2025,8,20304,12953,10693,2029.0
2025,8,20304,12953,13487,55.0
2025,8,20304,12953,13851,1663.0
2025,8,20304,12953,14122,1642.0
2025,8,20304,12953,14576,1701.0
2025,8,20304,12953,14730,423.0
2025,8,20304,12953,15016,1400.0
2025,8,20363,11618,11193,2004.0
2025,8,20363,11618,14492,3639.0
2025,8,20363,12197,10397,7294.0
2025,8,20363,12197,11433,3293.0
2025,8,20363,12478,10581,1897.0
2025,8,20363,12478,10693,7743.0
2025,8,20363,12478,10785,3153.0
2025,8,20363,12478,10792,8042.0
2025,8,20363,12478,10994,5920.0
2025,8,20363,12478,11042,5144.0
2025,8,20363,12478,11057,7010.0
2025,8,20363,12478,11193,5370.0
2025,8,20363,12478,11433,1867.0
2025,8,20363,12478,12264,3670.0
2025,8,20363,12478,12339,5216.0
2025,8,20363,12478,12397,3589.0
2025,8,20363,12478,12451,4068.0
2025,8,20363,12478,13198,1750.0
2025,8,20363,12478,13342,1893.0
2025,8,20363,12478,13930,5954.0
2025,8,20363,12478,13931,5469.0
2025,8,20363,12478,14122,1854.0
2025,8,20363,12478,14321,3077.0
2025,8,20363,12478,14492,9930.0
2025,8,20363,12478,14524,4554.0
2025,8,20363,12478,14576,5808.0
2025,8,20363,12478,14685,5637.0
2025,8,20363,12478,15096,5679.0
2025,8,20363,12953,10257,2634.0
2025,8,20363,12953,10431,3383.0
2025,8,20363,12953,10581,5766.0
2025,8,20363,12953,10599,5002.0
2025,8,20363,12953,10693,4759.0
2025,8,20363,12953,10785,3574.0
2025,8,20363,12953,10792,550.0
2025,8,20363,12953,10868,3321.0
2025,8,20363,12953,10980,1315.0
2025,8,20363,12953,10990,3089.0
2025,8,20363,12953,10994,1507.0
2025,8,20363,12953,11042,7943.0
2025,8,20363,12953,11057,5385.0
2025,8,20363,12953,11066,2873.0
2025,8,20363,12953,11193,9568.0
2025,8,20363,12953,11267,1409.0
2025,8,20363,12953,11423,3249.0
2025,8,20363,12953,11481,347.0
2025,8,20363,12953,11995,3096.0
2025,8,20363,12953,11996,6519.0
2025,8,20363,12953,12217,1314.0
2025,8,20363,12953,12323,5069.0
2025,8,20363,12953,12339,1967.0
2025,8,20363,12953,12451,7463.0
2025,8,20363,12953,12945,1635.0
2025,8,20363,12953,12992,1486.0
2025,8,20363,12953,13198,368.0
2025,8,20363,12953,13244,3047.0
2025,8,20363,12953,13342,1524.0
2025,8,20363,12953,13485,543.0
2025,8,20363,12953,13871,4210.0
2025,8,20363,12953,13931,1732.0
2025,8,20363,12953,13933,802.0
2025,8,20363,12953,14122,199.0
2025,8,20363,12953,14193,586.0
2025,8,20363,12953,14321,6155.0
2025,8,20363,12953,14492,9263.0
2025,8,20363,12953,14524,4759.0
2025,8,20363,12953,14574,1065.0
2025,8,20363,12953,14576,3767.0
2025,8,20363,12953,14685,3556.0
2025,8,20363,12953,14730,965.0
2025,8,20363,12953,15016,5493.0
2025,8,20363,12953,15096,5056.0
2025,8,20363,12953,15249,79.0
2025,8,20363,12953,15370,1242.0
2025,8,20363,12953,15380,1454.0
2025,8,20363,12953,15412,4793.0
2025,8,20363,12953,15919,2501.0
2025,8,20368,11618,10408,859.0
2025,8,20368,11618,10431,1885.0
2025,8,20368,11618,11193,1295.0
2025,8,20368,11618,11423,1468.0
2025,8,20368,11618,11721,830.0
2025,8,20368,11618,11986,492.0
2025,8,20368,11618,15412,2050.0
2025,8,20368,11618,15624,2037.0
2025,8,20368,15070,11697,1399.0
2025,8,20368,15070,13577,3489.0
2025,8,20368,15070,14082,1380.0
2025,8,20368,15070,14112,1555.0
2025,8,20368,15070,14761,1362.0
2025,8,20378,12953,12264,1156.0
2025,8,20397,12197,11057,5998.0
2025,8,20397,12197,11278,5302.0
2025,8,20398,11618,13303,74.0
2025,8,20398,11618,13930,4027.0
2025,8,20398,12197,13930,7174.0
2025,8,20409,11618,11292,137.0
2025,8,20409,11618,11697,12982.0
2025,8,20409,11618,12478,143.0
2025,8,20409,11618,12892,10156.0
2025,8,20409,11618,13204,17064.0
2025,8,20409,11618,14027,8783.0
2025,8,20409,11618,14635,3929.0
2025,8,20409,11618,14843,11689.0
2025,8,20409,11618,14986,287.0
2025,8,20409,11618,15304,8356.0
2025,8,20409,12197,10154,4552.0
2025,8,20409,12197,11252,161.0
2025,8,20409,12197,11697,8896.0
2025,8,20409,12197,12451,157.0
2025,8,20409,12197,13204,14993.0
2025,8,20409,12197,14027,13511.0
2025,8,20409,12197,14635,7386.0
2025,8,20409,12197,14843,3783.0
2025,8,20409,12197,15304,4642.0
2025,8,20409,12391,11697,4735.0
2025,8,20409,12391,12478,152.0
2025,8,20409,12391,13204,4497.0
2025,8,20409,12391,14027,4599.0
2025,8,20409,12478,10140,4034.0
2025,8,20409,12478,10154,5111.0
2025,8,20409,12478,10397,11840.0
2025,8,20409,12478,10529,1274.0
2025,8,20409,12478,10693,6449.0
2025,8,20409,12478,10721,20713.0
2025,8,20409,12478,10732,8501.0
2025,8,20409,12478,10792,14722.0
2025,8,20409,12478,10800,3841.0
2025,8,20409,12478,10849,2522.0
2025,8,20409,12478,10994,6659.0
2025,8,20409,12478,11278,1995.0
2025,8,20409,12478,11292,8106.0
2025,8,20409,12478,11433,3305.0
2025,8,20409,12478,11618,151.0
2025,8,20409,12478,11697,24962.0
2025,8,20409,12478,12250,2964.0
2025,8,20409,12478,12451,7189.0
2025,8,20409,12478,12889,15281.0
2025,8,20409,12478,12892,39735.0
2025,8,20409,12478,12953,157.0
2025,8,20409,12478,13204,33582.0
2025,8,20409,12478,13296,1360.0
2025,8,20409,12478,13495,3723.0
2025,8,20409,12478,13541,6597.0
2025,8,20409,12478,13891,4965.0
2025,8,20409,12478,13930,7397.0
2025,8,20409,12478,14027,12471.0
2025,8,20409,12478,14107,3867.0
2025,8,20409,12478,14122,2079.0
2025,8,20409,12478,14254,3571.0
2025,8,20409,12478,14307,1094.0
2025,8,20409,12478,14321,5605.0
2025,8,20409,12478,14492,9826.0
2025,8,20409,12478,14570,3675.0
2025,8,20409,12478,14576,7198.0
2025,8,20409,12478,14635,9060.0
2025,8,20409,12478,14679,8131.0
2025,8,20409,12478,14685,5752.0
2025,8,20409,12478,14747,5418.0
2025,8,20409,12478,14771,23127.0
2025,8,20409,12478,14843,34540.0
2025,8,20409,12478,14869,4417.0
2025,8,20409,12478,14893,5121.0
2025,8,20409,12478,14986,3783.0
2025,8,20409,12478,15096,3187.0
2025,8,20409,12478,15304,11985.0
2025,8,20409,12953,10154,2086.0
2025,8,20409,12953,11252,148.0
2025,8,20409,12953,11697,17125.0
2025,8,20409,12953,13204,17770.0
2025,8,20409,12953,14027,8483.0
2025,8,20409,12953,15304,8074.0
2025,8,20416,11618,10397,4741.0
2025,8,20416,11618,10423,3410.0
2025,8,20416,11618,10599,1528.0
2025,8,20416,11618,10693,2037.0
2025,8,20416,11618,10868,1484.0
2025,8,20416,11618,10980,1200.0
2025,8,20416,11618,10994,2697.0
2025,8,20416,11618,11057,4878.0
2025,8,20416,11618,11066,909.0
2025,8,20416,11618,11298,3107.0
2025,8,20416,11618,11433,8954.0
2025,8,20416,11618,11697,17324.0
2025,8,20416,11618,12266,4818.0
2025,8,20416,11618,12339,4460.0
2025,8,20416,11618,12889,10400.0
2025,8,20416,11618,12892,5294.0
2025,8,20416,11618,13204,19352.0
2025,8,20416,11618,13303,4935.0
2025,8,20416,11618,13495,802.0
2025,8,20416,11618,13577,6763.0
2025,8,20416,11618,14122,1853.0
2025,8,20416,11618,14492,3349.0
2025,8,20416,11618,14685,1961.0
2025,8,20416,11618,14730,305.0
2025,8,20416,11618,14843,1197.0
2025,8,20416,12953,10397,329.0
2025,8,20416,12953,11057,6459.0
2025,8,20416,12953,11066,4643.0
2025,8,20416,12953,11298,2480.0
2025,8,20416,12953,11433,13138.0
2025,8,20416,12953,11697,16073.0
2025,8,20416,12953,12266,6423.0
2025,8,20416,12953,13204,16518.0
2025,8,20416,12953,13303,5168.0
2025,8,20416,12953,13577,7499.0
2025,8,20416,12953,13930,2614.0
2025,8,20422,11618,13487,4235.0
2025,8,20422,12478,13487,3385.0
2025,8,20436,11618,10397,11228.0
2025,8,20436,11618,14843,5309.0
2025,8,20436,12391,13204,6284.0
2025,8,20436,12391,13577,2658.0
2025,8,20436,12391,15304,5006.0
2025,8,20436,12478,10397,12162.0
2025,8,20436,12478,11298,6489.0
2025,8,20436,12478,12889,6398.0
2025,8,20436,12478,12892,6713.0
2025,8,20436,12478,13204,6463.0
2025,8,20436,12478,13303,6142.0
2025,8,20436,12478,14843,8851.0
2025,8,20436,12478,15304,5360.0
2025,8,20436,12953,10397,10328.0
2025,8,20436,12953,11042,4643.0
2025,8,20436,12953,11057,4195.0
2025,8,20436,12953,11292,4435.0
2025,8,20436,12953,11298,5213.0
2025,8,20436,12953,13204,1481.0
2025,8,20436,12953,13303,1098.0
2025,8,20436,12953,14492,5881.0
2025,8,20452,11618,10397,1254.0
2025,8,20452,11618,10423,113.0
2025,8,20452,11618,10581,5608.0
2025,8,20452,11618,10693,2126.0
2025,8,20452,11618,10721,6175.0
2025,8,20452,11618,10785,3022.0
2025,8,20452,11618,10792,146.0
2025,8,20452,11618,10994,4156.0
2025,8,20452,11618,11042,2422.0
2025,8,20452,11618,11057,2311.0
2025,8,20452,11618,11066,8868.0
2025,8,20452,11618,11193,1828.0
2025,8,20452,11618,11278,190.0
2025,8,20452,11618,11298,425.0
2025,8,20452,11618,11433,8597.0
2025,8,20452,11618,11624,658.0
2025,8,20452,11618,11986,4325.0
2025,8,20452,11618,11996,4526.0
2025,8,20452,11618,12124,1738.0
2025,8,20452,11618,12264,258.0
2025,8,20452,11618,12339,9319.0
2025,8,20452,11618,12451,1671.0
2025,8,20452,11618,13198,2759.0
2025,8,20452,11618,13244,2842.0
2025,8,20452,11618,13342,5967.0
2025,8,20452,11618,13485,1114.0
2025,8,20452,11618,13487,136.0
2025,8,20452,11618,13495,207.0
2025,8,20452,11618,13577,1911.0
2025,8,20452,11618,13930,118.0
2025,8,20452,11618,13931,936.0
2025,8,20452,11618,14122,10214.0
2025,8,20452,11618,14321,6696.0
2025,8,20452,11618,14492,372.0
2025,8,20452,11618,14524,1951.0
2025,8,20452,11618,14576,3545.0
2025,8,20452,11618,14685,977.0
2025,8,20452,11618,14730,3705.0
2025,8,20452,11618,15016,6321.0
2025,8,20452,11618,15096,2653.0
2025,8,20452,12478,10154,1617.0
2025,8,20452,12478,10693,3994.0
2025,8,20452,12478,10721,13762.0
2025,8,20452,12478,11042,3547.0
2025,8,20452,12478,11057,1799.0
2025,8,20452,12478,11066,8950.0
2025,8,20452,12478,11193,3403.0
2025,8,20452,12478,11278,9111.0
2025,8,20452,12478,11977,1.0
2025,8,20452,12478,12339,4966.0
2025,8,20452,12478,12451,140.0
2025,8,20452,12478,13541,2010.0
2025,8,20452,12478,13930,5052.0
2025,8,20452,12478,13931,3312.0
2025,8,20452,12478,14122,7295.0
2025,8,20452,12478,14492,7884.0
2025,8,20452,12953,10154,5734.0
2025,8,20452,12953,10431,2654.0
2025,8,20452,12953,10581,3497.0
2025,8,20452,12953,10693,7549.0
2025,8,20452,12953,10721,28970.0
2025,8,20452,12953,10792,10925.0
2025,8,20452,12953,10868,2077.0
2025,8,20452,12953,10990,1453.0
2025,8,20452,12953,10994,4008.0
2025,8,20452,12953,11042,5198.0
2025,8,20452,12953,11057,4333.0
2025,8,20452,12953,11066,12077.0
2025,8,20452,12953,11193,3898.0
2025,8,20452,12953,11267,578.0
2025,8,20452,12953,11278,21913.0
2025,8,20452,12953,11298,43.0
2025,8,20452,12953,11423,1391.0
2025,8,20452,12953,11433,5085.0
2025,8,20452,12953,11986,6664.0
2025,8,20452,12953,11995,7485.0
2025,8,20452,12953,11996,3645.0
2025,8,20452,12953,12124,1701.0
2025,8,20452,12953,12250,1745.0
2025,8,20452,12953,12264,6851.0
2025,8,20452,12953,12323,4480.0
2025,8,20452,12953,12339,11752.0
2025,8,20452,12953,12945,2.0
2025,8,20452,12953,12992,1223.0
2025,8,20452,12953,13204,72.0
2025,8,20452,12953,13244,4827.0
2025,8,20452,12953,13303,291.0
2025,8,20452,12953,13342,5192.0
2025,8,20452,12953,13485,2679.0
2025,8,20452,12953,13487,2455.0
2025,8,20452,12953,13495,454.0
2025,8,20452,12953,13541,6539.0
2025,8,20452,12953,13577,333.0
2025,8,20452,12953,13851,3546.0
2025,8,20452,12953,13871,2454.0
2025,8,20452,12953,13930,583.0
2025,8,20452,12953,13931,8693.0
2025,8,20452,12953,14027,1110.0
2025,8,20452,12953,14122,14606.0
2025,8,20452,12953,14321,5386.0
2025,8,20452,12953,14492,13704.0
2025,8,20452,12953,14524,8154.0
2025,8,20452,12953,14574,1793.0
2025,8,20452,12953,14576,0.0
2025,8,20452,12953,14685,1862.0
2025,8,20452,12953,14730,4873.0
2025,8,20452,12953,14986,145.0
2025,8,20452,12953,15016,5932.0
2025,8,20452,12953,15304,252.0
2025,8,20452,12953,15370,1709.0
2025,8,20452,12953,15380,293.0
2025,8,20452,12953,15412,3470.0
2025,8,20452,12953,15919,3057.0
2025,8,20500,11618,10154,2699.0
2025,8,20500,11618,10431,1395.0
2025,8,20500,11618,10785,1825.0
2025,8,20500,11618,10792,3166.0
2025,8,20500,11618,11042,285.0
2025,8,20500,11618,11057,91.0
2025,8,20500,11618,11066,455.0
2025,8,20500,11618,11193,2621.0
2025,8,20500,11618,11278,9956.0
2025,8,20500,11618,11995,2574.0
2025,8,20500,11618,11996,314.0
2025,8,20500,11618,12264,1259.0
2025,8,20500,11618,12323,2288.0
2025,8,20500,11618,13931,3180.0
2025,8,20500,11618,14122,973.0
2025,8,20500,11618,14321,98.0
2025,8,20500,11618,14524,3987.0
2025,8,20500,11618,14576,1517.0
2025,8,20500,11618,15096,654.0
2025,8,20500,11618,15380,2033.0
2025,8,21080,12197,10154,1110.0
2025,8,21080,12197,12197,4.0
2025,8,21080,12197,13541,584.0
2025,8,22080,11618,11146,478.0
2025,8,22080,11618,13204,424.0
2025,8,22080,12197,10994,2131.0
2025,8,22080,12197,11252,324.0
2025,8,22080,12197,11996,523.0
2025,8,22080,12197,12451,224.0
2025,8,22080,12197,13204,194.0
2025,8,22080,12197,13577,2203.0
2025,8,22080,12197,14492,1276.0
2025,8,22080,12197,14685,658.0
2025,8,22080,12197,15628,2976.0
2025,8,22080,12391,10994,2760.0
2025,8,22080,12391,13495,61.0
2025,8,22080,12391,13931,805.0
2025,8,22080,12391,14492,1226.0
2025,8,22080,12391,14524,568.0
2025,8,22080,12391,14635,1119.0
2025,8,22080,12391,15304,93.0
2025,8,22080,12391,15628,1131.0
2025,8,22080,15070,10994,785.0
2025,8,22080,15070,13204,2286.0
2025,9,19393,12391,10821,11953.0
2025,9,19393,12391,11292,11.0
2025,9,19393,12391,13204,6893.0
2025,9,19393,12391,14027,6977.0
2025,9,19393,12391,14492,33.0
2025,9,19393,12391,15016,37.0
2025,9,19393,12391,15304,988.0
2025,9,19393,12953,10397,13712.0
2025,9,19393,12953,10423,109.0
2025,9,19393,12953,10693,14347.0
2025,9,19393,12953,10800,326.0
2025,9,19393,12953,11259,14783.0
2025,9,19393,12953,11292,15316.0
2025,9,19393,12953,11540,99.0
2025,9,19393,12953,11697,2.0
2025,9,19393,12953,12191,13731.0
2025,9,19393,12953,13198,5897.0
2025,9,19393,12953,13204,53.0
2025,9,19393,12953,13232,25618.0
2025,9,19393,12953,13495,3033.0
2025,9,19393,12953,13851,11.0
2025,9,19393,12953,14107,39.0
2025,9,19393,12953,14570,4.0
2025,9,19393,12953,14679,63.0
2025,9,19393,12953,14831,217.0
2025,9,19393,12953,15016,13876.0
2025,9,19690,12478,12173,6557.0
2025,9,19790,11618,10397,40291.0
2025,9,19790,11618,11433,14201.0
2025,9,19790,11618,13487,10966.0
2025,9,19790,11618,14869,9762.0
2025,9,19790,12197,10397,5239.0
2025,9,19790,12478,10397,31836.0
2025,9,19790,12478,10423,17311.0
2025,9,19790,12478,10721,2798.0
2025,9,19790,12478,10849,192.0
2025,9,19790,12478,11292,11413.0
2025,9,19790,12478,11298,2609.0
2025,9,19790,12478,11433,9559.0
2025,9,19790,12478,11697,14729.0
2025,9,19790,12478,12173,3138.0
2025,9,19790,12478,12266,1814.0
2025,9,19790,12478,12451,2282.0
2025,9,19790,12478,12889,22202.0
2025,9,19790,12478,12892,55534.0
2025,9,19790,12478,13204,21305.0
2025,9,19790,12478,13303,15340.0
2025,9,19790,12478,13360,1.0
2025,9,19790,12478,13487,7923.0
2025,9,19790,12478,13495,5823.0
2025,9,19790,12478,14027,5828.0
2025,9,19790,12478,14057,8696.0
2025,9,19790,12478,14107,12688.0
2025,9,19790,12478,14635,1496.0
2025,9,19790,12478,14679,13506.0
2025,9,19790,12478,14683,3183.0
2025,9,19790,12478,14747,19386.0
2025,9,19790,12478,14771,33405.0
2025,9,19790,12478,14843,14705.0
2025,9,19790,12478,14869,19367.0
2025,9,19790,12478,15304,11749.0
2025,9,19790,12953,10397,60703.0
2025,9,19790,12953,10423,16.0
2025,9,19790,12953,10693,3709.0
2025,9,19790,12953,10721,5653.0
2025,9,19790,12953,10994,4681.0
2025,9,19790,12953,11066,193.0
2025,9,19790,12953,11193,2739.0
2025,9,19790,12953,11292,11687.0
2025,9,19790,12953,11298,16595.0
2025,9,19790,12953,11433,24539.0
2025,9,19790,12953,11697,16725.0
2025,9,19790,12953,11995,312.0
2025,9,19790,12953,12266,11119.0
2025,9,19790,12953,12451,343.0
2025,9,19790,12953,13198,7518.0
2025,9,19790,12953,13204,22938.0
2025,9,19790,12953,13244,5.0
2025,9,19790,12953,13303,20013.0
2025,9,19790,12953,13487,21750.0
2025,9,19790,12953,13495,7409.0
2025,9,19790,12953,13577,2632.0
2025,9,19790,12953,13930,25812.0
2025,9,19790,12953,14027,15725.0
2025,9,19790,12953,14492,2338.0
2025,9,19790,12953,14635,5267.0
2025,9,19790,12953,14685,243.0
2025,9,19790,12953,14986,3162.0
2025,9,19790,12953,15304,16163.0
2025,9,19790,12953,15380,130.0
2025,9,19805,11618,11057,15472.0
2025,9,19805,11618,11298,17618.0
2025,9,19805,11618,11540,16.0
2025,9,19805,11618,13303,14986.0
2025,9,19805,11618,13930,7936.0
2025,9,19805,11618,14107,11607.0
2025,9,19805,12478,10423,9029.0
2025,9,19805,12478,11057,18188.0
2025,9,19805,12478,11298,15936.0
2025,9,19805,12478,12889,4033.0
2025,9,19805,12478,12892,23483.0
2025,9,19805,12478,13303,27515.0
2025,9,19805,12478,13930,3981.0
2025,9,19805,12478,14107,13517.0
2025,9,19805,12478,14771,11061.0
2025,9,19805,12478,14908,2625.0
2025,9,19805,12478,15024,140.0
2025,9,19805,12953,11057,32977.0
2025,9,19805,12953,11298,50691.0
2025,9,19805,12953,13204,6337.0
2025,9,19805,12953,13303,38831.0
2025,9,19805,12953,13495,3361.0
2025,9,19805,12953,13930,36804.0
2025,9,19805,12953,15304,5103.0
2025,9,19805,12953,15370,98.0
2025,9,19821,12478,11618,316.0
2025,9,19930,11618,12892,8627.0
2025,9,19930,11618,14057,4091.0
2025,9,19930,11618,14107,167.0
2025,9,19930,11618,14679,3698.0
2025,9,19930,11618,14747,16902.0
2025,9,19930,11618,14771,8126.0
2025,9,19930,12478,12889,134.0
2025,9,19930,12478,14057,4437.0
2025,9,19930,12478,14679,7660.0
2025,9,19930,12478,14747,18558.0
2025,9,19930,12478,14771,14477.0
2025,9,19977,11618,10140,34.0
2025,9,19977,11618,10299,60.0
2025,9,19977,11618,10397,20427.0
2025,9,19977,11618,10423,18301.0
2025,9,19977,11618,10693,19018.0
2025,9,19977,11618,10721,28193.0
2025,9,19977,11618,10732,4017.0
2025,9,19977,11618,10792,759.0
2025,9,19977,11618,10849,5988.0
2025,9,19977,11618,10994,4193.0
2025,9,19977,11618,11042,16876.0
2025,9,19977,11618,11057,9898.0
2025,9,19977,11618,11292,47189.0
2025,9,19977,11618,11298,18007.0
2025,9,19977,11618,11423,63.0
2025,9,19977,11618,11433,2581.0
2025,9,19977,11618,11638,7.0
2025,9,19977,11618,11697,21313.0
2025,9,19977,11618,12264,14783.0
2025,9,19977,11618,12266,42115.0
2025,9,19977,11618,12278,0.0
2025,9,19977,11618,12441,1097.0
2025,9,19977,11618,12451,11831.0
2025,9,19977,11618,12889,29276.0
2025,9,19977,11618,12892,54366.0
2025,9,19977,11618,13198,389.0
2025,9,19977,11618,13204,37488.0
2025,9,19977,11618,13244,139.0
2025,9,19977,11618,13303,19166.0
2025,9,19977,11618,13485,2671.0
2025,9,19977,11618,13487,10968.0
2025,9,19977,11618,13495,8268.0
2025,9,19977,11618,13577,370.0
2025,9,19977,11618,13891,151.0
2025,9,19977,11618,13930,58528.0
2025,9,19977,11618,13931,2364.0
2025,9,19977,11618,14027,22066.0
2025,9,19977,11618,14057,6334.0
2025,9,19977,11618,14107,16292.0
2025,9,19977,11618,14492,15424.0
2025,9,19977,11618,14570,79.0
2025,9,19977,11618,14635,13367.0
2025,9,19977,11618,14679,15696.0
2025,9,19977,11618,14683,4469.0
2025,9,19977,11618,14685,5709.0
2025,9,19977,11618,14696,332.0
2025,9,19977,11618,14747,15967.0
2025,9,19977,11618,14771,67205.0
2025,9,19977,11618,14843,15284.0
2025,9,19977,11618,14869,4413.0
2025,9,19977,11618,14893,4120.0
2025,9,19977,11618,14908,11506.0
2025,9,19977,11618,14986,6626.0
2025,9,19977,11618,15016,585.0
2025,9,19977,11618,15024,526.0
2025,9,19977,11618,15304,23008.0
2025,9,19977,11618,15376,3.0
2025,9,19977,12953,10257,0.0
2025,9,19977,12953,11066,0.0
2025,9,19977,12953,11193,21.0
2025,9,19977,12953,11292,25490.0
2025,9,19977,12953,11298,0.0
2025,9,19977,12953,11423,0.0
2025,9,19977,12953,11648,15.0
2025,9,19977,12953,12094,0.0
2025,9,19977,12953,12266,29710.0
2025,9,19977,12953,12339,2.0
2025,9,19977,12953,12889,6.0
2025,9,19977,12953,13198,24.0
2025,9,19977,12953,13204,0.0
2025,9,19977,12953,13495,4.0
2025,9,19977,12953,13930,58181.0
2025,9,19977,12953,14057,30.0
2025,9,19977,12953,14635,2.0
2025,9,19977,12953,14679,31.0
2025,9,19977,12953,14747,10.0
2025,9,19977,12953,14893,7.0
2025,9,19977,12953,14952,0.0
2025,9,19977,12953,15370,0.0
2025,9,19977,12953,15376,20.0
2025,9,19977,15070,11618,0.0
2025,9,20207,12391,12323,937.0
2025,9,20207,12391,12544,1722.0
2025,9,20253,12197,10154,0.0
2025,9,20253,12197,12250,8.0
2025,9,20253,12197,12932,297.0
2025,9,20253,12197,13541,69.0
2025,9,20253,12197,14306,33.0
2025,9,20253,12391,10721,393.0
2025,9,20253,12478,10154,0.0
2025,9,20253,12478,12250,0.0
2025,9,20253,12478,13541,0.0
2025,9,20253,12478,14875,110.0
2025,9,20304,12953,10693,1829.0
2025,9,20304,12953,13851,1669.0
2025,9,20304,12953,14122,1770.0
2025,9,20304,12953,14524,1299.0
2025,9,20304,12953,14576,1467.0
2025,9,20304,12953,15016,474.0
2025,9,20363,11618,11193,1944.0
2025,9,20363,11618,11433,269.0
2025,9,20363,11618,14492,3380.0
2025,9,20363,12197,10397,5366.0
2025,9,20363,12197,11433,3391.0
2025,9,20363,12197,13487,1351.0
2025,9,20363,12478,10581,1644.0
2025,9,20363,12478,10693,7399.0
2025,9,20363,12478,10785,2928.0
2025,9,20363,12478,10792,7227.0
2025,9,20363,12478,10994,5549.0
2025,9,20363,12478,11042,4644.0
2025,9,20363,12478,11057,5012.0
2025,9,20363,12478,11193,5391.0
2025,9,20363,12478,11433,1859.0
2025,9,20363,12478,12264,3449.0
2025,9,20363,12478,12339,4903.0
2025,9,20363,12478,12397,2891.0
2025,9,20363,12478,12451,3650.0
2025,9,20363,12478,13198,1844.0
2025,9,20363,12478,13244,970.0
2025,9,20363,12478,13342,1597.0
2025,9,20363,12478,13930,5737.0
2025,9,20363,12478,13931,5021.0
2025,9,20363,12478,14122,1548.0
2025,9,20363,12478,14321,2812.0
2025,9,20363,12478,14492,6220.0
2025,9,20363,12478,14524,4518.0
2025,9,20363,12478,14576,5362.0
2025,9,20363,12478,14685,4206.0
2025,9,20363,12478,15016,1097.0
2025,9,20363,12478,15096,4720.0
2025,9,20363,12953,10257,2541.0
2025,9,20363,12953,10431,3269.0
2025,9,20363,12953,10581,4764.0
2025,9,20363,12953,10599,4960.0
2025,9,20363,12953,10693,4262.0
2025,9,20363,12953,10785,3344.0
2025,9,20363,12953,10868,3361.0
2025,9,20363,12953,10980,2351.0
2025,9,20363,12953,10990,3126.0
2025,9,20363,12953,10994,2345.0
2025,9,20363,12953,11042,5414.0
2025,9,20363,12953,11057,4225.0
2025,9,20363,12953,11066,1927.0
2025,9,20363,12953,11193,6610.0
2025,9,20363,12953,11267,137.0
2025,9,20363,12953,11423,2917.0
2025,9,20363,12953,11481,90.0
2025,9,20363,12953,11995,2377.0
2025,9,20363,12953,11996,6029.0
2025,9,20363,12953,12217,1224.0
2025,9,20363,12953,12323,4271.0
2025,9,20363,12953,12339,2712.0
2025,9,20363,12953,12451,5795.0
2025,9,20363,12953,12945,1338.0
2025,9,20363,12953,12992,1381.0
2025,9,20363,12953,13198,118.0
2025,9,20363,12953,13244,2981.0
2025,9,20363,12953,13342,3601.0
2025,9,20363,12953,13487,1408.0
2025,9,20363,12953,13871,4444.0
2025,9,20363,12953,13931,2490.0
2025,9,20363,12953,13933,921.0
2025,9,20363,12953,14193,1426.0
2025,9,20363,12953,14321,5329.0
2025,9,20363,12953,14492,8282.0
2025,9,20363,12953,14524,3344.0
2025,9,20363,12953,14574,1112.0
2025,9,20363,12953,14576,3427.0
2025,9,20363,12953,14685,1862.0
2025,9,20363,12953,14696,115.0
2025,9,20363,12953,14730,369.0
2025,9,20363,12953,15016,5854.0
2025,9,20363,12953,15096,4582.0
2025,9,20363,12953,15370,1097.0
2025,9,20363,12953,15380,225.0
2025,9,20363,12953,15412,4742.0
2025,9,20363,12953,15919,1667.0
2025,9,20368,11618,10431,1279.0
2025,9,20368,11618,11193,157.0
2025,9,20368,11618,11423,1222.0
2025,9,20368,11618,11721,149.0
2025,9,20368,11618,15412,1437.0
2025,9,20368,11618,15624,1225.0
2025,9,20368,15070,11697,130.0
2025,9,20368,15070,13577,1364.0
2025,9,20368,15070,14082,1322.0
2025,9,20368,15070,14112,1302.0
2025,9,20368,15070,14761,126.0
2025,9,20378,12953,12264,618.0
2025,9,20397,12197,11057,5931.0
2025,9,20397,12197,11278,5304.0
2025,9,20398,11618,13930,3888.0
2025,9,20398,12197,13930,6299.0
2025,9,20409,11618,11697,6465.0
2025,9,20409,11618,12892,9905.0
2025,9,20409,11618,13204,10939.0
2025,9,20409,11618,14027,4266.0
2025,9,20409,11618,14492,105.0
2025,9,20409,11618,14635,2502.0
2025,9,20409,11618,14685,126.0
2025,9,20409,11618,14843,4650.0
2025,9,20409,11618,15304,3323.0
2025,9,20409,12197,10154,2130.0
2025,9,20409,12197,11697,6614.0
2025,9,20409,12197,13204,11950.0
2025,9,20409,12197,14027,14020.0
2025,9,20409,12197,14635,6071.0
2025,9,20409,12197,14843,2667.0
2025,9,20409,12197,15304,3970.0
2025,9,20409,12391,11697,2433.0
2025,9,20409,12391,12478,112.0
2025,9,20409,12391,13204,3657.0
2025,9,20409,12391,14027,4310.0
2025,9,20409,12391,15304,137.0
2025,9,20409,12478,10140,3532.0
2025,9,20409,12478,10154,2607.0
2025,9,20409,12478,10397,11721.0
2025,9,20409,12478,10529,1840.0
2025,9,20409,12478,10693,6480.0
2025,9,20409,12478,10721,18758.0
2025,9,20409,12478,10732,4129.0
2025,9,20409,12478,10792,14131.0
2025,9,20409,12478,10800,3828.0
2025,9,20409,12478,10849,98.0
2025,9,20409,12478,10994,4698.0
2025,9,20409,12478,11278,3749.0
2025,9,20409,12478,11292,3426.0
2025,9,20409,12478,11433,4812.0
2025,9,20409,12478,11697,19161.0
2025,9,20409,12478,12197,309.0
2025,9,20409,12478,12250,1784.0
2025,9,20409,12478,12451,9367.0
2025,9,20409,12478,12889,19622.0
2025,9,20409,12478,12892,35413.0
2025,9,20409,12478,13204,21671.0
2025,9,20409,12478,13296,55.0
2025,9,20409,12478,13495,2442.0
2025,9,20409,12478,13541,2701.0
2025,9,20409,12478,13891,4378.0
2025,9,20409,12478,13930,5506.0
2025,9,20409,12478,14027,11084.0
2025,9,20409,12478,14107,3981.0
2025,9,20409,12478,14122,4316.0
2025,9,20409,12478,14254,184.0
2025,9,20409,12478,14307,1514.0
2025,9,20409,12478,14321,4626.0
2025,9,20409,12478,14492,6859.0
2025,9,20409,12478,14570,219.0
2025,9,20409,12478,14576,6068.0
2025,9,20409,12478,14635,6403.0
2025,9,20409,12478,14679,6685.0
2025,9,20409,12478,14685,2616.0
2025,9,20409,12478,14747,4332.0
2025,9,20409,12478,14771,23805.0
2025,9,20409,12478,14843,19492.0
2025,9,20409,12478,14869,4496.0
2025,9,20409,12478,14893,4702.0
2025,9,20409,12478,14986,3254.0
2025,9,20409,12478,15096,2384.0
2025,9,20409,12478,15304,7773.0
2025,9,20409,12953,10154,1702.0
2025,9,20409,12953,11697,12962.0
2025,9,20409,12953,13204,13155.0
2025,9,20409,12953,14027,6268.0
2025,9,20409,12953,15304,5788.0
2025,9,20416,11618,10397,3928.0
2025,9,20416,11618,10423,2175.0
2025,9,20416,11618,10599,724.0
2025,9,20416,11618,10693,2498.0
2025,9,20416,11618,10868,903.0
2025,9,20416,11618,10980,383.0
2025,9,20416,11618,10994,2543.0
2025,9,20416,11618,11057,4034.0
2025,9,20416,11618,11066,618.0
2025,9,20416,11618,11298,4171.0
2025,9,20416,11618,11433,6232.0
2025,9,20416,11618,11697,13287.0
2025,9,20416,11618,12266,3929.0
2025,9,20416,11618,12339,3479.0
2025,9,20416,11618,12889,4011.0
2025,9,20416,11618,12892,4269.0
2025,9,20416,11618,13204,15746.0
2025,9,20416,11618,13303,3955.0
2025,9,20416,11618,13495,1032.0
2025,9,20416,11618,13577,4236.0
2025,9,20416,11618,14122,1105.0
2025,9,20416,11618,14492,2080.0
2025,9,20416,11618,14685,2506.0
2025,9,20416,12953,11057,4948.0
2025,9,20416,12953,11066,2869.0
2025,9,20416,12953,11298,460.0
2025,9,20416,12953,11433,11712.0
2025,9,20416,12953,11697,15477.0
2025,9,20416,12953,12266,5621.0
2025,9,20416,12953,13204,10085.0
2025,9,20416,12953,13303,3924.0
2025,9,20416,12953,13577,3540.0
2025,9,20416,12953,13930,4716.0
2025,9,20422,11618,13487,1652.0
2025,9,20422,12478,13487,1688.0
2025,9,20436,11618,10397,11257.0
2025,9,20436,11618,14843,4187.0
2025,9,20436,12391,13204,4668.0
2025,9,20436,12391,13577,1677.0
2025,9,20436,12391,15304,3502.0
2025,9,20436,12478,10397,12327.0
2025,9,20436,12478,11298,5160.0
2025,9,20436,12478,12889,5580.0
2025,9,20436,12478,12892,6052.0
2025,9,20436,12478,13204,4874.0
2025,9,20436,12478,13303,5126.0
2025,9,20436,12478,14843,4432.0
2025,9,20436,12478,15304,4892.0
2025,9,20436,12953,10397,10156.0
2025,9,20436,12953,11042,2043.0
2025,9,20436,12953,11057,2274.0
2025,9,20436,12953,11292,3620.0
2025,9,20436,12953,11298,4549.0
2025,9,20436,12953,13204,3183.0
2025,9,20436,12953,13303,2276.0
2025,9,20436,12953,14492,5141.0
2025,9,20452,11618,10397,350.0
2025,9,20452,11618,10423,141.0
2025,9,20452,11618,10581,3904.0
2025,9,20452,11618,10693,1157.0
2025,9,20452,11618,10721,5310.0
2025,9,20452,11618,10785,5497.0
2025,9,20452,11618,10994,3260.0
2025,9,20452,11618,11042,486.0
2025,9,20452,11618,11057,2624.0
2025,9,20452,11618,11066,11212.0
2025,9,20452,11618,11193,1404.0
2025,9,20452,11618,11278,551.0
2025,9,20452,11618,11433,7552.0
2025,9,20452,11618,11624,1634.0
2025,9,20452,11618,11986,4906.0
2025,9,20452,11618,11995,268.0
2025,9,20452,11618,11996,4781.0
2025,9,20452,11618,12124,1409.0
2025,9,20452,11618,12339,9897.0
2025,9,20452,11618,12451,75.0
2025,9,20452,11618,13198,3358.0
2025,9,20452,11618,13244,3013.0
2025,9,20452,11618,13342,5143.0
2025,9,20452,11618,13487,70.0
2025,9,20452,11618,13495,73.0
2025,9,20452,11618,13577,3381.0
2025,9,20452,11618,13931,274.0
2025,9,20452,11618,14122,10274.0
2025,9,20452,11618,14321,6940.0
2025,9,20452,11618,14492,375.0
2025,9,20452,11618,14524,1715.0
2025,9,20452,11618,14576,3341.0
2025,9,20452,11618,14685,302.0
2025,9,20452,11618,14730,4191.0
2025,9,20452,11618,15016,6527.0
2025,9,20452,11618,15096,2433.0
2025,9,20452,11618,15919,123.0
2025,9,20452,12478,10154,277.0
2025,9,20452,12478,10693,5142.0
2025,9,20452,12478,10721,13109.0
2025,9,20452,12478,11042,3033.0
2025,9,20452,12478,11057,1519.0
2025,9,20452,12478,11066,8347.0
2025,9,20452,12478,11193,3505.0
2025,9,20452,12478,11278,9567.0
2025,9,20452,12478,12339,4662.0
2025,9,20452,12478,12953,0.0
2025,9,20452,12478,13541,246.0
2025,9,20452,12478,13930,5581.0
2025,9,20452,12478,13931,2570.0
2025,9,20452,12478,14122,6370.0
2025,9,20452,12478,14492,8658.0
2025,9,20452,12478,14685,1317.0
2025,9,20452,12953,10154,767.0
2025,9,20452,12953,10397,9157.0
2025,9,20452,12953,10431,2031.0
2025,9,20452,12953,10581,1191.0
2025,9,20452,12953,10693,7385.0
2025,9,20452,12953,10721,34168.0
2025,9,20452,12953,10785,314.0
2025,9,20452,12953,10792,10393.0
2025,9,20452,12953,10868,2987.0
2025,9,20452,12953,10990,1388.0
2025,9,20452,12953,10994,3617.0
2025,9,20452,12953,11042,7470.0
2025,9,20452,12953,11057,4343.0
2025,9,20452,12953,11066,13189.0
2025,9,20452,12953,11193,291.0
2025,9,20452,12953,11267,32.0
2025,9,20452,12953,11278,23622.0
2025,9,20452,12953,11423,825.0
2025,9,20452,12953,11433,6223.0
2025,9,20452,12953,11986,5999.0
2025,9,20452,12953,11995,7178.0
2025,9,20452,12953,11996,3403.0
2025,9,20452,12953,12124,1382.0
2025,9,20452,12953,12250,43.0
2025,9,20452,12953,12264,6799.0
2025,9,20452,12953,12323,3675.0
2025,9,20452,12953,12339,10839.0
2025,9,20452,12953,12451,1197.0
2025,9,20452,12953,12478,5.0
2025,9,20452,12953,12992,1359.0
2025,9,20452,12953,13244,4294.0
2025,9,20452,12953,13342,2233.0
2025,9,20452,12953,13485,4186.0
2025,9,20452,12953,13487,231.0
2025,9,20452,12953,13495,266.0
2025,9,20452,12953,13541,626.0
2025,9,20452,12953,13851,3229.0
2025,9,20452,12953,13871,195.0
2025,9,20452,12953,13930,581.0
2025,9,20452,12953,13931,6446.0
2025,9,20452,12953,14122,14213.0
2025,9,20452,12953,14321,5482.0
2025,9,20452,12953,14492,11525.0
2025,9,20452,12953,14524,8509.0
2025,9,20452,12953,14574,1654.0
2025,9,20452,12953,14685,2845.0
2025,9,20452,12953,14696,133.0
2025,9,20452,12953,14730,5522.0
2025,9,20452,12953,15016,4446.0
2025,9,20452,12953,15370,2058.0
2025,9,20452,12953,15412,1935.0
2025,9,20452,12953,15919,3678.0
2025,9,20500,11618,10154,1803.0
2025,9,20500,11618,10431,2088.0
2025,9,20500,11618,10581,1120.0
2025,9,20500,11618,10785,81.0
2025,9,20500,11618,10792,3794.0
2025,9,20500,11618,11193,4049.0
2025,9,20500,11618,11278,10911.0
2025,9,20500,11618,11995,2989.0
2025,9,20500,11618,12264,1282.0
2025,9,20500,11618,12323,2456.0
2025,9,20500,11618,13931,2442.0
2025,9,20500,11618,14122,2030.0
2025,9,20500,11618,14321,36.0
2025,9,20500,11618,14524,4548.0
2025,9,20500,11618,14576,1040.0
2025,9,20500,11618,15096,1023.0
2025,9,20500,11618,15380,23.0
2025,9,22080,11618,11146,488.0
2025,9,22080,12197,10994,1394.0
2025,9,22080,12197,11252,510.0
2025,9,22080,12197,11996,63.0
2025,9,22080,12197,12451,519.0
2025,9,22080,12197,13577,1920.0
2025,9,22080,12197,14492,1105.0
2025,9,22080,12197,14685,662.0
2025,9,22080,12197,15628,2329.0
2025,9,22080,12391,10994,1249.0
2025,9,22080,12391,13931,930.0
2025,9,22080,12391,14492,844.0
2025,9,22080,12391,14524,584.0
2025,9,22080,12391,14635,1733.0
2025,9,22080,12391,15628,1018.0
2025,9,22080,12478,14635,131.0
2025,9,22080,15070,10994,897.0
2025,9,22080,15070,13204,1010.0
2025,10,19393,12391,10821,12182.0
2025,10,19393,12391,12191,27.0
2025,10,19393,12391,12954,9.0
2025,10,19393,12391,13204,7785.0
2025,10,19393,12391,13232,66.0
2025,10,19393,12391,14027,8708.0
2025,10,19393,12391,14635,81.0
2025,10,19393,12391,14679,9.0
2025,10,19393,12391,14685,37.0
2025,10,19393,12391,14986,55.0
2025,10,19393,12391,15016,9.0
2025,10,19393,12391,15304,108.0
2025,10,19393,12953,10397,14059.0
2025,10,19393,12953,10423,393.0
2025,10,19393,12953,10693,16344.0
2025,10,19393,12953,10800,7.0
2025,10,19393,12953,11259,15981.0
2025,10,19393,12953,11292,16516.0
2025,10,19393,12953,11697,7.0
2025,10,19393,12953,12191,15994.0
2025,10,19393,12953,12889,3.0
2025,10,19393,12953,12892,55.0
2025,10,19393,12953,13198,6713.0
2025,10,19393,12953,13204,18.0
2025,10,19393,12953,13232,26714.0
2025,10,19393,12953,13244,27.0
2025,10,19393,12953,13495,3728.0
2025,10,19393,12953,14107,164.0
2025,10,19393,12953,14679,40.0
2025,10,19393,12953,14986,8.0
2025,10,19393,12953,15016,14907.0
2025,10,19690,12478,12173,7175.0
2025,10,19790,11618,10397,41678.0
2025,10,19790,11618,11433,14639.0
2025,10,19790,11618,11996,3.0
2025,10,19790,11618,13487,10867.0
2025,10,19790,11618,14869,9892.0
2025,10,19790,12197,10397,5833.0
2025,10,19790,12478,10140,444.0
2025,10,19790,12478,10397,33858.0
2025,10,19790,12478,10423,19144.0
2025,10,19790,12478,10721,2522.0
2025,10,19790,12478,11292,11716.0
2025,10,19790,12478,11298,2412.0
2025,10,19790,12478,11433,10219.0
2025,10,19790,12478,11697,18338.0
2025,10,19790,12478,12173,3099.0
2025,10,19790,12478,12266,2583.0
2025,10,19790,12478,12451,2753.0
2025,10,19790,12478,12889,23402.0
2025,10,19790,12478,12892,58066.0
2025,10,19790,12478,13204,26226.0
2025,10,19790,12478,13303,18614.0
2025,10,19790,12478,13487,8911.0
2025,10,19790,12478,13495,7174.0
2025,10,19790,12478,13930,3.0
2025,10,19790,12478,14027,7618.0
2025,10,19790,12478,14057,9394.0
2025,10,19790,12478,14107,13722.0
2025,10,19790,12478,14635,3162.0
2025,10,19790,12478,14679,14742.0
2025,10,19790,12478,14683,4357.0
2025,10,19790,12478,14747,19849.0
2025,10,19790,12478,14771,34278.0
2025,10,19790,12478,14843,16115.0
2025,10,19790,12478,14869,20197.0
2025,10,19790,12478,15304,13266.0
2025,10,19790,12953,10397,65419.0
2025,10,19790,12953,10693,6846.0
2025,10,19790,12953,10721,3929.0
2025,10,19790,12953,10994,5553.0
2025,10,19790,12953,11066,230.0
2025,10,19790,12953,11109,127.0
2025,10,19790,12953,11193,3939.0
2025,10,19790,12953,11292,11945.0
2025,10,19790,12953,11298,18626.0
2025,10,19790,12953,11433,26347.0
2025,10,19790,12953,11697,19620.0
2025,10,19790,12953,12266,12121.0
2025,10,19790,12953,12451,677.0
2025,10,19790,12953,12478,14.0
2025,10,19790,12953,13198,7904.0
2025,10,19790,12953,13204,29921.0
2025,10,19790,12953,13303,23130.0
2025,10,19790,12953,13487,23446.0
2025,10,19790,12953,13495,8997.0
2025,10,19790,12953,13577,3125.0
2025,10,19790,12953,13930,26620.0
2025,10,19790,12953,14027,18895.0
2025,10,19790,12953,14492,6548.0
2025,10,19790,12953,14635,7629.0
2025,10,19790,12953,14683,1.0
2025,10,19790,12953,14685,379.0
2025,10,19790,12953,14986,3651.0
2025,10,19790,12953,15304,21313.0
2025,10,19805,11618,11057,20536.0
2025,10,19805,11618,11298,17948.0
2025,10,19805,11618,13303,17072.0
2025,10,19805,11618,13930,8783.0
2025,10,19805,11618,14107,13021.0
2025,10,19805,12478,10423,9820.0
2025,10,19805,12478,11057,22896.0
2025,10,19805,12478,11298,18223.0
2025,10,19805,12478,12889,4414.0
2025,10,19805,12478,12892,29027.0
2025,10,19805,12478,13303,30933.0
2025,10,19805,12478,13930,7080.0
2025,10,19805,12478,14107,18842.0
2025,10,19805,12478,14771,11311.0
2025,10,19805,12478,14908,2623.0
2025,10,19805,12953,11057,35990.0
2025,10,19805,12953,11298,54810.0
2025,10,19805,12953,13204,8177.0
2025,10,19805,12953,13303,44886.0
2025,10,19805,12953,13495,4659.0
2025,10,19805,12953,13930,38960.0
2025,10,19805,12953,14027,1.0
2025,10,19805,12953,15304,6814.0
2025,10,19930,11618,12892,9330.0
2025,10,19930,11618,13891,14.0
2025,10,19930,11618,14057,4628.0
2025,10,19930,11618,14262,111.0
2025,10,19930,11618,14679,4483.0
2025,10,19930,11618,14747,16530.0
2025,10,19930,11618,14771,8569.0
2025,10,19930,12478,14057,4483.0
2025,10,19930,12478,14262,642.0
2025,10,19930,12478,14679,8795.0
2025,10,19930,12478,14747,17749.0
2025,10,19930,12478,14771,18134.0
2025,10,19930,12478,16101,8.0
2025,10,19977,11618,10397,20274.0
2025,10,19977,11618,10423,21572.0
2025,10,19977,11618,10693,13887.0
2025,10,19977,11618,10721,29504.0
2025,10,19977,11618,10732,4699.0
2025,10,19977,11618,10792,3512.0
2025,10,19977,11618,10821,0.0
2025,10,19977,11618,10849,2475.0
2025,10,19977,11618,10994,9984.0
2025,10,19977,11618,11042,16783.0
2025,10,19977,11618,11057,9465.0
2025,10,19977,11618,11292,48973.0
2025,10,19977,11618,11298,20810.0
2025,10,19977,11618,11624,490.0
2025,10,19977,11618,11638,25.0
2025,10,19977,11618,11697,28790.0
2025,10,19977,11618,11775,0.0
2025,10,19977,11618,12264,14590.0
2025,10,19977,11618,12266,47885.0
2025,10,19977,11618,12451,13537.0
2025,10,19977,11618,12889,33267.0
2025,10,19977,11618,12892,60658.0
2025,10,19977,11618,13198,302.0
2025,10,19977,11618,13204,49740.0
2025,10,19977,11618,13303,23873.0
2025,10,19977,11618,13485,2994.0
2025,10,19977,11618,13487,8112.0
2025,10,19977,11618,13495,11406.0
2025,10,19977,11618,13577,580.0
2025,10,19977,11618,13891,0.0
2025,10,19977,11618,13930,62885.0
2025,10,19977,11618,13931,2266.0
2025,10,19977,11618,14027,28887.0
2025,10,19977,11618,14057,6336.0
2025,10,19977,11618,14107,19800.0
2025,10,19977,11618,14321,341.0
2025,10,19977,11618,14492,18712.0
2025,10,19977,11618,14635,19676.0
2025,10,19977,11618,14679,17123.0
2025,10,19977,11618,14683,6252.0
2025,10,19977,11618,14685,7164.0
2025,10,19977,11618,14696,477.0
2025,10,19977,11618,14747,13364.0
2025,10,19977,11618,14771,72130.0
2025,10,19977,11618,14843,16309.0
2025,10,19977,11618,14869,4289.0
2025,10,19977,11618,14893,4512.0
2025,10,19977,11618,14908,12071.0
2025,10,19977,11618,14986,8228.0
2025,10,19977,11618,15016,2941.0
2025,10,19977,11618,15024,1728.0
2025,10,19977,11618,15096,348.0
2025,10,19977,11618,15304,29437.0
2025,10,19977,11618,15376,19.0
2025,10,19977,12953,11042,0.0
2025,10,19977,12953,11066,6.0
2025,10,19977,12953,11109,0.0
2025,10,19977,12953,11193,6.0
2025,10,19977,12953,11292,26234.0
2025,10,19977,12953,11298,11.0
2025,10,19977,12953,11423,4.0
2025,10,19977,12953,11648,124.0
2025,10,19977,12953,12003,5.0
2025,10,19977,12953,12266,32028.0
2025,10,19977,12953,12339,10.0
2025,10,19977,12953,12892,5.0
2025,10,19977,12953,13158,0.0
2025,10,19977,12953,13198,0.0
2025,10,19977,12953,13871,6.0
2025,10,19977,12953,13930,61391.0
2025,10,19977,12953,14057,9.0
2025,10,19977,12953,14635,2.0
2025,10,19977,12953,14679,18.0
2025,10,19977,12953,14747,20.0
2025,10,19977,12953,14771,34.0
2025,10,19977,12953,14893,29.0
2025,10,19977,12953,14908,1.0
2025,10,19977,12953,15304,0.0
2025,10,19977,15070,11618,0.0
2025,10,20207,12391,12323,951.0
2025,10,20207,12391,12544,1345.0
2025,10,20253,12197,10154,0.0
2025,10,20253,12197,12250,0.0
2025,10,20253,12197,12932,320.0
2025,10,20253,12197,13541,46.0
2025,10,20253,12197,14306,21.0
2025,10,20253,12391,10721,298.0
2025,10,20253,12478,10154,0.0
2025,10,20253,12478,12250,75.0
2025,10,20253,12478,13541,118.0
2025,10,20253,12478,14875,107.0
2025,10,20304,12953,10693,1820.0
2025,10,20304,12953,13851,1602.0
2025,10,20304,12953,14122,1686.0
2025,10,20304,12953,14524,1614.0
2025,10,20304,12953,14576,1613.0
2025,10,20363,11618,11193,1895.0
2025,10,20363,11618,11433,74.0
2025,10,20363,11618,14492,3428.0
2025,10,20363,12197,10397,5221.0
2025,10,20363,12197,11433,3777.0
2025,10,20363,12197,13487,1780.0
2025,10,20363,12478,10581,1636.0
2025,10,20363,12478,10693,7598.0
2025,10,20363,12478,10785,3085.0
2025,10,20363,12478,10792,7435.0
2025,10,20363,12478,10994,5918.0
2025,10,20363,12478,11042,4796.0
2025,10,20363,12478,11057,5095.0
2025,10,20363,12478,11193,5741.0
2025,10,20363,12478,11433,1963.0
2025,10,20363,12478,12264,3484.0
2025,10,20363,12478,12339,5306.0
2025,10,20363,12478,12397,3189.0
2025,10,20363,12478,12451,3989.0
2025,10,20363,12478,13198,1721.0
2025,10,20363,12478,13244,1500.0
2025,10,20363,12478,13342,1741.0
2025,10,20363,12478,13930,5823.0
2025,10,20363,12478,13931,5048.0
2025,10,20363,12478,14122,1751.0
2025,10,20363,12478,14321,2916.0
2025,10,20363,12478,14492,5793.0
2025,10,20363,12478,14524,4667.0
2025,10,20363,12478,14576,5901.0
2025,10,20363,12478,14685,3985.0
2025,10,20363,12478,15016,1624.0
2025,10,20363,12478,15096,5041.0
2025,10,20363,12953,10257,2874.0
2025,10,20363,12953,10431,3557.0
2025,10,20363,12953,10581,4485.0
2025,10,20363,12953,10599,4914.0
2025,10,20363,12953,10693,2228.0
2025,10,20363,12953,10785,3133.0
2025,10,20363,12953,10792,1438.0
2025,10,20363,12953,10868,3368.0
2025,10,20363,12953,10980,2818.0
2025,10,20363,12953,10990,3341.0
2025,10,20363,12953,10994,3160.0
2025,10,20363,12953,11042,3179.0
2025,10,20363,12953,11057,3091.0
2025,10,20363,12953,11066,245.0
2025,10,20363,12953,11193,5831.0
2025,10,20363,12953,11423,3113.0
2025,10,20363,12953,11481,198.0
2025,10,20363,12953,11995,1626.0
2025,10,20363,12953,11996,6438.0
2025,10,20363,12953,12217,1506.0
2025,10,20363,12953,12323,4248.0
2025,10,20363,12953,12339,3458.0
2025,10,20363,12953,12451,5146.0
2025,10,20363,12953,12945,1455.0
2025,10,20363,12953,12992,1488.0
2025,10,20363,12953,13244,3212.0
2025,10,20363,12953,13342,4643.0
2025,10,20363,12953,13487,2055.0
2025,10,20363,12953,13871,4782.0
2025,10,20363,12953,13931,3933.0
2025,10,20363,12953,13933,883.0
2025,10,20363,12953,14122,2691.0
2025,10,20363,12953,14193,1902.0
2025,10,20363,12953,14321,2270.0
2025,10,20363,12953,14492,6839.0
2025,10,20363,12953,14524,2949.0
2025,10,20363,12953,14574,1172.0
2025,10,20363,12953,14576,3576.0
2025,10,20363,12953,14685,1871.0
2025,10,20363,12953,14696,174.0
2025,10,20363,12953,14730,1005.0
2025,10,20363,12953,15016,6663.0
2025,10,20363,12953,15096,4666.0
2025,10,20363,12953,15370,1386.0
2025,10,20363,12953,15412,5105.0
2025,10,20363,12953,15919,1714.0
2025,10,20368,11618,10431,1489.0
2025,10,20368,11618,11193,1230.0
2025,10,20368,11618,11423,1288.0
2025,10,20368,11618,15412,2251.0
2025,10,20368,11618,15624,2057.0
2025,10,20368,15070,11697,1186.0
2025,10,20368,15070,13577,2394.0
2025,10,20368,15070,14082,1417.0
2025,10,20368,15070,14112,2018.0
2025,10,20378,12953,12264,1493.0
2025,10,20397,12197,11057,6188.0
2025,10,20397,12197,11278,5780.0
2025,10,20398,11618,13930,3991.0
2025,10,20398,12197,13930,8004.0
2025,10,20409,11618,11697,7588.0
2025,10,20409,11618,12478,134.0
2025,10,20409,11618,12892,10487.0
2025,10,20409,11618,13204,13492.0
2025,10,20409,11618,14027,5011.0
2025,10,20409,11618,14635,4062.0
2025,10,20409,11618,14843,4672.0
2025,10,20409,11618,15249,126.0
2025,10,20409,11618,15304,4671.0
2025,10,20409,12197,10154,1176.0
2025,10,20409,12197,10721,18.0
2025,10,20409,12197,11697,8863.0
2025,10,20409,12197,13204,14186.0
2025,10,20409,12197,14027,18068.0
2025,10,20409,12197,14635,7563.0
2025,10,20409,12197,14843,2917.0
2025,10,20409,12197,15304,4327.0
2025,10,20409,12391,11697,3216.0
2025,10,20409,12391,13204,4226.0
2025,10,20409,12391,14027,4033.0
2025,10,20409,12478,10140,2863.0
2025,10,20409,12478,10154,1046.0
2025,10,20409,12478,10397,12446.0
2025,10,20409,12478,10529,2274.0
2025,10,20409,12478,10693,7176.0
2025,10,20409,12478,10721,20830.0
2025,10,20409,12478,10732,4403.0
2025,10,20409,12478,10792,15011.0
2025,10,20409,12478,10800,3117.0
2025,10,20409,12478,10994,6334.0
2025,10,20409,12478,11252,151.0
2025,10,20409,12478,11278,4293.0
2025,10,20409,12478,11292,5062.0
2025,10,20409,12478,11298,137.0
2025,10,20409,12478,11433,6560.0
2025,10,20409,12478,11618,129.0
2025,10,20409,12478,11697,23702.0
2025,10,20409,12478,12250,758.0
2025,10,20409,12478,12451,10134.0
2025,10,20409,12478,12889,20751.0
2025,10,20409,12478,12892,38274.0
2025,10,20409,12478,12953,150.0
2025,10,20409,12478,13204,25766.0
2025,10,20409,12478,13495,6844.0
2025,10,20409,12478,13541,1046.0
2025,10,20409,12478,13891,3993.0
2025,10,20409,12478,13930,5095.0
2025,10,20409,12478,14027,12968.0
2025,10,20409,12478,14100,128.0
2025,10,20409,12478,14107,4835.0
2025,10,20409,12478,14122,5242.0
2025,10,20409,12478,14307,1673.0
2025,10,20409,12478,14321,4300.0
2025,10,20409,12478,14492,8491.0
2025,10,20409,12478,14576,6769.0
2025,10,20409,12478,14635,8297.0
2025,10,20409,12478,14679,7800.0
2025,10,20409,12478,14685,3614.0
2025,10,20409,12478,14747,4063.0
2025,10,20409,12478,14771,23659.0
2025,10,20409,12478,14843,23367.0
2025,10,20409,12478,14869,4246.0
2025,10,20409,12478,14893,4321.0
2025,10,20409,12478,14986,3936.0
2025,10,20409,12478,15096,2989.0
2025,10,20409,12478,15304,8183.0
2025,10,20409,12953,10154,675.0
2025,10,20409,12953,11618,32.0
2025,10,20409,12953,11697,15195.0
2025,10,20409,12953,12451,138.0
2025,10,20409,12953,13204,14848.0
2025,10,20409,12953,14027,8442.0
2025,10,20409,12953,15304,6691.0
2025,10,20416,11618,10397,4374.0
2025,10,20416,11618,10423,4091.0
2025,10,20416,11618,10599,157.0
2025,10,20416,11618,10693,4670.0
2025,10,20416,11618,10868,35.0
2025,10,20416,11618,10994,3957.0
2025,10,20416,11618,11057,5210.0
2025,10,20416,11618,11298,4763.0
2025,10,20416,11618,11433,6207.0
2025,10,20416,11618,11697,19275.0
2025,10,20416,11618,12266,4631.0
2025,10,20416,11618,12339,4250.0
2025,10,20416,11618,12889,4683.0
2025,10,20416,11618,12892,4480.0
2025,10,20416,11618,13204,19530.0
2025,10,20416,11618,13303,4729.0
2025,10,20416,11618,13495,2179.0
2025,10,20416,11618,13577,4062.0
2025,10,20416,11618,14122,1135.0
2025,10,20416,11618,14492,2478.0
2025,10,20416,11618,14685,2819.0
2025,10,20416,12953,11057,5544.0
2025,10,20416,12953,11066,2720.0
2025,10,20416,12953,11298,1257.0
2025,10,20416,12953,11433,13416.0
2025,10,20416,12953,11697,17274.0
2025,10,20416,12953,12266,5560.0
2025,10,20416,12953,13204,11134.0
2025,10,20416,12953,13303,4009.0
2025,10,20416,12953,13577,3769.0
2025,10,20416,12953,13930,5789.0
2025,10,20422,11618,13487,3101.0
2025,10,20422,12478,13487,3787.0
2025,10,20436,11618,10397,11797.0
2025,10,20436,11618,13232,1357.0
2025,10,20436,11618,14843,2779.0
2025,10,20436,12391,13204,4900.0
2025,10,20436,12391,13577,2140.0
2025,10,20436,12391,15304,3959.0
2025,10,20436,12478,10397,14593.0
2025,10,20436,12478,11292,1936.0
2025,10,20436,12478,11298,3954.0
2025,10,20436,12478,12889,5633.0
2025,10,20436,12478,12892,5348.0
2025,10,20436,12478,13204,5620.0
2025,10,20436,12478,13303,4688.0
2025,10,20436,12478,13930,2870.0
2025,10,20436,12478,14843,4539.0
2025,10,20436,12478,15304,1984.0
2025,10,20436,12953,10397,13407.0
2025,10,20436,12953,11042,2556.0
2025,10,20436,12953,11057,3914.0
2025,10,20436,12953,11193,1048.0
2025,10,20436,12953,11292,2921.0
2025,10,20436,12953,11298,5864.0
2025,10,20436,12953,13204,3001.0
2025,10,20436,12953,13303,405.0
2025,10,20436,12953,14492,3121.0
2025,10,20452,11618,10397,571.0
2025,10,20452,11618,10581,2582.0
2025,10,20452,11618,10693,4606.0
2025,10,20452,11618,10721,6203.0
2025,10,20452,11618,10785,5685.0
2025,10,20452,11618,10792,420.0
2025,10,20452,11618,10994,568.0
2025,10,20452,11618,11042,2213.0
2025,10,20452,11618,11057,4102.0
2025,10,20452,11618,11066,11881.0
2025,10,20452,11618,11278,2413.0
2025,10,20452,11618,11433,9701.0
2025,10,20452,11618,11624,1613.0
2025,10,20452,11618,11986,4967.0
2025,10,20452,11618,11995,905.0
2025,10,20452,11618,11996,4319.0
2025,10,20452,11618,12124,1299.0
2025,10,20452,11618,12323,600.0
2025,10,20452,11618,12339,9940.0
2025,10,20452,11618,13198,3604.0
2025,10,20452,11618,13244,3403.0
2025,10,20452,11618,13342,5034.0
2025,10,20452,11618,13487,624.0
2025,10,20452,11618,13495,266.0
2025,10,20452,11618,13577,3358.0
2025,10,20452,11618,13931,2408.0
2025,10,20452,11618,14122,11041.0
2025,10,20452,11618,14321,7105.0
2025,10,20452,11618,14492,591.0
2025,10,20452,11618,14524,2600.0
2025,10,20452,11618,14576,2011.0
2025,10,20452,11618,14685,1467.0
2025,10,20452,11618,14730,6048.0
2025,10,20452,11618,14986,359.0
2025,10,20452,11618,15016,4357.0
2025,10,20452,11618,15096,2727.0
2025,10,20452,12478,10693,5935.0
2025,10,20452,12478,10721,14851.0
2025,10,20452,12478,10980,0.0
2025,10,20452,12478,11042,3245.0
2025,10,20452,12478,11057,1652.0
2025,10,20452,12478,11066,8585.0
2025,10,20452,12478,11193,3986.0
2025,10,20452,12478,11278,8963.0
2025,10,20452,12478,12339,5405.0
2025,10,20452,12478,12451,63.0
2025,10,20452,12478,12953,73.0
2025,10,20452,12478,13930,4144.0
2025,10,20452,12478,13931,2784.0
2025,10,20452,12478,14100,0.0
2025,10,20452,12478,14122,6793.0
2025,10,20452,12478,14492,8286.0
2025,10,20452,12478,14685,1985.0
2025,10,20452,12478,15096,0.0
2025,10,20452,12953,10397,10449.0
2025,10,20452,12953,10431,2409.0
2025,10,20452,12953,10581,1035.0
2025,10,20452,12953,10693,7470.0
2025,10,20452,12953,10721,36311.0
2025,10,20452,12953,10785,409.0
2025,10,20452,12953,10792,9167.0
2025,10,20452,12953,10868,3008.0
2025,10,20452,12953,10990,1605.0
2025,10,20452,12953,10994,3337.0
2025,10,20452,12953,11042,9559.0
2025,10,20452,12953,11057,6235.0
2025,10,20452,12953,11066,15793.0
2025,10,20452,12953,11193,70.0
2025,10,20452,12953,11267,16.0
2025,10,20452,12953,11278,23625.0
2025,10,20452,12953,11423,891.0
2025,10,20452,12953,11433,6704.0
2025,10,20452,12953,11618,0.0
2025,10,20452,12953,11986,6218.0
2025,10,20452,12953,11995,9932.0
2025,10,20452,12953,11996,4246.0
2025,10,20452,12953,12124,1204.0
2025,10,20452,12953,12264,6247.0
2025,10,20452,12953,12323,4402.0
2025,10,20452,12953,12339,12207.0
2025,10,20452,12953,12451,1614.0
2025,10,20452,12953,12478,73.0
2025,10,20452,12953,12992,1484.0
2025,10,20452,12953,13244,4866.0
2025,10,20452,12953,13342,1400.0
2025,10,20452,12953,13485,4981.0
2025,10,20452,12953,13495,76.0
2025,10,20452,12953,13851,3539.0
2025,10,20452,12953,13930,631.0
2025,10,20452,12953,13931,4714.0
2025,10,20452,12953,14027,1702.0
2025,10,20452,12953,14122,12810.0
2025,10,20452,12953,14321,7116.0
2025,10,20452,12953,14492,10985.0
2025,10,20452,12953,14524,8883.0
2025,10,20452,12953,14574,1780.0
2025,10,20452,12953,14685,2885.0
2025,10,20452,12953,14696,170.0
2025,10,20452,12953,14730,5414.0
2025,10,20452,12953,15016,4545.0
2025,10,20452,12953,15370,2518.0
2025,10,20452,12953,15412,1932.0
2025,10,20452,12953,15919,4394.0
2025,10,20500,11618,10431,1581.0
2025,10,20500,11618,10581,2246.0
2025,10,20500,11618,10785,678.0
2025,10,20500,11618,10792,3446.0
2025,10,20500,11618,11042,143.0
2025,10,20500,11618,11193,5463.0
2025,10,20500,11618,11278,9912.0
2025,10,20500,11618,11433,47.0
2025,10,20500,11618,11995,2868.0
2025,10,20500,11618,11996,541.0
2025,10,20500,11618,12264,1363.0
2025,10,20500,11618,12323,2135.0
2025,10,20500,11618,13931,2092.0
2025,10,20500,11618,14122,1812.0
2025,10,20500,11618,14321,604.0
2025,10,20500,11618,14524,4377.0
2025,10,20500,11618,14576,1477.0
2025,10,20500,11618,15096,167.0
2025,10,21080,12197,10154,332.0
2025,10,21080,12197,13541,132.0
2025,10,22080,11618,11146,516.0
2025,10,22080,12197,10994,1441.0
2025,10,22080,12197,11252,734.0
2025,10,22080,12197,12451,760.0
2025,10,22080,12197,13577,2328.0
2025,10,22080,12197,14492,1137.0
2025,10,22080,12197,14685,815.0
2025,10,22080,12197,15628,3142.0
2025,10,22080,12391,10994,1290.0
2025,10,22080,12391,12323,861.0
2025,10,22080,12391,13931,965.0
2025,10,22080,12391,14492,851.0
2025,10,22080,12391,14524,502.0
2025,10,22080,12391,14635,2595.0
2025,10,22080,12391,15628,1496.0
2025,10,22080,15070,10994,1077.0
2025,10,22080,15070,13204,1126.0
2025,11,19393,12391,10140,5.0
2025,11,19393,12391,10693,129.0
2025,11,19393,12391,10821,9076.0
2025,11,19393,12391,11292,4.0
2025,11,19393,12391,12191,10.0
2025,11,19393,12391,12339,5.0
2025,11,19393,12391,13204,8770.0
2025,11,19393,12391,14027,7462.0
2025,11,19393,12391,14107,24.0
2025,11,19393,12391,14679,1.0
2025,11,19393,12391,15304,845.0
2025,11,19393,12953,10140,54.0
2025,11,19393,12953,10397,12472.0
2025,11,19393,12953,10423,113.0
2025,11,19393,12953,10693,15226.0
2025,11,19393,12953,10994,4.0
2025,11,19393,12953,11259,16566.0
2025,11,19393,12953,11292,15991.0
2025,11,19393,12953,11540,10.0
2025,11,19393,12953,11638,7.0
2025,11,19393,12953,12191,16142.0
2025,11,19393,12953,12451,3.0
2025,11,19393,12953,12889,26.0
2025,11,19393,12953,12892,17.0
2025,11,19393,12953,13198,6674.0
2025,11,19393,12953,13232,22787.0
2025,11,19393,12953,13303,4.0
2025,11,19393,12953,13495,3562.0
2025,11,19393,12953,14107,278.0
2025,11,19393,12953,14679,37.0
2025,11,19393,12953,14869,10.0
2025,11,19393,12953,15016,14228.0
2025,11,19690,12478,12173,6064.0
2025,11,19790,11618,10397,35888.0
2025,11,19790,11618,11433,12080.0
2025,11,19790,11618,13487,9651.0
2025,11,19790,11618,14869,8254.0
2025,11,19790,12197,10397,5373.0
2025,11,19790,12478,10397,32749.0
2025,11,19790,12478,10423,17052.0
2025,11,19790,12478,10721,2666.0
2025,11,19790,12478,11292,10013.0
2025,11,19790,12478,11298,2423.0
2025,11,19790,12478,11433,9188.0
2025,11,19790,12478,11697,20215.0
2025,11,19790,12478,12173,2684.0
2025,11,19790,12478,12266,2521.0
2025,11,19790,12478,12451,2440.0
2025,11,19790,12478,12889,20532.0
2025,11,19790,12478,12892,53350.0
2025,11,19790,12478,13204,26669.0
2025,11,19790,12478,13303,21225.0
2025,11,19790,12478,13487,8634.0
2025,11,19790,12478,13495,5845.0
2025,11,19790,12478,14027,6459.0
2025,11,19790,12478,14057,5654.0
2025,11,19790,12478,14107,12131.0
2025,11,19790,12478,14262,369.0
2025,11,19790,12478,14635,3024.0
2025,11,19790,12478,14679,13922.0
2025,11,19790,12478,14683,4034.0
2025,11,19790,12478,14747,18375.0
2025,11,19790,12478,14771,34393.0
2025,11,19790,12478,14843,15143.0
2025,11,19790,12478,14869,17950.0
2025,11,19790,12478,15024,693.0
2025,11,19790,12478,15304,11945.0
2025,11,19790,12953,10397,59896.0
2025,11,19790,12953,10693,6225.0
2025,11,19790,12953,10721,3300.0
2025,11,19790,12953,10980,15.0
2025,11,19790,12953,10994,4682.0
2025,11,19790,12953,11193,3276.0
2025,11,19790,12953,11292,10180.0
2025,11,19790,12953,11298,17077.0
2025,11,19790,12953,11433,24342.0
2025,11,19790,12953,11697,21685.0
2025,11,19790,12953,12266,11142.0
2025,11,19790,12953,12451,265.0
2025,11,19790,12953,13198,6767.0
2025,11,19790,12953,13204,30934.0
2025,11,19790,12953,13303,23166.0
2025,11,19790,12953,13485,221.0
2025,11,19790,12953,13487,22032.0
2025,11,19790,12953,13495,8029.0
2025,11,19790,12953,13577,2556.0
2025,11,19790,12953,13930,23868.0
2025,11,19790,12953,14027,18429.0
2025,11,19790,12953,14492,6147.0
2025,11,19790,12953,14635,7245.0
2025,11,19790,12953,14685,189.0
2025,11,19790,12953,14869,97.0
2025,11,19790,12953,14986,5155.0
2025,11,19790,12953,15304,21290.0
2025,11,19805,11618,11057,20891.0
2025,11,19805,11618,11298,16672.0
2025,11,19805,11618,13303,16759.0
2025,11,19805,11618,13930,3580.0
2025,11,19805,11618,14107,12846.0
2025,11,19805,12478,10423,8270.0
2025,11,19805,12478,11057,16325.0
2025,11,19805,12478,11298,15794.0
2025,11,19805,12478,12889,4272.0
2025,11,19805,12478,12892,28388.0
2025,11,19805,12478,13303,34891.0
2025,11,19805,12478,13930,9387.0
2025,11,19805,12478,14107,16626.0
2025,11,19805,12478,14771,10157.0
2025,11,19805,12478,14908,2736.0
2025,11,19805,12478,15024,3127.0
2025,11,19805,12953,11057,28311.0
2025,11,19805,12953,11298,46888.0
2025,11,19805,12953,11697,6404.0
2025,11,19805,12953,13204,11566.0
2025,11,19805,12953,13303,43595.0
2025,11,19805,12953,13495,4517.0
2025,11,19805,12953,13930,30500.0
2025,11,19805,12953,14027,6608.0
2025,11,19805,12953,14635,3590.0
2025,11,19805,12953,15304,7804.0
2025,11,19930,11618,12892,8514.0
2025,11,19930,11618,14057,4501.0
2025,11,19930,11618,14679,3835.0
2025,11,19930,11618,14747,15776.0
2025,11,19930,11618,14771,8288.0
2025,11,19930,12478,14057,4258.0
2025,11,19930,12478,14262,3790.0
2025,11,19930,12478,14679,8613.0
2025,11,19930,12478,14747,16307.0
2025,11,19930,12478,14771,15520.0
2025,11,19977,11618,10140,0.0
2025,11,19977,11618,10397,19171.0
2025,11,19977,11618,10423,20105.0
2025,11,19977,11618,10693,13779.0
2025,11,19977,11618,10721,25876.0
2025,11,19977,11618,10732,4717.0
2025,11,19977,11618,10792,2577.0
2025,11,19977,11618,10821,0.0
2025,11,19977,11618,10994,9978.0
2025,11,19977,11618,11042,15955.0
2025,11,19977,11618,11057,5978.0
2025,11,19977,11618,11292,39299.0
2025,11,19977,11618,11298,18349.0
2025,11,19977,11618,11624,3072.0
2025,11,19977,11618,11697,34015.0
2025,11,19977,11618,11775,0.0
2025,11,19977,11618,11986,100.0
2025,11,19977,11618,12173,1332.0
2025,11,19977,11618,12264,13699.0
2025,11,19977,11618,12266,43484.0
2025,11,19977,11618,12451,15281.0
2025,11,19977,11618,12889,32709.0
2025,11,19977,11618,12892,58071.0
2025,11,19977,11618,13198,0.0
2025,11,19977,11618,13204,55309.0
2025,11,19977,11618,13303,27919.0
2025,11,19977,11618,13485,3302.0
2025,11,19977,11618,13487,2503.0
2025,11,19977,11618,13495,12326.0
2025,11,19977,11618,13577,2201.0
2025,11,19977,11618,13930,58156.0
2025,11,19977,11618,13931,2333.0
2025,11,19977,11618,14027,33630.0
2025,11,19977,11618,14057,3863.0
2025,11,19977,11618,14107,19934.0
2025,11,19977,11618,14122,516.0
2025,11,19977,11618,14321,2398.0
2025,11,19977,11618,14492,17710.0
2025,11,19977,11618,14635,22931.0
2025,11,19977,11618,14679,13133.0
2025,11,19977,11618,14683,7361.0
2025,11,19977,11618,14685,8443.0
2025,11,19977,11618,14696,326.0
2025,11,19977,11618,14747,8723.0
2025,11,19977,11618,14771,57839.0
2025,11,19977,11618,14843,15783.0
2025,11,19977,11618,14869,2939.0
2025,11,19977,11618,14893,4530.0
2025,11,19977,11618,14908,11061.0
2025,11,19977,11618,14986,7177.0
2025,11,19977,11618,15016,2634.0
2025,11,19977,11618,15024,4036.0
2025,11,19977,11618,15096,1801.0
2025,11,19977,11618,15304,29010.0
2025,11,19977,12953,11042,8.0
2025,11,19977,12953,11066,12.0
2025,11,19977,12953,11292,22602.0
2025,11,19977,12953,12003,27.0
2025,11,19977,12953,12266,29892.0
2025,11,19977,12953,12892,50.0
2025,11,19977,12953,13198,5.0
2025,11,19977,12953,13871,20.0
2025,11,19977,12953,13930,54510.0
2025,11,19977,12953,14747,47.0
2025,11,19977,12953,14893,1.0
2025,11,19977,12953,14908,9.0
2025,11,20207,12391,12323,1028.0
2025,11,20207,12391,12544,1958.0
2025,11,20207,12391,12882,701.0
2025,11,20253,12197,10154,0.0
2025,11,20253,12197,12250,0.0
2025,11,20253,12197,12932,265.0
2025,11,20253,12197,13541,0.0
2025,11,20253,12197,14306,0.0
2025,11,20253,12391,10721,204.0
2025,11,20253,12478,10154,0.0
2025,11,20253,12478,12250,64.0
2025,11,20253,12478,13541,156.0
2025,11,20253,12478,14875,98.0
2025,11,20304,12197,11433,106.0
2025,11,20304,12953,10693,1709.0
2025,11,20304,12953,13487,46.0
2025,11,20304,12953,13851,1517.0
2025,11,20304,12953,14122,1465.0
2025,11,20304,12953,14524,1334.0
2025,11,20304,12953,14576,1237.0
2025,11,20363,11618,11193,3437.0
2025,11,20363,11618,13487,63.0
2025,11,20363,11618,14492,3916.0
2025,11,20363,12197,10397,3964.0
2025,11,20363,12197,11433,2813.0
2025,11,20363,12197,13487,1583.0
2025,11,20363,12478,10581,1413.0
2025,11,20363,12478,10693,6672.0
2025,11,20363,12478,10785,2784.0
2025,11,20363,12478,10792,6422.0
2025,11,20363,12478,10994,4934.0
2025,11,20363,12478,11042,3928.0
2025,11,20363,12478,11057,4208.0
2025,11,20363,12478,11193,5266.0
2025,11,20363,12478,11433,1585.0
2025,11,20363,12478,12264,3331.0
2025,11,20363,12478,12339,4446.0
2025,11,20363,12478,12397,2542.0
2025,11,20363,12478,12451,3679.0
2025,11,20363,12478,13198,1562.0
2025,11,20363,12478,13244,1497.0
2025,11,20363,12478,13342,1584.0
2025,11,20363,12478,13930,5189.0
2025,11,20363,12478,13931,4323.0
2025,11,20363,12478,14122,1541.0
2025,11,20363,12478,14321,2817.0
2025,11,20363,12478,14492,5376.0
2025,11,20363,12478,14524,3935.0
2025,11,20363,12478,14576,4923.0
2025,11,20363,12478,14685,3478.0
2025,11,20363,12478,15016,1423.0
2025,11,20363,12478,15096,3787.0
2025,11,20363,12953,10257,2045.0
2025,11,20363,12953,10431,2950.0
2025,11,20363,12953,10581,3953.0
2025,11,20363,12953,10599,4619.0
2025,11,20363,12953,10693,1601.0
2025,11,20363,12953,10785,2614.0
2025,11,20363,12953,10792,2291.0
2025,11,20363,12953,10868,3020.0
2025,11,20363,12953,10980,2469.0
2025,11,20363,12953,10990,2862.0
2025,11,20363,12953,10994,2952.0
2025,11,20363,12953,11042,2388.0
2025,11,20363,12953,11057,2352.0
2025,11,20363,12953,11193,3850.0
2025,11,20363,12953,11423,2740.0
2025,11,20363,12953,11481,1542.0
2025,11,20363,12953,11995,20.0
2025,11,20363,12953,11996,5406.0
2025,11,20363,12953,12217,1332.0
2025,11,20363,12953,12323,3806.0
2025,11,20363,12953,12339,1955.0
2025,11,20363,12953,12451,3889.0
2025,11,20363,12953,12945,1106.0
2025,11,20363,12953,12992,1317.0
2025,11,20363,12953,13244,3137.0
2025,11,20363,12953,13342,4121.0
2025,11,20363,12953,13487,1740.0
2025,11,20363,12953,13871,3922.0
2025,11,20363,12953,13931,2526.0
2025,11,20363,12953,13933,816.0
2025,11,20363,12953,14122,2685.0
2025,11,20363,12953,14193,1769.0
2025,11,20363,12953,14321,398.0
2025,11,20363,12953,14492,6784.0
2025,11,20363,12953,14524,2375.0
2025,11,20363,12953,14574,945.0
2025,11,20363,12953,14576,3102.0
2025,11,20363,12953,14685,398.0
2025,11,20363,12953,14696,114.0
2025,11,20363,12953,14730,196.0
2025,11,20363,12953,15016,6019.0
2025,11,20363,12953,15096,3835.0
2025,11,20363,12953,15370,1019.0
2025,11,20363,12953,15412,4274.0
2025,11,20363,12953,15919,1355.0
2025,11,20368,11618,10431,2020.0
2025,11,20368,11618,11193,1353.0
2025,11,20368,11618,11423,1062.0
2025,11,20368,11618,15412,1959.0
2025,11,20368,11618,15624,1211.0
2025,11,20368,15070,11697,1187.0
2025,11,20368,15070,13577,2022.0
2025,11,20368,15070,14082,1544.0
2025,11,20368,15070,14112,1870.0
2025,11,20368,15070,14761,297.0
2025,11,20378,12953,12264,1634.0
2025,11,20397,12197,11057,5390.0
2025,11,20397,12197,11278,4128.0
2025,11,20398,11618,13930,2964.0
2025,11,20398,12197,13930,6302.0
2025,11,20409,11618,11618,57.0
2025,11,20409,11618,11697,11395.0
2025,11,20409,11618,12451,197.0
2025,11,20409,11618,12892,7184.0
2025,11,20409,11618,13204,16643.0
2025,11,20409,11618,14027,8543.0
2025,11,20409,11618,14635,4545.0
2025,11,20409,11618,14843,5676.0
2025,11,20409,11618,15304,6039.0
2025,11,20409,12197,11697,10289.0
2025,11,20409,12197,13204,11062.0
2025,11,20409,12197,14027,17989.0
2025,11,20409,12197,14492,112.0
2025,11,20409,12197,14635,6956.0
2025,11,20409,12197,14843,3251.0
2025,11,20409,12197,15304,4177.0
2025,11,20409,12391,11697,4127.0
2025,11,20409,12391,13204,4415.0
2025,11,20409,12391,14027,4668.0
2025,11,20409,12478,10397,13347.0
2025,11,20409,12478,10529,1790.0
2025,11,20409,12478,10693,5810.0
2025,11,20409,12478,10721,16149.0
2025,11,20409,12478,10732,5036.0
2025,11,20409,12478,10792,12203.0
2025,11,20409,12478,10994,6401.0
2025,11,20409,12478,11278,4378.0
2025,11,20409,12478,11292,2933.0
2025,11,20409,12478,11433,5411.0
2025,11,20409,12478,11618,120.0
2025,11,20409,12478,11697,25719.0
2025,11,20409,12478,12197,570.0
2025,11,20409,12478,12451,10181.0
2025,11,20409,12478,12889,13867.0
2025,11,20409,12478,12892,37028.0
2025,11,20409,12478,13204,29806.0
2025,11,20409,12478,13495,5360.0
2025,11,20409,12478,13930,3671.0
2025,11,20409,12478,14027,16990.0
2025,11,20409,12478,14107,6913.0
2025,11,20409,12478,14122,4425.0
2025,11,20409,12478,14307,2198.0
2025,11,20409,12478,14492,11311.0
2025,11,20409,12478,14576,5829.0
2025,11,20409,12478,14635,8330.0
2025,11,20409,12478,14679,8162.0
2025,11,20409,12478,14685,4192.0
2025,11,20409,12478,14771,20017.0
2025,11,20409,12478,14843,27024.0
2025,11,20409,12478,14869,3320.0
2025,11,20409,12478,14986,4059.0
2025,11,20409,12478,15096,4475.0
2025,11,20409,12478,15304,13080.0
2025,11,20409,12953,11697,13065.0
2025,11,20409,12953,13204,11710.0
2025,11,20409,12953,14027,12876.0
2025,11,20409,12953,15304,6964.0
2025,11,20416,11618,10397,6540.0
2025,11,20416,11618,10423,5291.0
2025,11,20416,11618,10693,905.0
2025,11,20416,11618,10994,5446.0
2025,11,20416,11618,11057,5881.0
2025,11,20416,11618,11298,4861.0
2025,11,20416,11618,11433,6608.0
2025,11,20416,11618,11697,15777.0
2025,11,20416,11618,12266,4274.0
2025,11,20416,11618,12339,4638.0
2025,11,20416,11618,12889,1677.0
2025,11,20416,11618,12892,4034.0
2025,11,20416,11618,13204,15648.0
2025,11,20416,11618,13303,2111.0
2025,11,20416,11618,13577,4161.0
2025,11,20416,11618,13930,3777.0
2025,11,20416,11618,14122,1639.0
2025,11,20416,11618,14492,3239.0
2025,11,20416,11618,14685,2144.0
2025,11,20416,12953,10397,522.0
2025,11,20416,12953,11057,7129.0
2025,11,20416,12953,11066,3080.0
2025,11,20416,12953,11298,5054.0
2025,11,20416,12953,11433,14230.0
2025,11,20416,12953,11697,18779.0
2025,11,20416,12953,12266,5013.0
2025,11,20416,12953,13204,9060.0
2025,11,20416,12953,13303,4195.0
2025,11,20416,12953,13577,3239.0
2025,11,20416,12953,13930,7920.0
2025,11,20422,11618,13487,3459.0
2025,11,20422,12478,13487,3467.0
2025,11,20436,11618,10397,9813.0
2025,11,20436,11618,13232,1303.0
2025,11,20436,11618,14843,3260.0
2025,11,20436,12391,13204,5758.0
2025,11,20436,12391,13577,1178.0
2025,11,20436,12391,15304,3790.0
2025,11,20436,12478,10397,10345.0
2025,11,20436,12478,11292,2866.0
2025,11,20436,12478,11298,6200.0
2025,11,20436,12478,12889,5798.0
2025,11,20436,12478,12892,5635.0
2025,11,20436,12478,13204,5991.0
2025,11,20436,12478,13303,5931.0
2025,11,20436,12478,13930,4416.0
2025,11,20436,12478,14843,5598.0
2025,11,20436,12478,15304,2346.0
2025,11,20436,12953,10397,13134.0
2025,11,20436,12953,11042,1412.0
2025,11,20436,12953,11057,3595.0
2025,11,20436,12953,11193,909.0
2025,11,20436,12953,11292,1901.0
2025,11,20436,12953,11298,4817.0
2025,11,20436,12953,13204,3733.0
2025,11,20436,12953,13303,1079.0
2025,11,20436,12953,14492,3349.0
2025,11,20452,11618,10529,0.0
2025,11,20452,11618,10693,3196.0
2025,11,20452,11618,10721,4045.0
2025,11,20452,11618,10792,1910.0
2025,11,20452,11618,11042,1385.0
2025,11,20452,11618,11057,3404.0
2025,11,20452,11618,11066,11014.0
2025,11,20452,11618,11193,0.0
2025,11,20452,11618,11278,1491.0
2025,11,20452,11618,11433,7670.0
2025,11,20452,11618,11986,3488.0
2025,11,20452,11618,12323,2956.0
2025,11,20452,11618,12339,9374.0
2025,11,20452,11618,12451,136.0
2025,11,20452,11618,13198,3291.0
2025,11,20452,11618,13244,3068.0
2025,11,20452,11618,13342,3082.0
2025,11,20452,11618,13487,1688.0
2025,11,20452,11618,13495,422.0
2025,11,20452,11618,13577,354.0
2025,11,20452,11618,13930,1272.0
2025,11,20452,11618,13931,2743.0
2025,11,20452,11618,14122,7253.0
2025,11,20452,11618,14321,1577.0
2025,11,20452,11618,14492,479.0
2025,11,20452,11618,14524,2783.0
2025,11,20452,11618,14576,3296.0
2025,11,20452,11618,14685,141.0
2025,11,20452,11618,14730,4838.0
2025,11,20452,11618,14986,1606.0
2025,11,20452,11618,15016,3605.0
2025,11,20452,11618,15096,1346.0
2025,11,20452,12478,10693,5429.0
2025,11,20452,12478,10721,12474.0
2025,11,20452,12478,10990,0.0
2025,11,20452,12478,10994,69.0
2025,11,20452,12478,11042,1715.0
2025,11,20452,12478,11057,1410.0
2025,11,20452,12478,11066,7316.0
2025,11,20452,12478,11193,3538.0
2025,11,20452,12478,11278,10115.0
2025,11,20452,12478,12339,4043.0
2025,11,20452,12478,12451,64.0
2025,11,20452,12478,12953,0.0
2025,11,20452,12478,13244,34.0
2025,11,20452,12478,13930,1787.0
2025,11,20452,12478,13931,2361.0
2025,11,20452,12478,14100,50.0
2025,11,20452,12478,14122,6175.0
2025,11,20452,12478,14492,7902.0
2025,11,20452,12478,14524,26.0
2025,11,20452,12478,14685,1726.0
2025,11,20452,12478,15096,113.0
2025,11,20452,12953,10397,8832.0
2025,11,20452,12953,10431,2220.0
2025,11,20452,12953,10529,71.0
2025,11,20452,12953,10581,5.0
2025,11,20452,12953,10693,7374.0
2025,11,20452,12953,10721,28284.0
2025,11,20452,12953,10785,408.0
2025,11,20452,12953,10792,7424.0
2025,11,20452,12953,10821,33.0
2025,11,20452,12953,10868,2273.0
2025,11,20452,12953,10990,1588.0
2025,11,20452,12953,10994,4609.0
2025,11,20452,12953,11042,9071.0
2025,11,20452,12953,11057,5764.0
2025,11,20452,12953,11066,14144.0
2025,11,20452,12953,11193,58.0
2025,11,20452,12953,11278,20389.0
2025,11,20452,12953,11423,839.0
2025,11,20452,12953,11433,4870.0
2025,11,20452,12953,11624,1930.0
2025,11,20452,12953,11986,3701.0
2025,11,20452,12953,11995,9301.0
2025,11,20452,12953,11996,3790.0
2025,11,20452,12953,12264,4287.0
2025,11,20452,12953,12323,4036.0
2025,11,20452,12953,12339,10506.0
2025,11,20452,12953,12451,2721.0
2025,11,20452,12953,12992,1115.0
2025,11,20452,12953,13244,4131.0
2025,11,20452,12953,13342,1147.0
2025,11,20452,12953,13485,4432.0
2025,11,20452,12953,13851,2954.0
2025,11,20452,12953,13930,1635.0
2025,11,20452,12953,13931,4681.0
2025,11,20452,12953,14027,74.0
2025,11,20452,12953,14122,10896.0
2025,11,20452,12953,14321,4071.0
2025,11,20452,12953,14492,9815.0
2025,11,20452,12953,14524,7577.0
2025,11,20452,12953,14574,1451.0
2025,11,20452,12953,14685,4002.0
2025,11,20452,12953,14696,137.0
2025,11,20452,12953,14730,4667.0
2025,11,20452,12953,15016,4189.0
2025,11,20452,12953,15370,2532.0
2025,11,20452,12953,15412,70.0
2025,11,20452,12953,15919,3555.0
2025,11,20500,11618,10431,1006.0
2025,11,20500,11618,10581,1886.0
2025,11,20500,11618,10785,3222.0
2025,11,20500,11618,10792,992.0
2025,11,20500,11618,11042,189.0
2025,11,20500,11618,11193,4057.0
2025,11,20500,11618,11278,7285.0
2025,11,20500,11618,11995,2103.0
2025,11,20500,11618,11996,2356.0
2025,11,20500,11618,12264,1231.0
2025,11,20500,11618,13931,908.0
2025,11,20500,11618,14122,2792.0
2025,11,20500,11618,14321,2291.0
2025,11,20500,11618,14492,46.0
2025,11,20500,11618,14524,2801.0
2025,11,20500,11618,14576,994.0
2025,11,21080,12197,10154,267.0
2025,11,21080,12197,12197,3.0
2025,11,21080,12197,12250,5.0
2025,11,21080,12197,13541,70.0
2025,11,21080,12197,14307,6.0
2025,11,22080,11618,11146,636.0
2025,11,22080,12197,10994,1287.0
2025,11,22080,12197,11252,780.0
2025,11,22080,12197,12451,744.0
2025,11,22080,12197,13577,1610.0
2025,11,22080,12197,14492,908.0
2025,11,22080,12197,14685,587.0
2025,11,22080,12197,14986,655.0
2025,11,22080,12197,15628,3028.0
2025,11,22080,12391,10994,990.0
2025,11,22080,12391,12323,963.0
2025,11,22080,12391,13204,112.0
2025,11,22080,12391,13931,821.0
2025,11,22080,12391,14492,721.0
2025,11,22080,12391,14524,482.0
2025,11,22080,12391,14635,2221.0
2025,11,22080,12391,14986,888.0
2025,11,22080,12391,15628,1604.0
2025,11,22080,15070,10994,826.0
2025,11,22080,15070,13204,1166.0
2025,12,19393,12391,10140,8.0
2025,12,19393,12391,10693,40.0
2025,12,19393,12391,10821,11435.0
2025,12,19393,12391,12191,65.0
2025,12,19393,12391,13204,9692.0
2025,12,19393,12391,14027,8262.0
2025,12,19393,12391,14107,86.0
2025,12,19393,12391,14679,4.0
2025,12,19393,12391,15304,1778.0
2025,12,19393,12953,10140,320.0
2025,12,19393,12953,10397,15049.0
2025,12,19393,12953,10423,126.0
2025,12,19393,12953,10693,17026.0
2025,12,19393,12953,10994,8.0
2025,12,19393,12953,11259,19811.0
2025,12,19393,12953,11292,17885.0
2025,12,19393,12953,12191,18588.0
2025,12,19393,12953,12889,35.0
2025,12,19393,12953,13198,7970.0
2025,12,19393,12953,13232,26730.0
2025,12,19393,12953,13495,3907.0
2025,12,19393,12953,13502,3.0
2025,12,19393,12953,14107,307.0
2025,12,19393,12953,14679,26.0
2025,12,19393,12953,14869,4.0
2025,12,19393,12953,15016,16164.0
2025,12,19690,12478,12173,7495.0
2025,12,19790,11618,10397,35370.0
2025,12,19790,11618,11433,12269.0
2025,12,19790,11618,13487,10100.0
2025,12,19790,11618,14869,9448.0
2025,12,19790,12197,10397,5962.0
2025,12,19790,12197,12945,1.0
2025,12,19790,12478,10397,33816.0
2025,12,19790,12478,10423,14569.0
2025,12,19790,12478,10721,2649.0
2025,12,19790,12478,11292,11734.0
2025,12,19790,12478,11298,2440.0
2025,12,19790,12478,11433,6610.0
2025,12,19790,12478,11503,359.0
2025,12,19790,12478,11697,24493.0
2025,12,19790,12478,12173,4316.0
2025,12,19790,12478,12266,2654.0
2025,12,19790,12478,12451,3928.0
2025,12,19790,12478,12889,20275.0
2025,12,19790,12478,12892,52617.0
2025,12,19790,12478,13204,29904.0
2025,12,19790,12478,13303,23425.0
2025,12,19790,12478,13487,9669.0
2025,12,19790,12478,13495,5753.0
2025,12,19790,12478,14027,8053.0
2025,12,19790,12478,14057,4973.0
2025,12,19790,12478,14107,13030.0
2025,12,19790,12478,14262,516.0
2025,12,19790,12478,14635,3933.0
2025,12,19790,12478,14679,14537.0
2025,12,19790,12478,14683,3634.0
2025,12,19790,12478,14747,16501.0
2025,12,19790,12478,14771,30211.0
2025,12,19790,12478,14843,17532.0
2025,12,19790,12478,14869,23540.0
2025,12,19790,12478,14986,1104.0
2025,12,19790,12478,15024,2565.0
2025,12,19790,12478,15304,13330.0
2025,12,19790,12953,10397,63145.0
2025,12,19790,12953,10693,4373.0
2025,12,19790,12953,10721,2847.0
2025,12,19790,12953,10849,152.0
2025,12,19790,12953,10994,4626.0
2025,12,19790,12953,11193,2049.0
2025,12,19790,12953,11292,11429.0
2025,12,19790,12953,11298,15052.0
2025,12,19790,12953,11433,21070.0
2025,12,19790,12953,11624,1003.0
2025,12,19790,12953,11697,25752.0
2025,12,19790,12953,12266,10560.0
2025,12,19790,12953,12451,2210.0
2025,12,19790,12953,13198,4419.0
2025,12,19790,12953,13204,35061.0
2025,12,19790,12953,13303,26875.0
2025,12,19790,12953,13487,23582.0
2025,12,19790,12953,13495,7957.0
2025,12,19790,12953,13577,1606.0
2025,12,19790,12953,13930,14511.0
2025,12,19790,12953,14027,22461.0
2025,12,19790,12953,14492,3775.0
2025,12,19790,12953,14635,8611.0
2025,12,19790,12953,14685,1304.0
2025,12,19790,12953,14869,184.0
2025,12,19790,12953,14986,5883.0
2025,12,19790,12953,15304,22577.0
2025,12,19805,11618,11057,25424.0
2025,12,19805,11618,11298,19277.0
2025,12,19805,11618,13303,18737.0
2025,12,19805,11618,13930,4419.0
2025,12,19805,11618,14107,14426.0
2025,12,19805,12478,10423,10323.0
2025,12,19805,12478,11057,18217.0
2025,12,19805,12478,11298,18452.0
2025,12,19805,12478,11503,1344.0
2025,12,19805,12478,12889,4270.0
2025,12,19805,12478,12892,29625.0
2025,12,19805,12478,13303,33786.0
2025,12,19805,12478,13930,8911.0
2025,12,19805,12478,14107,19988.0
2025,12,19805,12478,14771,9171.0
2025,12,19805,12478,14908,3299.0
2025,12,19805,12478,15024,3555.0
2025,12,19805,12953,11057,32368.0
2025,12,19805,12953,11298,50337.0
2025,12,19805,12953,11697,10726.0
2025,12,19805,12953,13204,13404.0
2025,12,19805,12953,13303,48572.0
2025,12,19805,12953,13495,4725.0
2025,12,19805,12953,13930,22383.0
2025,12,19805,12953,14027,10485.0
2025,12,19805,12953,14635,4195.0
2025,12,19805,12953,15304,11381.0
2025,12,19930,11618,10713,2.0
2025,12,19930,11618,12892,9794.0
2025,12,19930,11618,14057,4912.0
2025,12,19930,11618,14679,4986.0
2025,12,19930,11618,14747,18584.0
2025,12,19930,11618,14771,8982.0
2025,12,19930,12478,14057,4838.0
2025,12,19930,12478,14262,3887.0
2025,12,19930,12478,14679,9538.0
2025,12,19930,12478,14747,18779.0
2025,12,19930,12478,14771,18923.0
2025,12,19930,12478,14831,47.0
2025,12,19977,11618,10397,16573.0
2025,12,19977,11618,10423,19712.0
2025,12,19977,11618,10693,15593.0
2025,12,19977,11618,10721,23913.0
2025,12,19977,11618,10732,5119.0
2025,12,19977,11618,10821,0.0
2025,12,19977,11618,10849,2518.0
2025,12,19977,11618,10994,9413.0
2025,12,19977,11618,11042,11047.0
2025,12,19977,11618,11057,6098.0
2025,12,19977,11618,11193,2.0
2025,12,19977,11618,11292,46005.0
2025,12,19977,11618,11298,17026.0
2025,12,19977,11618,11433,1950.0
2025,12,19977,11618,11503,2072.0
2025,12,19977,11618,11624,3498.0
2025,12,19977,11618,11697,44323.0
2025,12,19977,11618,11775,0.0
2025,12,19977,11618,12094,1735.0
2025,12,19977,11618,12156,0.0
2025,12,19977,11618,12173,4793.0
2025,12,19977,11618,12264,15667.0
2025,12,19977,11618,12266,50725.0
2025,12,19977,11618,12441,3013.0
2025,12,19977,11618,12451,15135.0
2025,12,19977,11618,12889,29186.0
2025,12,19977,11618,12892,60542.0
2025,12,19977,11618,13204,63062.0
2025,12,19977,11618,13303,35939.0
2025,12,19977,11618,13485,3268.0
2025,12,19977,11618,13487,2745.0
2025,12,19977,11618,13495,9801.0
2025,12,19977,11618,13502,1087.0
2025,12,19977,11618,13577,99.0
2025,12,19977,11618,13830,319.0
2025,12,19977,11618,13871,0.0
2025,12,19977,11618,13891,0.0
2025,12,19977,11618,13930,61246.0
2025,12,19977,11618,13931,750.0
2025,12,19977,11618,14027,43726.0
2025,12,19977,11618,14057,4610.0
2025,12,19977,11618,14100,0.0
2025,12,19977,11618,14107,23073.0
2025,12,19977,11618,14262,1682.0
2025,12,19977,11618,14321,2763.0
2025,12,19977,11618,14492,19086.0
2025,12,19977,11618,14570,8.0
2025,12,19977,11618,14576,1490.0
2025,12,19977,11618,14635,27952.0
2025,12,19977,11618,14679,13886.0
2025,12,19977,11618,14683,8050.0
2025,12,19977,11618,14685,6116.0
2025,12,19977,11618,14689,0.0
2025,12,19977,11618,14747,9277.0
2025,12,19977,11618,14771,62120.0
2025,12,19977,11618,14843,19550.0
2025,12,19977,11618,14869,6782.0
2025,12,19977,11618,14893,4868.0
2025,12,19977,11618,14908,12434.0
2025,12,19977,11618,14986,9698.0
2025,12,19977,11618,15016,2969.0
2025,12,19977,11618,15024,4693.0
2025,12,19977,11618,15096,120.0
2025,12,19977,11618,15304,37365.0
2025,12,19977,12953,10397,2.0
2025,12,19977,12953,10423,19.0
2025,12,19977,12953,10849,6.0
2025,12,19977,12953,11042,1.0
2025,12,19977,12953,11066,1.0
2025,12,19977,12953,11292,24243.0
2025,12,19977,12953,11618,0.0
2025,12,19977,12953,11624,0.0
2025,12,19977,12953,11921,0.0
2025,12,19977,12953,12003,2.0
2025,12,19977,12953,12266,31033.0
2025,12,19977,12953,12892,20.0
2025,12,19977,12953,13198,3.0
2025,12,19977,12953,13495,8.0
2025,12,19977,12953,13871,0.0
2025,12,19977,12953,13930,55244.0
2025,12,19977,12953,14107,15.0
2025,12,19977,12953,14262,10.0
2025,12,19977,12953,14747,3.0
2025,12,19977,12953,14771,10.0
2025,12,19977,12953,14869,1.0
2025,12,19977,12953,14908,0.0
2025,12,20207,12391,12323,1137.0
2025,12,20207,12391,12544,2115.0
2025,12,20253,12197,10154,0.0
2025,12,20253,12197,12250,0.0
2025,12,20253,12197,12932,237.0
2025,12,20253,12197,13541,0.0
2025,12,20253,12197,14306,0.0
2025,12,20253,12391,10721,221.0
2025,12,20253,12478,10154,0.0
2025,12,20253,12478,12250,83.0
2025,12,20253,12478,13541,178.0
2025,12,20253,12478,14875,112.0
2025,12,20304,12197,11433,92.0
2025,12,20304,12953,10693,1058.0
2025,12,20304,12953,13851,913.0
2025,12,20304,12953,14122,1052.0
2025,12,20304,12953,14524,947.0
2025,12,20304,12953,14576,850.0
2025,12,20363,11618,11193,3554.0
2025,12,20363,11618,14492,4437.0
2025,12,20363,12197,10397,4129.0
2025,12,20363,12197,11433,3194.0
2025,12,20363,12197,13487,1611.0
2025,12,20363,12478,10581,1444.0
2025,12,20363,12478,10693,5961.0
2025,12,20363,12478,10785,3350.0
2025,12,20363,12478,10792,5190.0
2025,12,20363,12478,10994,3927.0
2025,12,20363,12478,11042,3515.0
2025,12,20363,12478,11057,4648.0
2025,12,20363,12478,11066,636.0
2025,12,20363,12478,11193,3809.0
2025,12,20363,12478,11433,2883.0
2025,12,20363,12478,12264,2734.0
2025,12,20363,12478,12339,2666.0
2025,12,20363,12478,12397,2196.0
2025,12,20363,12478,12451,3050.0
2025,12,20363,12478,13198,1907.0
2025,12,20363,12478,13244,1566.0
2025,12,20363,12478,13342,1765.0
2025,12,20363,12478,13487,137.0
2025,12,20363,12478,13930,3856.0
2025,12,20363,12478,13931,2759.0
2025,12,20363,12478,14122,1739.0
2025,12,20363,12478,14321,2594.0
2025,12,20363,12478,14492,5014.0
2025,12,20363,12478,14524,3480.0
2025,12,20363,12478,14576,4476.0
2025,12,20363,12478,14685,3392.0
2025,12,20363,12478,15016,1361.0
2025,12,20363,12478,15096,2397.0
2025,12,20363,12953,10257,1477.0
2025,12,20363,12953,10431,2831.0
2025,12,20363,12953,10581,2798.0
2025,12,20363,12953,10599,4666.0
2025,12,20363,12953,10693,2536.0
2025,12,20363,12953,10785,2340.0
2025,12,20363,12953,10792,1810.0
2025,12,20363,12953,10868,2751.0
2025,12,20363,12953,10980,2234.0
2025,12,20363,12953,10990,2144.0
2025,12,20363,12953,10994,2846.0
2025,12,20363,12953,11042,2957.0
2025,12,20363,12953,11057,2859.0
2025,12,20363,12953,11066,676.0
2025,12,20363,12953,11193,4764.0
2025,12,20363,12953,11423,2580.0
2025,12,20363,12953,11433,68.0
2025,12,20363,12953,11481,1723.0
2025,12,20363,12953,11986,1213.0
2025,12,20363,12953,11995,1831.0
2025,12,20363,12953,11996,5745.0
2025,12,20363,12953,12217,814.0
2025,12,20363,12953,12323,2892.0
2025,12,20363,12953,12339,1734.0
2025,12,20363,12953,12451,2922.0
2025,12,20363,12953,12945,734.0
2025,12,20363,12953,12992,906.0
2025,12,20363,12953,13198,291.0
2025,12,20363,12953,13244,3787.0
2025,12,20363,12953,13342,4061.0
2025,12,20363,12953,13487,1385.0
2025,12,20363,12953,13851,779.0
2025,12,20363,12953,13871,4149.0
2025,12,20363,12953,13931,3277.0
2025,12,20363,12953,13933,443.0
2025,12,20363,12953,14122,2052.0
2025,12,20363,12953,14193,2626.0
2025,12,20363,12953,14492,8069.0
2025,12,20363,12953,14524,2226.0
2025,12,20363,12953,14574,528.0
2025,12,20363,12953,14576,2941.0
2025,12,20363,12953,14685,1452.0
2025,12,20363,12953,14730,75.0
2025,12,20363,12953,15016,4133.0
2025,12,20363,12953,15096,3292.0
2025,12,20363,12953,15370,640.0
2025,12,20363,12953,15412,4047.0
2025,12,20363,12953,15919,1452.0
2025,12,20368,11618,10431,2341.0
2025,12,20368,11618,11193,1373.0
2025,12,20368,11618,11423,1720.0
2025,12,20368,11618,15412,3673.0
2025,12,20368,11618,15624,1732.0
2025,12,20368,15070,11697,1256.0
2025,12,20368,15070,13577,1492.0
2025,12,20368,15070,14082,1945.0
2025,12,20368,15070,14112,1678.0
2025,12,20368,15070,14761,1622.0
2025,12,20378,12953,12264,1089.0
2025,12,20397,12197,11057,6010.0
2025,12,20397,12197,11278,4781.0
2025,12,20398,11618,13930,3727.0
2025,12,20398,12197,13303,954.0
2025,12,20398,12197,13930,6416.0
2025,12,20409,11618,11697,13403.0
2025,12,20409,11618,12478,110.0
2025,12,20409,11618,12892,7665.0
2025,12,20409,11618,13204,20893.0
2025,12,20409,11618,14027,10748.0
2025,12,20409,11618,14635,3303.0
2025,12,20409,11618,14843,8532.0
2025,12,20409,11618,15249,145.0
2025,12,20409,11618,15304,443.0
2025,12,20409,12197,11697,12393.0
2025,12,20409,12197,12478,155.0
2025,12,20409,12197,13204,13418.0
2025,12,20409,12197,14027,19897.0
2025,12,20409,12197,14635,6244.0
2025,12,20409,12197,14843,3594.0
2025,12,20409,12197,15304,4028.0
2025,12,20409,12391,11697,4320.0
2025,12,20409,12391,13204,4236.0
2025,12,20409,12391,14027,6754.0
2025,12,20409,12391,14635,820.0
2025,12,20409,12391,15304,1045.0
2025,12,20409,12478,10397,13027.0
2025,12,20409,12478,10529,1833.0
2025,12,20409,12478,10693,4960.0
2025,12,20409,12478,10721,17243.0
2025,12,20409,12478,10732,6215.0
2025,12,20409,12478,10792,10646.0
2025,12,20409,12478,10849,840.0
2025,12,20409,12478,10994,5737.0
2025,12,20409,12478,11066,154.0
2025,12,20409,12478,11252,2988.0
2025,12,20409,12478,11278,2765.0
2025,12,20409,12478,11292,6092.0
2025,12,20409,12478,11433,3117.0
2025,12,20409,12478,11697,34950.0
2025,12,20409,12478,12197,277.0
2025,12,20409,12478,12451,10387.0
2025,12,20409,12478,12478,157.0
2025,12,20409,12478,12889,11629.0
2025,12,20409,12478,12892,43044.0
2025,12,20409,12478,13204,34920.0
2025,12,20409,12478,13495,5272.0
2025,12,20409,12478,13796,141.0
2025,12,20409,12478,13891,134.0
2025,12,20409,12478,13930,3650.0
2025,12,20409,12478,14027,20752.0
2025,12,20409,12478,14107,8384.0
2025,12,20409,12478,14122,3059.0
2025,12,20409,12478,14254,1744.0
2025,12,20409,12478,14307,1803.0
2025,12,20409,12478,14492,10133.0
2025,12,20409,12478,14570,1533.0
2025,12,20409,12478,14576,5007.0
2025,12,20409,12478,14635,9862.0
2025,12,20409,12478,14679,8154.0
2025,12,20409,12478,14685,3261.0
2025,12,20409,12478,14771,19963.0
2025,12,20409,12478,14843,32232.0
2025,12,20409,12478,14869,3786.0
2025,12,20409,12478,14986,4163.0
2025,12,20409,12478,15096,3174.0
2025,12,20409,12478,15304,11455.0
2025,12,20409,12478,15628,2401.0
2025,12,20409,12953,11697,15053.0
2025,12,20409,12953,13204,11743.0
2025,12,20409,12953,14027,15568.0
2025,12,20409,12953,15304,9016.0
2025,12,20416,11618,10397,10823.0
2025,12,20416,11618,10423,9397.0
2025,12,20416,11618,10994,4545.0
2025,12,20416,11618,11057,4930.0
2025,12,20416,11618,11298,7351.0
2025,12,20416,11618,11433,7207.0
2025,12,20416,11618,11697,22180.0
2025,12,20416,11618,12266,3939.0
2025,12,20416,11618,12339,5934.0
2025,12,20416,11618,12889,218.0
2025,12,20416,11618,12892,8331.0
2025,12,20416,11618,13204,15218.0
2025,12,20416,11618,13303,7999.0
2025,12,20416,11618,13577,4093.0
2025,12,20416,11618,13930,2543.0
2025,12,20416,11618,14027,3881.0
2025,12,20416,11618,14122,285.0
2025,12,20416,11618,14492,3096.0
2025,12,20416,11618,14685,3093.0
2025,12,20416,11618,14843,2252.0
2025,12,20416,12953,10397,86.0
2025,12,20416,12953,11057,5270.0
2025,12,20416,12953,11066,4011.0
2025,12,20416,12953,11298,4811.0
2025,12,20416,12953,11433,17319.0
2025,12,20416,12953,11697,19447.0
2025,12,20416,12953,12266,5023.0
2025,12,20416,12953,13204,10593.0
2025,12,20416,12953,13303,10253.0
2025,12,20416,12953,13577,5054.0
2025,12,20416,12953,13930,5060.0
2025,12,20422,11618,13487,7048.0
2025,12,20422,12478,13487,5627.0
2025,12,20436,11618,10397,10175.0
2025,12,20436,11618,13232,1932.0
2025,12,20436,11618,14843,3456.0
2025,12,20436,12391,11697,2295.0
2025,12,20436,12391,13204,5513.0
2025,12,20436,12391,14027,3840.0
2025,12,20436,12391,15304,3773.0
2025,12,20436,12478,10397,13208.0
2025,12,20436,12478,11292,2978.0
2025,12,20436,12478,11298,4195.0
2025,12,20436,12478,12889,6379.0
2025,12,20436,12478,12892,6292.0
2025,12,20436,12478,13204,6473.0
2025,12,20436,12478,13303,5525.0
2025,12,20436,12478,13930,2968.0
2025,12,20436,12478,14843,5824.0
2025,12,20436,12478,15304,3629.0
2025,12,20436,12953,10397,13632.0
2025,12,20436,12953,11042,1699.0
2025,12,20436,12953,11057,2257.0
2025,12,20436,12953,11193,1804.0
2025,12,20436,12953,11292,3229.0
2025,12,20436,12953,11298,3123.0
2025,12,20436,12953,13204,3346.0
2025,12,20436,12953,13303,2479.0
2025,12,20436,12953,14492,5271.0
2025,12,20436,12953,14843,227.0
2025,12,20452,11618,10397,1322.0
2025,12,20452,11618,10431,782.0
2025,12,20452,11618,10693,2162.0
2025,12,20452,11618,10721,3621.0
2025,12,20452,11618,10785,940.0
2025,12,20452,11618,10792,3172.0
2025,12,20452,11618,10994,1215.0
2025,12,20452,11618,11042,5386.0
2025,12,20452,11618,11057,3999.0
2025,12,20452,11618,11066,9575.0
2025,12,20452,11618,11278,1675.0
2025,12,20452,11618,11433,6439.0
2025,12,20452,11618,11624,677.0
2025,12,20452,11618,11986,3685.0
2025,12,20452,11618,11996,3694.0
2025,12,20452,11618,12264,148.0
2025,12,20452,11618,12323,3309.0
2025,12,20452,11618,12339,9256.0
2025,12,20452,11618,12451,1099.0
2025,12,20452,11618,13198,1963.0
2025,12,20452,11618,13244,1681.0
2025,12,20452,11618,13342,3778.0
2025,12,20452,11618,13485,107.0
2025,12,20452,11618,13487,2310.0
2025,12,20452,11618,13495,2772.0
2025,12,20452,11618,13577,1878.0
2025,12,20452,11618,13930,1534.0
2025,12,20452,11618,13931,3267.0
2025,12,20452,11618,14122,8967.0
2025,12,20452,11618,14321,1121.0
2025,12,20452,11618,14524,2279.0
2025,12,20452,11618,14576,970.0
2025,12,20452,11618,14685,1322.0
2025,12,20452,11618,14730,4359.0
2025,12,20452,11618,14986,1129.0
2025,12,20452,11618,15016,3056.0
2025,12,20452,11618,15096,1928.0
2025,12,20452,12478,10693,5025.0
2025,12,20452,12478,10721,10488.0
2025,12,20452,12478,10994,1489.0
2025,12,20452,12478,11042,2258.0
2025,12,20452,12478,11057,981.0
2025,12,20452,12478,11066,6556.0
2025,12,20452,12478,11193,3892.0
2025,12,20452,12478,11278,9650.0
2025,12,20452,12478,12264,0.0
2025,12,20452,12478,12339,5026.0
2025,12,20452,12478,13244,190.0
2025,12,20452,12478,13930,3644.0
2025,12,20452,12478,13931,3621.0
2025,12,20452,12478,14122,5833.0
2025,12,20452,12478,14492,8075.0
2025,12,20452,12478,14524,333.0
2025,12,20452,12478,14685,1824.0
2025,12,20452,12478,14730,0.0
2025,12,20452,12478,15016,55.0
2025,12,20452,12478,15096,998.0
2025,12,20452,12953,10397,7947.0
2025,12,20452,12953,10431,2045.0
2025,12,20452,12953,10693,8271.0
2025,12,20452,12953,10721,25225.0
2025,12,20452,12953,10785,315.0
2025,12,20452,12953,10792,6665.0
2025,12,20452,12953,10868,2136.0
2025,12,20452,12953,10980,0.0
2025,12,20452,12953,10990,1761.0
2025,12,20452,12953,10994,4567.0
2025,12,20452,12953,11042,7864.0
2025,12,20452,12953,11057,5659.0
2025,12,20452,12953,11066,12248.0
2025,12,20452,12953,11252,2.0
2025,12,20452,12953,11278,20586.0
2025,12,20452,12953,11423,604.0
2025,12,20452,12953,11433,4634.0
2025,12,20452,12953,11618,0.0
2025,12,20452,12953,11624,1851.0
2025,12,20452,12953,11986,2301.0
2025,12,20452,12953,11995,7899.0
2025,12,20452,12953,11996,3917.0
2025,12,20452,12953,12264,6784.0
2025,12,20452,12953,12323,4432.0
2025,12,20452,12953,12339,10625.0
2025,12,20452,12953,12451,2922.0
2025,12,20452,12953,12992,1475.0
2025,12,20452,12953,13198,1647.0
2025,12,20452,12953,13244,4138.0
2025,12,20452,12953,13342,1417.0
2025,12,20452,12953,13485,4079.0
2025,12,20452,12953,13577,1350.0
2025,12,20452,12953,13851,3090.0
2025,12,20452,12953,13930,10428.0
2025,12,20452,12953,13931,4145.0
2025,12,20452,12953,14122,11115.0
2025,12,20452,12953,14321,3762.0
2025,12,20452,12953,14492,9701.0
2025,12,20452,12953,14524,6770.0
2025,12,20452,12953,14574,1259.0
2025,12,20452,12953,14685,2721.0
2025,12,20452,12953,14730,4819.0
2025,12,20452,12953,15016,6230.0
2025,12,20452,12953,15370,3105.0
2025,12,20452,12953,15919,4391.0
2025,12,20500,11618,10431,766.0
2025,12,20500,11618,10581,2168.0
2025,12,20500,11618,10785,2648.0
2025,12,20500,11618,10792,836.0
2025,12,20500,11618,11042,96.0
2025,12,20500,11618,11066,186.0
2025,12,20500,11618,11193,4277.0
2025,12,20500,11618,11278,8536.0
2025,12,20500,11618,11433,76.0
2025,12,20500,11618,11995,2390.0
2025,12,20500,11618,11996,49.0
2025,12,20500,11618,12264,1228.0
2025,12,20500,11618,13931,1276.0
2025,12,20500,11618,14122,1973.0
2025,12,20500,11618,14321,2563.0
2025,12,20500,11618,14524,3328.0
2025,12,20500,11618,14576,1815.0
2025,12,20500,11618,15096,703.0
2025,12,21080,12197,10154,243.0
2025,12,22080,11618,11146,943.0
2025,12,22080,12197,10994,1373.0
2025,12,22080,12197,11252,785.0
2025,12,22080,12197,12451,737.0
2025,12,22080,12197,13577,1940.0
2025,12,22080,12197,14492,1078.0
2025,12,22080,12197,14685,754.0
2025,12,22080,12197,14986,757.0
2025,12,22080,12197,15628,3215.0
2025,12,22080,12391,10994,1188.0
2025,12,22080,12391,12323,1152.0
2025,12,22080,12391,13931,981.0
2025,12,22080,12391,14492,859.0
2025,12,22080,12391,14524,605.0
2025,12,22080,12391,14635,2745.0
2025,12,22080,12391,14986,1116.0
2025,12,22080,12391,15628,1758.0
2025,12,22080,15070,10994,965.0
2025,12,22080,15070,13204,1214.0
2026,1,19393,12391,10397,26.0
2026,1,19393,12391,10693,9.0
2026,1,19393,12391,10821,7970.0
2026,1,19393,12391,12191,26.0
2026,1,19393,12391,13204,6134.0
2026,1,19393,12391,14027,7685.0
2026,1,19393,12391,14107,9.0
2026,1,19393,12391,15304,865.0
2026,1,19393,12953,10140,54.0
2026,1,19393,12953,10397,9094.0
2026,1,19393,12953,10423,27.0
2026,1,19393,12953,10693,10542.0
2026,1,19393,12953,11259,12613.0
2026,1,19393,12953,11292,14536.0
2026,1,19393,12953,12191,12640.0
2026,1,19393,12953,12889,29.0
2026,1,19393,12953,13198,4216.0
2026,1,19393,12953,13232,17494.0
2026,1,19393,12953,13487,19.0
2026,1,19393,12953,13495,2942.0
2026,1,19393,12953,13502,1.0
2026,1,19393,12953,14107,71.0
2026,1,19393,12953,14679,50.0
2026,1,19393,12953,14683,305.0
2026,1,19393,12953,14869,2.0
2026,1,19393,12953,15016,10241.0
2026,1,19790,11618,10397,32396.0
2026,1,19790,11618,10980,1.0
2026,1,19790,11618,11433,9647.0
2026,1,19790,11618,13487,7533.0
2026,1,19790,11618,14869,8803.0
2026,1,19790,12197,10397,4616.0
2026,1,19790,12197,12217,3.0
2026,1,19790,12478,10397,27159.0
2026,1,19790,12478,10423,11381.0
2026,1,19790,12478,10721,2447.0
2026,1,19790,12478,10980,4.0
2026,1,19790,12478,11292,7187.0
2026,1,19790,12478,11298,2016.0
2026,1,19790,12478,11433,2923.0
2026,1,19790,12478,11503,368.0
2026,1,19790,12478,11697,20285.0
2026,1,19790,12478,12173,3312.0
2026,1,19790,12478,12266,2259.0
2026,1,19790,12478,12451,592.0
2026,1,19790,12478,12889,20523.0
2026,1,19790,12478,12892,47844.0
2026,1,19790,12478,13204,25499.0
2026,1,19790,12478,13303,22139.0
2026,1,19790,12478,13360,74.0
2026,1,19790,12478,13487,1358.0
2026,1,19790,12478,13495,5583.0
2026,1,19790,12478,13930,278.0
2026,1,19790,12478,14027,6144.0
2026,1,19790,12478,14057,4484.0
2026,1,19790,12478,14107,10042.0
2026,1,19790,12478,14262,459.0
2026,1,19790,12478,14635,4813.0
2026,1,19790,12478,14679,11861.0
2026,1,19790,12478,14683,2780.0
2026,1,19790,12478,14747,13534.0
2026,1,19790,12478,14771,29995.0
2026,1,19790,12478,14843,15154.0
2026,1,19790,12478,14869,19495.0
2026,1,19790,12478,14986,1804.0
2026,1,19790,12478,15024,4438.0
2026,1,19790,12478,15304,11387.0
2026,1,19790,12953,10397,49857.0
2026,1,19790,12953,10693,1731.0
2026,1,19790,12953,10721,3233.0
2026,1,19790,12953,10849,568.0
2026,1,19790,12953,10994,429.0
2026,1,19790,12953,11292,9030.0
2026,1,19790,12953,11298,11493.0
2026,1,19790,12953,11433,16150.0
2026,1,19790,12953,11624,319.0
2026,1,19790,12953,11697,23343.0
2026,1,19790,12953,12266,9323.0
2026,1,19790,12953,12451,2030.0
2026,1,19790,12953,13198,4743.0
2026,1,19790,12953,13204,34066.0
2026,1,19790,12953,13303,28619.0
2026,1,19790,12953,13487,18009.0
2026,1,19790,12953,13495,6523.0
2026,1,19790,12953,13930,7124.0
2026,1,19790,12953,14027,22087.0
2026,1,19790,12953,14492,1485.0
2026,1,19790,12953,14635,7052.0
2026,1,19790,12953,14685,289.0
2026,1,19790,12953,14869,532.0
2026,1,19790,12953,14986,4468.0
2026,1,19790,12953,15304,21033.0
2026,1,19805,11618,11057,18545.0
2026,1,19805,11618,11298,15332.0
2026,1,19805,11618,13303,17548.0
2026,1,19805,11618,13930,2382.0
2026,1,19805,11618,14107,12610.0
2026,1,19805,12478,10423,9609.0
2026,1,19805,12478,10721,1.0
2026,1,19805,12478,11057,13646.0
2026,1,19805,12478,11298,11158.0
2026,1,19805,12478,11503,2094.0
2026,1,19805,12478,12889,4821.0
2026,1,19805,12478,12892,27908.0
2026,1,19805,12478,13303,28446.0
2026,1,19805,12478,13930,3895.0
2026,1,19805,12478,14107,19546.0
2026,1,19805,12478,14771,8804.0
2026,1,19805,12478,14908,2725.0
2026,1,19805,12478,15024,2886.0
2026,1,19805,12953,10423,202.0
2026,1,19805,12953,11057,21253.0
2026,1,19805,12953,11298,39400.0
2026,1,19805,12953,11697,7740.0
2026,1,19805,12953,13204,12182.0
2026,1,19805,12953,13303,40754.0
2026,1,19805,12953,13495,4403.0
2026,1,19805,12953,13930,14914.0
2026,1,19805,12953,14027,6296.0
2026,1,19805,12953,14635,3425.0
2026,1,19805,12953,15304,6768.0
2026,1,19930,11618,12892,5806.0
2026,1,19930,11618,14057,944.0
2026,1,19930,11618,14679,997.0
2026,1,19930,11618,14747,9768.0
2026,1,19930,11618,14771,4001.0
2026,1,19930,12478,12173,4948.0
2026,1,19930,12478,13891,149.0
2026,1,19930,12478,14057,3990.0
2026,1,19930,12478,14262,3190.0
2026,1,19930,12478,14679,5486.0
2026,1,19930,12478,14747,13508.0
2026,1,19930,12478,14771,8565.0
2026,1,19977,11618,10397,13601.0
2026,1,19977,11618,10423,15010.0
2026,1,19977,11618,10693,10696.0
2026,1,19977,11618,10721,20688.0
2026,1,19977,11618,10732,4912.0
2026,1,19977,11618,10800,0.0
2026,1,19977,11618,10849,4182.0
2026,1,19977,11618,10994,6641.0
2026,1,19977,11618,11042,7618.0
2026,1,19977,11618,11057,4325.0
2026,1,19977,11618,11292,37184.0
2026,1,19977,11618,11298,14673.0
2026,1,19977,11618,11433,745.0
2026,1,19977,11618,11503,3534.0
2026,1,19977,11618,11624,3142.0
2026,1,19977,11618,11697,38504.0
2026,1,19977,11618,11775,0.0
2026,1,19977,11618,12094,1902.0
2026,1,19977,11618,12173,4346.0
2026,1,19977,11618,12264,11987.0
2026,1,19977,11618,12266,41646.0
2026,1,19977,11618,12441,3444.0
2026,1,19977,11618,12451,9727.0
2026,1,19977,11618,12889,26972.0
2026,1,19977,11618,12892,51180.0
2026,1,19977,11618,13204,53523.0
2026,1,19977,11618,13303,32939.0
2026,1,19977,11618,13485,672.0
2026,1,19977,11618,13487,440.0
2026,1,19977,11618,13495,8367.0
2026,1,19977,11618,13502,532.0
2026,1,19977,11618,13830,160.0
2026,1,19977,11618,13871,37.0
2026,1,19977,11618,13891,0.0
2026,1,19977,11618,13930,48306.0
2026,1,19977,11618,13931,1392.0
2026,1,19977,11618,14027,35636.0
2026,1,19977,11618,14057,4002.0
2026,1,19977,11618,14100,0.0
2026,1,19977,11618,14107,17017.0
2026,1,19977,11618,14262,1952.0
2026,1,19977,11618,14321,271.0
2026,1,19977,11618,14492,12949.0
2026,1,19977,11618,14635,22754.0
2026,1,19977,11618,14679,13984.0
2026,1,19977,11618,14683,4059.0
2026,1,19977,11618,14685,4633.0
2026,1,19977,11618,14747,7944.0
2026,1,19977,11618,14771,55869.0
2026,1,19977,11618,14843,16255.0
2026,1,19977,11618,14869,10019.0
2026,1,19977,11618,14893,853.0
2026,1,19977,11618,14908,10996.0
2026,1,19977,11618,14986,6742.0
2026,1,19977,11618,15016,457.0
2026,1,19977,11618,15024,3950.0
2026,1,19977,11618,15304,30255.0
2026,1,19977,11618,15412,0.0
2026,1,19977,12953,10423,3.0
2026,1,19977,12953,10693,0.0
2026,1,19977,12953,10849,2.0
2026,1,19977,12953,11292,22587.0
2026,1,19977,12953,11618,0.0
2026,1,19977,12953,11624,0.0
2026,1,19977,12953,12266,15822.0
2026,1,19977,12953,12889,1.0
2026,1,19977,12953,12892,34.0
2026,1,19977,12953,13198,0.0
2026,1,19977,12953,13930,33049.0
2026,1,19977,12953,14107,6.0
2026,1,19977,12953,14262,11.0
2026,1,19977,12953,14771,0.0
2026,1,19977,12953,14869,0.0
2026,1,20167,12478,13303,253.0
2026,1,20207,12391,12323,619.0
2026,1,20207,12391,12544,993.0
2026,1,20253,12197,10154,0.0
2026,1,20253,12197,12250,0.0
2026,1,20253,12197,12932,215.0
2026,1,20253,12197,13541,0.0
2026,1,20253,12197,14306,0.0
2026,1,20253,12391,10721,154.0
2026,1,20253,12478,10154,0.0
2026,1,20253,12478,12250,2.0
2026,1,20253,12478,13541,7.0
2026,1,20253,12478,14875,98.0
2026,1,20304,12953,12266,1128.0
2026,1,20304,12953,13930,1094.0
2026,1,20363,11618,11193,3089.0
2026,1,20363,11618,14492,3830.0
2026,1,20363,12197,10397,3680.0
2026,1,20363,12197,11433,2508.0
2026,1,20363,12197,13487,1287.0
2026,1,20363,12478,10581,1103.0
2026,1,20363,12478,10693,4532.0
2026,1,20363,12478,10785,2795.0
2026,1,20363,12478,10792,5780.0
2026,1,20363,12478,10994,1615.0
2026,1,20363,12478,11042,3420.0
2026,1,20363,12478,11057,4487.0
2026,1,20363,12478,11066,1339.0
2026,1,20363,12478,11193,4178.0
2026,1,20363,12478,11278,2107.0
2026,1,20363,12478,11433,4716.0
2026,1,20363,12478,12264,2695.0
2026,1,20363,12478,12339,3397.0
2026,1,20363,12478,12397,3198.0
2026,1,20363,12478,12451,6426.0
2026,1,20363,12478,13198,1351.0
2026,1,20363,12478,13244,194.0
2026,1,20363,12478,13342,1119.0
2026,1,20363,12478,13487,4754.0
2026,1,20363,12478,13930,5286.0
2026,1,20363,12478,13931,2595.0
2026,1,20363,12478,14122,2673.0
2026,1,20363,12478,14321,1313.0
2026,1,20363,12478,14492,5939.0
2026,1,20363,12478,14524,1382.0
2026,1,20363,12478,14576,4714.0
2026,1,20363,12478,14685,4199.0
2026,1,20363,12478,15016,218.0
2026,1,20363,12478,15096,4107.0
2026,1,20363,12953,10257,1848.0
2026,1,20363,12953,10431,1087.0
2026,1,20363,12953,10581,2031.0
2026,1,20363,12953,10599,3459.0
2026,1,20363,12953,10693,3059.0
2026,1,20363,12953,10785,2834.0
2026,1,20363,12953,10792,1801.0
2026,1,20363,12953,10868,2275.0
2026,1,20363,12953,10980,814.0
2026,1,20363,12953,10990,2199.0
2026,1,20363,12953,10994,3950.0
2026,1,20363,12953,11042,4637.0
2026,1,20363,12953,11057,2066.0
2026,1,20363,12953,11066,195.0
2026,1,20363,12953,11193,4230.0
2026,1,20363,12953,11423,1487.0
2026,1,20363,12953,11481,1022.0
2026,1,20363,12953,11986,331.0
2026,1,20363,12953,11995,1913.0
2026,1,20363,12953,11996,3159.0
2026,1,20363,12953,12217,786.0
2026,1,20363,12953,12323,1145.0
2026,1,20363,12953,12339,2464.0
2026,1,20363,12953,12451,3283.0
2026,1,20363,12953,12992,705.0
2026,1,20363,12953,13198,72.0
2026,1,20363,12953,13244,3645.0
2026,1,20363,12953,13342,1507.0
2026,1,20363,12953,13577,1125.0
2026,1,20363,12953,13851,1320.0
2026,1,20363,12953,13871,2398.0
2026,1,20363,12953,13931,2628.0
2026,1,20363,12953,13933,560.0
2026,1,20363,12953,14122,2188.0
2026,1,20363,12953,14193,1549.0
2026,1,20363,12953,14321,1553.0
2026,1,20363,12953,14492,7551.0
2026,1,20363,12953,14524,2334.0
2026,1,20363,12953,14574,632.0
2026,1,20363,12953,14576,3473.0
2026,1,20363,12953,14685,3899.0
2026,1,20363,12953,14730,570.0
2026,1,20363,12953,15016,4054.0
2026,1,20363,12953,15096,2482.0
2026,1,20363,12953,15370,643.0
2026,1,20363,12953,15412,2545.0
2026,1,20363,12953,15919,748.0
2026,1,20368,11618,10431,1138.0
2026,1,20368,11618,11193,309.0
2026,1,20368,11618,11423,320.0
2026,1,20368,11618,15412,1680.0
2026,1,20368,11618,15624,415.0
2026,1,20368,15070,11697,1424.0
2026,1,20368,15070,13577,1083.0
2026,1,20368,15070,14082,1449.0
2026,1,20368,15070,14112,1455.0
2026,1,20368,15070,14761,1113.0
2026,1,20378,12953,12264,1955.0
2026,1,20378,12953,12266,3340.0
2026,1,20397,12197,11057,4711.0
2026,1,20397,12197,11278,3369.0
2026,1,20398,11618,13930,3868.0
2026,1,20398,12197,13303,3348.0
2026,1,20398,12197,13930,3673.0
2026,1,20409,11618,11697,11499.0
2026,1,20409,11618,12451,143.0
2026,1,20409,11618,12889,5246.0
2026,1,20409,11618,12892,1156.0
2026,1,20409,11618,13204,16573.0
2026,1,20409,11618,14027,7595.0
2026,1,20409,11618,14635,2116.0
2026,1,20409,11618,14843,8028.0
2026,1,20409,12197,11697,9837.0
2026,1,20409,12197,13204,10711.0
2026,1,20409,12197,14027,20441.0
2026,1,20409,12197,14635,3748.0
2026,1,20409,12197,14843,3318.0
2026,1,20409,12197,15304,3925.0
2026,1,20409,12391,11697,3857.0
2026,1,20409,12391,13204,4018.0
2026,1,20409,12391,14027,6732.0
2026,1,20409,12391,14635,3290.0
2026,1,20409,12391,15304,2266.0
2026,1,20409,12478,10397,8902.0
2026,1,20409,12478,10529,2255.0
2026,1,20409,12478,10693,1598.0
2026,1,20409,12478,10721,17609.0
2026,1,20409,12478,10732,4926.0
2026,1,20409,12478,10792,5397.0
2026,1,20409,12478,10849,105.0
2026,1,20409,12478,10994,1601.0
2026,1,20409,12478,11252,2491.0
2026,1,20409,12478,11278,1454.0
2026,1,20409,12478,11292,2876.0
2026,1,20409,12478,11433,2176.0
2026,1,20409,12478,11697,24977.0
2026,1,20409,12478,12197,256.0
2026,1,20409,12478,12451,6992.0
2026,1,20409,12478,12889,10806.0
2026,1,20409,12478,12892,36786.0
2026,1,20409,12478,13204,24460.0
2026,1,20409,12478,13495,2289.0
2026,1,20409,12478,13930,3326.0
2026,1,20409,12478,14027,16015.0
2026,1,20409,12478,14107,7275.0
2026,1,20409,12478,14122,1971.0
2026,1,20409,12478,14254,528.0
2026,1,20409,12478,14307,1608.0
2026,1,20409,12478,14492,6254.0
2026,1,20409,12478,14570,406.0
2026,1,20409,12478,14576,4348.0
2026,1,20409,12478,14635,7582.0
2026,1,20409,12478,14679,7725.0
2026,1,20409,12478,14685,1567.0
2026,1,20409,12478,14771,20261.0
2026,1,20409,12478,14843,24174.0
2026,1,20409,12478,14869,3038.0
2026,1,20409,12478,14986,3250.0
2026,1,20409,12478,15096,2507.0
2026,1,20409,12478,15304,9926.0
2026,1,20409,12478,15628,1743.0
2026,1,20409,12953,11697,13953.0
2026,1,20409,12953,12197,104.0
2026,1,20409,12953,13204,11183.0
2026,1,20409,12953,14027,12747.0
2026,1,20409,12953,15304,7245.0
2026,1,20416,11618,10397,8215.0
2026,1,20416,11618,10423,5855.0
2026,1,20416,11618,10994,2646.0
2026,1,20416,11618,11057,4302.0
2026,1,20416,11618,11298,4935.0
2026,1,20416,11618,11433,5032.0
2026,1,20416,11618,11697,20729.0
2026,1,20416,11618,12266,3336.0
2026,1,20416,11618,12339,4185.0
2026,1,20416,11618,12892,7011.0
2026,1,20416,11618,13204,16708.0
2026,1,20416,11618,13303,5134.0
2026,1,20416,11618,13577,3735.0
2026,1,20416,11618,13930,3444.0
2026,1,20416,11618,14027,3370.0
2026,1,20416,11618,14122,59.0
2026,1,20416,11618,14492,2464.0
2026,1,20416,11618,14685,1827.0
2026,1,20416,11618,14843,4354.0
2026,1,20416,12953,11057,4101.0
2026,1,20416,12953,11066,1046.0
2026,1,20416,12953,11298,4756.0
2026,1,20416,12953,11433,12244.0
2026,1,20416,12953,11697,19938.0
2026,1,20416,12953,12266,5795.0
2026,1,20416,12953,13204,13607.0
2026,1,20416,12953,13303,9899.0
2026,1,20416,12953,13577,2607.0
2026,1,20416,12953,13930,3663.0
2026,1,20422,11618,13487,848.0
2026,1,20422,12478,13487,1321.0
2026,1,20436,11618,10397,8460.0
2026,1,20436,11618,13204,871.0
2026,1,20436,11618,13232,664.0
2026,1,20436,11618,14843,5032.0
2026,1,20436,12391,11697,636.0
2026,1,20436,12391,13204,4517.0
2026,1,20436,12391,14027,1211.0
2026,1,20436,12391,15304,2231.0
2026,1,20436,12478,10397,9937.0
2026,1,20436,12478,11292,1546.0
2026,1,20436,12478,11298,858.0
2026,1,20436,12478,12889,3937.0
2026,1,20436,12478,12892,3922.0
2026,1,20436,12478,13204,6298.0
2026,1,20436,12478,13303,3909.0
2026,1,20436,12478,13930,3001.0
2026,1,20436,12478,14843,7235.0
2026,1,20436,12478,15304,2712.0
2026,1,20436,12953,10397,11359.0
2026,1,20436,12953,11042,788.0
2026,1,20436,12953,11057,1438.0
2026,1,20436,12953,11193,972.0
2026,1,20436,12953,11292,1947.0
2026,1,20436,12953,11298,3316.0
2026,1,20436,12953,13204,5246.0
2026,1,20436,12953,13303,2622.0
2026,1,20436,12953,14492,2022.0
2026,1,20436,12953,14843,161.0
2026,1,20445,11618,10683,39.0
2026,1,20445,11618,13930,1.0
2026,1,20452,11618,10397,904.0
2026,1,20452,11618,10431,1005.0
2026,1,20452,11618,10693,1613.0
2026,1,20452,11618,10721,4150.0
2026,1,20452,11618,10785,1694.0
2026,1,20452,11618,10792,526.0
2026,1,20452,11618,10994,722.0
2026,1,20452,11618,11042,5494.0
2026,1,20452,11618,11057,2636.0
2026,1,20452,11618,11066,8195.0
2026,1,20452,11618,11193,1266.0
2026,1,20452,11618,11278,1386.0
2026,1,20452,11618,11433,6085.0
2026,1,20452,11618,11624,170.0
2026,1,20452,11618,11986,2909.0
2026,1,20452,11618,11996,2779.0
2026,1,20452,11618,12264,333.0
2026,1,20452,11618,12323,539.0
2026,1,20452,11618,12339,7524.0
2026,1,20452,11618,12451,2363.0
2026,1,20452,11618,13342,2991.0
2026,1,20452,11618,13485,1260.0
2026,1,20452,11618,13487,4259.0
2026,1,20452,11618,13495,2371.0
2026,1,20452,11618,13577,1473.0
2026,1,20452,11618,13930,525.0
2026,1,20452,11618,13931,1696.0
2026,1,20452,11618,14122,8215.0
2026,1,20452,11618,14321,2619.0
2026,1,20452,11618,14492,139.0
2026,1,20452,11618,14524,2523.0
2026,1,20452,11618,14576,2905.0
2026,1,20452,11618,14685,637.0
2026,1,20452,11618,14730,3654.0
2026,1,20452,11618,14986,2086.0
2026,1,20452,11618,15016,4812.0
2026,1,20452,11618,15096,440.0
2026,1,20452,12478,10693,4467.0
2026,1,20452,12478,10721,10713.0
2026,1,20452,12478,10792,0.0
2026,1,20452,12478,10994,2458.0
2026,1,20452,12478,11042,1611.0
2026,1,20452,12478,11066,4800.0
2026,1,20452,12478,11193,3130.0
2026,1,20452,12478,11278,7177.0
2026,1,20452,12478,12339,3541.0
2026,1,20452,12478,12953,0.0
2026,1,20452,12478,13244,52.0
2026,1,20452,12478,13930,2870.0
2026,1,20452,12478,13931,2512.0
2026,1,20452,12478,14122,4009.0
2026,1,20452,12478,14321,1308.0
2026,1,20452,12478,14492,5602.0
2026,1,20452,12478,14524,993.0
2026,1,20452,12478,14685,252.0
2026,1,20452,12478,14986,194.0
2026,1,20452,12478,15096,248.0
2026,1,20452,12953,10397,6544.0
2026,1,20452,12953,10431,1567.0
2026,1,20452,12953,10693,8405.0
2026,1,20452,12953,10721,23608.0
2026,1,20452,12953,10785,484.0
2026,1,20452,12953,10792,6392.0
2026,1,20452,12953,10868,1960.0
2026,1,20452,12953,10990,1097.0
2026,1,20452,12953,10994,4023.0
2026,1,20452,12953,11042,4670.0
2026,1,20452,12953,11057,3114.0
2026,1,20452,12953,11066,10088.0
2026,1,20452,12953,11193,178.0
2026,1,20452,12953,11278,17756.0
2026,1,20452,12953,11423,694.0
2026,1,20452,12953,11433,3747.0
2026,1,20452,12953,11624,2845.0
2026,1,20452,12953,11986,1465.0
2026,1,20452,12953,11995,5243.0
2026,1,20452,12953,11996,2357.0
2026,1,20452,12953,12264,4526.0
2026,1,20452,12953,12323,3272.0
2026,1,20452,12953,12339,7296.0
2026,1,20452,12953,12451,327.0
2026,1,20452,12953,12945,458.0
2026,1,20452,12953,12992,930.0
2026,1,20452,12953,13198,473.0
2026,1,20452,12953,13244,2232.0
2026,1,20452,12953,13342,1983.0
2026,1,20452,12953,13485,3239.0
2026,1,20452,12953,13577,192.0
2026,1,20452,12953,13851,2045.0
2026,1,20452,12953,13930,19105.0
2026,1,20452,12953,13931,3009.0
2026,1,20452,12953,14122,9898.0
2026,1,20452,12953,14321,2729.0
2026,1,20452,12953,14492,8612.0
2026,1,20452,12953,14524,5492.0
2026,1,20452,12953,14574,873.0
2026,1,20452,12953,14685,606.0
2026,1,20452,12953,14730,1763.0
2026,1,20452,12953,15016,4295.0
2026,1,20452,12953,15096,1268.0
2026,1,20452,12953,15370,2180.0
2026,1,20452,12953,15919,2854.0
2026,1,20500,11618,10431,29.0
2026,1,20500,11618,10581,1332.0
2026,1,20500,11618,10785,1947.0
2026,1,20500,11618,10792,3071.0
2026,1,20500,11618,10868,547.0
2026,1,20500,11618,10980,341.0
2026,1,20500,11618,11042,463.0
2026,1,20500,11618,11066,157.0
2026,1,20500,11618,11193,2958.0
2026,1,20500,11618,11278,7523.0
2026,1,20500,11618,11433,161.0
2026,1,20500,11618,11995,2145.0
2026,1,20500,11618,12264,1119.0
2026,1,20500,11618,12323,1801.0
2026,1,20500,11618,13931,1904.0
2026,1,20500,11618,14122,1623.0
2026,1,20500,11618,14321,2384.0
2026,1,20500,11618,14524,3018.0
2026,1,20500,11618,14576,1210.0
2026,1,20500,11618,15096,2032.0
2026,1,21080,12197,10154,65.0
2026,1,22080,11618,11146,454.0
2026,1,22080,12197,10994,1504.0
2026,1,22080,12197,11252,710.0
2026,1,22080,12197,12451,742.0
2026,1,22080,12197,13577,940.0
2026,1,22080,12197,14492,919.0
2026,1,22080,12197,14685,599.0
2026,1,22080,12197,14986,790.0
2026,1,22080,12197,15628,2940.0
2026,1,22080,12391,10994,716.0
2026,1,22080,12391,12323,899.0
2026,1,22080,12391,13931,565.0
2026,1,22080,12391,14492,1272.0
2026,1,22080,12391,14524,120.0
2026,1,22080,12391,14635,2514.0
2026,1,22080,12391,14986,941.0
2026,1,22080,12391,15628,1745.0
2026,1,22080,15070,10994,816.0
2026,1,22080,15070,13204,984.0
2026,2,19393,12391,10397,10.0
2026,2,19393,12391,10821,6960.0
2026,2,19393,12391,11259,2.0
2026,2,19393,12391,11697,357.0
2026,2,19393,12391,13204,6826.0
2026,2,19393,12391,13232,51.0
2026,2,19393,12391,14027,7427.0
2026,2,19393,12391,15304,2259.0
2026,2,19393,12953,10397,8243.0
2026,2,19393,12953,10693,10379.0
2026,2,19393,12953,11259,10492.0
2026,2,19393,12953,11292,13187.0
2026,2,19393,12953,12191,10845.0
2026,2,19393,12953,12889,29.0
2026,2,19393,12953,13198,3169.0
2026,2,19393,12953,13232,15460.0
2026,2,19393,12953,13487,24.0
2026,2,19393,12953,13495,2968.0
2026,2,19393,12953,13871,24.0
2026,2,19393,12953,14107,35.0
2026,2,19393,12953,14679,3.0
2026,2,19393,12953,14683,223.0
2026,2,19393,12953,14869,64.0
2026,2,19393,12953,15016,8888.0
2026,2,19393,12953,15304,348.0
2026,2,19790,11618,10397,29593.0
2026,2,19790,11618,11433,8947.0
2026,2,19790,11618,13487,5836.0
2026,2,19790,11618,14869,7400.0
2026,2,19790,12197,10397,4650.0
2026,2,19790,12478,10397,25205.0
2026,2,19790,12478,10423,10530.0
2026,2,19790,12478,10721,2202.0
2026,2,19790,12478,11292,6686.0
2026,2,19790,12478,11298,1650.0
2026,2,19790,12478,11433,1989.0
2026,2,19790,12478,11503,452.0
2026,2,19790,12478,11697,18266.0
2026,2,19790,12478,12173,2827.0
2026,2,19790,12478,12266,2169.0
2026,2,19790,12478,12451,2.0
2026,2,19790,12478,12889,18501.0
2026,2,19790,12478,12892,41143.0
2026,2,19790,12478,13204,22755.0
2026,2,19790,12478,13303,19885.0
2026,2,19790,12478,13495,4965.0
2026,2,19790,12478,13930,246.0
2026,2,19790,12478,14027,6079.0
2026,2,19790,12478,14057,3613.0
2026,2,19790,12478,14107,8660.0
2026,2,19790,12478,14262,809.0
2026,2,19790,12478,14635,5633.0
2026,2,19790,12478,14679,10515.0
2026,2,19790,12478,14683,2562.0
2026,2,19790,12478,14747,11869.0
2026,2,19790,12478,14771,24905.0
2026,2,19790,12478,14831,123.0
2026,2,19790,12478,14843,13254.0
2026,2,19790,12478,14869,19857.0
2026,2,19790,12478,14986,2105.0
2026,2,19790,12478,15024,4197.0
2026,2,19790,12478,15304,10371.0
2026,2,19790,12953,10397,48421.0
2026,2,19790,12953,10693,1881.0
2026,2,19790,12953,10721,1735.0
2026,2,19790,12953,10849,516.0
2026,2,19790,12953,11252,296.0
2026,2,19790,12953,11292,7794.0
2026,2,19790,12953,11298,11411.0
2026,2,19790,12953,11433,15206.0
2026,2,19790,12953,11697,21898.0
2026,2,19790,12953,12266,9051.0
2026,2,19790,12953,12451,2294.0
2026,2,19790,12953,13198,4793.0
2026,2,19790,12953,13204,30361.0
2026,2,19790,12953,13303,26716.0
2026,2,19790,12953,13487,16216.0
2026,2,19790,12953,13495,7054.0
2026,2,19790,12953,13930,6260.0
2026,2,19790,12953,14027,22828.0
2026,2,19790,12953,14492,1779.0
2026,2,19790,12953,14635,6804.0
2026,2,19790,12953,14869,444.0
2026,2,19790,12953,14986,5086.0
2026,2,19790,12953,15304,20385.0
2026,2,19805,11618,11057,16321.0
2026,2,19805,11618,11298,14899.0
2026,2,19805,11618,13303,16127.0
2026,2,19805,11618,13930,2733.0
2026,2,19805,11618,14107,11239.0
2026,2,19805,12478,10423,9068.0
2026,2,19805,12478,11057,11491.0
2026,2,19805,12478,11298,8520.0
2026,2,19805,12478,11503,2548.0
2026,2,19805,12478,12889,4319.0
2026,2,19805,12478,12892,24070.0
2026,2,19805,12478,13303,24442.0
2026,2,19805,12478,13930,2705.0
2026,2,19805,12478,14107,17584.0
2026,2,19805,12478,14771,8712.0
2026,2,19805,12478,14831,79.0
2026,2,19805,12478,14908,2272.0
2026,2,19805,12478,15024,2866.0
2026,2,19805,12953,11057,19192.0
2026,2,19805,12953,11298,37444.0
2026,2,19805,12953,11697,7390.0
2026,2,19805,12953,13204,10896.0
2026,2,19805,12953,13303,39614.0
2026,2,19805,12953,13495,4139.0
2026,2,19805,12953,13930,17847.0
2026,2,19805,12953,14027,7072.0
2026,2,19805,12953,14635,4203.0
2026,2,19805,12953,15304,6457.0
2026,2,19930,11618,12892,3893.0
2026,2,19930,11618,13487,0.0
2026,2,19930,11618,13891,166.0
2026,2,19930,11618,14057,1887.0
2026,2,19930,11618,14679,2236.0
2026,2,19930,11618,14747,7125.0
2026,2,19930,11618,14771,3453.0
2026,2,19930,12478,12173,4939.0
2026,2,19930,12478,14057,3571.0
2026,2,19930,12478,14262,3565.0
2026,2,19930,12478,14679,3823.0
2026,2,19930,12478,14747,12515.0
2026,2,19930,12478,14771,7553.0
2026,2,19977,11618,10397,16237.0
2026,2,19977,11618,10423,13377.0
2026,2,19977,11618,10693,9927.0
2026,2,19977,11618,10721,20810.0
2026,2,19977,11618,10732,4368.0
2026,2,19977,11618,10781,0.0
2026,2,19977,11618,10785,1446.0
2026,2,19977,11618,10800,0.0
2026,2,19977,11618,10849,4307.0
2026,2,19977,11618,10994,5930.0
2026,2,19977,11618,11042,6445.0
2026,2,19977,11618,11057,4309.0
2026,2,19977,11618,11140,0.0
2026,2,19977,11618,11292,31707.0
2026,2,19977,11618,11298,15113.0
2026,2,19977,11618,11423,0.0
2026,2,19977,11618,11503,3712.0
2026,2,19977,11618,11624,3583.0
2026,2,19977,11618,11697,34624.0
2026,2,19977,11618,11775,0.0
2026,2,19977,11618,12094,2939.0
2026,2,19977,11618,12173,2425.0
2026,2,19977,11618,12264,10163.0
2026,2,19977,11618,12266,34314.0
2026,2,19977,11618,12280,0.0
2026,2,19977,11618,12441,4611.0
2026,2,19977,11618,12451,10478.0
2026,2,19977,11618,12889,25990.0
2026,2,19977,11618,12892,45526.0
2026,2,19977,11618,13204,49185.0
2026,2,19977,11618,13303,29644.0
2026,2,19977,11618,13495,9377.0
2026,2,19977,11618,13502,1648.0
2026,2,19977,11618,13830,0.0
2026,2,19977,11618,13851,0.0
2026,2,19977,11618,13871,19.0
2026,2,19977,11618,13891,7.0
2026,2,19977,11618,13930,41735.0
2026,2,19977,11618,13931,911.0
2026,2,19977,11618,14027,36166.0
2026,2,19977,11618,14057,3271.0
2026,2,19977,11618,14107,14787.0
2026,2,19977,11618,14262,1785.0
2026,2,19977,11618,14321,2083.0
2026,2,19977,11618,14492,11156.0
2026,2,19977,11618,14576,853.0
2026,2,19977,11618,14635,24766.0
2026,2,19977,11618,14679,11469.0
2026,2,19977,11618,14683,3893.0
2026,2,19977,11618,14685,2984.0
2026,2,19977,11618,14747,6906.0
2026,2,19977,11618,14771,49326.0
2026,2,19977,11618,14831,209.0
2026,2,19977,11618,14843,14159.0
2026,2,19977,11618,14869,10875.0
2026,2,19977,11618,14908,9595.0
2026,2,19977,11618,14986,6479.0
2026,2,19977,11618,15024,3808.0
2026,2,19977,11618,15304,28662.0
2026,2,19977,12953,10423,2.0
2026,2,19977,12953,11042,2.0
2026,2,19977,12953,11292,20930.0
2026,2,19977,12953,11298,1.0
2026,2,19977,12953,11618,0.0
2026,2,19977,12953,12266,12886.0
2026,2,19977,12953,12889,4.0
2026,2,19977,12953,12892,12.0
2026,2,19977,12953,13204,6.0
2026,2,19977,12953,13851,6.0
2026,2,19977,12953,13930,27811.0
2026,2,19977,12953,14057,9.0
2026,2,19977,12953,14193,4.0
2026,2,19977,12953,14679,26.0
2026,2,19977,12953,15304,0.0
2026,2,20207,12391,12544,1291.0
2026,2,20207,12391,15412,84.0
2026,2,20253,12197,10154,0.0
2026,2,20253,12197,12250,0.0
2026,2,20253,12197,12932,232.0
2026,2,20253,12197,13541,0.0
2026,2,20253,12197,14306,0.0
2026,2,20253,12391,10721,55.0
2026,2,20253,12478,10154,0.0
2026,2,20253,12478,12250,0.0
2026,2,20253,12478,13541,0.0
2026,2,20253,12478,14875,80.0
2026,2,20304,11618,13487,206.0
2026,2,20304,12197,11433,719.0
2026,2,20304,12953,12266,545.0
2026,2,20304,12953,13930,1262.0
2026,2,20363,11618,11193,3292.0
2026,2,20363,11618,14492,3563.0
2026,2,20363,12197,10397,3664.0
2026,2,20363,12197,11433,1628.0
2026,2,20363,12197,13487,1329.0
2026,2,20363,12478,10581,1213.0
2026,2,20363,12478,10693,4629.0
2026,2,20363,12478,10785,2566.0
2026,2,20363,12478,10792,5496.0
2026,2,20363,12478,10994,1536.0
2026,2,20363,12478,11042,3213.0
2026,2,20363,12478,11057,4419.0
2026,2,20363,12478,11066,1024.0
2026,2,20363,12478,11193,4086.0
2026,2,20363,12478,11278,2140.0
2026,2,20363,12478,11433,4556.0
2026,2,20363,12478,12264,2617.0
2026,2,20363,12478,12339,3409.0
2026,2,20363,12478,12397,2631.0
2026,2,20363,12478,12451,6064.0
2026,2,20363,12478,13198,978.0
2026,2,20363,12478,13342,861.0
2026,2,20363,12478,13487,4660.0
2026,2,20363,12478,13930,5418.0
2026,2,20363,12478,13931,2617.0
2026,2,20363,12478,14122,2408.0
2026,2,20363,12478,14321,1212.0
2026,2,20363,12478,14492,6075.0
2026,2,20363,12478,14524,1275.0
2026,2,20363,12478,14576,4607.0
2026,2,20363,12478,14685,4471.0
2026,2,20363,12478,15096,4287.0
2026,2,20363,12953,10257,2168.0
2026,2,20363,12953,10431,1262.0
2026,2,20363,12953,10581,2599.0
2026,2,20363,12953,10599,3668.0
2026,2,20363,12953,10693,2796.0
2026,2,20363,12953,10785,2924.0
2026,2,20363,12953,10792,1930.0
2026,2,20363,12953,10868,2680.0
2026,2,20363,12953,10980,759.0
2026,2,20363,12953,10990,2535.0
2026,2,20363,12953,10994,5682.0
2026,2,20363,12953,11042,4743.0
2026,2,20363,12953,11057,2521.0
2026,2,20363,12953,11066,606.0
2026,2,20363,12953,11193,4691.0
2026,2,20363,12953,11423,1192.0
2026,2,20363,12953,11481,1452.0
2026,2,20363,12953,11995,2558.0
2026,2,20363,12953,11996,3402.0
2026,2,20363,12953,12217,1035.0
2026,2,20363,12953,12323,1155.0
2026,2,20363,12953,12339,2406.0
2026,2,20363,12953,12451,2332.0
2026,2,20363,12953,12945,483.0
2026,2,20363,12953,12992,1034.0
2026,2,20363,12953,13198,147.0
2026,2,20363,12953,13244,3252.0
2026,2,20363,12953,13342,1264.0
2026,2,20363,12953,13577,1528.0
2026,2,20363,12953,13851,1136.0
2026,2,20363,12953,13871,2062.0
2026,2,20363,12953,13931,2459.0
2026,2,20363,12953,13933,682.0
2026,2,20363,12953,14122,2052.0
2026,2,20363,12953,14193,1571.0
2026,2,20363,12953,14321,1747.0
2026,2,20363,12953,14492,6858.0
2026,2,20363,12953,14524,1879.0
2026,2,20363,12953,14574,787.0
2026,2,20363,12953,14576,3665.0
2026,2,20363,12953,14685,3790.0
2026,2,20363,12953,14730,784.0
2026,2,20363,12953,15016,3304.0
2026,2,20363,12953,15096,2162.0
2026,2,20363,12953,15370,635.0
2026,2,20363,12953,15412,2815.0
2026,2,20363,12953,15919,716.0
2026,2,20368,11618,10431,886.0
2026,2,20368,11618,15412,1080.0
2026,2,20368,11618,15624,548.0
2026,2,20368,15070,11697,1374.0
2026,2,20368,15070,13577,1013.0
2026,2,20368,15070,14082,1538.0
2026,2,20368,15070,14112,1647.0
2026,2,20368,15070,14761,1367.0
2026,2,20378,12953,12264,1884.0
2026,2,20378,12953,12266,4843.0
2026,2,20397,12197,11057,4599.0
2026,2,20397,12197,11278,3254.0
2026,2,20398,11618,13930,3459.0
2026,2,20398,12197,13303,2253.0
2026,2,20398,12197,13930,4005.0
2026,2,20409,11618,11697,9861.0
2026,2,20409,11618,12889,6761.0
2026,2,20409,11618,13204,14058.0
2026,2,20409,11618,14027,8502.0
2026,2,20409,11618,14635,2057.0
2026,2,20409,11618,14843,6934.0
2026,2,20409,12197,11697,9558.0
2026,2,20409,12197,13204,9914.0
2026,2,20409,12197,14027,19232.0
2026,2,20409,12197,14635,4964.0
2026,2,20409,12197,14843,2932.0
2026,2,20409,12197,15304,3633.0
2026,2,20409,12391,11697,3937.0
2026,2,20409,12391,13204,3489.0
2026,2,20409,12391,14027,6669.0
2026,2,20409,12391,14635,3098.0
2026,2,20409,12391,15304,2121.0
2026,2,20409,12478,10397,6998.0
2026,2,20409,12478,10529,2095.0
2026,2,20409,12478,10693,2078.0
2026,2,20409,12478,10721,14780.0
2026,2,20409,12478,10732,6182.0
2026,2,20409,12478,10792,7033.0
2026,2,20409,12478,10849,1576.0
2026,2,20409,12478,10994,1831.0
2026,2,20409,12478,11042,92.0
2026,2,20409,12478,11252,2373.0
2026,2,20409,12478,11278,1394.0
2026,2,20409,12478,11292,4403.0
2026,2,20409,12478,11433,1988.0
2026,2,20409,12478,11618,140.0
2026,2,20409,12478,11697,27623.0
2026,2,20409,12478,12391,103.0
2026,2,20409,12478,12451,5911.0
2026,2,20409,12478,12889,11479.0
2026,2,20409,12478,12892,30242.0
2026,2,20409,12478,13204,26339.0
2026,2,20409,12478,13495,2920.0
2026,2,20409,12478,13891,143.0
2026,2,20409,12478,13930,3148.0
2026,2,20409,12478,13933,152.0
2026,2,20409,12478,14027,16687.0
2026,2,20409,12478,14107,6202.0
2026,2,20409,12478,14122,1300.0
2026,2,20409,12478,14307,1745.0
2026,2,20409,12478,14492,6144.0
2026,2,20409,12478,14570,1645.0
2026,2,20409,12478,14576,3155.0
2026,2,20409,12478,14635,9538.0
2026,2,20409,12478,14679,6664.0
2026,2,20409,12478,14685,2177.0
2026,2,20409,12478,14771,17115.0
2026,2,20409,12478,14843,27743.0
2026,2,20409,12478,14869,4698.0
2026,2,20409,12478,14986,4280.0
2026,2,20409,12478,15096,2673.0
2026,2,20409,12478,15304,10132.0
2026,2,20409,12478,15628,2464.0
2026,2,20409,12953,11697,13460.0
2026,2,20409,12953,12451,113.0
2026,2,20409,12953,13204,9929.0
2026,2,20409,12953,14027,12421.0
2026,2,20409,12953,15304,6387.0
2026,2,20416,11618,10397,8219.0
2026,2,20416,11618,10423,3910.0
2026,2,20416,11618,10994,3067.0
2026,2,20416,11618,11057,4880.0
2026,2,20416,11618,11298,5064.0
2026,2,20416,11618,11433,4789.0
2026,2,20416,11618,11697,19460.0
2026,2,20416,11618,12266,3272.0
2026,2,20416,11618,12339,1472.0
2026,2,20416,11618,12892,4684.0
2026,2,20416,11618,13204,16620.0
2026,2,20416,11618,13303,6648.0
2026,2,20416,11618,13577,4358.0
2026,2,20416,11618,13930,3531.0
2026,2,20416,11618,14027,3418.0
2026,2,20416,11618,14492,2873.0
2026,2,20416,11618,14685,2025.0
2026,2,20416,11618,14843,4363.0
2026,2,20416,12953,11057,3586.0
2026,2,20416,12953,11298,5236.0
2026,2,20416,12953,11433,11806.0
2026,2,20416,12953,11697,19890.0
2026,2,20416,12953,12266,5456.0
2026,2,20416,12953,13204,11838.0
2026,2,20416,12953,13303,9157.0
2026,2,20416,12953,13577,4182.0
2026,2,20416,12953,13930,3743.0
2026,2,20422,11618,13487,411.0
2026,2,20436,11618,10397,7482.0
2026,2,20436,11618,13204,1875.0
2026,2,20436,11618,13495,795.0
2026,2,20436,11618,14843,2934.0
2026,2,20436,12391,13204,4741.0
2026,2,20436,12391,14027,2924.0
2026,2,20436,12391,15304,2396.0
2026,2,20436,12478,10397,9105.0
2026,2,20436,12478,13204,3747.0
2026,2,20436,12478,13303,5384.0
2026,2,20436,12478,13495,1076.0
2026,2,20436,12478,13930,2363.0
2026,2,20436,12478,14843,4920.0
2026,2,20436,12953,10397,9113.0
2026,2,20436,12953,11057,2040.0
2026,2,20436,12953,13204,6967.0
2026,2,20436,12953,13303,2669.0
2026,2,20436,12953,13495,457.0
2026,2,20436,12953,14492,1163.0
2026,2,20445,11618,10683,40.0
2026,2,20452,11618,10397,552.0
2026,2,20452,11618,10423,188.0
2026,2,20452,11618,10431,403.0
2026,2,20452,11618,10581,956.0
2026,2,20452,11618,10693,2128.0
2026,2,20452,11618,10721,4364.0
2026,2,20452,11618,10785,649.0
2026,2,20452,11618,10792,65.0
2026,2,20452,11618,10994,1325.0
2026,2,20452,11618,11042,4913.0
2026,2,20452,11618,11057,2864.0
2026,2,20452,11618,11066,7172.0
2026,2,20452,11618,11193,544.0
2026,2,20452,11618,11278,1465.0
2026,2,20452,11618,11433,6299.0
2026,2,20452,11618,11624,471.0
2026,2,20452,11618,11986,2670.0
2026,2,20452,11618,11996,2557.0
2026,2,20452,11618,12264,120.0
2026,2,20452,11618,12323,20.0
2026,2,20452,11618,12339,6709.0
2026,2,20452,11618,12451,1796.0
2026,2,20452,11618,13342,2781.0
2026,2,20452,11618,13485,1322.0
2026,2,20452,11618,13487,3932.0
2026,2,20452,11618,13495,1176.0
2026,2,20452,11618,13577,2289.0
2026,2,20452,11618,13930,802.0
2026,2,20452,11618,13931,1774.0
2026,2,20452,11618,14122,7217.0
2026,2,20452,11618,14321,1022.0
2026,2,20452,11618,14492,1269.0
2026,2,20452,11618,14524,2544.0
2026,2,20452,11618,14576,2437.0
2026,2,20452,11618,14685,2090.0
2026,2,20452,11618,14730,3631.0
2026,2,20452,11618,14986,2167.0
2026,2,20452,11618,15016,4618.0
2026,2,20452,11618,15096,69.0
2026,2,20452,12478,10693,3759.0
2026,2,20452,12478,10721,10800.0
2026,2,20452,12478,10994,2709.0
2026,2,20452,12478,11042,1159.0
2026,2,20452,12478,11066,3882.0
2026,2,20452,12478,11193,2731.0
2026,2,20452,12478,11278,6084.0
2026,2,20452,12478,11624,0.0
2026,2,20452,12478,12339,2041.0
2026,2,20452,12478,13930,2731.0
2026,2,20452,12478,13931,2133.0
2026,2,20452,12478,14122,3548.0
2026,2,20452,12478,14321,1605.0
2026,2,20452,12478,14492,5128.0
2026,2,20452,12478,14524,1004.0
2026,2,20452,12953,10397,6906.0
2026,2,20452,12953,10431,1352.0
2026,2,20452,12953,10693,8774.0
2026,2,20452,12953,10721,27310.0
2026,2,20452,12953,10785,441.0
2026,2,20452,12953,10792,6012.0
2026,2,20452,12953,10868,2314.0
2026,2,20452,12953,10990,904.0
2026,2,20452,12953,10994,4099.0
2026,2,20452,12953,11042,5138.0
2026,2,20452,12953,11057,2922.0
2026,2,20452,12953,11066,9569.0
2026,2,20452,12953,11193,25.0
2026,2,20452,12953,11278,19271.0
2026,2,20452,12953,11423,761.0
2026,2,20452,12953,11433,3849.0
2026,2,20452,12953,11624,3025.0
2026,2,20452,12953,11986,1995.0
2026,2,20452,12953,11995,4792.0
2026,2,20452,12953,11996,2736.0
2026,2,20452,12953,12264,4025.0
2026,2,20452,12953,12323,3418.0
2026,2,20452,12953,12339,6773.0
2026,2,20452,12953,12451,1248.0
2026,2,20452,12953,12478,0.0
2026,2,20452,12953,12945,182.0
2026,2,20452,12953,12992,739.0
2026,2,20452,12953,13244,2175.0
2026,2,20452,12953,13342,2322.0
2026,2,20452,12953,13485,3482.0
2026,2,20452,12953,13487,0.0
2026,2,20452,12953,13851,1757.0
2026,2,20452,12953,13930,18287.0
2026,2,20452,12953,13931,3199.0
2026,2,20452,12953,14122,9149.0
2026,2,20452,12953,14321,2574.0
2026,2,20452,12953,14492,9066.0
2026,2,20452,12953,14524,6470.0
2026,2,20452,12953,14574,998.0
2026,2,20452,12953,14685,1269.0
2026,2,20452,12953,14730,1878.0
2026,2,20452,12953,15016,4505.0
2026,2,20452,12953,15096,1555.0
2026,2,20452,12953,15370,1711.0
2026,2,20452,12953,15919,2911.0
2026,2,20500,11618,10431,573.0
2026,2,20500,11618,10581,357.0
2026,2,20500,11618,10785,1799.0
2026,2,20500,11618,10792,3009.0
2026,2,20500,11618,10868,946.0
2026,2,20500,11618,10980,622.0
2026,2,20500,11618,11042,232.0
2026,2,20500,11618,11057,84.0
2026,2,20500,11618,11066,77.0
2026,2,20500,11618,11193,3301.0
2026,2,20500,11618,11278,6301.0
2026,2,20500,11618,11433,81.0
2026,2,20500,11618,11995,1949.0
2026,2,20500,11618,12264,1062.0
2026,2,20500,11618,12323,1582.0
2026,2,20500,11618,13931,1508.0
2026,2,20500,11618,14122,1209.0
2026,2,20500,11618,14321,2317.0
2026,2,20500,11618,14524,2498.0
2026,2,20500,11618,14576,951.0
2026,2,20500,11618,14730,119.0
2026,2,20500,11618,15096,1830.0
2026,2,21080,12197,10154,40.0
2026,2,22080,11618,11146,444.0
2026,2,22080,12197,10994,1696.0
2026,2,22080,12197,11252,806.0
2026,2,22080,12197,12451,996.0
2026,2,22080,12197,13495,3.0
2026,2,22080,12197,13577,699.0
2026,2,22080,12197,14492,886.0
2026,2,22080,12197,14685,643.0
2026,2,22080,12197,14986,791.0
2026,2,22080,12197,15628,2834.0
2026,2,22080,12391,10994,617.0
2026,2,22080,12391,12323,779.0
2026,2,22080,12391,13931,596.0
2026,2,22080,12391,14492,1368.0
2026,2,22080,12391,14635,2210.0
2026,2,22080,12391,14986,963.0
2026,2,22080,12391,15304,73.0
2026,2,22080,12391,15628,1600.0
2026,2,22080,15070,10994,713.0
2026,2,22080,15070,13204,943.0
2026,3,19393,12391,10397,4.0
2026,3,19393,12391,10821,9338.0
2026,3,19393,12391,11259,56.0
2026,3,19393,12391,13204,7935.0
2026,3,19393,12391,14027,5079.0
2026,3,19393,12391,14679,2.0
2026,3,19393,12391,15304,1141.0
2026,3,19393,12391,15412,2.0
2026,3,19393,12953,10397,1022.0
2026,3,19393,12953,10693,13610.0
2026,3,19393,12953,10821,7.0
2026,3,19393,12953,11193,53.0
2026,3,19393,12953,11259,17231.0
2026,3,19393,12953,11292,18617.0
2026,3,19393,12953,12191,14725.0
2026,3,19393,12953,12889,7.0
2026,3,19393,12953,13198,6945.0
2026,3,19393,12953,13232,21238.0
2026,3,19393,12953,13487,1.0
2026,3,19393,12953,13495,3415.0
2026,3,19393,12953,13871,1318.0
2026,3,19393,12953,14107,477.0
2026,3,19393,12953,14679,6.0
2026,3,19393,12953,14683,70.0
2026,3,19393,12953,14893,13.0
2026,3,19393,12953,15016,13133.0
2026,3,19393,12953,15304,24.0
2026,3,19790,11618,10397,38306.0
2026,3,19790,11618,11433,12927.0
2026,3,19790,11618,13487,7740.0
2026,3,19790,11618,14869,9631.0
2026,3,19790,12197,10397,5279.0
2026,3,19790,12478,10397,28089.0
2026,3,19790,12478,10423,13082.0
2026,3,19790,12478,10721,2837.0
2026,3,19790,12478,11042,21.0
2026,3,19790,12478,11292,10770.0
2026,3,19790,12478,11298,2265.0
2026,3,19790,12478,11433,2517.0
2026,3,19790,12478,11503,574.0
2026,3,19790,12478,11697,21891.0
2026,3,19790,12478,12173,4220.0
2026,3,19790,12478,12266,2811.0
2026,3,19790,12478,12889,22459.0
2026,3,19790,12478,12892,57252.0
2026,3,19790,12478,13204,27767.0
2026,3,19790,12478,13303,23959.0
2026,3,19790,12478,13487,110.0
2026,3,19790,12478,13495,6377.0
2026,3,19790,12478,13930,280.0
2026,3,19790,12478,14027,7112.0
2026,3,19790,12478,14057,4462.0
2026,3,19790,12478,14107,12631.0
2026,3,19790,12478,14262,843.0
2026,3,19790,12478,14635,6601.0
2026,3,19790,12478,14679,13887.0
2026,3,19790,12478,14683,3148.0
2026,3,19790,12478,14747,14723.0
2026,3,19790,12478,14771,32187.0
2026,3,19790,12478,14843,16591.0
2026,3,19790,12478,14869,23328.0
2026,3,19790,12478,14986,2649.0
2026,3,19790,12478,15024,4816.0
2026,3,19790,12478,15304,13759.0
2026,3,19790,12953,10397,60917.0
2026,3,19790,12953,10693,2576.0
2026,3,19790,12953,10721,427.0
2026,3,19790,12953,10849,483.0
2026,3,19790,12953,11292,8334.0
2026,3,19790,12953,11298,14229.0
2026,3,19790,12953,11433,20218.0
2026,3,19790,12953,11697,23565.0
2026,3,19790,12953,12191,104.0
2026,3,19790,12953,12266,10562.0
2026,3,19790,12953,12451,561.0
2026,3,19790,12953,13198,6381.0
2026,3,19790,12953,13204,33144.0
2026,3,19790,12953,13303,29068.0
2026,3,19790,12953,13487,17844.0
2026,3,19790,12953,13495,7778.0
2026,3,19790,12953,13851,1.0
2026,3,19790,12953,13930,9482.0
2026,3,19790,12953,14027,23522.0
2026,3,19790,12953,14492,2377.0
2026,3,19790,12953,14635,7869.0
2026,3,19790,12953,14869,443.0
2026,3,19790,12953,14986,5931.0
2026,3,19790,12953,15304,24032.0
2026,3,19805,11618,11057,21406.0
2026,3,19805,11618,11298,18981.0
2026,3,19805,11618,13303,18401.0
2026,3,19805,11618,13930,4129.0
2026,3,19805,11618,14107,14939.0
2026,3,19805,12478,10423,12227.0
2026,3,19805,12478,11057,15252.0
2026,3,19805,12478,11298,13006.0
2026,3,19805,12478,11433,26.0
2026,3,19805,12478,11503,2315.0
2026,3,19805,12478,12889,5067.0
2026,3,19805,12478,12892,32081.0
2026,3,19805,12478,13303,27645.0
2026,3,19805,12478,13930,3233.0
2026,3,19805,12478,14027,85.0
2026,3,19805,12478,14107,21519.0
2026,3,19805,12478,14771,10642.0
2026,3,19805,12478,14908,2704.0
2026,3,19805,12478,15024,3194.0
2026,3,19805,12953,11057,26093.0
2026,3,19805,12953,11298,49451.0
2026,3,19805,12953,11697,8386.0
2026,3,19805,12953,13204,12469.0
2026,3,19805,12953,13303,46299.0
2026,3,19805,12953,13495,4641.0
2026,3,19805,12953,13930,25943.0
2026,3,19805,12953,14027,7786.0
2026,3,19805,12953,14635,4440.0
2026,3,19805,12953,15304,8447.0
2026,3,19930,11618,12892,4900.0
2026,3,19930,11618,14057,4344.0
2026,3,19930,11618,14679,4699.0
2026,3,19930,11618,14747,15739.0
2026,3,19930,11618,14771,10127.0
2026,3,19930,12478,12173,6360.0
2026,3,19930,12478,14057,4671.0
2026,3,19930,12478,14262,4318.0
2026,3,19930,12478,14679,7567.0
2026,3,19930,12478,14747,16605.0
2026,3,19930,12478,14771,12983.0
2026,3,19977,11618,10397,18901.0
2026,3,19977,11618,10423,20424.0
2026,3,19977,11618,10529,0.0
2026,3,19977,11618,10693,13612.0
2026,3,19977,11618,10721,29233.0
2026,3,19977,11618,10732,4844.0
2026,3,19977,11618,10785,614.0
2026,3,19977,11618,10800,16.0
2026,3,19977,11618,10849,4459.0
2026,3,19977,11618,10994,7654.0
2026,3,19977,11618,11042,11207.0
2026,3,19977,11618,11057,6124.0
2026,3,19977,11618,11278,0.0
2026,3,19977,11618,11292,42588.0
2026,3,19977,11618,11298,16702.0
2026,3,19977,11618,11423,0.0
2026,3,19977,11618,11503,3618.0
2026,3,19977,11618,11624,3654.0
2026,3,19977,11618,11697,41436.0
2026,3,19977,11618,11986,0.0
2026,3,19977,11618,12094,2553.0
2026,3,19977,11618,12173,4352.0
2026,3,19977,11618,12264,13785.0
2026,3,19977,11618,12266,44200.0
2026,3,19977,11618,12441,3986.0
2026,3,19977,11618,12451,12806.0
2026,3,19977,11618,12889,33511.0
2026,3,19977,11618,12892,61012.0
2026,3,19977,11618,13204,62020.0
2026,3,19977,11618,13303,37361.0
2026,3,19977,11618,13485,0.0
2026,3,19977,11618,13495,11339.0
2026,3,19977,11618,13502,2365.0
2026,3,19977,11618,13851,0.0
2026,3,19977,11618,13891,0.0
2026,3,19977,11618,13930,56808.0
2026,3,19977,11618,13931,829.0
2026,3,19977,11618,14027,45330.0
2026,3,19977,11618,14057,3783.0
2026,3,19977,11618,14100,0.0
2026,3,19977,11618,14107,19088.0
2026,3,19977,11618,14262,3103.0
2026,3,19977,11618,14321,2047.0
2026,3,19977,11618,14492,13081.0
2026,3,19977,11618,14576,97.0
2026,3,19977,11618,14635,31648.0
2026,3,19977,11618,14679,14500.0
2026,3,19977,11618,14683,6874.0
2026,3,19977,11618,14685,2821.0
2026,3,19977,11618,14747,8990.0
2026,3,19977,11618,14771,64181.0
2026,3,19977,11618,14814,0.0
2026,3,19977,11618,14831,20.0
2026,3,19977,11618,14843,17066.0
2026,3,19977,11618,14869,14168.0
2026,3,19977,11618,14893,334.0
2026,3,19977,11618,14908,11792.0
2026,3,19977,11618,14986,12062.0
2026,3,19977,11618,15024,4321.0
2026,3,19977,11618,15304,38353.0
2026,3,19977,11618,15370,0.0
2026,3,19977,12953,10397,1.0
2026,3,19977,12953,11042,3.0
2026,3,19977,12953,11057,0.0
2026,3,19977,12953,11292,24051.0
2026,3,19977,12953,11298,0.0
2026,3,19977,12953,11503,0.0
2026,3,19977,12953,11618,0.0
2026,3,19977,12953,12264,52.0
2026,3,19977,12953,12266,17371.0
2026,3,19977,12953,12889,15.0
2026,3,19977,12953,12892,5.0
2026,3,19977,12953,13204,0.0
2026,3,19977,12953,13244,5.0
2026,3,19977,12953,13487,0.0
2026,3,19977,12953,13851,0.0
2026,3,19977,12953,13930,37797.0
2026,3,19977,12953,14057,16.0
2026,3,19977,12953,14107,42.0
2026,3,19977,12953,14193,0.0
2026,3,19977,12953,14262,0.0
2026,3,19977,12953,14512,0.0
2026,3,19977,12953,14635,0.0
2026,3,19977,12953,14679,19.0
2026,3,19977,12953,14683,1.0
2026,3,19977,12953,14747,0.0
2026,3,19977,12953,15016,0.0
2026,3,19977,12953,15304,0.0
2026,3,19977,15070,11618,0.0
2026,3,20207,12391,12544,2329.0
2026,3,20253,12197,10154,0.0
2026,3,20253,12197,12250,0.0
2026,3,20253,12197,12932,287.0
2026,3,20253,12197,13541,0.0
2026,3,20253,12197,14306,0.0
2026,3,20253,12391,10721,104.0
2026,3,20253,12478,10154,0.0
2026,3,20253,12478,12250,13.0
2026,3,20253,12478,13541,77.0
2026,3,20253,12478,14875,102.0
2026,3,20304,11618,13487,284.0
2026,3,20304,12197,11433,289.0
2026,3,20304,12953,13930,2134.0
2026,3,20363,11618,11193,4089.0
2026,3,20363,11618,13487,848.0
2026,3,20363,11618,14492,4924.0
2026,3,20363,12197,10397,4879.0
2026,3,20363,12197,11433,2937.0
2026,3,20363,12197,13487,1551.0
2026,3,20363,12478,10581,1732.0
2026,3,20363,12478,10693,5768.0
2026,3,20363,12478,10785,3592.0
2026,3,20363,12478,10792,7272.0
2026,3,20363,12478,10994,4984.0
2026,3,20363,12478,11042,4916.0
2026,3,20363,12478,11057,6200.0
2026,3,20363,12478,11066,369.0
2026,3,20363,12478,11193,5201.0
2026,3,20363,12478,11278,3002.0
2026,3,20363,12478,11433,6092.0
2026,3,20363,12478,12264,1969.0
2026,3,20363,12478,12339,4439.0
2026,3,20363,12478,12397,3100.0
2026,3,20363,12478,12451,7503.0
2026,3,20363,12478,13198,1491.0
2026,3,20363,12478,13342,1265.0
2026,3,20363,12478,13487,5408.0
2026,3,20363,12478,13930,6778.0
2026,3,20363,12478,13931,4860.0
2026,3,20363,12478,14122,3595.0
2026,3,20363,12478,14321,3095.0
2026,3,20363,12478,14492,7553.0
2026,3,20363,12478,14524,2664.0
2026,3,20363,12478,14576,5621.0
2026,3,20363,12478,14685,4410.0
2026,3,20363,12478,15096,3829.0
2026,3,20363,12953,10257,2392.0
2026,3,20363,12953,10431,1565.0
2026,3,20363,12953,10581,2912.0
2026,3,20363,12953,10599,4180.0
2026,3,20363,12953,10693,780.0
2026,3,20363,12953,10785,3100.0
2026,3,20363,12953,10792,2539.0
2026,3,20363,12953,10868,2869.0
2026,3,20363,12953,10980,1824.0
2026,3,20363,12953,10990,2923.0
2026,3,20363,12953,10994,4616.0
2026,3,20363,12953,11042,6184.0
2026,3,20363,12953,11057,4816.0
2026,3,20363,12953,11066,489.0
2026,3,20363,12953,11193,6018.0
2026,3,20363,12953,11423,1524.0
2026,3,20363,12953,11481,1682.0
2026,3,20363,12953,11995,4596.0
2026,3,20363,12953,11996,5050.0
2026,3,20363,12953,12217,1136.0
2026,3,20363,12953,12323,2116.0
2026,3,20363,12953,12339,1961.0
2026,3,20363,12953,12451,3276.0
2026,3,20363,12953,12945,958.0
2026,3,20363,12953,12992,1247.0
2026,3,20363,12953,13198,66.0
2026,3,20363,12953,13244,3164.0
2026,3,20363,12953,13342,384.0
2026,3,20363,12953,13487,1499.0
2026,3,20363,12953,13577,1967.0
2026,3,20363,12953,13851,1530.0
2026,3,20363,12953,13871,3385.0
2026,3,20363,12953,13931,4641.0
2026,3,20363,12953,13933,755.0
2026,3,20363,12953,14122,2527.0
2026,3,20363,12953,14193,1697.0
2026,3,20363,12953,14321,419.0
2026,3,20363,12953,14492,8701.0
2026,3,20363,12953,14524,3088.0
2026,3,20363,12953,14574,1161.0
2026,3,20363,12953,14576,4425.0
2026,3,20363,12953,14685,2252.0
2026,3,20363,12953,14730,270.0
2026,3,20363,12953,15016,3022.0
2026,3,20363,12953,15096,2537.0
2026,3,20363,12953,15370,1037.0
2026,3,20363,12953,15412,3657.0
2026,3,20363,12953,15624,352.0
2026,3,20363,12953,15919,1143.0
2026,3,20368,11618,10431,1351.0
2026,3,20368,11618,15412,1483.0
2026,3,20368,11618,15624,1300.0
2026,3,20368,15070,11697,1485.0
2026,3,20368,15070,13577,1540.0
2026,3,20368,15070,14082,1629.0
2026,3,20368,15070,14112,1684.0
2026,3,20368,15070,14761,1484.0
2026,3,20378,12953,10693,67.0
2026,3,20378,12953,12264,1432.0
2026,3,20378,12953,12266,5312.0
2026,3,20397,12197,11057,5658.0
2026,3,20397,12197,11278,4422.0
2026,3,20398,11618,13930,3196.0
2026,3,20398,12197,13303,2071.0
2026,3,20398,12197,13930,5638.0
2026,3,20409,11618,11697,12007.0
2026,3,20409,11618,12478,391.0
2026,3,20409,11618,12889,7964.0
2026,3,20409,11618,13204,18157.0
2026,3,20409,11618,14027,9158.0
2026,3,20409,11618,14635,3672.0
2026,3,20409,11618,14843,8388.0
2026,3,20409,12197,10397,136.0
2026,3,20409,12197,11697,8687.0
2026,3,20409,12197,13204,11897.0
2026,3,20409,12197,13303,137.0
2026,3,20409,12197,14027,24491.0
2026,3,20409,12197,14635,7681.0
2026,3,20409,12197,14843,3332.0
2026,3,20409,12197,15304,4681.0
2026,3,20409,12391,11697,6027.0
2026,3,20409,12391,13204,4355.0
2026,3,20409,12391,14027,7794.0
2026,3,20409,12391,14635,3545.0
2026,3,20409,12391,15304,2345.0
2026,3,20409,12478,10397,6700.0
2026,3,20409,12478,10529,3003.0
2026,3,20409,12478,10693,3154.0
2026,3,20409,12478,10721,21397.0
2026,3,20409,12478,10732,5663.0
2026,3,20409,12478,10792,7243.0
2026,3,20409,12478,10849,1730.0
2026,3,20409,12478,10994,4714.0
2026,3,20409,12478,11042,83.0
2026,3,20409,12478,11252,3320.0
2026,3,20409,12478,11278,1978.0
2026,3,20409,12478,11292,5855.0
2026,3,20409,12478,11433,2685.0
2026,3,20409,12478,11618,197.0
2026,3,20409,12478,11697,32414.0
2026,3,20409,12478,12197,579.0
2026,3,20409,12478,12391,140.0
2026,3,20409,12478,12451,10129.0
2026,3,20409,12478,12889,16609.0
2026,3,20409,12478,12892,37224.0
2026,3,20409,12478,13198,132.0
2026,3,20409,12478,13204,31301.0
2026,3,20409,12478,13495,3672.0
2026,3,20409,12478,13930,5594.0
2026,3,20409,12478,14027,18482.0
2026,3,20409,12478,14107,8286.0
2026,3,20409,12478,14122,2449.0
2026,3,20409,12478,14307,2534.0
2026,3,20409,12478,14321,199.0
2026,3,20409,12478,14492,6816.0
2026,3,20409,12478,14570,3053.0
2026,3,20409,12478,14576,3777.0
2026,3,20409,12478,14635,7926.0
2026,3,20409,12478,14679,8420.0
2026,3,20409,12478,14685,3445.0
2026,3,20409,12478,14771,19655.0
2026,3,20409,12478,14843,30204.0
2026,3,20409,12478,14869,4558.0
2026,3,20409,12478,14893,121.0
2026,3,20409,12478,14986,3615.0
2026,3,20409,12478,15096,3760.0
2026,3,20409,12478,15304,10715.0
2026,3,20409,12478,15624,1714.0
2026,3,20409,12478,15628,3118.0
2026,3,20409,12953,11697,20278.0
2026,3,20409,12953,13204,10240.0
2026,3,20409,12953,14027,15037.0
2026,3,20409,12953,14685,134.0
2026,3,20409,12953,15304,2492.0
2026,3,20416,11618,10397,10530.0
2026,3,20416,11618,10423,8903.0
2026,3,20416,11618,10994,4433.0
2026,3,20416,11618,11057,8201.0
2026,3,20416,11618,11298,5987.0
2026,3,20416,11618,11433,7897.0
2026,3,20416,11618,11697,20152.0
2026,3,20416,11618,12266,4470.0
2026,3,20416,11618,12339,3732.0
2026,3,20416,11618,12892,5935.0
2026,3,20416,11618,13204,19803.0
2026,3,20416,11618,13303,5351.0
2026,3,20416,11618,13577,4529.0
2026,3,20416,11618,13930,4104.0
2026,3,20416,11618,14027,4059.0
2026,3,20416,11618,14492,4560.0
2026,3,20416,11618,14685,3639.0
2026,3,20416,11618,14843,4993.0
2026,3,20416,12953,11057,4395.0
2026,3,20416,12953,11298,5181.0
2026,3,20416,12953,11433,13481.0
2026,3,20416,12953,11697,19317.0
2026,3,20416,12953,12266,5779.0
2026,3,20416,12953,13204,12230.0
2026,3,20416,12953,13303,9245.0
2026,3,20416,12953,13577,4571.0
2026,3,20416,12953,13930,4906.0
2026,3,20422,11618,13487,392.0
2026,3,20436,11618,10397,10738.0
2026,3,20436,11618,13204,2689.0
2026,3,20436,11618,13232,1613.0
2026,3,20436,11618,14843,1608.0
2026,3,20436,12391,13204,3113.0
2026,3,20436,12391,14027,492.0
2026,3,20436,12391,15304,2284.0
2026,3,20436,12478,10397,11909.0
2026,3,20436,12478,13204,5167.0
2026,3,20436,12478,13303,5716.0
2026,3,20436,12478,13930,5760.0
2026,3,20436,12478,14843,802.0
2026,3,20436,12953,10397,15289.0
2026,3,20436,12953,11057,2573.0
2026,3,20436,12953,11298,4503.0
2026,3,20436,12953,13204,8619.0
2026,3,20436,12953,13303,3159.0
2026,3,20436,12953,14492,326.0
2026,3,20452,11618,10397,957.0
2026,3,20452,11618,10423,255.0
2026,3,20452,11618,10431,1313.0
2026,3,20452,11618,10581,276.0
2026,3,20452,11618,10693,2551.0
2026,3,20452,11618,10721,6977.0
2026,3,20452,11618,10792,1543.0
2026,3,20452,11618,10994,2031.0
2026,3,20452,11618,11042,5705.0
2026,3,20452,11618,11057,4156.0
2026,3,20452,11618,11066,9558.0
2026,3,20452,11618,11193,2788.0
2026,3,20452,11618,11278,1699.0
2026,3,20452,11618,11298,468.0
2026,3,20452,11618,11433,7397.0
2026,3,20452,11618,11624,1460.0
2026,3,20452,11618,11977,54.0
2026,3,20452,11618,11986,3338.0
2026,3,20452,11618,11995,385.0
2026,3,20452,11618,11996,3422.0
2026,3,20452,11618,12124,203.0
2026,3,20452,11618,12264,256.0
2026,3,20452,11618,12266,52.0
2026,3,20452,11618,12323,399.0
2026,3,20452,11618,12339,9384.0
2026,3,20452,11618,12451,1781.0
2026,3,20452,11618,13342,3417.0
2026,3,20452,11618,13485,1875.0
2026,3,20452,11618,13487,5377.0
2026,3,20452,11618,13495,2140.0
2026,3,20452,11618,13577,4072.0
2026,3,20452,11618,13930,1677.0
2026,3,20452,11618,13931,3168.0
2026,3,20452,11618,14122,7992.0
2026,3,20452,11618,14321,3797.0
2026,3,20452,11618,14492,2574.0
2026,3,20452,11618,14524,1664.0
2026,3,20452,11618,14576,1859.0
2026,3,20452,11618,14685,4042.0
2026,3,20452,11618,14730,4898.0
2026,3,20452,11618,14986,483.0
2026,3,20452,11618,15016,6069.0
2026,3,20452,12478,10693,5540.0
2026,3,20452,12478,10721,15900.0
2026,3,20452,12478,10994,674.0
2026,3,20452,12478,11042,1750.0
2026,3,20452,12478,11066,7507.0
2026,3,20452,12478,11193,3664.0
2026,3,20452,12478,11278,8455.0
2026,3,20452,12478,12264,1500.0
2026,3,20452,12478,12339,2710.0
2026,3,20452,12478,13485,4.0
2026,3,20452,12478,13930,3882.0
2026,3,20452,12478,13931,2710.0
2026,3,20452,12478,14122,5474.0
2026,3,20452,12478,14321,417.0
2026,3,20452,12478,14492,7027.0
2026,3,20452,12478,14524,280.0
2026,3,20452,12478,14685,1455.0
2026,3,20452,12478,15096,1340.0
2026,3,20452,12953,10397,9078.0
2026,3,20452,12953,10431,1775.0
2026,3,20452,12953,10693,13162.0
2026,3,20452,12953,10721,30832.0
2026,3,20452,12953,10785,452.0
2026,3,20452,12953,10792,6453.0
2026,3,20452,12953,10868,2556.0
2026,3,20452,12953,10980,2.0
2026,3,20452,12953,10990,1054.0
2026,3,20452,12953,10994,7303.0
2026,3,20452,12953,11042,4852.0
2026,3,20452,12953,11057,3277.0
2026,3,20452,12953,11066,12890.0
2026,3,20452,12953,11278,22018.0
2026,3,20452,12953,11423,1155.0
2026,3,20452,12953,11433,4652.0
2026,3,20452,12953,11624,3289.0
2026,3,20452,12953,11986,3206.0
2026,3,20452,12953,11995,4378.0
2026,3,20452,12953,11996,3010.0
2026,3,20452,12953,12264,4964.0
2026,3,20452,12953,12323,3863.0
2026,3,20452,12953,12339,10098.0
2026,3,20452,12953,12451,3625.0
2026,3,20452,12953,12992,980.0
2026,3,20452,12953,13244,4452.0
2026,3,20452,12953,13342,4775.0
2026,3,20452,12953,13485,4319.0
2026,3,20452,12953,13577,288.0
2026,3,20452,12953,13851,2410.0
2026,3,20452,12953,13930,17445.0
2026,3,20452,12953,13931,3195.0
2026,3,20452,12953,14100,99.0
2026,3,20452,12953,14122,11154.0
2026,3,20452,12953,14321,3520.0
2026,3,20452,12953,14492,9027.0
2026,3,20452,12953,14524,7427.0
2026,3,20452,12953,14574,1223.0
2026,3,20452,12953,14685,3199.0
2026,3,20452,12953,14730,3689.0
2026,3,20452,12953,15016,6891.0
2026,3,20452,12953,15096,1422.0
2026,3,20452,12953,15370,2381.0
2026,3,20452,12953,15919,4013.0
2026,3,20500,11618,10431,319.0
2026,3,20500,11618,10581,1889.0
2026,3,20500,11618,10785,3721.0
2026,3,20500,11618,10792,2617.0
2026,3,20500,11618,10868,958.0
2026,3,20500,11618,10980,774.0
2026,3,20500,11618,11042,147.0
2026,3,20500,11618,11193,2781.0
2026,3,20500,11618,11278,8973.0
2026,3,20500,11618,11433,347.0
2026,3,20500,11618,11995,2283.0
2026,3,20500,11618,11996,132.0
2026,3,20500,11618,12264,1248.0
2026,3,20500,11618,12323,1800.0
2026,3,20500,11618,13931,1313.0
2026,3,20500,11618,14122,2697.0
2026,3,20500,11618,14321,1900.0
2026,3,20500,11618,14524,4607.0
2026,3,20500,11618,14576,2109.0
2026,3,20500,11618,14730,43.0
2026,3,20500,11618,15096,2439.0
2026,3,22080,11618,11146,677.0
2026,3,22080,12197,10994,2149.0
2026,3,22080,12197,11252,799.0
2026,3,22080,12197,12451,1226.0
2026,3,22080,12197,13577,738.0
2026,3,22080,12197,14492,876.0
2026,3,22080,12197,14685,776.0
2026,3,22080,12197,14986,818.0
2026,3,22080,12197,15628,3385.0
2026,3,22080,12391,10994,853.0
2026,3,22080,12391,12323,1064.0
2026,3,22080,12391,13931,964.0
2026,3,22080,12391,14492,1731.0
2026,3,22080,12391,14635,2739.0
2026,3,22080,12391,14986,1138.0
2026,3,22080,12391,15628,2106.0
2026,3,22080,15070,10994,1028.0
2026,3,22080,15070,13204,1077.0
2026,4,19393,12391,10140,4.0
2026,4,19393,12391,10792,17.0
2026,4,19393,12391,10821,10714.0
2026,4,19393,12391,11259,9.0
2026,4,19393,12391,13204,8640.0
2026,4,19393,12391,13495,7.0
2026,4,19393,12391,14027,4195.0
2026,4,19393,12391,14107,52.0
2026,4,19393,12391,15304,569.0
2026,4,19393,12953,10397,42.0
2026,4,19393,12953,10693,15907.0
2026,4,19393,12953,11193,18.0
2026,4,19393,12953,11259,16798.0
2026,4,19393,12953,11292,17420.0
2026,4,19393,12953,12191,14052.0
2026,4,19393,12953,12892,84.0
2026,4,19393,12953,13198,6697.0
2026,4,19393,12953,13232,23724.0
2026,4,19393,12953,13495,3744.0
2026,4,19393,12953,13796,105.0
2026,4,19393,12953,13871,1914.0
2026,4,19393,12953,14057,6.0
2026,4,19393,12953,14107,369.0
2026,4,19393,12953,14635,13.0
2026,4,19393,12953,15016,12201.0
2026,4,19393,12953,15304,5.0
2026,4,19790,11618,10397,37090.0
2026,4,19790,11618,11433,13746.0
2026,4,19790,11618,13487,7838.0
2026,4,19790,11618,14869,8981.0
2026,4,19790,11618,15249,10.0
2026,4,19790,12197,10397,5520.0
2026,4,19790,12478,10397,27124.0
2026,4,19790,12478,10423,14666.0
2026,4,19790,12478,10721,2440.0
2026,4,19790,12478,11292,10368.0
2026,4,19790,12478,11298,2147.0
2026,4,19790,12478,11433,2386.0
2026,4,19790,12478,11697,17493.0
2026,4,19790,12478,11977,1.0
2026,4,19790,12478,12173,4920.0
2026,4,19790,12478,12266,2671.0
2026,4,19790,12478,12889,22648.0
2026,4,19790,12478,12892,57834.0
2026,4,19790,12478,13204,25946.0
2026,4,19790,12478,13303,20194.0
2026,4,19790,12478,13487,3241.0
2026,4,19790,12478,13495,6172.0
2026,4,19790,12478,13930,175.0
2026,4,19790,12478,14027,5110.0
2026,4,19790,12478,14057,4358.0
2026,4,19790,12478,14107,13160.0
2026,4,19790,12478,14262,848.0
2026,4,19790,12478,14635,3501.0
2026,4,19790,12478,14679,14621.0
2026,4,19790,12478,14683,3486.0
2026,4,19790,12478,14685,1.0
2026,4,19790,12478,14730,34.0
2026,4,19790,12478,14747,17547.0
2026,4,19790,12478,14771,32782.0
2026,4,19790,12478,14843,14991.0
2026,4,19790,12478,14869,18246.0
2026,4,19790,12478,14986,1955.0
2026,4,19790,12478,15024,5221.0
2026,4,19790,12478,15304,12436.0
2026,4,19790,12953,10208,347.0
2026,4,19790,12953,10397,60820.0
2026,4,19790,12953,10693,2527.0
2026,4,19790,12953,10721,680.0
2026,4,19790,12953,10994,1980.0
2026,4,19790,12953,11193,2.0
2026,4,19790,12953,11292,8544.0
2026,4,19790,12953,11298,13912.0
2026,4,19790,12953,11433,23643.0
2026,4,19790,12953,11697,21421.0
2026,4,19790,12953,12266,10540.0
2026,4,19790,12953,12339,725.0
2026,4,19790,12953,12451,231.0
2026,4,19790,12953,13198,6181.0
2026,4,19790,12953,13204,32621.0
2026,4,19790,12953,13277,22.0
2026,4,19790,12953,13303,27641.0
2026,4,19790,12953,13487,18935.0
2026,4,19790,12953,13495,7781.0
2026,4,19790,12953,13577,2060.0
2026,4,19790,12953,13930,16253.0
2026,4,19790,12953,14027,21427.0
2026,4,19790,12953,14492,2152.0
2026,4,19790,12953,14635,7675.0
2026,4,19790,12953,14685,416.0
2026,4,19790,12953,14869,220.0
2026,4,19790,12953,14986,6022.0
2026,4,19790,12953,15304,23601.0
2026,4,19805,11618,11057,17499.0
2026,4,19805,11618,11298,18715.0
2026,4,19805,11618,13303,17045.0
2026,4,19805,11618,13930,8249.0
2026,4,19805,11618,14107,14854.0
2026,4,19805,12478,10423,9593.0
2026,4,19805,12478,11057,14268.0
2026,4,19805,12478,11292,70.0
2026,4,19805,12478,11298,13311.0
2026,4,19805,12478,11503,153.0
2026,4,19805,12478,12889,8051.0
2026,4,19805,12478,12892,32465.0
2026,4,19805,12478,13303,29636.0
2026,4,19805,12478,13930,3361.0
2026,4,19805,12478,14107,20615.0
2026,4,19805,12478,14771,10486.0
2026,4,19805,12478,14908,2386.0
2026,4,19805,12478,15024,3159.0
2026,4,19805,12953,11057,24578.0
2026,4,19805,12953,11298,47638.0
2026,4,19805,12953,11697,6427.0
2026,4,19805,12953,12339,97.0
2026,4,19805,12953,13204,12818.0
2026,4,19805,12953,13303,39853.0
2026,4,19805,12953,13495,4787.0
2026,4,19805,12953,13930,34921.0
2026,4,19805,12953,14027,5819.0
2026,4,19805,12953,14635,3792.0
2026,4,19805,12953,15304,7828.0
2026,4,19930,11618,12892,4995.0
2026,4,19930,11618,14057,4472.0
2026,4,19930,11618,14679,4286.0
2026,4,19930,11618,14747,18590.0
2026,4,19930,11618,14771,8091.0
2026,4,19930,12478,12173,5429.0
2026,4,19930,12478,14057,4257.0
2026,4,19930,12478,14262,3206.0
2026,4,19930,12478,14679,8396.0
2026,4,19930,12478,14747,14975.0
2026,4,19930,12478,14771,13189.0
2026,4,19977,11618,10397,18576.0
2026,4,19977,11618,10423,18350.0
2026,4,19977,11618,10693,16060.0
2026,4,19977,11618,10721,27394.0
2026,4,19977,11618,10732,4544.0
2026,4,19977,11618,10792,130.0
2026,4,19977,11618,10800,73.0
2026,4,19977,11618,10849,718.0
2026,4,19977,11618,10994,10524.0
2026,4,19977,11618,11042,9640.0
2026,4,19977,11618,11057,9355.0
2026,4,19977,11618,11292,36530.0
2026,4,19977,11618,11298,15174.0
2026,4,19977,11618,11503,214.0
2026,4,19977,11618,11624,3040.0
2026,4,19977,11618,11697,31347.0
2026,4,19977,11618,11986,109.0
2026,4,19977,11618,12094,87.0
2026,4,19977,11618,12173,1513.0
2026,4,19977,11618,12264,13468.0
2026,4,19977,11618,12266,37180.0
2026,4,19977,11618,12441,360.0
2026,4,19977,11618,12451,13316.0
2026,4,19977,11618,12758,6.0
2026,4,19977,11618,12889,30348.0
2026,4,19977,11618,12892,56940.0
2026,4,19977,11618,13198,0.0
2026,4,19977,11618,13204,50657.0
2026,4,19977,11618,13303,26714.0
2026,4,19977,11618,13342,0.0
2026,4,19977,11618,13487,0.0
2026,4,19977,11618,13495,15903.0
2026,4,19977,11618,13502,110.0
2026,4,19977,11618,13871,160.0
2026,4,19977,11618,13930,56229.0
2026,4,19977,11618,13931,4.0
2026,4,19977,11618,14027,33717.0
2026,4,19977,11618,14057,4019.0
2026,4,19977,11618,14107,15041.0
2026,4,19977,11618,14122,0.0
2026,4,19977,11618,14262,3021.0
2026,4,19977,11618,14492,13141.0
2026,4,19977,11618,14512,0.0
2026,4,19977,11618,14570,50.0
2026,4,19977,11618,14576,321.0
2026,4,19977,11618,14635,22064.0
2026,4,19977,11618,14679,14306.0
2026,4,19977,11618,14683,6304.0
2026,4,19977,11618,14685,9399.0
2026,4,19977,11618,14730,179.0
2026,4,19977,11618,14747,8846.0
2026,4,19977,11618,14771,68820.0
2026,4,19977,11618,14831,20.0
2026,4,19977,11618,14843,14495.0
2026,4,19977,11618,14869,5571.0
2026,4,19977,11618,14893,3411.0
2026,4,19977,11618,14908,11602.0
2026,4,19977,11618,14986,10040.0
2026,4,19977,11618,15024,4108.0
2026,4,19977,11618,15304,32788.0
2026,4,19977,12953,10140,2.0
2026,4,19977,12953,10397,15.0
2026,4,19977,12953,11042,7.0
2026,4,19977,12953,11057,0.0
2026,4,19977,12953,11267,0.0
2026,4,19977,12953,11278,0.0
2026,4,19977,12953,11292,22940.0
2026,4,19977,12953,11503,0.0
2026,4,19977,12953,11603,1.0
2026,4,19977,12953,11618,0.0
2026,4,19977,12953,12266,28573.0
2026,4,19977,12953,12889,9.0
2026,4,19977,12953,12892,37.0
2026,4,19977,12953,13198,0.0
2026,4,19977,12953,13244,13.0
2026,4,19977,12953,13303,0.0
2026,4,19977,12953,13487,5.0
2026,4,19977,12953,13930,50263.0
2026,4,19977,12953,14057,0.0
2026,4,19977,12953,14262,43.0
2026,4,19977,12953,14679,33.0
2026,4,19977,12953,14683,89.0
2026,4,19977,12953,14747,19.0
2026,4,19977,12953,14771,0.0
2026,4,19977,12953,15380,0.0
2026,4,19977,15070,11618,0.0
2026,4,19977,15070,12892,0.0
2026,4,19977,15070,13930,0.0
2026,4,20206,11618,12953,46.0
2026,4,20207,12391,12544,2656.0
2026,4,20253,12197,10154,0.0
2026,4,20253,12197,12250,0.0
2026,4,20253,12197,12932,303.0
2026,4,20253,12197,13541,0.0
2026,4,20253,12197,14306,0.0
2026,4,20253,12391,10721,120.0
2026,4,20253,12478,10154,0.0
2026,4,20253,12478,12250,71.0
2026,4,20253,12478,13541,191.0
2026,4,20253,12478,14875,108.0
2026,4,20304,11618,13487,129.0
2026,4,20363,11618,10208,421.0
2026,4,20363,11618,11193,3268.0
2026,4,20363,11618,13487,1507.0
2026,4,20363,11618,14492,4267.0
2026,4,20363,12197,10397,4877.0
2026,4,20363,12197,11433,3303.0
2026,4,20363,12197,13487,1759.0
2026,4,20363,12478,10208,454.0
2026,4,20363,12478,10581,1617.0
2026,4,20363,12478,10693,6697.0
2026,4,20363,12478,10785,2797.0
2026,4,20363,12478,10792,7345.0
2026,4,20363,12478,10994,5635.0
2026,4,20363,12478,11042,4835.0
2026,4,20363,12478,11057,6043.0
2026,4,20363,12478,11066,836.0
2026,4,20363,12478,11193,5491.0
2026,4,20363,12478,11278,3188.0
2026,4,20363,12478,11433,5928.0
2026,4,20363,12478,12264,1604.0
2026,4,20363,12478,12339,3914.0
2026,4,20363,12478,12397,3085.0
2026,4,20363,12478,12451,5319.0
2026,4,20363,12478,13198,1437.0
2026,4,20363,12478,13342,1187.0
2026,4,20363,12478,13487,3302.0
2026,4,20363,12478,13930,6097.0
2026,4,20363,12478,13931,4683.0
2026,4,20363,12478,14122,3605.0
2026,4,20363,12478,14321,3031.0
2026,4,20363,12478,14492,7532.0
2026,4,20363,12478,14524,3430.0
2026,4,20363,12478,14576,5068.0
2026,4,20363,12478,14685,4987.0
2026,4,20363,12478,15096,3169.0
2026,4,20363,12953,10208,578.0
2026,4,20363,12953,10257,2276.0
2026,4,20363,12953,10431,2184.0
2026,4,20363,12953,10581,2895.0
2026,4,20363,12953,10599,4654.0
2026,4,20363,12953,10693,2480.0
2026,4,20363,12953,10785,2932.0
2026,4,20363,12953,10792,4339.0
2026,4,20363,12953,10868,3263.0
2026,4,20363,12953,10980,2139.0
2026,4,20363,12953,10990,3007.0
2026,4,20363,12953,10994,5053.0
2026,4,20363,12953,11042,5130.0
2026,4,20363,12953,11057,5337.0
2026,4,20363,12953,11066,123.0
2026,4,20363,12953,11193,7655.0
2026,4,20363,12953,11423,1507.0
2026,4,20363,12953,11433,73.0
2026,4,20363,12953,11481,1839.0
2026,4,20363,12953,11986,1690.0
2026,4,20363,12953,11995,4046.0
2026,4,20363,12953,11996,5583.0
2026,4,20363,12953,12217,1294.0
2026,4,20363,12953,12323,3038.0
2026,4,20363,12953,12339,1587.0
2026,4,20363,12953,12451,3510.0
2026,4,20363,12953,12945,1390.0
2026,4,20363,12953,12992,1150.0
2026,4,20363,12953,13198,156.0
2026,4,20363,12953,13244,1935.0
2026,4,20363,12953,13342,927.0
2026,4,20363,12953,13487,1761.0
2026,4,20363,12953,13577,808.0
2026,4,20363,12953,13851,1282.0
2026,4,20363,12953,13871,3820.0
2026,4,20363,12953,13931,4990.0
2026,4,20363,12953,13933,765.0
2026,4,20363,12953,14122,2976.0
2026,4,20363,12953,14193,2056.0
2026,4,20363,12953,14492,9988.0
2026,4,20363,12953,14524,3094.0
2026,4,20363,12953,14574,1064.0
2026,4,20363,12953,14576,4364.0
2026,4,20363,12953,14685,2840.0
2026,4,20363,12953,14730,820.0
2026,4,20363,12953,15016,2807.0
2026,4,20363,12953,15096,1168.0
2026,4,20363,12953,15370,975.0
2026,4,20363,12953,15412,4188.0
2026,4,20363,12953,15624,415.0
2026,4,20363,12953,15919,1137.0
2026,4,20368,11618,10431,1469.0
2026,4,20368,11618,15412,1366.0
2026,4,20368,11618,15624,1287.0
2026,4,20368,15070,11697,1418.0
2026,4,20368,15070,13577,1483.0
2026,4,20368,15070,14082,1223.0
2026,4,20368,15070,14112,1534.0
2026,4,20368,15070,14761,1277.0
2026,4,20378,12953,12264,5194.0
2026,4,20397,12197,11057,5616.0
2026,4,20397,12197,11278,4563.0
2026,4,20398,11618,13930,3612.0
2026,4,20398,12197,13303,1590.0
2026,4,20398,12197,13930,5978.0
2026,4,20409,11618,11697,12671.0
2026,4,20409,11618,12889,7621.0
2026,4,20409,11618,13204,17797.0
2026,4,20409,11618,14027,7948.0
2026,4,20409,11618,14635,3778.0
2026,4,20409,11618,14843,8760.0
2026,4,20409,12197,11697,10531.0
2026,4,20409,12197,13204,10943.0
2026,4,20409,12197,14027,17604.0
2026,4,20409,12197,14635,6802.0
2026,4,20409,12197,14843,3164.0
2026,4,20409,12197,14986,68.0
2026,4,20409,12197,15304,4043.0
2026,4,20409,12391,11697,3114.0
2026,4,20409,12391,13204,3568.0
2026,4,20409,12391,14027,7625.0
2026,4,20409,12391,14635,2304.0
2026,4,20409,12391,15304,2813.0
2026,4,20409,12478,10397,8703.0
2026,4,20409,12478,10529,2158.0
2026,4,20409,12478,10693,4291.0
2026,4,20409,12478,10721,14613.0
2026,4,20409,12478,10732,5908.0
2026,4,20409,12478,10792,6449.0
2026,4,20409,12478,10800,226.0
2026,4,20409,12478,10994,6716.0
2026,4,20409,12478,11042,1350.0
2026,4,20409,12478,11252,2765.0
2026,4,20409,12478,11278,1781.0
2026,4,20409,12478,11292,2401.0
2026,4,20409,12478,11433,2588.0
2026,4,20409,12478,11618,156.0
2026,4,20409,12478,11697,27073.0
2026,4,20409,12478,12197,855.0
2026,4,20409,12478,12451,7376.0
2026,4,20409,12478,12889,15661.0
2026,4,20409,12478,12892,37773.0
2026,4,20409,12478,12953,400.0
2026,4,20409,12478,13204,35970.0
2026,4,20409,12478,13495,3211.0
2026,4,20409,12478,13930,2252.0
2026,4,20409,12478,14027,15108.0
2026,4,20409,12478,14107,5464.0
2026,4,20409,12478,14122,2170.0
2026,4,20409,12478,14307,1833.0
2026,4,20409,12478,14321,2182.0
2026,4,20409,12478,14492,6991.0
2026,4,20409,12478,14576,2782.0
2026,4,20409,12478,14635,9053.0
2026,4,20409,12478,14679,7787.0
2026,4,20409,12478,14685,5133.0
2026,4,20409,12478,14771,21814.0
2026,4,20409,12478,14843,26852.0
2026,4,20409,12478,14869,3082.0
2026,4,20409,12478,14986,3911.0
2026,4,20409,12478,15096,2375.0
2026,4,20409,12478,15304,13672.0
2026,4,20409,12478,15624,1648.0
2026,4,20409,12478,15628,2906.0
2026,4,20409,12953,11697,18978.0
2026,4,20409,12953,13204,10867.0
2026,4,20409,12953,14027,13198.0
2026,4,20409,12953,15304,103.0
2026,4,20416,11618,10397,6727.0
2026,4,20416,11618,10423,6853.0
2026,4,20416,11618,10994,3377.0
2026,4,20416,11618,11057,6293.0
2026,4,20416,11618,11298,4570.0
2026,4,20416,11618,11433,6400.0
2026,4,20416,11618,11697,16804.0
2026,4,20416,11618,12266,3760.0
2026,4,20416,11618,12339,3414.0
2026,4,20416,11618,12889,2628.0
2026,4,20416,11618,12892,4634.0
2026,4,20416,11618,13204,18079.0
2026,4,20416,11618,13303,5274.0
2026,4,20416,11618,13577,4866.0
2026,4,20416,11618,13930,3707.0
2026,4,20416,11618,14027,1413.0
2026,4,20416,11618,14492,2387.0
2026,4,20416,11618,14685,1564.0
2026,4,20416,11618,14730,173.0
2026,4,20416,11618,14843,3168.0
2026,4,20416,12953,11057,5248.0
2026,4,20416,12953,11298,4706.0
2026,4,20416,12953,11433,14048.0
2026,4,20416,12953,11697,13858.0
2026,4,20416,12953,12266,5517.0
2026,4,20416,12953,13204,11405.0
2026,4,20416,12953,13303,6086.0
2026,4,20416,12953,13577,5635.0
2026,4,20416,12953,13930,4668.0
2026,4,20422,11618,13487,1765.0
2026,4,20422,12478,13487,2473.0
2026,4,20436,11618,10397,9660.0
2026,4,20436,11618,13204,5533.0
2026,4,20436,11618,13232,2317.0
2026,4,20436,11618,14843,2667.0
2026,4,20436,12391,13204,5209.0
2026,4,20436,12391,13577,1513.0
2026,4,20436,12391,14027,2062.0
2026,4,20436,12391,14635,652.0
2026,4,20436,12391,15304,3979.0
2026,4,20436,12478,10397,8584.0
2026,4,20436,12478,13204,5125.0
2026,4,20436,12478,13303,2891.0
2026,4,20436,12478,14843,2887.0
2026,4,20436,12953,10397,12237.0
2026,4,20436,12953,11042,1879.0
2026,4,20436,12953,11057,2861.0
2026,4,20436,12953,11292,817.0
2026,4,20436,12953,11298,4414.0
2026,4,20436,12953,13204,5778.0
2026,4,20436,12953,13303,2284.0
2026,4,20436,12953,14492,2261.0
2026,4,20436,12953,14843,473.0
2026,4,20452,11618,10397,988.0
2026,4,20452,11618,10423,73.0
2026,4,20452,11618,10431,1400.0
2026,4,20452,11618,10581,339.0
2026,4,20452,11618,10693,2079.0
2026,4,20452,11618,10721,5869.0
2026,4,20452,11618,10792,1772.0
2026,4,20452,11618,10994,546.0
2026,4,20452,11618,11042,6126.0
2026,4,20452,11618,11057,1845.0
2026,4,20452,11618,11066,9169.0
2026,4,20452,11618,11193,2125.0
2026,4,20452,11618,11278,1505.0
2026,4,20452,11618,11298,296.0
2026,4,20452,11618,11433,6828.0
2026,4,20452,11618,11624,1023.0
2026,4,20452,11618,11986,3397.0
2026,4,20452,11618,11995,3396.0
2026,4,20452,11618,11996,1721.0
2026,4,20452,11618,12124,1850.0
2026,4,20452,11618,12323,3149.0
2026,4,20452,11618,12339,9205.0
2026,4,20452,11618,12451,558.0
2026,4,20452,11618,13198,2811.0
2026,4,20452,11618,13244,2291.0
2026,4,20452,11618,13342,3551.0
2026,4,20452,11618,13485,1886.0
2026,4,20452,11618,13487,5388.0
2026,4,20452,11618,13495,461.0
2026,4,20452,11618,13577,3780.0
2026,4,20452,11618,13930,215.0
2026,4,20452,11618,13931,3166.0
2026,4,20452,11618,14122,8086.0
2026,4,20452,11618,14321,473.0
2026,4,20452,11618,14492,4126.0
2026,4,20452,11618,14576,3082.0
2026,4,20452,11618,14685,846.0
2026,4,20452,11618,14730,4660.0
2026,4,20452,11618,14986,364.0
2026,4,20452,11618,15016,5691.0
2026,4,20452,11618,15919,0.0
2026,4,20452,12478,10693,3696.0
2026,4,20452,12478,10721,11402.0
2026,4,20452,12478,10792,0.0
2026,4,20452,12478,11042,1445.0
2026,4,20452,12478,11066,6616.0
2026,4,20452,12478,11193,2245.0
2026,4,20452,12478,11278,6496.0
2026,4,20452,12478,12217,0.0
2026,4,20452,12478,12264,1528.0
2026,4,20452,12478,12339,2214.0
2026,4,20452,12478,12451,1150.0
2026,4,20452,12478,12953,0.0
2026,4,20452,12478,13930,4694.0
2026,4,20452,12478,13931,2152.0
2026,4,20452,12478,14122,5054.0
2026,4,20452,12478,14492,5372.0
2026,4,20452,12478,14685,614.0
2026,4,20452,12478,14730,63.0
2026,4,20452,12478,15096,1518.0
2026,4,20452,12953,10208,1219.0
2026,4,20452,12953,10397,9752.0
2026,4,20452,12953,10431,1763.0
2026,4,20452,12953,10529,0.0
2026,4,20452,12953,10693,12281.0
2026,4,20452,12953,10721,35044.0
2026,4,20452,12953,10785,72.0
2026,4,20452,12953,10792,6666.0
2026,4,20452,12953,10868,2751.0
2026,4,20452,12953,10990,1453.0
2026,4,20452,12953,10994,6316.0
2026,4,20452,12953,11042,6751.0
2026,4,20452,12953,11057,2885.0
2026,4,20452,12953,11066,13605.0
2026,4,20452,12953,11278,23168.0
2026,4,20452,12953,11298,0.0
2026,4,20452,12953,11423,937.0
2026,4,20452,12953,11433,4730.0
2026,4,20452,12953,11624,3347.0
2026,4,20452,12953,11986,2358.0
2026,4,20452,12953,11995,7114.0
2026,4,20452,12953,11996,3819.0
2026,4,20452,12953,12124,1028.0
2026,4,20452,12953,12264,1304.0
2026,4,20452,12953,12323,4341.0
2026,4,20452,12953,12339,11040.0
2026,4,20452,12953,12451,4319.0
2026,4,20452,12953,12992,1092.0
2026,4,20452,12953,13244,4580.0
2026,4,20452,12953,13342,4793.0
2026,4,20452,12953,13485,5026.0
2026,4,20452,12953,13577,404.0
2026,4,20452,12953,13851,1993.0
2026,4,20452,12953,13930,4514.0
2026,4,20452,12953,13931,2843.0
2026,4,20452,12953,14027,62.0
2026,4,20452,12953,14122,11057.0
2026,4,20452,12953,14321,6267.0
2026,4,20452,12953,14492,9432.0
2026,4,20452,12953,14524,9050.0
2026,4,20452,12953,14574,1487.0
2026,4,20452,12953,14685,2668.0
2026,4,20452,12953,14730,4791.0
2026,4,20452,12953,15016,7326.0
2026,4,20452,12953,15096,2972.0
2026,4,20452,12953,15370,2124.0
2026,4,20452,12953,15919,3996.0
2026,4,20500,11618,10431,187.0
2026,4,20500,11618,10581,945.0
2026,4,20500,11618,10785,3419.0
2026,4,20500,11618,10792,2404.0
2026,4,20500,11618,10868,884.0
2026,4,20500,11618,10980,769.0
2026,4,20500,11618,11042,45.0
2026,4,20500,11618,11066,148.0
2026,4,20500,11618,11193,3475.0
2026,4,20500,11618,11278,9390.0
2026,4,20500,11618,11433,394.0
2026,4,20500,11618,11995,176.0
2026,4,20500,11618,11996,1298.0
2026,4,20500,11618,12264,1187.0
2026,4,20500,11618,12339,44.0
2026,4,20500,11618,13931,1287.0
2026,4,20500,11618,14122,1142.0
2026,4,20500,11618,14321,4220.0
2026,4,20500,11618,14524,4785.0
2026,4,20500,11618,14576,1290.0
2026,4,20500,11618,14730,322.0
2026,4,20500,11618,15096,2109.0
2026,4,22080,11618,11146,613.0
2026,4,22080,12197,10994,2246.0
2026,4,22080,12197,11252,802.0
2026,4,22080,12197,12451,1181.0
2026,4,22080,12197,13577,794.0
2026,4,22080,12197,14492,1185.0
2026,4,22080,12197,14685,773.0
2026,4,22080,12197,14986,783.0
2026,4,22080,12197,15628,3015.0
2026,4,22080,12391,10994,779.0
2026,4,22080,12391,12323,1082.0
2026,4,22080,12391,13931,982.0
2026,4,22080,12391,14492,1826.0
2026,4,22080,12391,14635,2242.0
2026,4,22080,12391,14986,920.0
2026,4,22080,12391,15628,1717.0
2026,4,22080,15070,10994,886.0
2026,4,22080,15070,13204,1051.0
2026,5,19393,12391,10140,10.0
2026,5,19393,12391,10792,21.0
2026,5,19393,12391,10821,12361.0
2026,5,19393,12391,13204,8915.0
2026,5,19393,12391,13495,15.0
2026,5,19393,12391,14027,4123.0
2026,5,19393,12391,14107,64.0
2026,5,19393,12391,15304,546.0
2026,5,19393,12953,10397,33.0
2026,5,19393,12953,10693,18053.0
2026,5,19393,12953,11259,18960.0
2026,5,19393,12953,11292,17673.0
2026,5,19393,12953,11540,3.0
2026,5,19393,12953,12191,16992.0
2026,5,19393,12953,12892,87.0
2026,5,19393,12953,13198,7399.0
2026,5,19393,12953,13204,1.0
2026,5,19393,12953,13232,27028.0
2026,5,19393,12953,13495,3542.0
2026,5,19393,12953,13796,117.0
2026,5,19393,12953,13871,2560.0
2026,5,19393,12953,14057,6.0
2026,5,19393,12953,14107,227.0
2026,5,19393,12953,14635,17.0
2026,5,19393,12953,15016,14194.0
2026,5,19790,11618,10397,41302.0
2026,5,19790,11618,10868,16.0
2026,5,19790,11618,11433,14624.0
2026,5,19790,11618,13487,11008.0
2026,5,19790,11618,14869,10494.0
2026,5,19790,11618,15412,5.0
2026,5,19790,12197,10397,4667.0
2026,5,19790,12197,15323,5.0
2026,5,19790,12478,10397,32085.0
2026,5,19790,12478,10423,17252.0
2026,5,19790,12478,10721,2567.0
2026,5,19790,12478,10868,2.0
2026,5,19790,12478,10994,101.0
2026,5,19790,12478,11292,10932.0
2026,5,19790,12478,11298,2378.0
2026,5,19790,12478,11433,9215.0
2026,5,19790,12478,11697,16230.0
2026,5,19790,12478,12173,6044.0
2026,5,19790,12478,12266,2817.0
2026,5,19790,12478,12451,2234.0
2026,5,19790,12478,12889,22735.0
2026,5,19790,12478,12892,62304.0
2026,5,19790,12478,13204,24596.0
2026,5,19790,12478,13303,18210.0
2026,5,19790,12478,13487,8312.0
2026,5,19790,12478,13495,5880.0
2026,5,19790,12478,13871,9.0
2026,5,19790,12478,14027,5047.0
2026,5,19790,12478,14057,8405.0
2026,5,19790,12478,14107,12132.0
2026,5,19790,12478,14262,170.0
2026,5,19790,12478,14635,2162.0
2026,5,19790,12478,14679,14911.0
2026,5,19790,12478,14683,3704.0
2026,5,19790,12478,14730,10.0
2026,5,19790,12478,14747,20665.0
2026,5,19790,12478,14771,35288.0
2026,5,19790,12478,14843,16174.0
2026,5,19790,12478,14869,20363.0
2026,5,19790,12478,14908,3130.0
2026,5,19790,12478,14986,317.0
2026,5,19790,12478,15024,4758.0
2026,5,19790,12478,15304,12869.0
2026,5,19790,12953,10397,66433.0
2026,5,19790,12953,10693,3004.0
2026,5,19790,12953,10721,2659.0
2026,5,19790,12953,10994,3389.0
2026,5,19790,12953,11066,9.0
2026,5,19790,12953,11278,1904.0
2026,5,19790,12953,11292,10563.0
2026,5,19790,12953,11298,16812.0
2026,5,19790,12953,11433,30011.0
2026,5,19790,12953,11697,20396.0
2026,5,19790,12953,12266,12346.0
2026,5,19790,12953,13198,7595.0
2026,5,19790,12953,13204,27859.0
2026,5,19790,12953,13303,24293.0
2026,5,19790,12953,13487,26687.0
2026,5,19790,12953,13495,6781.0
2026,5,19790,12953,13577,3499.0
2026,5,19790,12953,13851,4.0
2026,5,19790,12953,13871,145.0
2026,5,19790,12953,13930,28963.0
2026,5,19790,12953,14027,17538.0
2026,5,19790,12953,14492,616.0
2026,5,19790,12953,14635,6579.0
2026,5,19790,12953,14685,102.0
2026,5,19790,12953,14986,3851.0
2026,5,19790,12953,15304,22512.0
2026,5,19805,11618,11057,20184.0
2026,5,19805,11618,11298,18827.0
2026,5,19805,11618,13303,19557.0
2026,5,19805,11618,13930,14874.0
2026,5,19805,11618,14107,14873.0
2026,5,19805,12478,10423,12086.0
2026,5,19805,12478,11057,17339.0
2026,5,19805,12478,11298,18618.0
2026,5,19805,12478,12889,9438.0
2026,5,19805,12478,12892,30992.0
2026,5,19805,12478,13303,36183.0
2026,5,19805,12478,13930,5389.0
2026,5,19805,12478,14100,1.0
2026,5,19805,12478,14107,22650.0
2026,5,19805,12478,14730,10.0
2026,5,19805,12478,14771,10750.0
2026,5,19805,12478,14908,2506.0
2026,5,19805,12478,15024,2756.0
2026,5,19805,12953,10693,1368.0
2026,5,19805,12953,11057,28791.0
2026,5,19805,12953,11278,1784.0
2026,5,19805,12953,11298,52786.0
2026,5,19805,12953,11697,7575.0
2026,5,19805,12953,13204,12746.0
2026,5,19805,12953,13303,44366.0
2026,5,19805,12953,13495,4088.0
2026,5,19805,12953,13930,41344.0
2026,5,19805,12953,14027,3340.0
2026,5,19805,12953,14321,897.0
2026,5,19805,12953,14492,1268.0
2026,5,19805,12953,14635,2129.0
2026,5,19805,12953,14730,41.0
2026,5,19805,12953,15304,7221.0
2026,5,19930,11618,12892,5032.0
2026,5,19930,11618,14057,4942.0
2026,5,19930,11618,14679,4528.0
2026,5,19930,11618,14747,20489.0
2026,5,19930,11618,14771,9871.0
2026,5,19930,12478,12173,6673.0
2026,5,19930,12478,14057,4367.0
2026,5,19930,12478,14679,7719.0
2026,5,19930,12478,14747,17348.0
2026,5,19930,12478,14771,18320.0
2026,5,19977,11618,10299,1432.0
2026,5,19977,11618,10397,21207.0
2026,5,19977,11618,10423,19677.0
2026,5,19977,11618,10558,0.0
2026,5,19977,11618,10693,17401.0
2026,5,19977,11618,10721,31298.0
2026,5,19977,11618,10732,4964.0
2026,5,19977,11618,10800,37.0
2026,5,19977,11618,10821,0.0
2026,5,19977,11618,10849,1530.0
2026,5,19977,11618,10994,11963.0
2026,5,19977,11618,11042,11954.0
2026,5,19977,11618,11057,8409.0
2026,5,19977,11618,11109,0.0
2026,5,19977,11618,11292,43720.0
2026,5,19977,11618,11298,19809.0
2026,5,19977,11618,11624,3275.0
2026,5,19977,11618,11697,31031.0
2026,5,19977,11618,12264,16292.0
2026,5,19977,11618,12266,41149.0
2026,5,19977,11618,12339,327.0
2026,5,19977,11618,12441,1135.0
2026,5,19977,11618,12451,13624.0
2026,5,19977,11618,12758,113.0
2026,5,19977,11618,12889,31936.0
2026,5,19977,11618,12892,60767.0
2026,5,19977,11618,13198,1015.0
2026,5,19977,11618,13204,51463.0
2026,5,19977,11618,13303,27345.0
2026,5,19977,11618,13487,3222.0
2026,5,19977,11618,13495,13760.0
2026,5,19977,11618,13577,1005.0
2026,5,19977,11618,13851,0.0
2026,5,19977,11618,13871,170.0
2026,5,19977,11618,13930,62382.0
2026,5,19977,11618,13931,220.0
2026,5,19977,11618,14027,30189.0
2026,5,19977,11618,14057,5400.0
2026,5,19977,11618,14107,17580.0
2026,5,19977,11618,14122,72.0
2026,5,19977,11618,14321,319.0
2026,5,19977,11618,14492,15148.0
2026,5,19977,11618,14570,38.0
2026,5,19977,11618,14576,208.0
2026,5,19977,11618,14635,18630.0
2026,5,19977,11618,14679,15400.0
2026,5,19977,11618,14683,6000.0
2026,5,19977,11618,14685,8054.0
2026,5,19977,11618,14730,119.0
2026,5,19977,11618,14747,13284.0
2026,5,19977,11618,14771,71405.0
2026,5,19977,11618,14831,47.0
2026,5,19977,11618,14843,16279.0
2026,5,19977,11618,14869,5649.0
2026,5,19977,11618,14893,4788.0
2026,5,19977,11618,14908,11800.0
2026,5,19977,11618,14986,9050.0
2026,5,19977,11618,15016,1084.0
2026,5,19977,11618,15024,3254.0
2026,5,19977,11618,15304,30523.0
2026,5,19977,12953,10140,37.0
2026,5,19977,12953,10423,13.0
2026,5,19977,12953,10800,4.0
2026,5,19977,12953,10821,0.0
2026,5,19977,12953,10849,3.0
2026,5,19977,12953,11042,11.0
2026,5,19977,12953,11267,0.0
2026,5,19977,12953,11278,0.0
2026,5,19977,12953,11292,27553.0
2026,5,19977,12953,11603,36.0
2026,5,19977,12953,11618,0.0
2026,5,19977,12953,11697,2.0
2026,5,19977,12953,11884,7.0
2026,5,19977,12953,11986,0.0
2026,5,19977,12953,12266,31443.0
2026,5,19977,12953,12892,16.0
2026,5,19977,12953,13198,12.0
2026,5,19977,12953,13204,0.0
2026,5,19977,12953,13230,0.0
2026,5,19977,12953,13244,11.0
2026,5,19977,12953,13303,9.0
2026,5,19977,12953,13487,3.0
2026,5,19977,12953,13930,57907.0
2026,5,19977,12953,14057,0.0
2026,5,19977,12953,14107,15.0
2026,5,19977,12953,14635,3.0
2026,5,19977,12953,14679,31.0
2026,5,19977,12953,14771,56.0
2026,5,19977,15070,11618,0.0
2026,5,20207,12391,12544,2723.0
2026,5,20253,12197,10154,0.0
2026,5,20253,12197,12250,0.0
2026,5,20253,12197,12932,292.0
2026,5,20253,12197,13541,0.0
2026,5,20253,12197,14306,0.0
2026,5,20253,12391,10721,327.0
2026,5,20253,12478,10154,0.0
2026,5,20253,12478,12250,98.0
2026,5,20253,12478,13541,193.0
2026,5,20253,12478,14875,84.0
2026,5,20304,12197,11433,517.0
2026,5,20363,11618,11193,3304.0
2026,5,20363,11618,13487,354.0
2026,5,20363,11618,14492,5362.0
2026,5,20363,12197,10397,4320.0
2026,5,20363,12197,11433,2696.0
2026,5,20363,12197,13487,1607.0
2026,5,20363,12478,10581,1716.0
2026,5,20363,12478,10693,7350.0
2026,5,20363,12478,10785,2798.0
2026,5,20363,12478,10792,7361.0
2026,5,20363,12478,10994,5186.0
2026,5,20363,12478,11042,5384.0
2026,5,20363,12478,11057,4630.0
2026,5,20363,12478,11066,1766.0
2026,5,20363,12478,11193,5387.0
2026,5,20363,12478,11278,673.0
2026,5,20363,12478,11433,2939.0
2026,5,20363,12478,12264,1699.0
2026,5,20363,12478,12339,4723.0
2026,5,20363,12478,12397,2669.0
2026,5,20363,12478,12451,3509.0
2026,5,20363,12478,13198,1770.0
2026,5,20363,12478,13342,1436.0
2026,5,20363,12478,13487,385.0
2026,5,20363,12478,13930,5184.0
2026,5,20363,12478,13931,5179.0
2026,5,20363,12478,14122,2259.0
2026,5,20363,12478,14321,3039.0
2026,5,20363,12478,14492,7792.0
2026,5,20363,12478,14524,4360.0
2026,5,20363,12478,14576,5582.0
2026,5,20363,12478,14685,5500.0
2026,5,20363,12478,15016,1279.0
2026,5,20363,12478,15096,4364.0
2026,5,20363,12953,10257,2427.0
2026,5,20363,12953,10431,2912.0
2026,5,20363,12953,10581,5145.0
2026,5,20363,12953,10599,4987.0
2026,5,20363,12953,10693,6805.0
2026,5,20363,12953,10785,3044.0
2026,5,20363,12953,10792,3840.0
2026,5,20363,12953,10868,3296.0
2026,5,20363,12953,10980,2582.0
2026,5,20363,12953,10990,3013.0
2026,5,20363,12953,10994,5466.0
2026,5,20363,12953,11042,4855.0
2026,5,20363,12953,11057,5002.0
2026,5,20363,12953,11193,8645.0
2026,5,20363,12953,11423,1857.0
2026,5,20363,12953,11433,112.0
2026,5,20363,12953,11481,1402.0
2026,5,20363,12953,11986,1836.0
2026,5,20363,12953,11995,5246.0
2026,5,20363,12953,11996,6325.0
2026,5,20363,12953,12217,1476.0
2026,5,20363,12953,12323,4170.0
2026,5,20363,12953,12339,2011.0
2026,5,20363,12953,12451,3843.0
2026,5,20363,12953,12945,1271.0
2026,5,20363,12953,12992,1357.0
2026,5,20363,12953,13198,132.0
2026,5,20363,12953,13244,216.0
2026,5,20363,12953,13342,1791.0
2026,5,20363,12953,13485,1253.0
2026,5,20363,12953,13487,334.0
2026,5,20363,12953,13851,1602.0
2026,5,20363,12953,13871,4226.0
2026,5,20363,12953,13931,4569.0
2026,5,20363,12953,13933,752.0
2026,5,20363,12953,14122,724.0
2026,5,20363,12953,14193,1962.0
2026,5,20363,12953,14321,2685.0
2026,5,20363,12953,14492,10735.0
2026,5,20363,12953,14524,3061.0
2026,5,20363,12953,14574,1252.0
2026,5,20363,12953,14576,4662.0
2026,5,20363,12953,14685,749.0
2026,5,20363,12953,14730,269.0
2026,5,20363,12953,15016,4430.0
2026,5,20363,12953,15096,3586.0
2026,5,20363,12953,15370,1162.0
2026,5,20363,12953,15380,524.0
2026,5,20363,12953,15412,4408.0
2026,5,20363,12953,15624,444.0
2026,5,20363,12953,15919,1611.0
2026,5,20368,11618,10431,1506.0
2026,5,20368,11618,11193,496.0
2026,5,20368,11618,11423,508.0
2026,5,20368,11618,15412,1869.0
2026,5,20368,11618,15624,1377.0
2026,5,20368,15070,11697,92.0
2026,5,20368,15070,13577,2031.0
2026,5,20368,15070,14082,1230.0
2026,5,20368,15070,14112,1395.0
2026,5,20368,15070,14761,1387.0
2026,5,20378,12953,12264,1564.0
2026,5,20397,12197,11057,5582.0
2026,5,20397,12197,11278,4206.0
2026,5,20398,11618,13930,2713.0
2026,5,20398,12197,13303,755.0
2026,5,20398,12197,13930,5839.0
2026,5,20409,11618,11697,11973.0
2026,5,20409,11618,12197,235.0
2026,5,20409,11618,12478,291.0
2026,5,20409,11618,12889,7965.0
2026,5,20409,11618,13204,17008.0
2026,5,20409,11618,14027,6587.0
2026,5,20409,11618,14635,3884.0
2026,5,20409,11618,14843,6455.0
2026,5,20409,11618,15304,3008.0
2026,5,20409,12197,10154,694.0
2026,5,20409,12197,11697,8530.0
2026,5,20409,12197,13204,9976.0
2026,5,20409,12197,14027,14451.0
2026,5,20409,12197,14635,4722.0
2026,5,20409,12197,14843,3081.0
2026,5,20409,12197,15304,3752.0
2026,5,20409,12391,10721,132.0
2026,5,20409,12391,11697,3270.0
2026,5,20409,12391,13204,3117.0
2026,5,20409,12391,14027,5720.0
2026,5,20409,12478,10140,2083.0
2026,5,20409,12478,10154,162.0
2026,5,20409,12478,10397,9974.0
2026,5,20409,12478,10529,1675.0
2026,5,20409,12478,10693,4461.0
2026,5,20409,12478,10721,17581.0
2026,5,20409,12478,10732,4788.0
2026,5,20409,12478,10792,12238.0
2026,5,20409,12478,10800,3711.0
2026,5,20409,12478,10994,5981.0
2026,5,20409,12478,11042,2100.0
2026,5,20409,12478,11057,146.0
2026,5,20409,12478,11252,3900.0
2026,5,20409,12478,11278,1820.0
2026,5,20409,12478,11292,4295.0
2026,5,20409,12478,11433,4100.0
2026,5,20409,12478,11697,22214.0
2026,5,20409,12478,12266,2620.0
2026,5,20409,12478,12451,7828.0
2026,5,20409,12478,12889,16405.0
2026,5,20409,12478,12892,41670.0
2026,5,20409,12478,13204,31275.0
2026,5,20409,12478,13495,3022.0
2026,5,20409,12478,13891,3186.0
2026,5,20409,12478,13930,5173.0
2026,5,20409,12478,14027,10926.0
2026,5,20409,12478,14107,4173.0
2026,5,20409,12478,14122,2443.0
2026,5,20409,12478,14307,1615.0
2026,5,20409,12478,14321,2900.0
2026,5,20409,12478,14492,8673.0
2026,5,20409,12478,14576,4016.0
2026,5,20409,12478,14635,7034.0
2026,5,20409,12478,14679,7840.0
2026,5,20409,12478,14685,4172.0
2026,5,20409,12478,14747,2993.0
2026,5,20409,12478,14771,22916.0
2026,5,20409,12478,14843,24128.0
2026,5,20409,12478,14869,3453.0
2026,5,20409,12478,14893,3093.0
2026,5,20409,12478,14986,3043.0
2026,5,20409,12478,15096,2529.0
2026,5,20409,12478,15304,11544.0
2026,5,20409,12478,15624,2226.0
2026,5,20409,12478,15628,2336.0
2026,5,20409,12953,11697,23340.0
2026,5,20409,12953,13204,13758.0
2026,5,20409,12953,14027,11778.0
2026,5,20416,11618,10397,169.0
2026,5,20416,11618,10423,148.0
2026,5,20416,11618,10994,171.0
2026,5,20416,11618,11057,0.0
2026,5,20416,11618,11298,0.0
2026,5,20416,11618,11433,0.0
2026,5,20416,11618,11697,172.0
2026,5,20416,11618,12339,175.0
2026,5,20416,11618,12889,0.0
2026,5,20416,11618,12892,0.0
2026,5,20416,11618,13204,555.0
2026,5,20416,11618,13303,0.0
2026,5,20416,11618,13577,302.0
2026,5,20416,11618,13930,202.0
2026,5,20416,12953,11057,0.0
2026,5,20416,12953,11298,164.0
2026,5,20416,12953,11433,163.0
2026,5,20416,12953,11697,221.0
2026,5,20416,12953,12266,0.0
2026,5,20416,12953,13204,431.0
2026,5,20416,12953,13303,0.0
2026,5,20416,12953,13577,326.0
2026,5,20416,12953,13930,0.0
2026,5,20422,11618,13487,2279.0
2026,5,20422,12478,13487,2503.0
2026,5,20436,11618,10397,9905.0
2026,5,20436,11618,11298,5365.0
2026,5,20436,11618,13204,6799.0
2026,5,20436,11618,13232,709.0
2026,5,20436,12391,13204,4722.0
2026,5,20436,12391,13577,2704.0
2026,5,20436,12391,15304,1891.0
2026,5,20436,12478,10397,6420.0
2026,5,20436,12953,10397,17416.0
2026,5,20436,12953,11042,2797.0
2026,5,20436,12953,11057,3584.0
2026,5,20436,12953,11298,5335.0
2026,5,20436,12953,13204,5073.0
2026,5,20436,12953,14492,1565.0
2026,5,20452,11618,10397,1041.0
2026,5,20452,11618,10423,126.0
2026,5,20452,11618,10431,1074.0
2026,5,20452,11618,10581,2788.0
2026,5,20452,11618,10693,2216.0
2026,5,20452,11618,10721,6005.0
2026,5,20452,11618,10785,869.0
2026,5,20452,11618,10792,5504.0
2026,5,20452,11618,10994,578.0
2026,5,20452,11618,11042,5328.0
2026,5,20452,11618,11057,3924.0
2026,5,20452,11618,11066,10873.0
2026,5,20452,11618,11193,5768.0
2026,5,20452,11618,11278,1003.0
2026,5,20452,11618,11298,211.0
2026,5,20452,11618,11433,8569.0
2026,5,20452,11618,11986,4150.0
2026,5,20452,11618,11995,3722.0
2026,5,20452,11618,11996,5128.0
2026,5,20452,11618,12124,1736.0
2026,5,20452,11618,12264,143.0
2026,5,20452,11618,12323,3450.0
2026,5,20452,11618,12339,10820.0
2026,5,20452,11618,12451,790.0
2026,5,20452,11618,13198,3179.0
2026,5,20452,11618,13244,3257.0
2026,5,20452,11618,13342,4139.0
2026,5,20452,11618,13485,2387.0
2026,5,20452,11618,13487,3842.0
2026,5,20452,11618,13495,194.0
2026,5,20452,11618,13577,3789.0
2026,5,20452,11618,13930,0.0
2026,5,20452,11618,13931,5897.0
2026,5,20452,11618,14122,10136.0
2026,5,20452,11618,14321,6690.0
2026,5,20452,11618,14492,3410.0
2026,5,20452,11618,14524,1225.0
2026,5,20452,11618,14576,4489.0
2026,5,20452,11618,14685,500.0
2026,5,20452,11618,14730,4808.0
2026,5,20452,11618,14986,137.0
2026,5,20452,11618,15016,5110.0
2026,5,20452,11618,15096,158.0
2026,5,20452,12478,10154,694.0
2026,5,20452,12478,10693,3368.0
2026,5,20452,12478,10721,12184.0
2026,5,20452,12478,11042,2237.0
2026,5,20452,12478,11057,1484.0
2026,5,20452,12478,11066,6157.0
2026,5,20452,12478,11193,2174.0
2026,5,20452,12478,11278,8716.0
2026,5,20452,12478,12264,1748.0
2026,5,20452,12478,12339,3652.0
2026,5,20452,12478,12451,1154.0
2026,5,20452,12478,13244,983.0
2026,5,20452,12478,13541,477.0
2026,5,20452,12478,13930,4962.0
2026,5,20452,12478,13931,1998.0
2026,5,20452,12478,14122,6958.0
2026,5,20452,12478,14492,5759.0
2026,5,20452,12478,14524,33.0
2026,5,20452,12478,14730,19.0
2026,5,20452,12478,15096,303.0
2026,5,20452,12953,10154,1380.0
2026,5,20452,12953,10397,10251.0
2026,5,20452,12953,10431,2289.0
2026,5,20452,12953,10581,911.0
2026,5,20452,12953,10693,7310.0
2026,5,20452,12953,10721,38630.0
2026,5,20452,12953,10792,8049.0
2026,5,20452,12953,10821,0.0
2026,5,20452,12953,10868,2939.0
2026,5,20452,12953,10990,1433.0
2026,5,20452,12953,10994,4600.0
2026,5,20452,12953,11003,0.0
2026,5,20452,12953,11042,8931.0
2026,5,20452,12953,11057,4458.0
2026,5,20452,12953,11066,14738.0
2026,5,20452,12953,11278,22517.0
2026,5,20452,12953,11423,1238.0
2026,5,20452,12953,11433,5820.0
2026,5,20452,12953,11624,1795.0
2026,5,20452,12953,11986,3117.0
2026,5,20452,12953,11995,5105.0
2026,5,20452,12953,11996,3844.0
2026,5,20452,12953,12124,1663.0
2026,5,20452,12953,12264,5767.0
2026,5,20452,12953,12323,4997.0
2026,5,20452,12953,12339,11473.0
2026,5,20452,12953,12451,4214.0
2026,5,20452,12953,12945,206.0
2026,5,20452,12953,12992,1336.0
2026,5,20452,12953,13244,7045.0
2026,5,20452,12953,13342,4346.0
2026,5,20452,12953,13485,3552.0
2026,5,20452,12953,13495,101.0
2026,5,20452,12953,13541,1276.0
2026,5,20452,12953,13577,672.0
2026,5,20452,12953,13851,2516.0
2026,5,20452,12953,13871,69.0
2026,5,20452,12953,13930,479.0
2026,5,20452,12953,13931,4815.0
2026,5,20452,12953,14027,1161.0
2026,5,20452,12953,14122,14295.0
2026,5,20452,12953,14321,5606.0
2026,5,20452,12953,14492,10837.0
2026,5,20452,12953,14524,9504.0
2026,5,20452,12953,14574,1635.0
2026,5,20452,12953,14685,5425.0
2026,5,20452,12953,14730,5984.0
2026,5,20452,12953,14986,730.0
2026,5,20452,12953,15016,6095.0
2026,5,20452,12953,15096,715.0
2026,5,20452,12953,15370,2539.0
2026,5,20452,12953,15412,0.0
2026,5,20452,12953,15919,4090.0
2026,5,20500,11618,10154,834.0
2026,5,20500,11618,10431,902.0
2026,5,20500,11618,10785,3047.0
2026,5,20500,11618,10792,94.0
2026,5,20500,11618,10868,933.0
2026,5,20500,11618,10980,929.0
2026,5,20500,11618,11057,33.0
2026,5,20500,11618,11193,843.0
2026,5,20500,11618,11278,10057.0
2026,5,20500,11618,11433,267.0
2026,5,20500,11618,11995,847.0
2026,5,20500,11618,12264,826.0
2026,5,20500,11618,13931,157.0
2026,5,20500,11618,14122,934.0
2026,5,20500,11618,14524,4038.0
2026,5,20500,11618,14576,471.0
2026,5,20500,11618,14730,103.0
2026,5,20500,11618,15096,1338.0
2026,5,22080,11618,11146,747.0
2026,5,22080,12197,10994,2570.0
2026,5,22080,12197,11252,70.0
2026,5,22080,12197,12451,104.0
2026,5,22080,12197,13577,1440.0
2026,5,22080,12197,14492,2493.0
2026,5,22080,12197,14685,763.0
2026,5,22080,12197,15628,1940.0
2026,5,22080,12391,10994,1596.0
2026,5,22080,12391,12323,1349.0
2026,5,22080,12391,13577,828.0
2026,5,22080,12391,13931,1165.0
2026,5,22080,12391,14492,2257.0
2026,5,22080,12391,14524,706.0
2026,5,22080,12391,14635,1674.0
2026,5,22080,12391,15628,1031.0
2026,5,22080,15070,10994,998.0
2026,5,22080,15070,13204,1140.0
2026,5,22080,15070,14492,943.0
2026,6,19393,12391,10397,33.0
2026,6,19393,12391,10792,2.0
2026,6,19393,12391,10821,14314.0
2026,6,19393,12391,11066,52.0
2026,6,19393,12391,11292,9.0
2026,6,19393,12391,12889,8.0
2026,6,19393,12391,13204,6533.0
2026,6,19393,12391,14027,3654.0
2026,6,19393,12391,14107,14.0
2026,6,19393,12391,14679,8.0
2026,6,19393,12391,15304,809.0
2026,6,19393,12953,10397,14.0
2026,6,19393,12953,10423,249.0
2026,6,19393,12953,10693,17595.0
2026,6,19393,12953,10821,32.0
2026,6,19393,12953,10994,10.0
2026,6,19393,12953,11109,34.0
2026,6,19393,12953,11193,3.0
2026,6,19393,12953,11259,20108.0
2026,6,19393,12953,11292,20083.0
2026,6,19393,12953,11540,24.0
2026,6,19393,12953,12191,16732.0
2026,6,19393,12953,12889,14.0
2026,6,19393,12953,12892,8.0
2026,6,19393,12953,12896,50.0
2026,6,19393,12953,13198,9624.0
2026,6,19393,12953,13232,30088.0
2026,6,19393,12953,13303,14.0
2026,6,19393,12953,13495,3534.0
2026,6,19393,12953,13796,10.0
2026,6,19393,12953,13871,3708.0
2026,6,19393,12953,14107,251.0
2026,6,19393,12953,14730,24.0
2026,6,19393,12953,15016,15956.0
2026,6,19790,11618,10397,41579.0
2026,6,19790,11618,11433,13353.0
2026,6,19790,11618,13487,11400.0
2026,6,19790,11618,14869,10708.0
2026,6,19790,11618,15412,6.0
2026,6,19790,12197,10397,5397.0
2026,6,19790,12478,10397,33266.0
2026,6,19790,12478,10423,18028.0
2026,6,19790,12478,10721,3432.0
2026,6,19790,12478,10849,476.0
2026,6,19790,12478,11057,5.0
2026,6,19790,12478,11292,12616.0
2026,6,19790,12478,11298,2858.0
2026,6,19790,12478,11433,9723.0
2026,6,19790,12478,11481,6.0
2026,6,19790,12478,11697,16385.0
2026,6,19790,12478,12173,5660.0
2026,6,19790,12478,12266,454.0
2026,6,19790,12478,12451,2755.0
2026,6,19790,12478,12889,22206.0
2026,6,19790,12478,12892,60656.0
2026,6,19790,12478,13198,108.0
2026,6,19790,12478,13204,24735.0
2026,6,19790,12478,13303,17437.0
2026,6,19790,12478,13487,6510.0
2026,6,19790,12478,13495,6396.0
2026,6,19790,12478,14027,6064.0
2026,6,19790,12478,14057,9906.0
2026,6,19790,12478,14107,11858.0
2026,6,19790,12478,14635,3033.0
2026,6,19790,12478,14679,15740.0
2026,6,19790,12478,14683,4043.0
2026,6,19790,12478,14747,21295.0
2026,6,19790,12478,14771,33452.0
2026,6,19790,12478,14843,16285.0
2026,6,19790,12478,14869,21050.0
2026,6,19790,12478,14908,3983.0
2026,6,19790,12478,15024,5108.0
2026,6,19790,12478,15304,13603.0
2026,6,19790,12953,10397,70715.0
2026,6,19790,12953,10423,27.0
2026,6,19790,12953,10693,3081.0
2026,6,19790,12953,10721,2978.0
2026,6,19790,12953,10868,9.0
2026,6,19790,12953,10994,3745.0
2026,6,19790,12953,11057,9.0
2026,6,19790,12953,11278,2259.0
2026,6,19790,12953,11292,9807.0
2026,6,19790,12953,11298,18855.0
2026,6,19790,12953,11433,29232.0
2026,6,19790,12953,11697,19414.0
2026,6,19790,12953,11977,1.0
2026,6,19790,12953,12266,12655.0
2026,6,19790,12953,13198,8335.0
2026,6,19790,12953,13204,25370.0
2026,6,19790,12953,13303,21149.0
2026,6,19790,12953,13360,2.0
2026,6,19790,12953,13487,24031.0
2026,6,19790,12953,13495,6445.0
2026,6,19790,12953,13577,3647.0
2026,6,19790,12953,13851,9.0
2026,6,19790,12953,13930,29169.0
2026,6,19790,12953,14027,16979.0
2026,6,19790,12953,14193,362.0
2026,6,19790,12953,14321,355.0
2026,6,19790,12953,14635,6196.0
2026,6,19790,12953,14986,3699.0
2026,6,19790,12953,15304,22376.0
2026,6,19790,12953,15380,294.0
2026,6,19805,11618,11057,20005.0
2026,6,19805,11618,11298,17743.0
2026,6,19805,11618,13303,18962.0
2026,6,19805,11618,13930,21091.0
2026,6,19805,11618,14107,13690.0
2026,6,19805,12478,10423,13345.0
2026,6,19805,12478,11057,20196.0
2026,6,19805,12478,11298,20653.0
2026,6,19805,12478,12441,1551.0
2026,6,19805,12478,12889,7781.0
2026,6,19805,12478,12892,33577.0
2026,6,19805,12478,13303,33288.0
2026,6,19805,12478,13930,6200.0
2026,6,19805,12478,14107,23519.0
2026,6,19805,12478,14771,13741.0
2026,6,19805,12478,14908,2441.0
2026,6,19805,12478,15024,2771.0
2026,6,19805,12953,10693,3928.0
2026,6,19805,12953,10849,291.0
2026,6,19805,12953,11057,31839.0
2026,6,19805,12953,11298,54164.0
2026,6,19805,12953,11648,257.0
2026,6,19805,12953,11697,6883.0
2026,6,19805,12953,13198,454.0
2026,6,19805,12953,13204,9869.0
2026,6,19805,12953,13303,44903.0
2026,6,19805,12953,13495,4079.0
2026,6,19805,12953,13930,42378.0
2026,6,19805,12953,14321,2588.0
2026,6,19805,12953,14492,3314.0
2026,6,19805,12953,15304,6913.0
2026,6,19930,11618,12892,4793.0
2026,6,19930,11618,14057,8266.0
2026,6,19930,11618,14679,4527.0
2026,6,19930,11618,14747,19752.0
2026,6,19930,11618,14771,2901.0
2026,6,19930,12478,10299,2963.0
2026,6,19930,12478,12173,7194.0
2026,6,19930,12478,14057,4497.0
2026,6,19930,12478,14679,9300.0
2026,6,19930,12478,14747,18104.0
2026,6,19930,12478,14771,16419.0
2026,6,19977,11618,10299,4285.0
2026,6,19977,11618,10397,21468.0
2026,6,19977,11618,10423,19019.0
2026,6,19977,11618,10558,0.0
2026,6,19977,11618,10693,18744.0
2026,6,19977,11618,10721,30691.0
2026,6,19977,11618,10732,4765.0
2026,6,19977,11618,10792,123.0
2026,6,19977,11618,10800,45.0
2026,6,19977,11618,10821,0.0
2026,6,19977,11618,10849,5452.0
2026,6,19977,11618,10994,12760.0
2026,6,19977,11618,11042,14777.0
2026,6,19977,11618,11057,4170.0
2026,6,19977,11618,11066,0.0
2026,6,19977,11618,11109,0.0
2026,6,19977,11618,11140,0.0
2026,6,19977,11618,11292,50911.0
2026,6,19977,11618,11298,24315.0
2026,6,19977,11618,11624,3022.0
2026,6,19977,11618,11648,449.0
2026,6,19977,11618,11697,26460.0
2026,6,19977,11618,12264,19388.0
2026,6,19977,11618,12266,47379.0
2026,6,19977,11618,12441,3041.0
2026,6,19977,11618,12451,13966.0
2026,6,19977,11618,12758,48.0
2026,6,19977,11618,12889,28053.0
2026,6,19977,11618,12892,59254.0
2026,6,19977,11618,13198,3266.0
2026,6,19977,11618,13204,41828.0
2026,6,19977,11618,13264,8.0
2026,6,19977,11618,13303,20618.0
2026,6,19977,11618,13487,9943.0
2026,6,19977,11618,13495,11699.0
2026,6,19977,11618,13577,3073.0
2026,6,19977,11618,13851,0.0
2026,6,19977,11618,13930,59322.0
2026,6,19977,11618,13931,34.0
2026,6,19977,11618,14027,23502.0
2026,6,19977,11618,14057,8147.0
2026,6,19977,11618,14107,17003.0
2026,6,19977,11618,14122,0.0
2026,6,19977,11618,14457,0.0
2026,6,19977,11618,14492,14318.0
2026,6,19977,11618,14570,45.0
2026,6,19977,11618,14633,0.0
2026,6,19977,11618,14635,14388.0
2026,6,19977,11618,14679,17542.0
2026,6,19977,11618,14683,5948.0
2026,6,19977,11618,14685,7392.0
2026,6,19977,11618,14747,15067.0
2026,6,19977,11618,14771,72405.0
2026,6,19977,11618,14831,56.0
2026,6,19977,11618,14843,16115.0
2026,6,19977,11618,14869,7619.0
2026,6,19977,11618,14893,4569.0
2026,6,19977,11618,14908,11746.0
2026,6,19977,11618,14986,6689.0
2026,6,19977,11618,15016,3955.0
2026,6,19977,11618,15024,1241.0
2026,6,19977,11618,15304,25535.0
2026,6,19977,11618,15370,0.0
2026,6,19977,12953,10423,23.0
2026,6,19977,12953,10721,0.0
2026,6,19977,12953,10800,15.0
2026,6,19977,12953,10849,6.0
2026,6,19977,12953,11042,9.0
2026,6,19977,12953,11109,0.0
2026,6,19977,12953,11278,0.0
2026,6,19977,12953,11292,28866.0
2026,6,19977,12953,11618,0.0
2026,6,19977,12953,11697,9.0
2026,6,19977,12953,12266,33203.0
2026,6,19977,12953,12441,18.0
2026,6,19977,12953,12889,4.0
2026,6,19977,12953,12915,0.0
2026,6,19977,12953,13204,0.0
2026,6,19977,12953,13244,3.0
2026,6,19977,12953,13342,0.0
2026,6,19977,12953,13930,58790.0
2026,6,19977,12953,14107,16.0
2026,6,19977,12953,14457,0.0
2026,6,19977,12953,14635,4.0
2026,6,19977,12953,14679,0.0
2026,6,19977,12953,14747,1.0
2026,6,19977,12953,14771,55.0
2026,6,19977,12953,14908,0.0
2026,6,19977,12953,15304,0.0
2026,6,19977,12953,15919,0.0
2026,6,20207,12391,12544,2639.0
2026,6,20253,12197,10154,0.0
2026,6,20253,12197,12250,0.0
2026,6,20253,12197,12932,293.0
2026,6,20253,12197,13541,74.0
2026,6,20253,12197,14306,0.0
2026,6,20253,12391,10721,435.0
2026,6,20253,12478,10154,0.0
2026,6,20253,12478,12250,84.0
2026,6,20253,12478,13541,95.0
2026,6,20253,12478,14875,113.0
2026,6,20304,12197,11433,203.0
2026,6,20363,11618,11193,3106.0
2026,6,20363,11618,14492,4811.0
2026,6,20363,12197,10397,4863.0
2026,6,20363,12197,11433,3254.0
2026,6,20363,12197,13487,1686.0
2026,6,20363,12478,10581,1670.0
2026,6,20363,12478,10693,7069.0
2026,6,20363,12478,10785,2824.0
2026,6,20363,12478,10792,6737.0
2026,6,20363,12478,10994,5480.0
2026,6,20363,12478,11042,5257.0
2026,6,20363,12478,11057,5928.0
2026,6,20363,12478,11066,388.0
2026,6,20363,12478,11193,5473.0
2026,6,20363,12478,11433,2094.0
2026,6,20363,12478,12264,1678.0
2026,6,20363,12478,12339,4705.0
2026,6,20363,12478,12397,2712.0
2026,6,20363,12478,12451,3869.0
2026,6,20363,12478,13198,1862.0
2026,6,20363,12478,13342,1844.0
2026,6,20363,12478,13487,1513.0
2026,6,20363,12478,13930,5061.0
2026,6,20363,12478,13931,3787.0
2026,6,20363,12478,14122,1947.0
2026,6,20363,12478,14321,2941.0
2026,6,20363,12478,14492,7501.0
2026,6,20363,12478,14524,4799.0
2026,6,20363,12478,14576,5375.0
2026,6,20363,12478,14685,5157.0
2026,6,20363,12478,15016,348.0
2026,6,20363,12478,15096,4784.0
2026,6,20363,12953,10257,2738.0
2026,6,20363,12953,10397,68.0
2026,6,20363,12953,10431,3448.0
2026,6,20363,12953,10581,5423.0
2026,6,20363,12953,10599,4817.0
2026,6,20363,12953,10693,5690.0
2026,6,20363,12953,10785,3044.0
2026,6,20363,12953,10792,5891.0
2026,6,20363,12953,10868,2874.0
2026,6,20363,12953,10980,2723.0
2026,6,20363,12953,10990,2969.0
2026,6,20363,12953,10994,4139.0
2026,6,20363,12953,11042,7947.0
2026,6,20363,12953,11057,5717.0
2026,6,20363,12953,11066,1473.0
2026,6,20363,12953,11193,9247.0
2026,6,20363,12953,11423,1648.0
2026,6,20363,12953,11481,629.0
2026,6,20363,12953,11986,1660.0
2026,6,20363,12953,11995,4277.0
2026,6,20363,12953,11996,5775.0
2026,6,20363,12953,12217,2413.0
2026,6,20363,12953,12323,4488.0
2026,6,20363,12953,12339,1807.0
2026,6,20363,12953,12451,3509.0
2026,6,20363,12953,12945,1077.0
2026,6,20363,12953,12992,1204.0
2026,6,20363,12953,13198,260.0
2026,6,20363,12953,13244,935.0
2026,6,20363,12953,13342,363.0
2026,6,20363,12953,13485,1579.0
2026,6,20363,12953,13851,1302.0
2026,6,20363,12953,13871,4342.0
2026,6,20363,12953,13930,208.0
2026,6,20363,12953,13931,5505.0
2026,6,20363,12953,13933,687.0
2026,6,20363,12953,14122,193.0
2026,6,20363,12953,14193,1854.0
2026,6,20363,12953,14321,3169.0
2026,6,20363,12953,14492,12357.0
2026,6,20363,12953,14524,3117.0
2026,6,20363,12953,14574,1049.0
2026,6,20363,12953,14576,4705.0
2026,6,20363,12953,14685,4614.0
2026,6,20363,12953,14730,1234.0
2026,6,20363,12953,15016,5608.0
2026,6,20363,12953,15096,3174.0
2026,6,20363,12953,15370,1174.0
2026,6,20363,12953,15380,526.0
2026,6,20363,12953,15412,4883.0
2026,6,20363,12953,15624,416.0
2026,6,20363,12953,15919,1629.0
2026,6,20368,11618,10408,912.0
2026,6,20368,11618,10431,1712.0
2026,6,20368,11618,11193,1533.0
2026,6,20368,11618,11423,1486.0
2026,6,20368,11618,11986,656.0
2026,6,20368,11618,15412,2080.0
2026,6,20368,11618,15624,1627.0
2026,6,20368,15070,11697,716.0
2026,6,20368,15070,13577,3038.0
2026,6,20368,15070,14082,1213.0
2026,6,20368,15070,14112,1744.0
2026,6,20368,15070,14761,1404.0
2026,6,20378,12953,12264,3362.0
2026,6,20397,12197,11057,5663.0
2026,6,20397,12197,11278,4039.0
2026,6,20398,12197,13930,7344.0
2026,6,20409,11618,11697,12598.0
2026,6,20409,11618,12478,150.0
2026,6,20409,11618,12889,1871.0
2026,6,20409,11618,12892,8954.0
2026,6,20409,11618,13204,16880.0
2026,6,20409,11618,14027,8577.0
2026,6,20409,11618,14635,1183.0
2026,6,20409,11618,14843,10567.0
2026,6,20409,11618,15304,5447.0
2026,6,20409,12197,10154,3123.0
2026,6,20409,12197,11697,7017.0
2026,6,20409,12197,12478,120.0
2026,6,20409,12197,13204,10578.0
2026,6,20409,12197,14027,13809.0
2026,6,20409,12197,14635,3883.0
2026,6,20409,12197,14843,3201.0
2026,6,20409,12197,15304,4188.0
2026,6,20409,12391,11697,4961.0
2026,6,20409,12391,12451,147.0
2026,6,20409,12391,13204,4295.0
2026,6,20409,12391,14027,5911.0
2026,6,20409,12478,10140,3543.0
2026,6,20409,12478,10154,2836.0
2026,6,20409,12478,10397,14449.0
2026,6,20409,12478,10529,1972.0
2026,6,20409,12478,10693,7295.0
2026,6,20409,12478,10721,17938.0
2026,6,20409,12478,10732,4520.0
2026,6,20409,12478,10792,13179.0
2026,6,20409,12478,10800,3422.0
2026,6,20409,12478,10849,1671.0
2026,6,20409,12478,10994,5945.0
2026,6,20409,12478,11042,3079.0
2026,6,20409,12478,11252,3302.0
2026,6,20409,12478,11278,2495.0
2026,6,20409,12478,11292,7286.0
2026,6,20409,12478,11433,3863.0
2026,6,20409,12478,11697,20945.0
2026,6,20409,12478,12191,148.0
2026,6,20409,12478,12197,386.0
2026,6,20409,12478,12250,612.0
2026,6,20409,12478,12266,7926.0
2026,6,20409,12478,12278,149.0
2026,6,20409,12478,12451,7578.0
2026,6,20409,12478,12889,15882.0
2026,6,20409,12478,12892,40498.0
2026,6,20409,12478,12953,98.0
2026,6,20409,12478,13204,28745.0
2026,6,20409,12478,13342,155.0
2026,6,20409,12478,13495,3637.0
2026,6,20409,12478,13541,685.0
2026,6,20409,12478,13891,5203.0
2026,6,20409,12478,13930,9849.0
2026,6,20409,12478,14027,10488.0
2026,6,20409,12478,14107,3589.0
2026,6,20409,12478,14122,2943.0
2026,6,20409,12478,14307,1619.0
2026,6,20409,12478,14321,5092.0
2026,6,20409,12478,14492,11615.0
2026,6,20409,12478,14570,2367.0
2026,6,20409,12478,14576,5622.0
2026,6,20409,12478,14635,7732.0
2026,6,20409,12478,14679,8290.0
2026,6,20409,12478,14685,5185.0
2026,6,20409,12478,14747,4995.0
2026,6,20409,12478,14771,25107.0
2026,6,20409,12478,14843,33142.0
2026,6,20409,12478,14869,3677.0
2026,6,20409,12478,14893,5133.0
2026,6,20409,12478,14986,3727.0
2026,6,20409,12478,15096,2077.0
2026,6,20409,12478,15304,14912.0
2026,6,20409,12478,15624,2253.0
2026,6,20409,12478,15628,2708.0
2026,6,20409,12953,10154,456.0
2026,6,20409,12953,11697,22873.0
2026,6,20409,12953,12451,307.0
2026,6,20409,12953,13204,15580.0
2026,6,20409,12953,14027,9476.0
2026,6,20409,12953,14635,155.0
2026,6,20409,12953,15304,162.0
2026,6,20416,11618,10397,0.0
2026,6,20416,11618,10423,0.0
2026,6,20416,11618,10994,0.0
2026,6,20416,11618,11057,0.0
2026,6,20416,11618,11298,0.0
2026,6,20416,11618,11433,0.0
2026,6,20416,11618,11697,0.0
2026,6,20416,11618,12339,0.0
2026,6,20416,11618,12889,0.0
2026,6,20416,11618,12892,0.0
2026,6,20416,11618,13204,0.0
2026,6,20416,11618,13303,0.0
2026,6,20416,11618,13577,0.0
2026,6,20416,11618,13930,0.0
2026,6,20416,12953,11057,0.0
2026,6,20416,12953,11298,0.0
2026,6,20416,12953,11433,0.0
2026,6,20416,12953,11697,0.0
2026,6,20416,12953,12266,0.0
2026,6,20416,12953,13204,0.0
2026,6,20416,12953,13303,0.0
2026,6,20416,12953,13577,0.0
2026,6,20416,12953,13930,0.0
2026,6,20422,11618,13487,4553.0
2026,6,20422,12478,13487,6405.0
2026,6,20436,11618,10397,9196.0
2026,6,20436,11618,11298,5170.0
2026,6,20436,11618,13204,5643.0
2026,6,20436,12391,13204,4549.0
2026,6,20436,12391,13577,2079.0
2026,6,20436,12391,15304,2254.0
2026,6,20436,12478,10397,6484.0
2026,6,20436,12953,10397,15061.0
2026,6,20436,12953,11057,4668.0
2026,6,20436,12953,11298,4824.0
2026,6,20436,12953,13204,4983.0
2026,6,20452,11618,10397,582.0
2026,6,20452,11618,10423,267.0
2026,6,20452,11618,10431,296.0
2026,6,20452,11618,10581,4956.0
2026,6,20452,11618,10693,1412.0
2026,6,20452,11618,10721,5604.0
2026,6,20452,11618,10785,1613.0
2026,6,20452,11618,10792,4691.0
2026,6,20452,11618,10994,296.0
2026,6,20452,11618,11042,3886.0
2026,6,20452,11618,11057,7215.0
2026,6,20452,11618,11066,11460.0
2026,6,20452,11618,11193,7021.0
2026,6,20452,11618,11298,362.0
2026,6,20452,11618,11433,10190.0
2026,6,20452,11618,11986,5752.0
2026,6,20452,11618,11995,1683.0
2026,6,20452,11618,11996,5695.0
2026,6,20452,11618,12124,1623.0
2026,6,20452,11618,12264,277.0
2026,6,20452,11618,12323,3699.0
2026,6,20452,11618,12339,11221.0
2026,6,20452,11618,12451,836.0
2026,6,20452,11618,13198,2073.0
2026,6,20452,11618,13244,3686.0
2026,6,20452,11618,13342,5368.0
2026,6,20452,11618,13485,3750.0
2026,6,20452,11618,13487,206.0
2026,6,20452,11618,13577,2460.0
2026,6,20452,11618,13930,0.0
2026,6,20452,11618,13931,5358.0
2026,6,20452,11618,14122,7071.0
2026,6,20452,11618,14321,7254.0
2026,6,20452,11618,14492,2049.0
2026,6,20452,11618,14524,3761.0
2026,6,20452,11618,14576,3931.0
2026,6,20452,11618,14685,0.0
2026,6,20452,11618,14730,5331.0
2026,6,20452,11618,14986,285.0
2026,6,20452,11618,15016,4167.0
2026,6,20452,11618,15380,439.0
2026,6,20452,12478,10154,1678.0
2026,6,20452,12478,10693,2816.0
2026,6,20452,12478,10721,12324.0
2026,6,20452,12478,11042,3751.0
2026,6,20452,12478,11057,315.0
2026,6,20452,12478,11066,6497.0
2026,6,20452,12478,11193,3539.0
2026,6,20452,12478,11278,9261.0
2026,6,20452,12478,12217,0.0
2026,6,20452,12478,12264,1870.0
2026,6,20452,12478,12339,5032.0
2026,6,20452,12478,12953,43.0
2026,6,20452,12478,13244,275.0
2026,6,20452,12478,13541,1831.0
2026,6,20452,12478,13930,4202.0
2026,6,20452,12478,13931,3072.0
2026,6,20452,12478,14122,7529.0
2026,6,20452,12478,14492,5627.0
2026,6,20452,12953,10154,5084.0
2026,6,20452,12953,10397,9184.0
2026,6,20452,12953,10431,2354.0
2026,6,20452,12953,10581,3336.0
2026,6,20452,12953,10693,7231.0
2026,6,20452,12953,10721,39265.0
2026,6,20452,12953,10792,6823.0
2026,6,20452,12953,10868,2735.0
2026,6,20452,12953,10990,1343.0
2026,6,20452,12953,10994,5142.0
2026,6,20452,12953,11042,5931.0
2026,6,20452,12953,11057,3836.0
2026,6,20452,12953,11066,13521.0
2026,6,20452,12953,11278,23172.0
2026,6,20452,12953,11423,1353.0
2026,6,20452,12953,11433,5665.0
2026,6,20452,12953,11986,4943.0
2026,6,20452,12953,11995,4957.0
2026,6,20452,12953,11996,3463.0
2026,6,20452,12953,12124,1669.0
2026,6,20452,12953,12250,697.0
2026,6,20452,12953,12264,3622.0
2026,6,20452,12953,12323,5162.0
2026,6,20452,12953,12339,12003.0
2026,6,20452,12953,12451,4243.0
2026,6,20452,12953,12945,1437.0
2026,6,20452,12953,12992,1393.0
2026,6,20452,12953,13204,12.0
2026,6,20452,12953,13244,6494.0
2026,6,20452,12953,13342,6114.0
2026,6,20452,12953,13485,3129.0
2026,6,20452,12953,13495,250.0
2026,6,20452,12953,13541,4338.0
2026,6,20452,12953,13577,437.0
2026,6,20452,12953,13851,2962.0
2026,6,20452,12953,13930,725.0
2026,6,20452,12953,13931,3546.0
2026,6,20452,12953,14027,2368.0
2026,6,20452,12953,14122,14906.0
2026,6,20452,12953,14193,94.0
2026,6,20452,12953,14321,4520.0
2026,6,20452,12953,14492,7621.0
2026,6,20452,12953,14524,8398.0
2026,6,20452,12953,14574,1432.0
2026,6,20452,12953,14685,1320.0
2026,6,20452,12953,14730,5254.0
2026,6,20452,12953,14986,0.0
2026,6,20452,12953,15016,4692.0
2026,6,20452,12953,15096,1347.0
2026,6,20452,12953,15370,2857.0
2026,6,20452,12953,15380,1460.0
2026,6,20452,12953,15919,4307.0
2026,6,20500,11618,10154,2480.0
2026,6,20500,11618,10431,2214.0
2026,6,20500,11618,10785,3544.0
2026,6,20500,11618,10792,364.0
2026,6,20500,11618,10868,1067.0
2026,6,20500,11618,10980,1122.0
2026,6,20500,11618,11057,187.0
2026,6,20500,11618,11278,9915.0
2026,6,20500,11618,11995,2152.0
2026,6,20500,11618,13931,1484.0
2026,6,20500,11618,14122,2536.0
2026,6,20500,11618,14524,2430.0
2026,6,20500,11618,14576,1017.0
2026,6,21080,12197,10154,871.0
2026,6,21080,12197,13541,365.0
2026,6,22080,11618,11146,674.0
2026,6,22080,12197,10994,2566.0
2026,6,22080,12197,13577,1481.0
2026,6,22080,12197,14492,2425.0
2026,6,22080,12197,14685,718.0
2026,6,22080,12197,15628,2077.0
2026,6,22080,12391,10994,1561.0
2026,6,22080,12391,12323,1416.0
2026,6,22080,12391,13577,848.0
2026,6,22080,12391,13931,1345.0
2026,6,22080,12391,14492,2477.0
2026,6,22080,12391,14524,814.0
2026,6,22080,12391,14635,1521.0
2026,6,22080,12391,15628,996.0
2026,6,22080,15070,10994,1072.0
2026,6,22080,15070,12451,134.0
2026,6,22080,15070,13204,1116.0
2026,6,22080,15070,14492,939.0
