YEAR,MONTH,AIRLINE_ID,scope,market_passengers,market_passenger_share
2024,1,19393,CITY_31703,135769.0,0.039270023969439904
2024,1,19393,LGA,111048.0,0.10238717154608797
2024,1,19393,NYC_CORE,111048.0,0.03350965068162663
2024,1,19690,CITY_31703,5768.0,0.0016683447492117447
2024,1,19690,JFK,5768.0,0.005806777661221638
2024,1,19690,NYC_CORE,5768.0,0.0017405416138212523
2024,1,19790,CITY_31703,695156.0,0.20106793732368924
2024,1,19790,EWR,54278.0,0.04391423948220065
2024,1,19790,JFK,357617.0,0.36002122171863704
2024,1,19790,LGA,273671.0,0.2523269183073035
2024,1,19790,NYC_CORE,685566.0,0.2068751997262449
2024,1,19805,CITY_31703,376492.0,0.1088970962760451
2024,1,19805,EWR,77747.0,0.06290210355987055
2024,1,19805,JFK,154136.0,0.15517224022019044
2024,1,19805,LGA,144609.0,0.13333069024303215
2024,1,19805,NYC_CORE,376492.0,0.11360956887496375
2024,1,19930,CITY_31703,42092.0,0.012174751592201934
2024,1,19930,EWR,19358.0,0.01566181229773463
2024,1,19930,JFK,22734.0,0.022886838306208863
2024,1,19930,NYC_CORE,42092.0,0.012701608462025685
2024,1,19977,CITY_31703,801868.0,0.23193347214995202
2024,1,19977,EWR,746673.0,0.6041043689320388
2024,1,19977,LGA,55195.0,0.05089024506057133
2024,1,19977,NYC_CORE,801868.0,0.24197028827871359
2024,1,20253,CITY_31703,368.0,0.00010644085778604752
2024,1,20253,JFK,121.0,0.00012181347035503089
2024,1,20253,NYC_CORE,121.0,3.6512748833628907e-05
2024,1,20304,CITY_31703,25831.0,0.00747139618878096
2024,1,20304,JFK,10250.0,0.010318909678835262
2024,1,20304,LGA,11647.0,0.010738630024829682
2024,1,20304,NYC_CORE,21897.0,0.006607600505867539
2024,1,20363,CITY_31703,201585.0,0.0583067399913054
2024,1,20363,EWR,6488.0,0.005249190938511327
2024,1,20363,JFK,77564.0,0.0780854546662613
2024,1,20363,LGA,113219.0,0.10438885144510962
2024,1,20363,NYC_CORE,197271.0,0.05952815268726287
2024,1,20368,CITY_31703,9432.0,0.002728125463690218
2024,1,20368,EWR,4841.0,0.003916666666666666
2024,1,20368,NYC_CORE,4841.0,0.0014608117115999797
2024,1,20378,CITY_31703,6373.0,0.0018433358333436978
2024,1,20378,LGA,6373.0,0.00587595854282129
2024,1,20378,NYC_CORE,6373.0,0.0019231053579893968
2024,1,20397,CITY_31703,9750.0,0.002820104248407509
2024,1,20398,CITY_31703,11494.0,0.003324541357045734
2024,1,20398,EWR,5869.0,0.004748381877022654
2024,1,20398,NYC_CORE,5869.0,0.0017710191975584136
2024,1,20409,CITY_31703,521179.0,0.15074657559802843
2024,1,20409,EWR,63250.0,0.051173139158576054
2024,1,20409,JFK,304266.0,0.3063115485210234
2024,1,20409,LGA,106626.0,0.09831005108847683
2024,1,20409,NYC_CORE,474142.0,0.14307626245846675
2024,1,20416,CITY_31703,213786.0,0.06183577506154335
2024,1,20416,EWR,120102.0,0.09716990291262136
2024,1,20416,LGA,93684.0,0.0863774203868931
2024,1,20416,NYC_CORE,213786.0,0.06451169026567098
2024,1,20422,CITY_31703,855.0,0.0002473014494757354
2024,1,20422,EWR,508.0,0.0004110032362459547
2024,1,20422,JFK,347.0,0.00034933284473715473
2024,1,20422,NYC_CORE,855.0,0.00025800330787398935
2024,1,20436,CITY_31703,45260.0,0.013091068541838344
2024,1,20436,LGA,17231.0,0.01588712406266337
2024,1,20436,NYC_CORE,17231.0,0.00519959648886165
2024,1,20452,CITY_31703,298713.0,0.08640018465174894
2024,1,20452,EWR,86658.0,0.0701116504854369
2024,1,20452,JFK,60519.0,0.060925862912529875
2024,1,20452,LGA,151240.0,0.13944452691295967
2024,1,20452,NYC_CORE,298417.0,0.09004979312962841
2024,1,20500,CITY_31703,50274.0,0.01454132522917324
2024,1,20500,EWR,50228.0,0.04063754045307443
2024,1,20500,LGA,46.0,4.2412379251495266e-05
2024,1,20500,NYC_CORE,50274.0,0.015170594502990575
2024,1,22080,CITY_31703,5274.0,0.001525459467292431
2024,2,19393,CITY_31703,129187.0,0.03705137724822246
2024,2,19393,LGA,103947.0,0.09243274534510555
2024,2,19393,NYC_CORE,103947.0,0.031121586070061068
2024,2,19690,CITY_31703,5394.0,0.0015470219826833346
2024,2,19690,JFK,5394.0,0.005566339435254928
2024,2,19690,NYC_CORE,5394.0,0.0016149560378068573
2024,2,19790,CITY_31703,672655.0,0.19292029509860187
2024,2,19790,EWR,52717.0,0.042294698179828484
2024,2,19790,JFK,336321.0,0.3470665267342181
2024,2,19790,LGA,274181.0,0.24380985070724873
2024,2,19790,NYC_CORE,663219.0,0.19856683879092069
2024,2,19805,CITY_31703,371552.0,0.10656268292731894
2024,2,19805,EWR,74747.0,0.05996930411153214
2024,2,19805,JFK,144816.0,0.1494429016788798
2024,2,19805,LGA,151989.0,0.1351531119922388
2024,2,19805,NYC_CORE,371552.0,0.11124214789751825
2024,2,19821,CITY_31703,293.0,8.403363754657342e-05
2024,2,19821,JFK,293.0,0.0003023614116666099
2024,2,19821,NYC_CORE,293.0,8.772378922458457e-05
2024,2,19930,CITY_31703,53452.0,0.015330259365663627
2024,2,19930,EWR,24265.0,0.01946774003326324
2024,2,19930,JFK,29187.0,0.030119530792878307
2024,2,19930,NYC_CORE,53452.0,0.016003453862226943
2024,2,19977,CITY_31703,826752.0,0.2371159655594016
2024,2,19977,EWR,765480.0,0.6141424125556293
2024,2,19977,LGA,61272.0,0.054484873760525146
2024,2,19977,NYC_CORE,826752.0,0.24752838972356228
2024,2,20253,CITY_31703,383.0,0.00010984601768033317
2024,2,20253,JFK,112.0,0.00011557842357221949
2024,2,20253,NYC_CORE,112.0,3.353264298004598e-05
2024,2,20304,CITY_31703,37030.0,0.010620360403923597
2024,2,20304,JFK,14996.0,0.015475125356151816
2024,2,20304,LGA,18395.0,0.01635737780429658
2024,2,20304,NYC_CORE,33391.0,0.009997218587024244
2024,2,20363,CITY_31703,229273.0,0.06575646478230555
2024,2,20363,EWR,6949.0,0.005575162806146559
2024,2,20363,JFK,76526.0,0.0789710218061399
2024,2,20363,LGA,140774.0,0.12518040244751544
2024,2,20363,NYC_CORE,224249.0,0.06713983621100296
2024,2,20368,CITY_31703,8564.0,0.0024561913718390946
2024,2,20368,EWR,3776.0,0.0030294739899279616
2024,2,20368,NYC_CORE,3776.0,0.0011305291061844073
2024,2,20378,CITY_31703,7068.0,0.002027132253171266
2024,2,20378,LGA,7068.0,0.006285074548560382
2024,2,20378,NYC_CORE,7068.0,0.00211614929091933
2024,2,20397,CITY_31703,9961.0,0.0028568568723597878
2024,2,20398,CITY_31703,10367.0,0.0029732993871854152
2024,2,20398,EWR,4945.0,0.003967359343271655
2024,2,20398,NYC_CORE,4945.0,0.0014805260672886374
2024,2,20409,CITY_31703,515346.0,0.1478034094712506
2024,2,20409,EWR,52991.0,0.04251452759541118
2024,2,20409,JFK,300806.0,0.3104168150095094
2024,2,20409,LGA,111619.0,0.09925491454948518
2024,2,20409,NYC_CORE,465416.0,0.13934489790358107
2024,2,20416,CITY_31703,221887.0,0.06363812878599501
2024,2,20416,EWR,123743.0,0.09927865464397663
2024,2,20416,LGA,98144.0,0.0872725461932527
2024,2,20416,NYC_CORE,221887.0,0.06643265672244163
2024,2,20422,CITY_31703,131.0,3.7571353305805866e-05
2024,2,20422,EWR,131.0,0.00010510092496836944
2024,2,20422,NYC_CORE,131.0,3.922121634273235e-05
2024,2,20436,CITY_31703,41413.0,0.011877423316437697
2024,2,20436,LGA,16892.0,0.015020865771686752
2024,2,20436,NYC_CORE,16892.0,0.005057441118026221
2024,2,20452,CITY_31703,292422.0,0.08386786470526994
2024,2,20452,EWR,92300.0,0.07405202576015649
2024,2,20452,JFK,60588.0,0.06252379935172887
2024,2,20452,LGA,139534.0,0.12407775778987327
2024,2,20452,NYC_CORE,292422.0,0.08755073683491969
2024,2,20500,CITY_31703,45131.0,0.012943761420185683
2024,2,20500,EWR,44377.0,0.03560354005588802
2024,2,20500,LGA,754.0,0.0006704790902114499
2024,2,20500,NYC_CORE,45131.0,0.01351215812796835
2024,2,22080,CITY_31703,8438.0,0.0024200540396518313
2024,3,19393,CITY_31703,160939.0,0.03908700884405537
2024,3,19393,LGA,132451.0,0.0987807806643209
2024,3,19393,NYC_CORE,132451.0,0.03357194709232887
2024,3,19690,CITY_31703,7111.0,0.0017270376968297164
2024,3,19690,JFK,7111.0,0.006154179017287263
2024,3,19690,NYC_CORE,7111.0,0.0018024032719537839
2024,3,19790,CITY_31703,771230.0,0.18730745084038564
2024,3,19790,EWR,61864.0,0.042695597861907374
2024,3,19790,JFK,390752.0,0.33817434388454964
2024,3,19790,LGA,307362.0,0.22922785261377415
2024,3,19790,NYC_CORE,759978.0,0.1926292833374902
2024,3,19805,CITY_31703,436390.0,0.1059853720319955
2024,3,19805,EWR,84842.0,0.05855392334475536
2024,3,19805,JFK,164132.0,0.14204721002185247
2024,3,19805,LGA,187416.0,0.13977319000222246
2024,3,19805,NYC_CORE,436390.0,0.1106104294540728
2024,3,19930,CITY_31703,82643.0,0.02007137904360825
2024,3,19930,EWR,38175.0,0.026346573910162843
2024,3,19930,JFK,44468.0,0.03848460589800731
2024,3,19930,NYC_CORE,82643.0,0.020947266714115675
2024,3,19977,CITY_31703,955799.0,0.23213344165267136
2024,3,19977,EWR,882380.0,0.6089768143248065
2024,3,19977,LGA,73419.0,0.05475523880977702
2024,3,19977,NYC_CORE,955799.0,0.242263429184384
2024,3,20253,CITY_31703,476.0,0.00011560539216579173
2024,3,20253,JFK,192.0,0.00016616542980159676
2024,3,20253,NYC_CORE,192.0,4.866564874351378e-05
2024,3,20304,CITY_31703,36559.0,0.008879028428968866
2024,3,20304,JFK,7714.0,0.006676042320257903
2024,3,20304,LGA,22824.0,0.017021936700232238
2024,3,20304,NYC_CORE,30538.0,0.007740372819424083
2024,3,20363,CITY_31703,264774.0,0.06430525652375071
2024,3,20363,EWR,8115.0,0.005600588009979606
2024,3,20363,JFK,88413.0,0.07651658408879465
2024,3,20363,LGA,163927.0,0.12225530220202288
2024,3,20363,NYC_CORE,260455.0,0.06601672678902022
2024,3,20368,CITY_31703,13446.0,0.00326560946021268
2024,3,20368,EWR,7551.0,0.005211341967141837
2024,3,20368,NYC_CORE,7551.0,0.0019139287169910029
2024,3,20378,CITY_31703,7185.0,0.00174500996367902
2024,3,20378,LGA,7185.0,0.005358509253030522
2024,3,20378,NYC_CORE,7185.0,0.0018211598240736799
2024,3,20397,CITY_31703,11170.0,0.0027128408203611213
2024,3,20398,CITY_31703,12443.0,0.003022012383863333
2024,3,20398,EWR,6143.0,0.004239607165163859
2024,3,20398,NYC_CORE,6143.0,0.0015570472928719018
2024,3,20409,CITY_31703,620324.0,0.15065714136523653
2024,3,20409,EWR,60209.0,0.041553395378048315
2024,3,20409,JFK,372112.0,0.3220424500746446
2024,3,20409,LGA,130997.0,0.0976964003645427
2024,3,20409,NYC_CORE,563318.0,0.14278247874426403
2024,3,20416,CITY_31703,261953.0,0.06362012456723874
2024,3,20416,EWR,141603.0,0.0977276727020508
2024,3,20416,LGA,120350.0,0.08975596222717096
2024,3,20416,NYC_CORE,261953.0,0.06639642023598784
2024,3,20422,CITY_31703,557.0,0.00013527773831165126
2024,3,20422,EWR,557.0,0.0003844149749302083
2024,3,20422,NYC_CORE,557.0,0.0001411810747402978
2024,3,20436,CITY_31703,50015.0,0.01214706657389091
2024,3,20436,LGA,21379.0,0.01594426852060397
2024,3,20436,NYC_CORE,21379.0,0.005418869294206151
2024,3,20452,CITY_31703,363297.0,0.08823338688583117
2024,3,20452,EWR,108174.0,0.07465656283321428
2024,3,20452,JFK,80581.0,0.06973841926480452
2024,3,20452,LGA,173323.0,0.12926275563855383
2024,3,20452,NYC_CORE,362078.0,0.09177479565496865
2024,3,20500,CITY_31703,49567.0,0.012038261498911343
2024,3,20500,EWR,49342.0,0.034053507527839026
2024,3,20500,LGA,225.0,0.0001678030037483462
2024,3,20500,NYC_CORE,49567.0,0.012563594850363268
2024,3,22080,CITY_31703,11577.0,0.0028116882880322917
2024,4,19393,CITY_31703,155583.0,0.03852698892549958
2024,4,19393,LGA,125941.0,0.09595380478881417
2024,4,19393,NYC_CORE,125941.0,0.03252797489523539
2024,4,19690,CITY_31703,6785.0,0.0016801682694093485
2024,4,19690,JFK,6785.0,0.0059760938629875885
2024,4,19690,NYC_CORE,6785.0,0.0017524262127835424
2024,4,19790,CITY_31703,763061.0,0.18895665141101942
2024,4,19790,EWR,61622.0,0.04327688512052453
2024,4,19790,JFK,383754.0,0.33800293652128804
2024,4,19790,LGA,307494.0,0.23427810839783408
2024,4,19790,NYC_CORE,752870.0,0.1944508655590782
2024,4,19805,CITY_31703,415388.0,0.1028624520402963
2024,4,19805,EWR,82787.0,0.0581409803069174
2024,4,19805,JFK,150212.0,0.1323037599627254
2024,4,19805,LGA,182389.0,0.13896124774002927
2024,4,19805,NYC_CORE,415388.0,0.10728619302516287
2024,4,19930,CITY_31703,91391.0,0.022631136081000702
2024,4,19930,EWR,43741.0,0.030719130051878606
2024,4,19930,JFK,47650.0,0.04196917797661881
2024,4,19930,NYC_CORE,91391.0,0.023604419161753976
2024,4,19977,CITY_31703,933135.0,0.23107204393150957
2024,4,19977,EWR,852276.0,0.5985500396446102
2024,4,19977,LGA,80859.0,0.06160605919770944
2024,4,19977,NYC_CORE,933135.0,0.24100961445331923
2024,4,20253,CITY_31703,533.0,0.00013198668940238507
2024,4,20253,JFK,246.0,0.00021667193666837832
2024,4,20253,NYC_CORE,246.0,6.353674994027287e-05
2024,4,20304,CITY_31703,41845.0,0.010362069452237905
2024,4,20304,EWR,72.0,5.056531317837406e-05
2024,4,20304,JFK,12675.0,0.01116388941980364
2024,4,20304,LGA,23807.0,0.01813843173078901
2024,4,20304,NYC_CORE,36554.0,0.009441147793970466
2024,4,20363,CITY_31703,265668.0,0.06578731669822296
2024,4,20363,EWR,8013.0,0.005627497979143213
2024,4,20363,JFK,88098.0,0.07759497673419022
2024,4,20363,LGA,164744.0,0.1255176123433068
2024,4,20363,NYC_CORE,260855.0,0.06737349148646293
2024,4,20368,CITY_31703,12146.0,0.003007711687582306
2024,4,20368,EWR,6897.0,0.004843735624878415
2024,4,20368,NYC_CORE,6897.0,0.0017813535135693577
2024,4,20397,CITY_31703,11825.0,0.0029282225181673613
2024,4,20398,CITY_31703,12448.0,0.0030824958905832822
2024,4,20398,EWR,5797.0,0.004071210006875478
2024,4,20398,NYC_CORE,5797.0,0.0014972460951372432
2024,4,20409,CITY_31703,560997.0,0.13891958122827358
2024,4,20409,EWR,58055.0,0.040771795230145916
2024,4,20409,JFK,366735.0,0.32301293778080375
2024,4,20409,LGA,85360.0,0.06503534811358634
2024,4,20409,NYC_CORE,510150.0,0.13176127228467563
2024,4,20416,CITY_31703,259686.0,0.0643059951672566
2024,4,20416,EWR,138306.0,0.09713175283955837
2024,4,20416,LGA,121380.0,0.09247880217932415
2024,4,20416,NYC_CORE,259686.0,0.06707156278451099
2024,4,20422,CITY_31703,5038.0,0.0012475589891354896
2024,4,20422,EWR,1819.0,0.0012774764537703113
2024,4,20422,JFK,3219.0,0.0028352315615264626
2024,4,20422,NYC_CORE,5038.0,0.0013012119764190843
2024,4,20436,CITY_31703,63928.0,0.01583047857432584
2024,4,20436,LGA,34301.0,0.026133756743722175
2024,4,20436,NYC_CORE,34301.0,0.008859244145127235
2024,4,20445,CITY_31703,48.0,1.1886230940552502e-05
2024,4,20445,EWR,48.0,3.37102087855827e-05
2024,4,20445,NYC_CORE,48.0,1.2397414622492268e-05
2024,4,20452,CITY_31703,375983.0,0.09310459932753648
2024,4,20452,EWR,111836.0,0.07854197728634224
2024,4,20452,JFK,75983.0,0.06692432424338776
2024,4,20452,LGA,186242.0,0.14189682876488457
2024,4,20452,NYC_CORE,374061.0,0.09661227731466834
2024,4,20500,CITY_31703,52632.0,0.013033252226315819
2024,4,20500,EWR,52632.0,0.03696324393339143
2024,4,20500,NYC_CORE,52632.0,0.013593765133562771
2024,4,21080,CITY_31703,68.0,1.683882716578271e-05
2024,4,22080,CITY_31703,10098.0,0.0025005658341187326
2024,5,19393,CITY_31703,163221.0,0.038298318657328585
2024,5,19393,LGA,133942.0,0.09655286756437242
2024,5,19393,NYC_CORE,133942.0,0.03261447341219876
2024,5,19690,CITY_31703,7873.0,0.001847327628118612
2024,5,19690,JFK,7873.0,0.006486530130686322
2024,5,19690,NYC_CORE,7873.0,0.00191705177744278
2024,5,19790,CITY_31703,816562.0,0.19159882416763496
2024,5,19790,EWR,73448.0,0.048775401918263614
2024,5,19790,JFK,413131.0,0.340376816895792
2024,5,19790,LGA,323474.0,0.23317810905106542
2024,5,19790,NYC_CORE,810053.0,0.19724546468599724
2024,5,19805,CITY_31703,427061.0,0.10020596776222057
2024,5,19805,EWR,85225.0,0.05659628074942839
2024,5,19805,JFK,152617.0,0.12574047617870626
2024,5,19805,LGA,189219.0,0.1363996136212912
2024,5,19805,NYC_CORE,427061.0,0.10398806669966862
2024,5,19930,CITY_31703,100273.0,0.023528144703967684
2024,5,19930,EWR,47923.0,0.03182474112472698
2024,5,19930,JFK,52350.0,0.04313093513799428
2024,5,19930,NYC_CORE,100273.0,0.02441617336206273
2024,5,19977,CITY_31703,957151.0,0.22458675048664517
2024,5,19977,EWR,867968.0,0.5764008285071266
2024,5,19977,LGA,89183.0,0.06428808281191431
2024,5,19977,NYC_CORE,957151.0,0.23306338445714903
2024,5,20253,CITY_31703,593.0,0.00013914204032444263
2024,5,20253,JFK,251.0,0.00020679779789181592
2024,5,20253,NYC_CORE,251.0,6.11177436984806e-05
2024,5,20304,CITY_31703,47688.0,0.011189554163561585
2024,5,20304,JFK,15890.0,0.01309170122908747
2024,5,20304,LGA,27518.0,0.01983650990455869
2024,5,20304,NYC_CORE,43408.0,0.010569717205034447
2024,5,20363,CITY_31703,276791.0,0.06494648310867251
2024,5,20363,EWR,8516.0,0.005655311550157022
2024,5,20363,JFK,91329.0,0.07524556208630141
2024,5,20363,LGA,170969.0,0.12324399527118596
2024,5,20363,NYC_CORE,270814.0,0.06594239299585787
2024,5,20368,CITY_31703,12308.0,0.0028879599195838785
2024,5,20368,EWR,7868.0,0.005224987233047845
2024,5,20368,NYC_CORE,7868.0,0.0019158342925085473
2024,5,20378,CITY_31703,404.0,9.479491448747862e-05
2024,5,20378,LGA,404.0,0.0002912257432023298
2024,5,20378,NYC_CORE,404.0,9.837278268600065e-05
2024,5,20397,CITY_31703,12939.0,0.003036018313251203
2024,5,20398,CITY_31703,11948.0,0.002803489203703947
2024,5,20398,EWR,6570.0,0.004363010437356932
2024,5,20398,NYC_CORE,6570.0,0.0015997752035817434
2024,5,20409,CITY_31703,610999.0,0.14336534147756178
2024,5,20409,EWR,74568.0,0.04951917234289676
2024,5,20409,JFK,397218.0,0.32726616606769454
2024,5,20409,LGA,89789.0,0.0647249214267178
2024,5,20409,NYC_CORE,561575.0,0.1367418203883436
2024,5,20416,CITY_31703,274592.0,0.0644305078191726
2024,5,20416,EWR,152612.0,0.1013466893251014
2024,5,20416,LGA,121980.0,0.08792999048470344
2024,5,20416,NYC_CORE,274592.0,0.06686232461216408
2024,5,20422,CITY_31703,6091.0,0.0014291975845129512
2024,5,20422,EWR,3230.0,0.002144980778183088
2024,5,20422,JFK,2861.0,0.0023571653377230492
2024,5,20422,NYC_CORE,6091.0,0.0014831401468822524
2024,5,20436,CITY_31703,62060.0,0.014561812854190405
2024,5,20436,LGA,36544.0,0.026342954355410744
2024,5,20436,NYC_CORE,36544.0,0.008898353887319821
2024,5,20452,CITY_31703,412255.0,0.09673187493078095
2024,5,20452,EWR,127384.0,0.0845932605102398
2024,5,20452,JFK,80226.0,0.0660978491381228
2024,5,20452,LGA,204218.0,0.1472117297655777
2024,5,20452,NYC_CORE,411828.0,0.10027887709903534
2024,5,20500,CITY_31703,50529.0,0.011856168896380711
2024,5,20500,EWR,50529.0,0.033555335523471605
2024,5,20500,NYC_CORE,50529.0,0.012303659248368631
2024,5,21080,CITY_31703,327.0,7.672756692427106e-05
2024,5,22080,CITY_31703,10167.0,0.0023855938009757307
2024,6,19393,CITY_31703,173802.0,0.04177861387461897
2024,6,19393,LGA,147466.0,0.10742237581295601
2024,6,19393,NYC_CORE,147466.0,0.03680935347872428
2024,6,19690,CITY_31703,7701.0,0.0018511703285833342
2024,6,19690,JFK,7701.0,0.0063956057097868295
2024,6,19690,NYC_CORE,7701.0,0.0019222656825278754
2024,6,19790,CITY_31703,800000.0,0.19230441018915304
2024,6,19790,EWR,74831.0,0.052353753566346285
2024,6,19790,JFK,409858.0,0.34038308856016236
2024,6,19790,LGA,309479.0,0.2254415895475419
2024,6,19790,NYC_CORE,794168.0,0.19823424134031917
2024,6,19805,CITY_31703,399094.0,0.0959344203500373
2024,6,19805,EWR,91476.0,0.06399903731388185
2024,6,19805,JFK,136448.0,0.11331873885066789
2024,6,19805,LGA,171170.0,0.12468967808107415
2024,6,19805,NYC_CORE,399094.0,0.09961884174818594
2024,6,19821,CITY_31703,253.0,6.081626972231964e-05
2024,6,19821,JFK,253.0,0.00021011404292638203
2024,6,19821,NYC_CORE,253.0,6.315195658739807e-05
2024,6,19930,CITY_31703,100367.0,0.0241262709218184
2024,6,19930,EWR,45818.0,0.03205548878008919
2024,6,19930,JFK,54549.0,0.045302414733562106
2024,6,19930,NYC_CORE,100367.0,0.025052855441926408
2024,6,19977,CITY_31703,903521.0,0.21718884124814217
2024,6,19977,EWR,809042.0,0.5660272546514671
2024,6,19977,LGA,94479.0,0.06882371966712511
2024,6,19977,NYC_CORE,903521.0,0.22553011449724303
2024,6,20253,CITY_31703,418.0,0.00010047905432383246
2024,6,20253,JFK,123.0,0.00010215030545432801
2024,6,20253,NYC_CORE,123.0,3.070233462549392e-05
2024,6,20304,CITY_31703,47305.0,0.011371200154997355
2024,6,20304,JFK,17689.0,0.014690542708793563
2024,6,20304,LGA,24339.0,0.017729871325671928
2024,6,20304,NYC_CORE,42028.0,0.010490713167806979
2024,6,20363,CITY_31703,278994.0,0.0670647207703907
2024,6,20363,EWR,7686.0,0.005377329581469412
2024,6,20363,JFK,89801.0,0.07457885837483016
2024,6,20363,LGA,175569.0,0.12789415254434836
2024,6,20363,NYC_CORE,273056.0,0.06815818441868998
2024,6,20368,CITY_31703,16820.0,0.004043200224226942
2024,6,20368,EWR,11443.0,0.008005826489819734
2024,6,20368,NYC_CORE,11443.0,0.0028563155700774548
2024,6,20378,CITY_31703,1334.0,0.00032066760399041265
2024,6,20378,LGA,1334.0,0.0009717592484673303
2024,6,20378,NYC_CORE,1334.0,0.0003329830438244625
2024,6,20397,CITY_31703,13202.0,0.0031735035291464977
2024,6,20398,CITY_31703,7582.0,0.0018225650475676978
2024,6,20398,EWR,2286.0,0.0015993462689616283
2024,6,20398,NYC_CORE,2286.0,0.0005706141215762529
2024,6,20409,CITY_31703,606069.0,0.14568717697366224
2024,6,20409,EWR,71751.0,0.05019890382513814
2024,6,20409,JFK,395564.0,0.32851206037996594
2024,6,20409,LGA,89468.0,0.06517343061609827
2024,6,20409,NYC_CORE,556783.0,0.13897998357549904
2024,6,20416,CITY_31703,256960.0,0.06176817655275595
2024,6,20416,EWR,142009.0,0.09935326522702181
2024,6,20416,LGA,114951.0,0.08373665470057577
2024,6,20416,NYC_CORE,256960.0,0.064140421994853
2024,6,20422,CITY_31703,9090.0,0.002185058860774251
2024,6,20422,EWR,4474.0,0.003130129137066634
2024,6,20422,JFK,4616.0,0.0038335431705461636
2024,6,20422,NYC_CORE,9090.0,0.00226897741256699
2024,6,20436,CITY_31703,70422.0,0.016928076467925667
2024,6,20436,EWR,733.0,0.000512826253345964
2024,6,20436,JFK,8263.0,0.006862341251781401
2024,6,20436,LGA,37448.0,0.027279190657124874
2024,6,20436,NYC_CORE,46444.0,0.0115930018646052
2024,6,20452,CITY_31703,409469.0,0.09842836816967787
2024,6,20452,EWR,123161.0,0.08616670421329095
2024,6,20452,JFK,79243.0,0.06581054191152289
2024,6,20452,LGA,207065.0,0.1508375777990163
2024,6,20452,NYC_CORE,409469.0,0.10220857119322252
2024,6,20500,CITY_31703,44624.0,0.010726740000350956
2024,6,20500,EWR,44624.0,0.031220134692101355
2024,6,20500,NYC_CORE,44624.0,0.011138707157138543
2024,6,21080,CITY_31703,757.0,0.00018196804814148604
2024,6,22080,CITY_31703,12287.0,0.002953555359992654
2024,7,19393,CITY_31703,194817.0,0.04378632340705186
2024,7,19393,LGA,161808.0,0.11051485217491082
2024,7,19393,NYC_CORE,161808.0,0.03790962866332291
2024,7,19690,CITY_31703,8063.0,0.0018122090250391862
2024,7,19690,JFK,8063.0,0.006249641515664021
2024,7,19690,NYC_CORE,8063.0,0.0018890619494238397
2024,7,19790,CITY_31703,810073.0,0.1820689075456491
2024,7,19790,EWR,71419.0,0.04717323228353478
2024,7,19790,JFK,416169.0,0.3225731191780206
2024,7,19790,LGA,316716.0,0.21631700485408048
2024,7,19790,NYC_CORE,804304.0,0.18843855663765247
2024,7,19805,CITY_31703,441681.0,0.09927053136404972
2024,7,19805,EWR,101034.0,0.06673434731002469
2024,7,19805,JFK,149960.0,0.11623418599640042
2024,7,19805,LGA,190687.0,0.13023920706440484
2024,7,19805,NYC_CORE,441681.0,0.10348043791187783
2024,7,19930,CITY_31703,104439.0,0.023473309979668556
2024,7,19930,EWR,46483.0,0.03070266114389094
2024,7,19930,JFK,57956.0,0.044921769029123655
2024,7,19930,NYC_CORE,104439.0,0.02446877600593779
2024,7,19977,CITY_31703,964229.0,0.21671642019155518
2024,7,19977,EWR,863507.0,0.5703582560587276
2024,7,19977,LGA,100722.0,0.0687931186391363
2024,7,19977,NYC_CORE,964229.0,0.22590702150948772
2024,7,20253,CITY_31703,636.0,0.0001429449261968154
2024,7,20253,JFK,167.0,0.00012944191158574867
2024,7,20253,NYC_CORE,167.0,3.912605054617155e-05
2024,7,20304,CITY_31703,46900.0,0.010541064526148808
2024,7,20304,JFK,20464.0,0.015861672327489588
2024,7,20304,LGA,20522.0,0.01401652450023188
2024,7,20304,NYC_CORE,40986.0,0.009602516812487348
2024,7,20363,CITY_31703,281704.0,0.06331471303356553
2024,7,20363,EWR,7321.0,0.0048356212429151646
2024,7,20363,JFK,95065.0,0.07368500194550417
2024,7,20363,LGA,174823.0,0.1194040962237617
2024,7,20363,NYC_CORE,277209.0,0.06494666674163874
2024,7,20368,CITY_31703,18874.0,0.004242048014211782
2024,7,20368,EWR,11433.0,0.007551653827380013
2024,7,20368,NYC_CORE,11433.0,0.002678611592181912
2024,7,20378,CITY_31703,1261.0,0.000283417534487711
2024,7,20378,LGA,1261.0,0.0008612629078448688
2024,7,20378,NYC_CORE,1261.0,0.00029543682478276844
2024,7,20397,CITY_31703,13553.0,0.0030461204162664135
2024,7,20398,CITY_31703,7289.0,0.001638247746931741
2024,7,20398,EWR,1673.0,0.0011050395218408782
2024,7,20398,NYC_CORE,1673.0,0.00039196336864517965
2024,7,20409,CITY_31703,676379.0,0.1520203557171003
2024,7,20409,EWR,73309.0,0.04842160329147217
2024,7,20409,JFK,440195.0,0.3411957022184948
2024,7,20409,LGA,101845.0,0.06956012755706635
2024,7,20409,NYC_CORE,615349.0,0.14416871902716238
2024,7,20416,CITY_31703,274567.0,0.06171062822497014
2024,7,20416,EWR,148075.0,0.09780557513244952
2024,7,20416,LGA,126492.0,0.08639402675583914
2024,7,20416,NYC_CORE,274567.0,0.06432767856473463
2024,7,20422,CITY_31703,10436.0,0.0023455554241980587
2024,7,20422,EWR,5473.0,0.0036149918129319346
2024,7,20422,JFK,4963.0,0.0038468275880243754
2024,7,20422,NYC_CORE,10436.0,0.0024450267275439898
2024,7,20436,CITY_31703,84538.0,0.019000437375513175
2024,7,20436,EWR,8187.0,0.0054076261597796
2024,7,20436,JFK,11409.0,0.008843130354980877
2024,7,20436,LGA,37648.0,0.025713581248646807
2024,7,20436,NYC_CORE,57244.0,0.01341156669140745
2024,7,20452,CITY_31703,447607.0,0.10060243644682067
2024,7,20452,EWR,130259.0,0.08603786196979735
2024,7,20452,JFK,85743.0,0.06645950793471167
2024,7,20452,LGA,231605.0,0.1581861980740768
2024,7,20452,NYC_CORE,447607.0,0.10486882698694736
2024,7,20500,CITY_31703,45800.0,0.010293832735556832
2024,7,20500,EWR,45800.0,0.030251530245255363
2024,7,20500,NYC_CORE,45800.0,0.010730377934219503
2024,7,21080,CITY_31703,1443.0,0.0003243231580220198
2024,7,22080,CITY_31703,14977.0,0.00336617320699639
2024,8,19393,CITY_31703,177596.0,0.04211913342674378
2024,8,19393,LGA,145085.0,0.10401268067888375
2024,8,19393,NYC_CORE,145085.0,0.035928963744645694
2024,8,19690,CITY_31703,7784.0,0.0018460738676196178
2024,8,19690,JFK,7784.0,0.006350014357689195
2024,8,19690,NYC_CORE,7784.0,0.0019276358947397877
2024,8,19790,CITY_31703,811040.0,0.19234837481940067
2024,8,19790,EWR,77848.0,0.05492290488604175
2024,8,19790,JFK,408472.0,0.3332223875531887
2024,8,19790,LGA,318391.0,0.22825723826743272
2024,8,19790,NYC_CORE,804711.0,0.19927926625025041
2024,8,19805,CITY_31703,418494.0,0.09925113529748257
2024,8,19805,EWR,94309.0,0.06653638162698734
2024,8,19805,JFK,144559.0,0.11792802229357559
2024,8,19805,LGA,179626.0,0.1287754197858164
2024,8,19805,NYC_CORE,418494.0,0.10363618398422825
2024,8,19821,CITY_31703,344.0,8.15839427622236e-05
2024,8,19821,JFK,344.0,0.00028062756154227685
2024,8,19821,NYC_CORE,344.0,8.518843111388579e-05
2024,8,19930,CITY_31703,102399.0,0.024285215566595738
2024,8,19930,EWR,47311.0,0.03337860385704862
2024,8,19930,JFK,55088.0,0.04493956718093299
2024,8,19930,NYC_CORE,102399.0,0.025358169062880204
2024,8,19977,CITY_31703,896958.0,0.21272491317476325
2024,8,19977,EWR,796169.0,0.5617088975980754
2024,8,19977,LGA,100789.0,0.07225649841778277
2024,8,19977,NYC_CORE,896958.0,0.2221233860321185
2024,8,20253,CITY_31703,734.0,0.00017407736624265152
2024,8,20253,JFK,144.0,0.00011747200250606938
2024,8,20253,NYC_CORE,144.0,3.5660273489533585e-05
2024,8,20304,CITY_31703,43536.0,0.01032511201190746
2024,8,20304,JFK,18958.0,0.015465515441042106
2024,8,20304,LGA,19131.0,0.0137151779582157
2024,8,20304,NYC_CORE,38089.0,0.009432389978769756
2024,8,20363,CITY_31703,272316.0,0.06458317720127232
2024,8,20363,EWR,7960.0,0.005615896656213292
2024,8,20363,JFK,90284.0,0.07365168246012478
2024,8,20363,LGA,168630.0,0.12089229308943147
2024,8,20363,NYC_CORE,266874.0,0.06608888768920684
2024,8,20368,CITY_31703,15790.0,0.0037447978378357867
2024,8,20368,EWR,9822.0,0.006929564944387808
2024,8,20368,NYC_CORE,9822.0,0.0024323278209319368
2024,8,20378,CITY_31703,1687.0,0.0004000933472089279
2024,8,20378,LGA,1687.0,0.0012094247668971766
2024,8,20378,NYC_CORE,1687.0,0.00041777000956141083
2024,8,20397,CITY_31703,13087.0,0.0031037472643291285
2024,8,20398,CITY_31703,7146.0,0.0016947641133106099
2024,8,20398,EWR,1849.0,0.0013044965976555748
2024,8,20398,NYC_CORE,1849.0,0.0004578878172371361
2024,8,20409,CITY_31703,627771.0,0.1488838178249531
2024,8,20409,EWR,70178.0,0.049511607479866375
2024,8,20409,JFK,405171.0,0.33052950505129614
2024,8,20409,LGA,91914.0,0.06589393481006942
2024,8,20409,NYC_CORE,567263.0,0.14047745639231451
2024,8,20416,CITY_31703,262678.0,0.06229740382818422
2024,8,20416,EWR,140007.0,0.09877699034503194
2024,8,20416,LGA,122671.0,0.08794389186724574
2024,8,20416,NYC_CORE,262678.0,0.06504978694224794
2024,8,20422,CITY_31703,7797.0,0.001849156981735632
2024,8,20422,EWR,4424.0,0.0031211968350612564
2024,8,20422,JFK,3373.0,0.0027516185031456392
2024,8,20422,NYC_CORE,7797.0,0.0019308552249853706
2024,8,20436,CITY_31703,91086.0,0.021602194797790405
2024,8,20436,EWR,9543.0,0.0067327263555582205
2024,8,20436,JFK,18533.0,0.015118809878090167
2024,8,20436,LGA,37512.0,0.02689267448479365
2024,8,20436,NYC_CORE,65588.0,0.01624226401133006
2024,8,20452,CITY_31703,400571.0,0.09500046958199614
2024,8,20452,EWR,118015.0,0.08326131204560447
2024,8,20452,JFK,73114.0,0.05964477771686637
2024,8,20452,LGA,209442.0,0.15015076587343124
2024,8,20452,NYC_CORE,400571.0,0.09919771813872193
2024,8,20500,CITY_31703,39970.0,0.009479390093622317
2024,8,20500,EWR,39970.0,0.028199420772467995
2024,8,20500,NYC_CORE,39970.0,0.009898202301226788
2024,8,21080,CITY_31703,1625.0,0.000385389264501783
2024,8,22080,CITY_31703,16107.0,0.003819978389741673
2024,9,19393,CITY_31703,155381.0,0.040664711171967335
2024,9,19393,LGA,129433.0,0.10182066196449614
2024,9,19393,NYC_CORE,129433.0,0.035053381843077804
2024,9,19690,CITY_31703,6065.0,0.001587269185151221
2024,9,19690,JFK,6065.0,0.005424686302868331
2024,9,19690,NYC_CORE,6065.0,0.00164253908105558
2024,9,19790,CITY_31703,750507.0,0.19641494383186933
2024,9,19790,EWR,69702.0,0.05348399477912972
2024,9,19790,JFK,374062.0,0.33457032280684806
2024,9,19790,LGA,301354.0,0.23706522884927933
2024,9,19790,NYC_CORE,745118.0,0.2017947955478931
2024,9,19805,CITY_31703,387291.0,0.10135780214120388
2024,9,19805,EWR,87098.0,0.0668323574255063
2024,9,19805,JFK,139178.0,0.12448425231007561
2024,9,19805,LGA,161015.0,0.12666517724392812
2024,9,19805,NYC_CORE,387291.0,0.10488715634642977
2024,9,19930,CITY_31703,91288.0,0.023890952905867218
2024,9,19930,EWR,45867.0,0.03519483499088036
2024,9,19930,JFK,45421.0,0.04062566802350906
2024,9,19930,NYC_CORE,91288.0,0.024722853690255855
2024,9,19977,CITY_31703,827435.0,0.21654774578987643
2024,9,19977,EWR,736375.0,0.5650379710120462
2024,9,19977,LGA,91060.0,0.07163389149974905
2024,9,19977,NYC_CORE,827435.0,0.22408809967571702
2024,9,20253,CITY_31703,474.0,0.00012405038644050764
2024,9,20253,JFK,130.0,0.0001162752216608216
2024,9,20253,NYC_CORE,130.0,3.520693825840484e-05
2024,9,20304,CITY_31703,41638.0,0.010897067490738094
2024,9,20304,JFK,17804.0,0.015924338818840523
2024,9,20304,LGA,18552.0,0.014594245059338287
2024,9,20304,NYC_CORE,36356.0,0.009846026517865897
2024,9,20363,CITY_31703,239278.0,0.06262136786226115
2024,9,20363,EWR,8299.0,0.00636801917695328
2024,9,20363,JFK,80821.0,0.07228830530653278
2024,9,20363,LGA,146059.0,0.11489978649859266
2024,9,20363,NYC_CORE,235179.0,0.06369178871287225
2024,9,20368,CITY_31703,10396.0,0.0027207337920580536
2024,9,20368,EWR,7551.0,0.005794061068221981
2024,9,20368,NYC_CORE,7551.0,0.002044981467609346
2024,9,20378,CITY_31703,2577.0,0.0006744258351417472
2024,9,20378,LGA,2577.0,0.002027240702776777
2024,9,20378,NYC_CORE,2577.0,0.0006979098453223791
2024,9,20397,CITY_31703,12098.0,0.003166163660669328
2024,9,20398,CITY_31703,5077.0,0.0013287000252288127
2024,9,20398,EWR,131.0,0.00010051940139545483
2024,9,20398,NYC_CORE,131.0,3.547776086039257e-05
2024,9,20409,CITY_31703,528803.0,0.13839286181624422
2024,9,20409,EWR,51015.0,0.0391450172686193
2024,9,20409,JFK,352416.0,0.31520960397553927
2024,9,20409,LGA,81597.0,0.06418966225241625
2024,9,20409,NYC_CORE,485028.0,0.1313565449969045
2024,9,20416,CITY_31703,214694.0,0.056187497186620985
2024,9,20416,EWR,117411.0,0.09009223997894464
2024,9,20416,LGA,97283.0,0.07652931986349755
2024,9,20416,NYC_CORE,214694.0,0.05814398771115361
2024,9,20422,CITY_31703,5704.0,0.0014927919921026488
2024,9,20422,EWR,2639.0,0.0020249671777298117
2024,9,20422,JFK,3065.0,0.002741411956849371
2024,9,20422,NYC_CORE,5704.0,0.0015447721217380095
2024,9,20436,CITY_31703,73157.0,0.019145894769679782
2024,9,20436,EWR,6641.0,0.005095796524177218
2024,9,20436,JFK,17879.0,0.015991420677490997
2024,9,20436,LGA,35826.0,0.028183129770151652
2024,9,20436,NYC_CORE,60346.0,0.016343060739551527
2024,9,20452,CITY_31703,410771.0,0.1075027453345016
2024,9,20452,EWR,123145.0,0.09449207393010142
2024,9,20452,JFK,81196.0,0.07262371459978516
2024,9,20452,LGA,206430.0,0.16239165629577418
2024,9,20452,NYC_CORE,410771.0,0.11124607104110167
2024,9,20500,CITY_31703,47357.0,0.012393785127981265
2024,9,20500,EWR,47357.0,0.03633814726629431
2024,9,20500,NYC_CORE,47357.0,0.01282534596233291
2024,9,21080,CITY_31703,527.0,0.00013792099927035343
2024,9,22080,CITY_31703,10510.0,0.0027505686951260237
2024,10,19393,CITY_31703,167590.0,0.0395238273799964
2024,10,19393,LGA,142378.0,0.10196849660601563
2024,10,19393,NYC_CORE,142378.0,0.0348216849353865
2024,10,19690,CITY_31703,6805.0,0.001604866909248019
2024,10,19690,JFK,6805.0,0.0055289961520461756
2024,10,19690,NYC_CORE,6805.0,0.001664313067926963
2024,10,19790,CITY_31703,828724.0,0.19544330999260182
2024,10,19790,EWR,76591.0,0.052398720390560004
2024,10,19790,JFK,409200.0,0.33247101034787585
2024,10,19790,LGA,336874.0,0.24126294319104716
2024,10,19790,NYC_CORE,822665.0,0.20120089787305437
2024,10,19805,CITY_31703,424678.0,0.10015454361287733
2024,10,19805,EWR,94089.0,0.06436974582950217
2024,10,19805,JFK,159282.0,0.12941507201913577
2024,10,19805,LGA,171307.0,0.122686912641607
2024,10,19805,NYC_CORE,424678.0,0.10386438575475192
2024,10,19930,CITY_31703,89558.0,0.021121039038711844
2024,10,19930,EWR,46415.0,0.031754208809492535
2024,10,19930,JFK,43143.0,0.03505326686079767
2024,10,19930,NYC_CORE,89558.0,0.02190338717669404
2024,10,19977,CITY_31703,931537.0,0.21969036091699806
2024,10,19977,EWR,829440.0,0.5674504137659268
2024,10,19977,LGA,102097.0,0.07311998762438283
2024,10,19977,NYC_CORE,931537.0,0.22782795038317108
2024,10,20253,CITY_31703,644.0,0.00015187866121318505
2024,10,20253,JFK,315.0,0.0002559344287868546
2024,10,20253,NYC_CORE,315.0,7.70402081406309e-05
2024,10,20304,CITY_31703,47836.0,0.01128147148725764
2024,10,20304,JFK,17950.0,0.014584199989600125
2024,10,20304,LGA,22746.0,0.016290265517147535
2024,10,20304,NYC_CORE,40696.0,0.009953105747590842
2024,10,20363,CITY_31703,256452.0,0.060480724263111386
2024,10,20363,EWR,9243.0,0.006323476290555629
2024,10,20363,JFK,89157.0,0.07243919322968125
2024,10,20363,LGA,153906.0,0.1102246375047089
2024,10,20363,NYC_CORE,252306.0,0.06170700557184134
2024,10,20368,CITY_31703,12880.0,0.003037573224263701
2024,10,20368,EWR,8144.0,0.005571609965410044
2024,10,20368,NYC_CORE,8144.0,0.001991795095546978
2024,10,20378,CITY_31703,102.0,2.405531590643614e-05
2024,10,20378,LGA,102.0,7.30505180141145e-05
2024,10,20378,NYC_CORE,102.0,2.4946353112204293e-05
2024,10,20397,CITY_31703,13608.0,0.0032092621456351277
2024,10,20398,CITY_31703,4794.0,0.0011305998476024985
2024,10,20409,CITY_31703,582900.0,0.1374690553123689
2024,10,20409,EWR,53383.0,0.03652127391742195
2024,10,20409,JFK,387575.0,0.3149009086890957
2024,10,20409,LGA,84077.0,0.06021439610855593
2024,10,20409,NYC_CORE,525035.0,0.12840890692417825
2024,10,20416,CITY_31703,257796.0,0.06079768842564325
2024,10,20416,EWR,143458.0,0.09814489469766627
2024,10,20416,LGA,114338.0,0.08188676596762573
2024,10,20416,NYC_CORE,257796.0,0.06304970634229233
2024,10,20422,CITY_31703,6322.0,0.0014909579133381302
2024,10,20422,EWR,2724.0,0.0018635885984500198
2024,10,20422,JFK,3598.0,0.002923339919920961
2024,10,20422,NYC_CORE,6322.0,0.0015461847487779955
2024,10,20436,CITY_31703,84579.0,0.01994680945147512
2024,10,20436,EWR,7767.0,0.005313690398003415
2024,10,20436,JFK,23773.0,0.019315330716031406
2024,10,20436,LGA,41261.0,0.029550366899807633
2024,10,20436,NYC_CORE,72801.0,0.017805092675701812
2024,10,20452,CITY_31703,460788.0,0.10867059711661664
2024,10,20452,EWR,143594.0,0.09823793730023206
2024,10,20452,JFK,89986.0,0.07311274764702824
2024,10,20452,LGA,227208.0,0.16272217742108755
2024,10,20452,NYC_CORE,460788.0,0.1126958839006509
2024,10,20500,CITY_31703,46848.0,0.011048465093967846
2024,10,20500,EWR,46848.0,0.03205044003677919
2024,10,20500,NYC_CORE,46848.0,0.011457713241181831
2024,10,21080,CITY_31703,335.0,7.900520420251085e-05
2024,10,22080,CITY_31703,15451.0,0.0036439086869641648
2024,11,19393,CITY_31703,161119.0,0.04053256172059176
2024,11,19393,LGA,136075.0,0.10454890499283927
2024,11,19393,NYC_CORE,136075.0,0.03563289334380433
2024,11,19690,CITY_31703,5978.0,0.0015038800760040563
2024,11,19690,JFK,5978.0,0.00529449639844938
2024,11,19690,NYC_CORE,5978.0,0.0015654119890447346
2024,11,19790,CITY_31703,777901.0,0.1956958539651441
2024,11,19790,EWR,70181.0,0.050556779396064726
2024,11,19790,JFK,375738.0,0.3327774318769778
2024,11,19790,LGA,326657.0,0.2509765324875686
2024,11,19790,NYC_CORE,772576.0,0.20230841968019822
2024,11,19805,CITY_31703,404157.0,0.10167341249206614
2024,11,19805,EWR,76140.0,0.054849506037479775
2024,11,19805,JFK,140332.0,0.12428693017517538
2024,11,19805,LGA,187685.0,0.14420180954312725
2024,11,19805,NYC_CORE,404157.0,0.10583342476687066
2024,11,19930,CITY_31703,90121.0,0.022671658803874464
2024,11,19930,EWR,44618.0,0.03214178172288249
2024,11,19930,JFK,45503.0,0.04030034620586185
2024,11,19930,NYC_CORE,90121.0,0.023599279669571854
2024,11,19977,CITY_31703,901441.0,0.22677470050069798
2024,11,19977,EWR,815153.0,0.5872174861435481
2024,11,19977,LGA,86288.0,0.06629664460056671
2024,11,19977,NYC_CORE,901441.0,0.2360532868545458
2024,11,20253,CITY_31703,690.0,0.00017358267856185997
2024,11,20253,JFK,382.0,0.000338323456709211
2024,11,20253,NYC_CORE,382.0,0.00010003134490048322
2024,11,20304,CITY_31703,39132.0,0.009844401996351745
2024,11,20304,JFK,13146.0,0.0116429323609929
2024,11,20304,LGA,21292.0,0.01635903204194403
2024,11,20304,NYC_CORE,34438.0,0.00901800904629016
2024,11,20363,CITY_31703,218948.0,0.055080551167771184
2024,11,20363,EWR,8291.0,0.0059726458439288786
2024,11,20363,JFK,71594.0,0.06340819256450066
2024,11,20363,LGA,133785.0,0.10278945621507994
2024,11,20363,NYC_CORE,213670.0,0.055952087604414266
2024,11,20368,CITY_31703,12875.0,0.0032389521543245607
2024,11,20368,EWR,8063.0,0.005808399884163376
2024,11,20368,NYC_CORE,8063.0,0.002111394591446587
2024,11,20397,CITY_31703,10566.0,0.0026580791038907426
2024,11,20398,CITY_31703,10899.0,0.0027418516139792923
2024,11,20398,EWR,5043.0,0.003632861294286978
2024,11,20398,NYC_CORE,5043.0,0.0013205708699820335
2024,11,20409,CITY_31703,526083.0,0.1323462265012449
2024,11,20409,EWR,58791.0,0.042351685177954734
2024,11,20409,JFK,356588.0,0.3158169758665553
2024,11,20409,LGA,47654.0,0.03661343757875262
2024,11,20409,NYC_CORE,463033.0,0.1212508212651975
2024,11,20416,CITY_31703,231331.0,0.05819573132520815
2024,11,20416,EWR,126543.0,0.09115866880090365
2024,11,20416,LGA,104788.0,0.08051053210648276
2024,11,20416,NYC_CORE,231331.0,0.06057683520202534
2024,11,20422,CITY_31703,6243.0,0.0015705458873357852
2024,11,20422,EWR,3252.0,0.002342666057707962
2024,11,20422,JFK,2991.0,0.0026490195262231678
2024,11,20422,NYC_CORE,6243.0,0.0016348054612924522
2024,11,20436,CITY_31703,97399.0,0.024502578709053043
2024,11,20436,EWR,12485.0,0.008993907051194313
2024,11,20436,JFK,32476.0,0.028762807801278368
2024,11,20436,LGA,40579.0,0.031177586005544183
2024,11,20436,NYC_CORE,85540.0,0.02239968911724433
2024,11,20452,CITY_31703,417665.0,0.10507160788628875
2024,11,20452,EWR,116555.0,0.0839635431599482
2024,11,20452,JFK,84369.0,0.07472254376727597
2024,11,20452,LGA,216741.0,0.16652606442809464
2024,11,20452,NYC_CORE,417665.0,0.10937065881638827
2024,11,20500,CITY_31703,42576.0,0.010710805974564854
2024,11,20500,EWR,42576.0,0.030670771855158114
2024,11,20500,NYC_CORE,42576.0,0.011149043299693647
2024,11,21080,CITY_31703,204.0,5.1320096270462945e-05
2024,11,22080,CITY_31703,19723.0,0.00496169734677618
2024,11,22080,EWR,471.0,0.0003392975747787362
2024,11,22080,NYC_CORE,471.0,0.00012333707708933925
2024,12,19393,CITY_31703,186055.0,0.04275892817129771
2024,12,19393,LGA,157353.0,0.11339163144639132
2024,12,19393,NYC_CORE,157353.0,0.037819685618290196
2024,12,19690,CITY_31703,7471.0,0.0017169759069509832
2024,12,19690,JFK,7471.0,0.005978005165841433
2024,12,19690,NYC_CORE,7471.0,0.0017956497254850308
2024,12,19790,CITY_31703,848367.0,0.19497064639971687
2024,12,19790,EWR,69400.0,0.04556293199436963
2024,12,19790,JFK,419080.0,0.3353316028511348
2024,12,19790,LGA,354028.0,0.25511946068840774
2024,12,19790,NYC_CORE,842508.0,0.20249621990616282
2024,12,19805,CITY_31703,449943.0,0.10340533937909867
2024,12,19805,EWR,84195.0,0.05527624004705981
2024,12,19805,JFK,150236.0,0.12021303494784548
2024,12,19805,LGA,215512.0,0.15530213771758203
2024,12,19805,NYC_CORE,449943.0,0.108143491424697
2024,12,19930,CITY_31703,99036.0,0.022760330065693692
2024,12,19930,EWR,45056.0,0.029580453370869137
2024,12,19930,JFK,53980.0,0.04319270764986221
2024,12,19930,NYC_CORE,99036.0,0.02380323466913874
2024,12,19977,CITY_31703,986174.0,0.22664127935503664
2024,12,19977,EWR,897697.0,0.5893617775583521
2024,12,19977,LGA,88477.0,0.0637582465887677
2024,12,19977,NYC_CORE,986174.0,0.23702624446265225
2024,12,20253,CITY_31703,605.0,0.00013904034583126016
2024,12,20253,JFK,341.0,0.000272855007569526
2024,12,20253,NYC_CORE,341.0,8.195911610097652e-05
2024,12,20304,CITY_31703,35472.0,0.008152130822027209
2024,12,20304,JFK,11919.0,0.00953712268393308
2024,12,20304,LGA,19916.0,0.014351856856153549
2024,12,20304,NYC_CORE,31835.0,0.007651520413708467
2024,12,20363,CITY_31703,196790.0,0.04522603248947717
2024,12,20363,EWR,8133.0,0.005339529191789744
2024,12,20363,JFK,59704.0,0.04777283100273015
2024,12,20363,LGA,123412.0,0.08893308688148333
2024,12,20363,NYC_CORE,191249.0,0.04596656596831571
2024,12,20368,CITY_31703,19217.0,0.004416426984858391
2024,12,20368,EWR,11227.0,0.007370821866005588
2024,12,20368,NYC_CORE,11227.0,0.0026984017491661683
2024,12,20378,CITY_31703,76.0,1.746622526144756e-05
2024,12,20378,LGA,76.0,5.476707778005974e-05
2024,12,20378,NYC_CORE,76.0,1.8266547870012362e-05
2024,12,20397,CITY_31703,11439.0,0.0026288967206012977
2024,12,20398,CITY_31703,13783.0,0.003167591878664891
2024,12,20398,EWR,6812.0,0.0044722578205424485
2024,12,20398,NYC_CORE,6812.0,0.0016372595275068974
2024,12,20409,CITY_31703,615098.0,0.1413610556034983
2024,12,20409,EWR,75802.0,0.04976601399189059
2024,12,20409,JFK,415315.0,0.33231899550949473
2024,12,20409,LGA,52849.0,0.03808401702103128
2024,12,20409,NYC_CORE,543966.0,0.13074185498235716
2024,12,20416,CITY_31703,263498.0,0.06055678189395933
2024,12,20416,EWR,146116.0,0.09592901111367885
2024,12,20416,LGA,117382.0,0.08458775163130226
2024,12,20416,NYC_CORE,263498.0,0.06333156356121733
2024,12,20422,CITY_31703,10121.0,0.0023259956035672465
2024,12,20422,EWR,5612.0,0.003684426143406374
2024,12,20422,JFK,4509.0,0.003607927358155404
2024,12,20422,NYC_CORE,10121.0,0.0024325754077946724
2024,12,20436,CITY_31703,122465.0,0.02814475364004178
2024,12,20436,EWR,17987.0,0.01180894031387214
2024,12,20436,JFK,37749.0,0.030205289386340286
2024,12,20436,LGA,41648.0,0.030012358623472738
2024,12,20436,NYC_CORE,97384.0,0.02340617760228005
2024,12,20445,CITY_31703,47.0,1.0801481411684675e-05
2024,12,20445,LGA,47.0,3.38691138903001e-05
2024,12,20445,NYC_CORE,47.0,1.129641776171817e-05
2024,12,20452,CITY_31703,419448.0,0.09639701649294284
2024,12,20452,EWR,113058.0,0.07422556146137524
2024,12,20452,JFK,89444.0,0.07156962843709291
2024,12,20452,LGA,216946.0,0.1563355060009584
2024,12,20452,NYC_CORE,419448.0,0.10081403909185453
2024,12,20500,CITY_31703,41039.0,0.009431531822428242
2024,12,20500,EWR,40990.0,0.02691101703817307
2024,12,20500,LGA,49.0,3.531035277924904e-05
2024,12,20500,NYC_CORE,41039.0,0.009863695500492596
2024,12,21080,CITY_31703,99.0,2.2752056590569848e-05
2024,12,22080,CITY_31703,25012.0,0.005748226661043768
2024,12,22080,EWR,1083.0,0.000711018088615307
2024,12,22080,NYC_CORE,1083.0,0.00026029830714767617
2025,1,19393,CITY_31703,129508.0,0.03614845911010503
2025,1,19393,LGA,105962.0,0.09473563748656685
2025,1,19393,NYC_CORE,105962.0,0.030953879123235363
2025,1,19690,CITY_31703,5900.0,0.0016468164804461477
2025,1,19690,JFK,5900.0,0.0058184543621149585
2025,1,19690,NYC_CORE,5900.0,0.0017235224592503787
2025,1,19790,CITY_31703,693603.0,0.19359946631981176
2025,1,19790,EWR,57888.0,0.04484990760863249
2025,1,19790,JFK,344532.0,0.3397701217437612
2025,1,19790,LGA,285241.0,0.25502055427705983
2025,1,19790,NYC_CORE,687661.0,0.20088121658484318
2025,1,19805,CITY_31703,374141.0,0.10443077369671223
2025,1,19805,EWR,73247.0,0.05674960583557048
2025,1,19805,JFK,131161.0,0.1293481851846373
2025,1,19805,LGA,169733.0,0.15175028743801977
2025,1,19805,NYC_CORE,374141.0,0.10929498583498236
2025,1,19930,CITY_31703,54078.0,0.01509432908975708
2025,1,19930,EWR,20625.0,0.015979639034481154
2025,1,19930,JFK,33453.0,0.03299063623319182
2025,1,19930,NYC_CORE,54078.0,0.015797397890057963
2025,1,19977,CITY_31703,855361.0,0.23874959178489785
2025,1,19977,EWR,786154.0,0.6090888312976241
2025,1,19977,LGA,69207.0,0.06187472172602284
2025,1,19977,NYC_CORE,855361.0,0.24987015157065479
2025,1,20253,CITY_31703,375.0,0.00010467053901140769
2025,1,20253,JFK,102.0,0.00010059022795520777
2025,1,20253,NYC_CORE,102.0,2.9796489973481124e-05
2025,1,20304,CITY_31703,28816.0,0.008043163339073931
2025,1,20304,JFK,6995.0,0.006898320044575278
2025,1,20304,LGA,18350.0,0.016405871424458787
2025,1,20304,NYC_CORE,25345.0,0.007403843513508619
2025,1,20363,CITY_31703,190482.0,0.05316760963192256
2025,1,20363,EWR,7734.0,0.005992074099038898
2025,1,20363,JFK,69682.0,0.068718904552694
2025,1,20363,LGA,109729.0,0.09810353490650889
2025,1,20363,NYC_CORE,187145.0,0.05466925604006985
2025,1,20368,CITY_31703,10508.0,0.0029330080638183256
2025,1,20368,EWR,4310.0,0.003339260326720668
2025,1,20368,NYC_CORE,4310.0,0.0012590477626049376
2025,1,20378,CITY_31703,5076.0,0.0014168204160584146
2025,1,20378,LGA,5076.0,0.004538212716651379
2025,1,20378,NYC_CORE,5076.0,0.0014828135598567666
2025,1,20397,CITY_31703,8342.0,0.0023284310304884344
2025,1,20398,CITY_31703,10845.0,0.0030270719882099103
2025,1,20398,EWR,4779.0,0.003702627633735052
2025,1,20398,NYC_CORE,4779.0,0.0013960531919928068
2025,1,20409,CITY_31703,470979.0,0.13146033544814342
2025,1,20409,EWR,59668.0,0.046228998880456805
2025,1,20409,JFK,306368.0,0.30213359762922637
2025,1,20409,LGA,39960.0,0.03572635542895766
2025,1,20409,NYC_CORE,405996.0,0.1186005465026808
2025,1,20416,CITY_31703,210444.0,0.05873943176457781
2025,1,20416,EWR,116651.0,0.0903777392975157
2025,1,20416,LGA,93793.0,0.08385590727598162
2025,1,20416,NYC_CORE,210444.0,0.061475417019404524
2025,1,20422,CITY_31703,3715.0,0.0010369361398063456
2025,1,20422,EWR,1239.0,0.0009599404976350134
2025,1,20422,JFK,2476.0,0.0024417784746773963
2025,1,20422,NYC_CORE,3715.0,0.0010852349044262978
2025,1,20436,CITY_31703,105025.0,0.029314728959128247
2025,1,20436,EWR,15714.0,0.012174741710925424
2025,1,20436,JFK,35658.0,0.0351651602786941
2025,1,20436,LGA,35838.0,0.032041069215790405
2025,1,20436,NYC_CORE,87210.0,0.02547599892732636
2025,1,20452,CITY_31703,358010.0,0.09992826579059752
2025,1,20452,EWR,94994.0,0.07359853723352741
2025,1,20452,JFK,77688.0,0.07661425126847236
2025,1,20452,LGA,185328.0,0.1656930430164631
2025,1,20452,NYC_CORE,358010.0,0.10458275858241155
2025,1,20500,CITY_31703,47419.0,0.013235659438351843
2025,1,20500,EWR,47134.0,0.03651802696975684
2025,1,20500,LGA,285.0,0.00025480508751884215
2025,1,20500,NYC_CORE,47419.0,0.013852154490710799
2025,1,22080,CITY_31703,20043.0,0.005594430969081719
2025,1,22080,EWR,568.0,0.00044006957437989317
2025,1,22080,NYC_CORE,568.0,0.000165925552009189
2025,2,19393,CITY_31703,114560.0,0.03458622872740128
2025,2,19393,LGA,91269.0,0.08809315371540591
2025,2,19393,NYC_CORE,91269.0,0.02890629627013795
2025,2,19690,CITY_31703,5563.0,0.001679497122996974
2025,2,19690,JFK,5563.0,0.005968455057415401
2025,2,19690,NYC_CORE,5563.0,0.0017618876743557771
2025,2,19790,CITY_31703,638742.0,0.19283935850032952
2025,2,19790,EWR,54118.0,0.04550442238274737
2025,2,19790,JFK,314049.0,0.33693822439803145
2025,2,19790,LGA,264726.0,0.2555144486130509
2025,2,19790,NYC_CORE,632893.0,0.20044694874816663
2025,2,19805,CITY_31703,336976.0,0.10173471553460872
2025,2,19805,EWR,66131.0,0.05560539851054115
2025,2,19805,JFK,114206.0,0.12252981813539156
2025,2,19805,LGA,156639.0,0.15118850326866148
2025,2,19805,NYC_CORE,336976.0,0.10672548282468315
2025,2,19930,CITY_31703,49298.0,0.014883309216161213
2025,2,19930,EWR,20549.0,0.017278361645720015
2025,2,19930,JFK,28749.0,0.030844349172323447
2025,2,19930,NYC_CORE,49298.0,0.015613434939850998
2025,2,19977,CITY_31703,796284.0,0.24040206490895605
2025,2,19977,EWR,732738.0,0.6161132977547127
2025,2,19977,LGA,63546.0,0.06133481845970903
2025,2,19977,NYC_CORE,796284.0,0.2521953918545238
2025,2,20253,CITY_31703,280.0,8.453338026948638e-05
2025,2,20253,JFK,68.0,7.295612869031948e-05
2025,2,20253,NYC_CORE,68.0,2.1536646028436606e-05
2025,2,20304,CITY_31703,23248.0,0.00701868580180364
2025,2,20304,JFK,5350.0,0.005739930713135429
2025,2,20304,LGA,15346.0,0.014812012149981034
2025,2,20304,NYC_CORE,20696.0,0.006554741561831235
2025,2,20363,CITY_31703,184448.0,0.055685760442665086
2025,2,20363,EWR,7135.0,0.005999372735520575
2025,2,20363,JFK,63817.0,0.06846825389161938
2025,2,20363,LGA,109880.0,0.10605655513097328
2025,2,20363,NYC_CORE,180832.0,0.057272276097268364
2025,2,20368,CITY_31703,9862.0,0.002977386415063124
2025,2,20368,EWR,2657.0,0.002234104184762182
2025,2,20368,NYC_CORE,2657.0,0.0008415127720228833
2025,2,20378,CITY_31703,6152.0,0.0018573191264924292
2025,2,20378,LGA,6152.0,0.00593793162691798
2025,2,20378,NYC_CORE,6152.0,0.0019484330348079708
2025,2,20397,CITY_31703,6531.0,0.00197174109478577
2025,2,20398,CITY_31703,10527.0,0.003178153193203154
2025,2,20398,EWR,5134.0,0.004316857690842695
2025,2,20398,NYC_CORE,5134.0,0.0016260167751469639
2025,2,20409,CITY_31703,453519.0,0.13691962173727568
2025,2,20409,EWR,49602.0,0.041707202022045066
2025,2,20409,JFK,305481.0,0.32774575218305124
2025,2,20409,LGA,38338.0,0.03700396988179153
2025,2,20409,NYC_CORE,393421.0,0.12460248260519939
2025,2,20416,CITY_31703,195247.0,0.058946031776701456
2025,2,20416,EWR,109408.0,0.09199430585113315
2025,2,20416,LGA,85839.0,0.08285209897968343
2025,2,20416,NYC_CORE,195247.0,0.061837728339914154
2025,2,20422,CITY_31703,389.0,0.0001174410175886793
2025,2,20422,EWR,389.0,0.000327085633373161
2025,2,20422,NYC_CORE,389.0,0.00012320228389796825
2025,2,20436,CITY_31703,96370.0,0.029094578059180008
2025,2,20436,EWR,14383.0,0.012093760063769086
2025,2,20436,JFK,30174.0,0.032373209222083824
2025,2,20436,LGA,31047.0,0.029966671524857366
2025,2,20436,NYC_CORE,75604.0,0.023944949799028253
2025,2,20445,CITY_31703,286.0,8.634480984668965e-05
2025,2,20445,LGA,286.0,0.0002760481868170582
2025,2,20445,NYC_CORE,286.0,9.058059947254221e-05
2025,2,20452,CITY_31703,324180.0,0.0978715400562932
2025,2,20452,EWR,86856.0,0.07303174748652769
2025,2,20452,JFK,64610.0,0.06931905109825796
2025,2,20452,LGA,172714.0,0.1667041487339909
2025,2,20452,NYC_CORE,324180.0,0.10267279278674381
2025,2,20500,CITY_31703,40035.0,0.012086763853888882
2025,2,20500,EWR,39766.0,0.03343672826919568
2025,2,20500,LGA,269.0,0.00025963972816010024
2025,2,20500,NYC_CORE,40035.0,0.012679700349242052
2025,2,22080,CITY_31703,19804.0,0.005978925224488958
2025,2,22080,EWR,425.0,0.00035735576910949463
2025,2,22080,NYC_CORE,425.0,0.0001346040376777288
2025,3,19393,CITY_31703,150603.0,0.038339831796885424
2025,3,19393,LGA,123633.0,0.09722090068893606
2025,3,19393,NYC_CORE,123633.0,0.032849481921798186
2025,3,19690,CITY_31703,6512.0,0.001657795559592557
2025,3,19690,JFK,6512.0,0.005851726313178785
2025,3,19690,NYC_CORE,6512.0,0.0017302486089858676
2025,3,19790,CITY_31703,747141.0,0.19020378258438922
2025,3,19790,EWR,66022.0,0.04787269526276252
2025,3,19790,JFK,370033.0,0.3325141036309099
2025,3,19790,LGA,305454.0,0.24019891937458668
2025,3,19790,NYC_CORE,741509.0,0.1970201037777183
2025,3,19805,CITY_31703,393248.0,0.10011130040212744
2025,3,19805,EWR,77784.0,0.05640134694978523
2025,3,19805,JFK,132114.0,0.11871851507053163
2025,3,19805,LGA,183350.0,0.14418037369728492
2025,3,19805,NYC_CORE,393248.0,0.10448661010234558
2025,3,19930,CITY_31703,76483.0,0.019470696834201096
2025,3,19930,EWR,34733.0,0.025184973562774996
2025,3,19930,JFK,41750.0,0.03751682640897025
2025,3,19930,NYC_CORE,76483.0,0.020321653003849218
2025,3,19977,CITY_31703,909035.0,0.2314180261846161
2025,3,19977,EWR,827987.0,0.6003751678611516
2025,3,19977,LGA,81048.0,0.06373346565267274
2025,3,19977,NYC_CORE,909035.0,0.24153202461140483
2025,3,20253,CITY_31703,444.0,0.00011303151542676526
2025,3,20253,JFK,181.0,0.00016264779832391894
2025,3,20253,NYC_CORE,181.0,4.8091983757131764e-05
2025,3,20304,CITY_31703,27800.0,0.007077198488432599
2025,3,20304,JFK,9183.0,0.008251904596732307
2025,3,20304,LGA,15478.0,0.01217138709619076
2025,3,20304,NYC_CORE,24661.0,0.0065524663615172726
2025,3,20363,CITY_31703,246792.0,0.06282719314234742
2025,3,20363,EWR,10391.0,0.007534536616209224
2025,3,20363,JFK,90753.0,0.08155124663696472
2025,3,20363,LGA,139771.0,0.1099112899484222
2025,3,20363,NYC_CORE,240915.0,0.06401149318701325
2025,3,20368,CITY_31703,13725.0,0.0034940485343071016
2025,3,20368,EWR,6377.0,0.004623976518291427
2025,3,20368,NYC_CORE,6377.0,0.001694378897343808
2025,3,20378,CITY_31703,9687.0,0.0024660727250880067
2025,3,20378,LGA,9687.0,0.007617536296730837
2025,3,20378,NYC_CORE,9687.0,0.0025738510864935656
2025,3,20397,CITY_31703,8889.0,0.002262921487902064
2025,3,20398,CITY_31703,13008.0,0.0033115179114219873
2025,3,20398,EWR,6916.0,0.0050148065862480025
2025,3,20398,NYC_CORE,6916.0,0.0018375920423443274
2025,3,20409,CITY_31703,522489.0,0.13301289068426836
2025,3,20409,EWR,56720.0,0.0411277949063023
2025,3,20409,JFK,358244.0,0.3219204301809614
2025,3,20409,LGA,46006.0,0.036177596249344364
2025,3,20409,NYC_CORE,460970.0,0.122480451671409
2025,3,20416,CITY_31703,221949.0,0.05650277436363766
2025,3,20416,EWR,125570.0,0.09105107909704477
2025,3,20416,LGA,96379.0,0.07578925681249317
2025,3,20416,NYC_CORE,221949.0,0.058972197253655455
2025,3,20422,CITY_31703,393.0,0.00010004816568179897
2025,3,20422,EWR,393.0,0.000284965151589859
2025,3,20422,NYC_CORE,393.0,0.00010442071611355129
2025,3,20436,CITY_31703,102747.0,0.026156867377373536
2025,3,20436,EWR,15454.0,0.011205728887200207
2025,3,20436,JFK,33905.0,0.03046725747056614
2025,3,20436,LGA,36018.0,0.028323363511474273
2025,3,20436,NYC_CORE,85377.0,0.022684802747141648
2025,3,20445,CITY_31703,138.0,3.5131416956967576e-05
2025,3,20445,LGA,138.0,0.00010851863414357959
2025,3,20445,NYC_CORE,138.0,3.666681634521648e-05
2025,3,20452,CITY_31703,412180.0,0.10493092348784708
2025,3,20452,EWR,107353.0,0.0778418929227128
2025,3,20452,JFK,70159.0,0.06304534189286093
2025,3,20452,LGA,234668.0,0.184535150994243
2025,3,20452,NYC_CORE,412180.0,0.10951687218240094
2025,3,20500,CITY_31703,42896.0,0.010920270012942618
2025,3,20500,EWR,42855.0,0.03107425336229875
2025,3,20500,LGA,41.0,3.2241043477440315e-05
2025,3,20500,NYC_CORE,42896.0,0.01139753444887251
2025,3,22080,CITY_31703,21949.0,0.005587677324554213
2025,3,22080,EWR,561.0,0.000406782315628272
2025,3,22080,NYC_CORE,561.0,0.00014905857949033656
2025,4,19393,CITY_31703,163479.0,0.04139524189827769
2025,4,19393,LGA,132128.0,0.09967862154291836
2025,4,19393,NYC_CORE,132128.0,0.035029932182000394
2025,4,19690,CITY_31703,6905.0,0.0017484456432178288
2025,4,19690,JFK,6905.0,0.006037934493001505
2025,4,19690,NYC_CORE,6905.0,0.0018306617955067262
2025,4,19790,CITY_31703,773645.0,0.19589807815311472
2025,4,19790,EWR,67594.0,0.05188694090888504
2025,4,19790,JFK,379666.0,0.3319910843185966
2025,4,19790,LGA,320828.0,0.24203569865865987
2025,4,19790,NYC_CORE,768088.0,0.20363640219944537
2025,4,19805,CITY_31703,401734.0,0.10172484605828692
2025,4,19805,EWR,71714.0,0.05504956180045244
2025,4,19805,JFK,135294.0,0.11830504117250479
2025,4,19805,LGA,194726.0,0.14690314890535178
2025,4,19805,NYC_CORE,401734.0,0.1065081948958869
2025,4,19821,CITY_31703,268.0,6.786146739788242e-05
2025,4,19821,JFK,268.0,0.00023434705925045666
2025,4,19821,NYC_CORE,268.0,7.105247808773391e-05
2025,4,19930,CITY_31703,93948.0,0.023788989324986035
2025,4,19930,EWR,44428.0,0.03410410703168839
2025,4,19930,JFK,49520.0,0.0433017402018008
2025,4,19930,NYC_CORE,93948.0,0.024907605266367257
2025,4,19977,CITY_31703,908609.0,0.23007291056314383
2025,4,19977,EWR,800584.0,0.614549437828784
2025,4,19977,LGA,108025.0,0.08149508879400094
2025,4,19977,NYC_CORE,908609.0,0.24089149650305156
2025,4,20253,CITY_31703,610.0,0.00015446080265935923
2025,4,20253,JFK,303.0,0.00026495208564510586
2025,4,20253,NYC_CORE,303.0,8.033171962904243e-05
2025,4,20304,CITY_31703,25246.0,0.00639265151465276
2025,4,20304,EWR,270.0,0.00020725913609786315
2025,4,20304,JFK,9335.0,0.00816279775411572
2025,4,20304,LGA,12588.0,0.009496507083905427
2025,4,20304,NYC_CORE,22193.0,0.005883834500750293
2025,4,20363,CITY_31703,258610.0,0.06548378389465065
2025,4,20363,EWR,8239.0,0.006324474156704795
2025,4,20363,JFK,96225.0,0.08414196185214624
2025,4,20363,LGA,146650.0,0.11063415664559349
2025,4,20363,NYC_CORE,251114.0,0.06657564172583288
2025,4,20368,CITY_31703,13056.0,0.003305967605771466
2025,4,20368,EWR,5789.0,0.004443789403224184
2025,4,20368,NYC_CORE,5789.0,0.0015347865509324312
2025,4,20378,CITY_31703,7097.0,0.0017970628138909385
2025,4,20378,LGA,7097.0,0.005354044389456372
2025,4,20378,NYC_CORE,7097.0,0.0018815650633904758
2025,4,20397,CITY_31703,10764.0,0.0027256001308612176
2025,4,20398,CITY_31703,11414.0,0.0028901895107441415
2025,4,20398,EWR,4584.0,0.003518799555083721
2025,4,20398,NYC_CORE,4584.0,0.0012153155207245232
2025,4,20409,CITY_31703,516633.0,0.13081893091854546
2025,4,20409,EWR,54829.0,0.04208818953003607
2025,4,20409,JFK,352138.0,0.3079197938445422
2025,4,20409,LGA,47618.0,0.03592347269791934
2025,4,20409,NYC_CORE,454585.0,0.1205201147444497
2025,4,20416,CITY_31703,181253.0,0.04589587518756859
2025,4,20416,EWR,117530.0,0.09021913431696985
2025,4,20416,LGA,63723.0,0.04807323807655748
2025,4,20416,NYC_CORE,181253.0,0.04805401048819415
2025,4,20422,CITY_31703,5098.0,0.0012908871671433006
2025,4,20422,EWR,1787.0,0.0013717484303958573
2025,4,20422,JFK,3311.0,0.0028952354969338135
2025,4,20422,NYC_CORE,5098.0,0.0013515878107883113
2025,4,20436,CITY_31703,111904.0,0.028335707640644157
2025,4,20436,EWR,15224.0,0.011686344770199513
2025,4,20436,JFK,41526.0,0.03631155217326292
2025,4,20436,LGA,33897.0,0.02557221962370053
2025,4,20436,NYC_CORE,90647.0,0.024032440228428414
2025,4,20452,CITY_31703,413314.0,0.10465706916450886
2025,4,20452,EWR,85942.0,0.06597135064637984
2025,4,20452,JFK,69112.0,0.06043355954819986
2025,4,20452,LGA,258260.0,0.19483380358193642
2025,4,20452,NYC_CORE,413314.0,0.10957829824012556
2025,4,20500,CITY_31703,23516.0,0.005954590549733593
2025,4,20500,EWR,23516.0,0.01805150312769389
2025,4,20500,NYC_CORE,23516.0,0.0062345898310117555
2025,4,21080,CITY_31703,75.0,1.8991082294183514e-05
2025,4,22080,CITY_31703,22044.0,0.005581858907906418
2025,4,22080,EWR,687.0,0.0005273593574045629
2025,4,22080,NYC_CORE,687.0,0.00018213825539654176
2025,5,19393,CITY_31703,175209.0,0.044463533908047435
2025,5,19393,LGA,144107.0,0.10450662000236416
2025,5,19393,NYC_CORE,144107.0,0.038239426622210956
2025,5,19690,CITY_31703,8526.0,0.002163679320697067
2025,5,19690,JFK,8526.0,0.006722336591477313
2025,5,19690,NYC_CORE,8526.0,0.0022624116203999157
2025,5,19790,CITY_31703,824053.0,0.209123438336662
2025,5,19790,EWR,65987.0,0.058848185468947455
2025,5,19790,JFK,414281.0,0.32664043226059264
2025,5,19790,LGA,337706.0,0.24490491519855656
2025,5,19790,NYC_CORE,817974.0,0.21705300056122456
2025,5,19805,CITY_31703,411226.0,0.1043585728750847
2025,5,19805,EWR,68101.0,0.06073348202859337
2025,5,19805,JFK,152073.0,0.11990216895094176
2025,5,19805,LGA,191052.0,0.13855120684416217
2025,5,19805,NYC_CORE,411226.0,0.1091206287837879
2025,5,19930,CITY_31703,96425.0,0.024470182793597785
2025,5,19930,EWR,41697.0,0.037186003144539105
2025,5,19930,JFK,54728.0,0.04315036793084335
2025,5,19930,NYC_CORE,96425.0,0.02558679808785619
2025,5,19977,CITY_31703,795859.0,0.20196852691656664
2025,5,19977,EWR,671429.0,0.5987903423587967
2025,5,19977,LGA,124430.0,0.09023682907071948
2025,5,19977,NYC_CORE,795859.0,0.21118468798966178
2025,5,20207,CITY_31703,362.0,9.186628126816072e-05
2025,5,20253,CITY_31703,737.0,0.00018703162788573052
2025,5,20253,JFK,385.0,0.00030355378697147147
2025,5,20253,NYC_CORE,385.0,0.00010216144427093215
2025,5,20304,CITY_31703,9726.0,0.0024682084298732906
2025,5,20304,JFK,1799.0,0.0014184240591212393
2025,5,20304,LGA,5129.0,0.0037195587583679192
2025,5,20304,NYC_CORE,6928.0,0.0018383752880753712
2025,5,20363,CITY_31703,276062.0,0.07005742911450548
2025,5,20363,EWR,4189.0,0.0037358123407553135
2025,5,20363,JFK,111580.0,0.08797540662409555
2025,5,20363,LGA,151814.0,0.1100957483608632
2025,5,20363,NYC_CORE,267583.0,0.07100432660350348
2025,5,20368,CITY_31703,13985.0,0.003549032993191237
2025,5,20368,EWR,7146.0,0.006372908805690492
2025,5,20368,NYC_CORE,7146.0,0.0018962225474287821
2025,5,20378,CITY_31703,5025.0,0.0012752156446754353
2025,5,20378,LGA,5025.0,0.0036441377969972303
2025,5,20378,NYC_CORE,5025.0,0.0013334058635361924
2025,5,20397,CITY_31703,11552.0,0.002931600224336444
2025,5,20398,CITY_31703,11511.0,0.002921195479772923
2025,5,20398,EWR,4747.0,0.004233445018277745
2025,5,20398,NYC_CORE,4747.0,0.0012596373401405582
2025,5,20409,CITY_31703,565479.0,0.1435040134398847
2025,5,20409,EWR,56264.0,0.05017706983534423
2025,5,20409,JFK,399542.0,0.31501944715365104
2025,5,20409,LGA,48570.0,0.03522303936321502
2025,5,20409,NYC_CORE,504376.0,0.1338383912093394
2025,5,20416,CITY_31703,175209.0,0.044463533908047435
2025,5,20416,EWR,107022.0,0.09544380719320009
2025,5,20416,LGA,68187.0,0.049449318201761225
2025,5,20416,NYC_CORE,175209.0,0.046492479192898055
2025,5,20422,CITY_31703,6179.0,0.0015680711379999035
2025,5,20422,EWR,3096.0,0.0027610587268986513
2025,5,20422,JFK,3083.0,0.002430795649955965
2025,5,20422,NYC_CORE,6179.0,0.001639624841948285
2025,5,20436,CITY_31703,115984.0,0.029433753498912578
2025,5,20436,EWR,13478.0,0.012019880336285538
2025,5,20436,JFK,50998.0,0.040209444228496365
2025,5,20436,LGA,34003.0,0.02465902836045708
2025,5,20436,NYC_CORE,98479.0,0.02613183602690163
2025,5,20452,CITY_31703,403231.0,0.1023296476851981
2025,5,20452,EWR,63013.0,0.056195928151829694
2025,5,20452,JFK,71314.0,0.05622762276385329
2025,5,20452,LGA,268904.0,0.19500959804253598
2025,5,20452,NYC_CORE,403231.0,0.10699912035016167
2025,5,20500,CITY_31703,14336.0,0.003638107757625282
2025,5,20500,EWR,14336.0,0.012785057464088846
2025,5,20500,NYC_CORE,14336.0,0.003804120688488528
2025,5,21080,CITY_31703,491.0,0.00012460316050460474
2025,5,22080,CITY_31703,19343.0,0.004908755465663074
2025,5,22080,EWR,804.0,0.0007170191267527506
2025,5,22080,NYC_CORE,804.0,0.00021334493816579076
2025,6,19393,CITY_31703,164975.0,0.04133937831689155
2025,6,19393,LGA,135872.0,0.101595429282412
2025,6,19393,NYC_CORE,135872.0,0.035531761716064425
2025,6,19690,CITY_31703,8296.0,0.0020788088044669333
2025,6,19690,JFK,8296.0,0.006685249339009671
2025,6,19690,NYC_CORE,8296.0,0.0021694793275764727
2025,6,19790,CITY_31703,814138.0,0.20400641784608245
2025,6,19790,EWR,73390.0,0.05891774075070145
2025,6,19790,JFK,407748.0,0.3285796826762916
2025,6,19790,LGA,327155.0,0.2446232679793298
2025,6,19790,NYC_CORE,808293.0,0.21137595879035315
2025,6,19805,CITY_31703,412437.0,0.10334832050240218
2025,6,19805,EWR,76337.0,0.061283602339369074
2025,6,19805,JFK,147727.0,0.119044338127276
2025,6,19805,LGA,188373.0,0.14085194742269044
2025,6,19805,NYC_CORE,412437.0,0.10785602042281311
2025,6,19930,CITY_31703,93682.0,0.02347480308824388
2025,6,19930,EWR,42096.0,0.033794811481694075
2025,6,19930,JFK,51586.0,0.04157006658656616
2025,6,19930,NYC_CORE,93682.0,0.02449869363139092
2025,6,19977,CITY_31703,840851.0,0.21070015212690757
2025,6,19977,EWR,718671.0,0.5769515146892951
2025,6,19977,LGA,122180.0,0.0913575243591402
2025,6,19977,NYC_CORE,840851.0,0.21989017141658684
2025,6,20207,CITY_31703,2147.0,0.0005379945158137061
2025,6,20253,CITY_31703,703.0,0.00017615749632838163
2025,6,20253,JFK,234.0,0.00018856657971652157
2025,6,20253,NYC_CORE,234.0,6.119312471707987e-05
2025,6,20304,CITY_31703,10070.0,0.0025233371095687096
2025,6,20304,LGA,7691.0,0.005750783433018066
2025,6,20304,NYC_CORE,7691.0,0.0020112663341840223
2025,6,20363,CITY_31703,266953.0,0.06689299020960236
2025,6,20363,EWR,5164.0,0.00414567670304704
2025,6,20363,JFK,106116.0,0.08551252638118975
2025,6,20363,LGA,146680.0,0.10967688388442204
2025,6,20363,NYC_CORE,257960.0,0.06745888227358086
2025,6,20368,CITY_31703,20197.0,0.005060957259380262
2025,6,20368,EWR,12568.0,0.01008963299843052
2025,6,20368,NYC_CORE,12568.0,0.0032866461172831613
2025,6,20378,CITY_31703,3691.0,0.0009248895006373493
2025,6,20378,LGA,3691.0,0.002759867592155725
2025,6,20378,NYC_CORE,3691.0,0.0009652300142339392
2025,6,20397,CITY_31703,11035.0,0.002765146475083487
2025,6,20398,CITY_31703,10942.0,0.0027418425673188503
2025,6,20398,EWR,4026.0,0.0032320864458689745
2025,6,20398,NYC_CORE,4026.0,0.0010528355560297587
2025,6,20409,CITY_31703,566982.0,0.14207415303450707
2025,6,20409,EWR,66934.0,0.053734842068503215
2025,6,20409,JFK,392596.0,0.3163695937196047
2025,6,20409,LGA,46225.0,0.034563771185965424
2025,6,20409,NYC_CORE,505755.0,0.1322595247490886
2025,6,20416,CITY_31703,178818.0,0.04480815245867503
2025,6,20416,EWR,112382.0,0.09022065051158645
2025,6,20416,LGA,66436.0,0.04967612120088262
2025,6,20416,NYC_CORE,178818.0,0.04676253066520849
2025,6,20422,CITY_31703,8975.0,0.0022489523891141183
2025,6,20422,EWR,4438.0,0.0035628414423165694
2025,6,20422,JFK,4537.0,0.003656096462281446
2025,6,20422,NYC_CORE,8975.0,0.002347043992887999
2025,6,20436,CITY_31703,111645.0,0.027975965401966098
2025,6,20436,EWR,14231.0,0.011424695035062438
2025,6,20436,JFK,53567.0,0.043166435793482526
2025,6,20436,LGA,31824.0,0.023795726429900785
2025,6,20436,NYC_CORE,99622.0,0.026052057566516795
2025,6,20452,CITY_31703,419542.0,0.10512868893968974
2025,6,20452,EWR,89752.0,0.0720532098086518
2025,6,20452,JFK,68534.0,0.05522744433458158
2025,6,20452,LGA,261256.0,0.19534867723008292
2025,6,20452,NYC_CORE,419542.0,0.10971404243612444
2025,6,20500,CITY_31703,24688.0,0.006186310482724161
2025,6,20500,EWR,24688.0,0.01981961007839375
2025,6,20500,NYC_CORE,24688.0,0.006456136166731913
2025,6,21080,CITY_31703,1059.0,0.0002653638529327968
2025,6,22080,CITY_31703,18921.0,0.004741217621663313
2025,6,22080,EWR,958.0,0.000769085647079602
2025,6,22080,NYC_CORE,958.0,0.00025052569862804493
2025,7,19393,CITY_31703,171865.0,0.04010515805093576
2025,7,19393,LGA,137279.0,0.09986403900894694
2025,7,19393,NYC_CORE,137279.0,0.03354093780930245
2025,7,19690,CITY_31703,8701.0,0.002030401653630419
2025,7,19690,JFK,8701.0,0.006647500636023937
2025,7,19690,NYC_CORE,8701.0,0.0021258874254528413
2025,7,19790,CITY_31703,846268.0,0.19747890433450266
2025,7,19790,EWR,78175.0,0.05547052558456036
2025,7,19790,JFK,425005.0,0.32470072495268976
2025,7,19790,LGA,336702.0,0.2449349256797504
2025,7,19790,NYC_CORE,839882.0,0.20520567551593877
2025,7,19805,CITY_31703,436042.0,0.10175156853836516
2025,7,19805,EWR,80927.0,0.057423258381601734
2025,7,19805,JFK,159633.0,0.12195844949205945
2025,7,19805,LGA,195482.0,0.14220399386320534
2025,7,19805,NYC_CORE,436042.0,0.10653674345124789
2025,7,19821,CITY_31703,553.0,0.00012904403108351015
2025,7,19821,JFK,553.0,0.0004224879728446428
2025,7,19821,NYC_CORE,553.0,0.00013511271650102532
2025,7,19930,CITY_31703,95850.0,0.022366854212214193
2025,7,19930,EWR,42735.0,0.030323414273823943
2025,7,19930,JFK,53115.0,0.04057947319646149
2025,7,19930,NYC_CORE,95850.0,0.023418723104201223
2025,7,19977,CITY_31703,949434.0,0.22155296674094282
2025,7,19977,EWR,826558.0,0.5864996058346407
2025,7,19977,LGA,122876.0,0.08938653149617469
2025,7,19977,NYC_CORE,949434.0,0.23197216433713286
2025,7,20207,CITY_31703,2883.0,0.0006727557714534535
2025,7,20253,CITY_31703,1057.0,0.0002466537809317726
2025,7,20253,JFK,161.0,0.0001230028275370479
2025,7,20253,NYC_CORE,161.0,3.9336613664855474e-05
2025,7,20304,CITY_31703,10607.0,0.002475171858413729
2025,7,20304,LGA,8401.0,0.006111333792598746
2025,7,20304,NYC_CORE,8401.0,0.0020525893875680177
2025,7,20363,CITY_31703,273627.0,0.06385159329708433
2025,7,20363,EWR,5637.0,0.003999838218358385
2025,7,20363,JFK,107938.0,0.08246384595462036
2025,7,20363,LGA,151161.0,0.10996254343804536
2025,7,20363,NYC_CORE,264736.0,0.06468209785825577
2025,7,20368,CITY_31703,22991.0,0.005365011426113892
2025,7,20368,EWR,14133.0,0.010028333074340793
2025,7,20368,NYC_CORE,14133.0,0.003453070564754052
2025,7,20378,CITY_31703,4280.0,0.000998749462997149
2025,7,20378,LGA,4280.0,0.0031134994205835776
2025,7,20378,NYC_CORE,4280.0,0.0010457186738234872
2025,7,20397,CITY_31703,11255.0,0.002626384393932924
2025,7,20398,CITY_31703,10782.0,0.0025160085771110427
2025,7,20398,EWR,3734.0,0.0026495291657530973
2025,7,20398,NYC_CORE,3734.0,0.0009123162448731076
2025,7,20409,CITY_31703,618202.0,0.1442590924120943
2025,7,20409,EWR,71531.0,0.05075615178240085
2025,7,20409,JFK,419641.0,0.32060266801536846
2025,7,20409,LGA,53453.0,0.038884552459919154
2025,7,20409,NYC_CORE,544625.0,0.13306647961007398
2025,7,20416,CITY_31703,188069.0,0.0438864048496287
2025,7,20416,EWR,114464.0,0.08122006063973286
2025,7,20416,LGA,73605.0,0.05354418804954538
2025,7,20416,NYC_CORE,188069.0,0.04595029562320313
2025,7,20422,CITY_31703,10094.0,0.0023554619344610334
2025,7,20422,EWR,4695.0,0.0033314245937897135
2025,7,20422,JFK,5399.0,0.004124796682438023
2025,7,20422,NYC_CORE,10094.0,0.0024662346480313737
2025,7,20436,CITY_31703,126833.0,0.029596820243064818
2025,7,20436,EWR,17239.0,0.012232253157048109
2025,7,20436,JFK,58489.0,0.04468517006095898
2025,7,20436,LGA,37056.0,0.026956503394660058
2025,7,20436,NYC_CORE,112784.0,0.02755615301600658
2025,7,20452,CITY_31703,438561.0,0.10233938393492821
2025,7,20452,EWR,113919.0,0.0808333457507839
2025,7,20452,JFK,70278.0,0.05369188020899785
2025,7,20452,LGA,254364.0,0.18503788939657034
2025,7,20452,NYC_CORE,438561.0,0.10715220264268746
2025,7,20500,CITY_31703,34341.0,0.008013564324482499
2025,7,20500,EWR,34341.0,0.024367295415406297
2025,7,20500,NYC_CORE,34341.0,0.008390426396675787
2025,7,21080,CITY_31703,1754.0,0.00040930059768621484
2025,7,22080,CITY_31703,21310.0,0.004972745573941413
2025,7,22080,EWR,1219.0,0.0008649641277592462
2025,7,22080,NYC_CORE,1219.0,0.0002978343606053343
2025,8,19393,CITY_31703,173032.0,0.04025346150642936
2025,8,19393,LGA,140260.0,0.09967849315341079
2025,8,19393,NYC_CORE,140260.0,0.03415047586908286
2025,8,19690,CITY_31703,8196.0,0.0019066841422782782
2025,8,19690,JFK,8196.0,0.006410792909331396
2025,8,19690,NYC_CORE,8196.0,0.0019955603894410605
2025,8,19790,CITY_31703,838450.0,0.195053601646318
2025,8,19790,EWR,83057.0,0.05842813768884662
2025,8,19790,JFK,411098.0,0.3215549223328841
2025,8,19790,LGA,338228.0,0.24036829732134482
2025,8,19790,NYC_CORE,832383.0,0.2026684411474034
2025,8,19805,CITY_31703,420445.0,0.09781061666668993
2025,8,19805,EWR,80597.0,0.05669760060329618
2025,8,19805,JFK,142058.0,0.11111571731500725
2025,8,19805,LGA,197790.0,0.14056330501078795
2025,8,19805,NYC_CORE,420445.0,0.1023698618763478
2025,8,19930,CITY_31703,98953.0,0.02302002390566892
2025,8,19930,EWR,46156.0,0.032469377935230075
2025,8,19930,JFK,52797.0,0.04129705139506707
2025,8,19930,NYC_CORE,98953.0,0.024093056029326654
2025,8,19977,CITY_31703,934262.0,0.21734291607286343
2025,8,19977,EWR,814566.0,0.5730230372473486
2025,8,19977,LGA,119696.0,0.0850642871559294
2025,8,19977,NYC_CORE,934262.0,0.22747391905319472
2025,8,20207,CITY_31703,3314.0,0.0007709554962799188
2025,8,20253,CITY_31703,1349.0,0.00031382587944526563
2025,8,20253,JFK,178.0,0.00013922903097376627
2025,8,20253,NYC_CORE,178.0,4.333940328459111e-05
2025,8,20304,CITY_31703,9735.0,0.0022647108498144264
2025,8,20304,LGA,8913.0,0.006334196559791461
2025,8,20304,NYC_CORE,8913.0,0.002170135401548093
2025,8,20363,CITY_31703,287906.0,0.06697728217017691
2025,8,20363,EWR,5643.0,0.003969683241366308
2025,8,20363,JFK,114294.0,0.08939911722536878
2025,8,20363,LGA,157382.0,0.1118465749997868
2025,8,20363,NYC_CORE,277319.0,0.06752157291842428
2025,8,20368,CITY_31703,20101.0,0.004676214976078046
2025,8,20368,EWR,10916.0,0.007679082449540071
2025,8,20368,NYC_CORE,10916.0,0.0026578254283966102
2025,8,20378,CITY_31703,1156.0,0.00026892714354242184
2025,8,20378,LGA,1156.0,0.0008215338520272555
2025,8,20378,NYC_CORE,1156.0,0.0002814626415561086
2025,8,20397,CITY_31703,11300.0,0.0026287860917209058
2025,8,20398,CITY_31703,11275.0,0.002622970193287895
2025,8,20398,EWR,4101.0,0.0028849319462773753
2025,8,20398,NYC_CORE,4101.0,0.0009985106341017312
2025,8,20409,CITY_31703,610318.0,0.14198189999353272
2025,8,20409,EWR,73526.0,0.051723361687878645
2025,8,20409,JFK,411042.0,0.3215111199411171
2025,8,20409,LGA,53686.0,0.0381529985985599
2025,8,20409,NYC_CORE,538254.0,0.13105397289631632
2025,8,20416,CITY_31703,199102.0,0.046318280392373075
2025,8,20416,EWR,117758.0,0.08283926265050748
2025,8,20416,LGA,81344.0,0.05780869347690751
2025,8,20416,NYC_CORE,199102.0,0.048477313891958765
2025,8,20422,CITY_31703,7620.0,0.0017726858423817082
2025,8,20422,EWR,4235.0,0.002979196974514676
2025,8,20422,JFK,3385.0,0.0026476981452033645
2025,8,20422,NYC_CORE,7620.0,0.0018553160282504734
2025,8,20436,CITY_31703,126337.0,0.029390526413251686
2025,8,20436,EWR,16537.0,0.011633289342986823
2025,8,20436,JFK,58578.0,0.0458188661594454
2025,8,20436,LGA,37274.0,0.02648949204192381
2025,8,20436,NYC_CORE,112389.0,0.027364450537932083
2025,8,20452,CITY_31703,470398.0,0.10943147964365757
2025,8,20452,EWR,122160.0,0.0859359391751388
2025,8,20452,JFK,76843.0,0.06010548554560181
2025,8,20452,LGA,271395.0,0.1928721278295303
2025,8,20452,NYC_CORE,470398.0,0.11453240801272523
2025,8,20500,CITY_31703,41370.0,0.00962414872694636
2025,8,20500,EWR,41370.0,0.0291025687923665
2025,8,20500,NYC_CORE,41370.0,0.010072759066761429
2025,8,21080,CITY_31703,1698.0,0.0003950158215700972
2025,8,22080,CITY_31703,22245.0,0.0051749864256930575
2025,8,22080,EWR,902.0,0.0006345302647018271
2025,8,22080,NYC_CORE,902.0,0.00021961877394775946
2025,9,19393,CITY_31703,148128.0,0.03910210451513581
2025,9,19393,LGA,121236.0,0.09618622216227796
2025,9,19393,NYC_CORE,121236.0,0.03334254656463357
2025,9,19690,CITY_31703,6557.0,0.0017308847706425893
2025,9,19690,JFK,6557.0,0.005912805728667414
2025,9,19690,NYC_CORE,6557.0,0.0018033181383772337
2025,9,19790,CITY_31703,760396.0,0.20072561477162457
2025,9,19790,EWR,75220.0,0.0593828353448657
2025,9,19790,JFK,369818.0,0.3334851287119606
2025,9,19790,LGA,310119.0,0.24604222368556763
2025,9,19790,NYC_CORE,755157.0,0.2076846599698851
2025,9,19805,CITY_31703,371345.0,0.0980258357715834
2025,9,19805,EWR,67635.0,0.05339481612004775
2025,9,19805,JFK,129508.0,0.11678445086293418
2025,9,19805,LGA,174202.0,0.13820838920051093
2025,9,19805,NYC_CORE,371345.0,0.1021279814085243
2025,9,19821,CITY_31703,316.0,8.341613352494406e-05
2025,9,19821,JFK,316.0,0.00028495449294782717
2025,9,19821,NYC_CORE,316.0,8.69068982350474e-05
2025,9,19930,CITY_31703,86877.0,0.02293336529191951
2025,9,19930,EWR,41611.0,0.03285002873617664
2025,9,19930,JFK,45266.0,0.040818829360051725
2025,9,19930,NYC_CORE,86877.0,0.02389307151255131
2025,9,19977,CITY_31703,873458.0,0.23057116821655252
2025,9,19977,EWR,759905.0,0.5999111073217251
2025,9,19977,LGA,113553.0,0.09009068333822584
2025,9,19977,NYC_CORE,873458.0,0.2402200174638862
2025,9,20207,CITY_31703,2659.0,0.0007019098070975515
2025,9,20253,CITY_31703,910.0,0.00024021734654335159
2025,9,20253,JFK,110.0,9.919301969702844e-05
2025,9,20253,NYC_CORE,110.0,3.0252401284351947e-05
2025,9,20304,CITY_31703,8508.0,0.0022459002026272916
2025,9,20304,LGA,8508.0,0.0067500773545536045
2025,9,20304,NYC_CORE,8508.0,0.002339885728429694
2025,9,20363,CITY_31703,258065.0,0.0681227357535275
2025,9,20363,EWR,5593.0,0.004415424063863784
2025,9,20363,JFK,102198.0,0.09215752933633557
2025,9,20363,LGA,140166.0,0.11120490626214863
2025,9,20363,NYC_CORE,247957.0,0.06819358786603687
2025,9,20368,CITY_31703,9713.0,0.0025639902054676636
2025,9,20368,EWR,5469.0,0.004317531594005192
2025,9,20368,NYC_CORE,5469.0,0.001504094387492007
2025,9,20378,CITY_31703,618.0,0.0001631366155646058
2025,9,20378,LGA,618.0,0.0004903088628483931
2025,9,20378,NYC_CORE,618.0,0.00016996349085208638
2025,9,20397,CITY_31703,11235.0,0.0029657603169390714
2025,9,20398,CITY_31703,10187.0,0.0026891144057550795
2025,9,20398,EWR,3888.0,0.003069402603308134
2025,9,20398,NYC_CORE,3888.0,0.0010692848744869123
2025,9,20409,CITY_31703,471238.0,0.12439510104439111
2025,9,20409,EWR,42281.0,0.03337896385557387
2025,9,20409,JFK,331011.0,0.29849073311757346
2025,9,20409,LGA,39875.0,0.03163602897423895
2025,9,20409,NYC_CORE,413167.0,0.11362994437683491
2025,9,20416,CITY_31703,151196.0,0.03991198014062482
2025,9,20416,EWR,87844.0,0.06934892034079211
2025,9,20416,LGA,63352.0,0.05026221210221908
2025,9,20416,NYC_CORE,151196.0,0.04158220058717161
2025,9,20422,CITY_31703,3340.0,0.0008816768543459277
2025,9,20422,EWR,1652.0,0.0013041803242451228
2025,9,20422,JFK,1688.0,0.0015221619749871274
2025,9,20422,NYC_CORE,3340.0,0.0009185729117248681
2025,9,20436,CITY_31703,106976.0,0.02823900094925448
2025,9,20436,EWR,15444.0,0.01219234922980731
2025,9,20436,JFK,48443.0,0.04368370411984681
2025,9,20436,LGA,33242.0,0.026373539189006926
2025,9,20436,NYC_CORE,97129.0,0.02671259531225291
2025,9,20452,CITY_31703,447413.0,0.11810589414175886
2025,9,20452,EWR,117951.0,0.09311705413137801
2025,9,20452,JFK,73903.0,0.0666423794060863
2025,9,20452,LGA,255559.0,0.20275540886840204
2025,9,20452,NYC_CORE,447413.0,0.12304834196214325
2025,9,20500,CITY_31703,41715.0,0.01101172155061089
2025,9,20500,EWR,41715.0,0.03293213209799352
2025,9,20500,NYC_CORE,41715.0,0.01147253563251583
2025,9,22080,CITY_31703,17386.0,0.004589471194508473
2025,9,22080,EWR,488.0,0.0003852542362176876
2025,9,22080,JFK,131.0,0.00011812986891191569
2025,9,22080,NYC_CORE,619.0,0.00017023851268194412
2025,10,19393,CITY_31703,160754.0,0.03830392760964182
2025,10,19393,LGA,131678.0,0.09567411019836985
2025,10,19393,NYC_CORE,131678.0,0.03275595769223211
2025,10,19690,CITY_31703,7175.0,0.0017096350983439295
2025,10,19690,JFK,7175.0,0.005860429481676662
2025,10,19690,NYC_CORE,7175.0,0.0017848387463491652
2025,10,19790,CITY_31703,846048.0,0.2015934990499909
2025,10,19790,EWR,77079.0,0.05430622683782603
2025,10,19790,JFK,406184.0,0.3317648346460423
2025,10,19790,LGA,356952.0,0.2593528530470429
2025,10,19790,NYC_CORE,840215.0,0.20901021425278937
2025,10,19805,CITY_31703,426826.0,0.10170267741961618
2025,10,19805,EWR,77360.0,0.05450420618033734
2025,10,19805,JFK,155169.0,0.12673964909300153
2025,10,19805,LGA,194297.0,0.14117158970528612
2025,10,19805,NYC_CORE,426826.0,0.10617638783961376
2025,10,19930,CITY_31703,93476.0,0.022273149888891588
2025,10,19930,EWR,43665.0,0.030764298899488493
2025,10,19930,JFK,49811.0,0.0406848575486824
2025,10,19930,NYC_CORE,93476.0,0.023252904063238267
2025,10,19977,CITY_31703,973425.0,0.23194446628647242
2025,10,19977,EWR,853482.0,0.6013231501965702
2025,10,19977,LGA,119943.0,0.08714773765946533
2025,10,19977,NYC_CORE,973425.0,0.24214726922159388
2025,10,20207,CITY_31703,2296.0,0.0005470832314700574
2025,10,20253,CITY_31703,985.0,0.0002347025187273548
2025,10,20253,JFK,300.0,0.0002450353790248082
2025,10,20253,NYC_CORE,300.0,7.462740402853653e-05
2025,10,20304,CITY_31703,8335.0,0.001986036034104063
2025,10,20304,LGA,8335.0,0.00605601321787552
2025,10,20304,NYC_CORE,8335.0,0.002073398041926173
2025,10,20363,CITY_31703,262750.0,0.06260719471635784
2025,10,20363,EWR,5397.0,0.0038024715712937
2025,10,20363,JFK,106746.0,0.08718848856460726
2025,10,20363,LGA,139829.0,0.10159643338240146
2025,10,20363,NYC_CORE,251972.0,0.06268005415959468
2025,10,20368,CITY_31703,15330.0,0.00365278133207142
2025,10,20368,EWR,8315.0,0.005858356701001874
2025,10,20368,NYC_CORE,8315.0,0.002068422881657604
2025,10,20378,CITY_31703,1493.0,0.00035574706645679255
2025,10,20378,LGA,1493.0,0.00108477837244009
2025,10,20378,NYC_CORE,1493.0,0.0003713957140486834
2025,10,20397,CITY_31703,11968.0,0.0028516951717045503
2025,10,20398,CITY_31703,11995.0,0.002858128641761036
2025,10,20398,EWR,3991.0,0.0028118703059168346
2025,10,20398,NYC_CORE,3991.0,0.0009927932315929643
2025,10,20409,CITY_31703,532083.0,0.12678296474315442
2025,10,20409,EWR,50243.0,0.035398847351585945
2025,10,20409,JFK,367226.0,0.2999445403258807
2025,10,20409,LGA,46021.0,0.033437766562669384
2025,10,20409,NYC_CORE,463490.0,0.11529685164395465
2025,10,20416,CITY_31703,178187.0,0.042457804776112856
2025,10,20416,EWR,107715.0,0.07589090704130089
2025,10,20416,LGA,70472.0,0.051203282962222395
2025,10,20416,NYC_CORE,178187.0,0.04432544413877613
2025,10,20422,CITY_31703,6888.0,0.0016412496944101724
2025,10,20422,EWR,3101.0,0.0021848182958276383
2025,10,20422,JFK,3787.0,0.0030931632678898287
2025,10,20422,NYC_CORE,6888.0,0.0017134451964951987
2025,10,20436,CITY_31703,114334.0,0.027243124645861302
2025,10,20436,EWR,15933.0,0.011225640086237266
2025,10,20436,JFK,51165.0,0.04179078389268104
2025,10,20436,LGA,36237.0,0.02632894432827297
2025,10,20436,NYC_CORE,103335.0,0.025705409317629407
2025,10,20452,CITY_31703,479402.0,0.11423031155627547
2025,10,20452,EWR,131591.0,0.09271281017937914
2025,10,20452,JFK,76750.0,0.06268821780051344
2025,10,20452,LGA,271061.0,0.19694649056395397
2025,10,20452,NYC_CORE,479402.0,0.11925508915362822
2025,10,20500,CITY_31703,40952.0,0.00975790613900775
2025,10,20500,EWR,40952.0,0.028852847097946933
2025,10,20500,NYC_CORE,40952.0,0.010187138165922092
2025,10,21080,CITY_31703,464.0,0.00011056037430405342
2025,10,22080,CITY_31703,21636.0,0.005155354005264008
2025,10,22080,EWR,516.0,0.0003635492552876689
2025,10,22080,NYC_CORE,516.0,0.0001283591349290828
2025,11,19393,CITY_31703,150542.0,0.038609006802009266
2025,11,19393,LGA,124211.0,0.0976991604279505
2025,11,19393,NYC_CORE,124211.0,0.033268783680990795
2025,11,19690,CITY_31703,6064.0,0.0015552139419390215
2025,11,19690,JFK,6064.0,0.005296851675050728
2025,11,19690,NYC_CORE,6064.0,0.0016241871029258937
2025,11,19790,CITY_31703,791754.0,0.20305851902803232
2025,11,19790,EWR,65873.0,0.05000352976809044
2025,11,19790,JFK,382298.0,0.3339340042329392
2025,11,19790,LGA,338210.0,0.2660217939501102
2025,11,19790,NYC_CORE,786381.0,0.2106249799119339
2025,11,19805,CITY_31703,410504.0,0.10528059762891426
2025,11,19805,EWR,70748.0,0.05370409308871408
2025,11,19805,JFK,149973.0,0.1310001214153006
2025,11,19805,LGA,189783.0,0.1492753440798136
2025,11,19805,NYC_CORE,410504.0,0.10994975305070763
2025,11,19930,CITY_31703,89402.0,0.02292863404307922
2025,11,19930,EWR,40914.0,0.031057404656409337
2025,11,19930,JFK,48488.0,0.04235384960749665
2025,11,19930,NYC_CORE,89402.0,0.02394551045115118
2025,11,19977,CITY_31703,924557.0,0.2371180634098476
2025,11,19977,EWR,817374.0,0.6204603576679847
2025,11,19977,LGA,107183.0,0.08430565016100842
2025,11,19977,NYC_CORE,924557.0,0.24763416149733766
2025,11,20207,CITY_31703,3687.0,0.000945592645766684
2025,11,20253,CITY_31703,787.0,0.00020183927643568764
2025,11,20253,JFK,318.0,0.00027777025604652566
2025,11,20253,NYC_CORE,318.0,8.517340018641725e-05
2025,11,20304,CITY_31703,7414.0,0.0019014439586965543
2025,11,20304,LGA,7308.0,0.005748166139934967
2025,11,20304,NYC_CORE,7308.0,0.001957381159001061
2025,11,20363,CITY_31703,223030.0,0.05719976343513522
2025,11,20363,EWR,7416.0,0.005629410786819466
2025,11,20363,JFK,92645.0,0.08092460808625902
2025,11,20363,LGA,114609.0,0.09014663014939883
2025,11,20363,NYC_CORE,214670.0,0.05749740194345343
2025,11,20368,CITY_31703,14525.0,0.0037251785136319733
2025,11,20368,EWR,7605.0,0.0057728787801728755
2025,11,20368,NYC_CORE,7605.0,0.0020369299006846014
2025,11,20378,CITY_31703,1634.0,0.00041906655361615455
2025,11,20378,LGA,1634.0,0.001285235833696461
2025,11,20378,NYC_CORE,1634.0,0.0004376519997000182
2025,11,20397,CITY_31703,9518.0,0.002441049851480146
2025,11,20398,CITY_31703,9266.0,0.0023764202483520735
2025,11,20398,EWR,2964.0,0.0022499424989391717
2025,11,20398,NYC_CORE,2964.0,0.0007938803715488703
2025,11,20409,CITY_31703,512045.0,0.1313224806893414
2025,11,20409,EWR,60279.0,0.045757180800794314
2025,11,20409,JFK,340105.0,0.29707878280724404
2025,11,20409,LGA,44615.0,0.03509228685457014
2025,11,20409,NYC_CORE,444999.0,0.11918892424388519
2025,11,20416,CITY_31703,176872.0,0.04536177446217655
2025,11,20416,EWR,98651.0,0.0748849789010959
2025,11,20416,LGA,78221.0,0.0615253562714632
2025,11,20416,NYC_CORE,176872.0,0.04737355232003771
2025,11,20422,CITY_31703,6926.0,0.0017762882193056832
2025,11,20422,EWR,3459.0,0.0026256920053409566
2025,11,20422,JFK,3467.0,0.003028394584004102
2025,11,20422,NYC_CORE,6926.0,0.0018550659424249243
2025,11,20436,CITY_31703,114157.0,0.029277466683696053
2025,11,20436,EWR,14376.0,0.010912676573802137
2025,11,20436,JFK,55126.0,0.048152085329625074
2025,11,20436,LGA,33929.0,0.026687127663088877
2025,11,20436,NYC_CORE,103431.0,0.027703050171953847
2025,11,20452,CITY_31703,390919.0,0.10025769771913924
2025,11,20452,EWR,92913.0,0.07052932098648289
2025,11,20452,JFK,66347.0,0.05795353200603408
2025,11,20452,LGA,231659.0,0.18221324846896478
2025,11,20452,NYC_CORE,390919.0,0.10470408939457247
2025,11,20500,CITY_31703,34159.0,0.008760645290681898
2025,11,20500,EWR,34159.0,0.025929752301370842
2025,11,20500,NYC_CORE,34159.0,0.009149176657131532
2025,11,21080,CITY_31703,351.0,9.001980435695853e-05
2025,11,22080,CITY_31703,21029.0,0.005393237794366043
2025,11,22080,EWR,636.0,0.0004827811839828992
2025,11,22080,NYC_CORE,636.0,0.0001703468003728345
2025,12,19393,CITY_31703,175329.0,0.04146669921015811
2025,12,19393,LGA,143959.0,0.10751465117616438
2025,12,19393,NYC_CORE,143959.0,0.03566718489659145
2025,12,19690,CITY_31703,7495.0,0.0017726269503626612
2025,12,19690,JFK,7495.0,0.006173688636870966
2025,12,19690,NYC_CORE,7495.0,0.0018569561527931766
2025,12,19790,CITY_31703,818894.0,0.19367492646968393
2025,12,19790,EWR,67187.0,0.04529925882276
2025,12,19790,JFK,402670.0,0.3316823486869689
2025,12,19790,LGA,343074.0,0.25622212878396916
2025,12,19790,NYC_CORE,812931.0,0.2014112371242575
2025,12,19805,CITY_31703,451800.0,0.10685428367896603
2025,12,19805,EWR,82283.0,0.05547738273346274
2025,12,19805,JFK,160941.0,0.13256832860662443
2025,12,19805,LGA,208576.0,0.15577335132725056
2025,12,19805,NYC_CORE,451800.0,0.11193766375342992
2025,12,19930,CITY_31703,103272.0,0.024424647153816245
2025,12,19930,EWR,47260.0,0.03186394647720002
2025,12,19930,JFK,56012.0,0.046137511398054235
2025,12,19930,NYC_CORE,103272.0,0.025586601175618003
2025,12,19977,CITY_31703,1016913.0,0.24050799065699066
2025,12,19977,EWR,906292.0,0.6110461231636597
2025,12,19977,LGA,110621.0,0.08261642709214763
2025,12,19977,NYC_CORE,1016913.0,0.25194968008076957
2025,12,20207,CITY_31703,3252.0,0.0007691237948738325
2025,12,20253,CITY_31703,831.0,0.00019653809149451255
2025,12,20253,JFK,373.0,0.00030724294350271785
2025,12,20253,NYC_CORE,373.0,9.241422881812607e-05
2025,12,20304,CITY_31703,4912.0,0.0011617269619988515
2025,12,20304,LGA,4820.0,0.003599779233456139
2025,12,20304,NYC_CORE,4820.0,0.0011941999541645245
2025,12,20363,CITY_31703,213933.0,0.05059685141720283
2025,12,20363,EWR,7991.0,0.005387744314416109
2025,12,20363,JFK,82452.0,0.06791634095894394
2025,12,20363,LGA,114556.0,0.08555525100991732
2025,12,20363,NYC_CORE,204999.0,0.050790414191654226
2025,12,20368,CITY_31703,18832.0,0.004453917375480939
2025,12,20368,EWR,10839.0,0.007307941512195747
2025,12,20368,NYC_CORE,10839.0,0.0026854633409106395
2025,12,20378,CITY_31703,1089.0,0.0002575571379512926
2025,12,20378,LGA,1089.0,0.0008133111172684099
2025,12,20378,NYC_CORE,1089.0,0.0002698099066566737
2025,12,20397,CITY_31703,10791.0,0.0025521570942446266
2025,12,20398,CITY_31703,11097.0,0.002624528521437552
2025,12,20398,EWR,3727.0,0.0025128423300999677
2025,12,20398,NYC_CORE,3727.0,0.0009233990102014902
2025,12,20409,CITY_31703,564570.0,0.13352528317094697
2025,12,20409,EWR,65242.0,0.043987888194360635
2025,12,20409,JFK,371044.0,0.30563177139148107
2025,12,20409,LGA,51380.0,0.0383727504180449
2025,12,20409,NYC_CORE,487666.0,0.12082379976091225
2025,12,20416,CITY_31703,214242.0,0.05066993236819176
2025,12,20416,EWR,127315.0,0.08583915247026493
2025,12,20416,LGA,86927.0,0.06492074884370162
2025,12,20416,NYC_CORE,214242.0,0.05308045364732698
2025,12,20422,CITY_31703,12675.0,0.002997738038138323
2025,12,20422,EWR,7048.0,0.004751948683269271
2025,12,20422,JFK,5627.0,0.004635002796487381
2025,12,20422,NYC_CORE,12675.0,0.0031403494645301554
2025,12,20436,CITY_31703,125522.0,0.029686948640883518
2025,12,20436,EWR,15563.0,0.01049298770682742
2025,12,20436,JFK,57471.0,0.047339300820495166
2025,12,20436,LGA,37067.0,0.02768319851587525
2025,12,20436,NYC_CORE,110101.0,0.02727854961690214
2025,12,20452,CITY_31703,413417.0,0.09777639972489398
2025,12,20452,EWR,106577.0,0.07185704239738777
2025,12,20452,JFK,69938.0,0.05760846376057126
2025,12,20452,LGA,236902.0,0.17692840248220462
2025,12,20452,NYC_CORE,413417.0,0.10242791752092018
2025,12,20500,CITY_31703,34914.0,0.008257437937953563
2025,12,20500,EWR,34914.0,0.023539945562948823
2025,12,20500,NYC_CORE,34914.0,0.008650269128568509
2025,12,21080,CITY_31703,243.0,5.7471427476734714e-05
2025,12,22080,CITY_31703,24165.0,0.005715214176853063
2025,12,22080,EWR,943.0,0.0006357956311468391
2025,12,22080,NYC_CORE,943.0,0.00023363704497451177
2026,1,19393,CITY_31703,117600.0,0.03435573789025971
2026,1,19393,LGA,94876.0,0.08919516024405606
2026,1,19393,NYC_CORE,94876.0,0.029066814212702807
2026,1,19790,CITY_31703,686156.0,0.20045404496453267
2026,1,19790,EWR,58380.0,0.048195556069230545
2026,1,19790,JFK,339621.0,0.3433772032260902
2026,1,19790,LGA,283536.0,0.26655886583497074
2026,1,19790,NYC_CORE,681537.0,0.208800005882234
2026,1,19805,CITY_31703,359293.0,0.10496408277045138
2026,1,19805,EWR,66417.0,0.05483049413240982
2026,1,19805,JFK,135539.0,0.13703805933102206
2026,1,19805,LGA,157337.0,0.14791621619080747
2026,1,19805,NYC_CORE,359293.0,0.11007528646785941
2026,1,19930,CITY_31703,61352.0,0.017923411828598756
2026,1,19930,EWR,21516.0,0.01776251429231868
2026,1,19930,JFK,39836.0,0.040276585569545255
2026,1,19930,NYC_CORE,61352.0,0.018796188557461766
2026,1,19977,CITY_31703,815139.0,0.23813521962694226
2026,1,19977,EWR,743624.0,0.6138981189863908
2026,1,19977,LGA,71515.0,0.06723293440758116
2026,1,19977,NYC_CORE,815139.0,0.24973116352426697
2026,1,20167,CITY_31703,253.0,7.391157896458934e-05
2026,1,20167,JFK,253.0,0.00025579817624999876
2026,1,20167,NYC_CORE,253.0,7.751068759026319e-05
2026,1,20207,CITY_31703,1612.0,0.00047093069284947836
2026,1,20253,CITY_31703,476.0,0.00013905893907962264
2026,1,20253,JFK,107.0,0.00010818341841403109
2026,1,20253,NYC_CORE,107.0,3.2781199889953206e-05
2026,1,20304,CITY_31703,2222.0,0.0006491364761237846
2026,1,20304,LGA,2222.0,0.002088954488619805
2026,1,20304,NYC_CORE,2222.0,0.0006807460388362245
2026,1,20363,CITY_31703,206282.0,0.06026335309080403
2026,1,20363,EWR,6919.0,0.005711974176824361
2026,1,20363,JFK,91632.0,0.09264544856181772
2026,1,20363,LGA,100256.0,0.09425302484746495
2026,1,20363,NYC_CORE,198807.0,0.06090777576188717
2026,1,20368,CITY_31703,10386.0,0.003034172565716304
2026,1,20368,EWR,3862.0,0.0031882705984818153
2026,1,20368,NYC_CORE,3862.0,0.0011831868595794325
2026,1,20378,CITY_31703,5295.0,0.0015468846269466425
2026,1,20378,LGA,5295.0,0.004977954103169156
2026,1,20378,NYC_CORE,5295.0,0.0016222098450215162
2026,1,20397,CITY_31703,8080.0,0.0023604962768137626
2026,1,20398,CITY_31703,10889.0,0.003181119301760527
2026,1,20398,EWR,3868.0,0.0031932238930418595
2026,1,20398,NYC_CORE,3868.0,0.0011850250577041027
2026,1,20409,CITY_31703,451191.0,0.1318112222316681
2026,1,20409,EWR,52356.0,0.04322244833094612
2026,1,20409,JFK,281460.0,0.28457294342816064
2026,1,20409,LGA,45232.0,0.042523667609923946
2026,1,20409,NYC_CORE,379048.0,0.11612755379333628
2026,1,20416,CITY_31703,184997.0,0.05404513981704401
2026,1,20416,EWR,107341.0,0.08861526522828496
2026,1,20416,LGA,77656.0,0.0730062330190187
2026,1,20416,NYC_CORE,184997.0,0.05667685641160442
2026,1,20422,CITY_31703,2169.0,0.0006336530228229023
2026,1,20422,EWR,848.0,0.0007000656311529205
2026,1,20422,JFK,1321.0,0.0013356102404199538
2026,1,20422,NYC_CORE,2169.0,0.0006645086220683037
2026,1,20436,CITY_31703,96848.0,0.028293235571393474
2026,1,20436,EWR,15027.0,0.012405526225630823
2026,1,20436,JFK,43355.0,0.04383450565738615
2026,1,20436,LGA,29871.0,0.028082430031306112
2026,1,20436,NYC_CORE,88253.0,0.027037749849420936
2026,1,20445,CITY_31703,40.0,1.1685625132741398e-05
2026,1,20445,EWR,40.0,3.302196373362833e-05
2026,1,20445,NYC_CORE,40.0,1.2254654164468488e-05
2026,1,20452,CITY_31703,346729.0,0.1012936279162573
2026,1,20452,EWR,94898.0,0.07834295785984653
2026,1,20452,JFK,55937.0,0.05655566239089399
2026,1,20452,LGA,195894.0,0.18416455922308192
2026,1,20452,NYC_CORE,346729.0,0.10622609959479987
2026,1,20500,CITY_31703,35765.0,0.010448409571812402
2026,1,20500,EWR,35765.0,0.029525763323330432
2026,1,20500,NYC_CORE,35765.0,0.010957192654805386
2026,1,21080,CITY_31703,65.0,1.898914084070477e-05
2026,1,22080,CITY_31703,20170.0,0.00589247647318485
2026,1,22080,EWR,454.0,0.0003747992883766815
2026,1,22080,NYC_CORE,454.0,0.00013909032476671734
2026,2,19393,CITY_31703,108273.0,0.03373994443829862
2026,2,19393,LGA,84381.0,0.08244309266384368
2026,2,19393,NYC_CORE,84381.0,0.027651513786105395
2026,2,19790,CITY_31703,629680.0,0.1962203708579967
2026,2,19790,EWR,51776.0,0.04624624410042409
2026,2,19790,JFK,304025.0,0.3346417041548295
2026,2,19790,LGA,269229.0,0.2630458443819577
2026,2,19790,NYC_CORE,625030.0,0.20482129462473134
2026,2,19805,CITY_31703,334249.0,0.10415840226609474
2026,2,19805,EWR,61319.0,0.05477003712132851
2026,2,19805,JFK,118676.0,0.13062721447998865
2026,2,19805,LGA,154254.0,0.15071137834072296
2026,2,19805,NYC_CORE,334249.0,0.10953284307476732
2026,2,19930,CITY_31703,54726.0,0.017053671730997852
2026,2,19930,EWR,18760.0,0.016756403339847726
2026,2,19930,JFK,35966.0,0.03958794024054797
2026,2,19930,NYC_CORE,54726.0,0.017933619457678907
2026,2,19977,CITY_31703,749798.0,0.2336514445886549
2026,2,19977,EWR,688099.0,0.6146089755728081
2026,2,19977,LGA,61699.0,0.06028201104829869
2026,2,19977,NYC_CORE,749798.0,0.24570756134431035
2026,2,20207,CITY_31703,1375.0,0.0004284763847188182
2026,2,20253,CITY_31703,367.0,0.00011436424232131367
2026,2,20253,JFK,80.0,8.805636487915915e-05
2026,2,20253,NYC_CORE,80.0,2.6215867350332794e-05
2026,2,20304,CITY_31703,2732.0,0.000851343624037681
2026,2,20304,EWR,206.0,0.0001839988852883066
2026,2,20304,LGA,1807.0,0.0017655001533943132
2026,2,20304,NYC_CORE,2013.0,0.0006596567622027489
2026,2,20363,CITY_31703,205852.0,0.06414743327064594
2026,2,20363,EWR,6855.0,0.006122875527433698
2026,2,20363,JFK,88468.0,0.09737713110161815
2026,2,20363,LGA,103908.0,0.10152163250630675
2026,2,20363,NYC_CORE,199231.0,0.0652876683509269
2026,2,20368,CITY_31703,9453.0,0.0029457361925432643
2026,2,20368,EWR,2514.0,0.002245500959295159
2026,2,20368,NYC_CORE,2514.0,0.0008238336314842081
2026,2,20378,CITY_31703,6727.0,0.002096262283638902
2026,2,20378,LGA,6727.0,0.006572506658485636
2026,2,20378,NYC_CORE,6727.0,0.0022044267458211086
2026,2,20397,CITY_31703,7853.0,0.0024471454903250032
2026,2,20398,CITY_31703,9717.0,0.0030280036584092777
2026,2,20398,EWR,3459.0,0.003089573515593459
2026,2,20398,NYC_CORE,3459.0,0.0011335085645600143
2026,2,20409,CITY_31703,445415.0,0.13879986101784175
2026,2,20409,EWR,48173.0,0.04302805000482327
2026,2,20409,JFK,285385.0,0.3141245711379854
2026,2,20409,LGA,42310.0,0.04133830187610039
2026,2,20409,NYC_CORE,375868.0,0.12317132036543608
2026,2,20416,CITY_31703,177547.0,0.055327052129216014
2026,2,20416,EWR,102653.0,0.09168950277427446
2026,2,20416,LGA,74894.0,0.07317397260006292
2026,2,20416,NYC_CORE,177547.0,0.05818185750561921
2026,2,20422,CITY_31703,411.0,0.00012807548663231583
2026,2,20422,EWR,411.0,0.00036710457210433985
2026,2,20422,NYC_CORE,411.0,0.00013468401851233472
2026,2,20436,CITY_31703,72151.0,0.022483636097343603
2026,2,20436,EWR,13086.0,0.011688395208168835
2026,2,20436,JFK,26595.0,0.02927323779951547
2026,2,20436,LGA,22409.0,0.02189435137654298
2026,2,20436,NYC_CORE,62090.0,0.02034679004727704
2026,2,20445,CITY_31703,40.0,1.246476755545653e-05
2026,2,20445,EWR,40.0,3.572793889093332e-05
2026,2,20445,NYC_CORE,40.0,1.3107933675166397e-05
2026,2,20452,CITY_31703,340572.0,0.10612877039742354
2026,2,20452,EWR,89370.0,0.07982514746706777
2026,2,20452,JFK,49314.0,0.05428014472063568
2026,2,20452,LGA,201888.0,0.19725140839428396
2026,2,20452,NYC_CORE,340572.0,0.11160487969046926
2026,2,20500,CITY_31703,32407.0,0.010098643054241994
2026,2,20500,EWR,32407.0,0.028945882890961904
2026,2,20500,NYC_CORE,32407.0,0.010619720165277936
2026,2,21080,CITY_31703,40.0,1.246476755545653e-05
2026,2,22080,CITY_31703,19660.0,0.0061264332535068845
2026,2,22080,EWR,444.0,0.00039658012168935987
2026,2,22080,NYC_CORE,444.0,0.000145498063794347
2026,3,19393,CITY_31703,135469.0,0.03356062336462907
2026,3,19393,LGA,111912.0,0.09024593614272651
2026,3,19393,NYC_CORE,111912.0,0.029028399907762358
2026,3,19790,CITY_31703,767749.0,0.19019949233825156
2026,3,19790,EWR,68604.0,0.04683643771629014
2026,3,19790,JFK,384018.0,0.3338056229703136
2026,3,19790,LGA,309848.0,0.24986170224776183
2026,3,19790,NYC_CORE,762470.0,0.19777400169482776
2026,3,19805,CITY_31703,420807.0,0.10424927648539123
2026,3,19805,EWR,77856.0,0.05315284378227925
2026,3,19805,JFK,148996.0,0.12951398788620544
2026,3,19805,LGA,193955.0,0.156405484171157
2026,3,19805,NYC_CORE,420807.0,0.10915142147388801
2026,3,19930,CITY_31703,92313.0,0.02286930459853548
2026,3,19930,EWR,39809.0,0.027177886844029418
2026,3,19930,JFK,52504.0,0.045638825337440805
2026,3,19930,NYC_CORE,92313.0,0.023944694766291966
2026,3,19977,CITY_31703,965050.0,0.23907816236951096
2026,3,19977,EWR,885672.0,0.6046545604492759
2026,3,19977,LGA,79378.0,0.06401048966274703
2026,3,19977,NYC_CORE,965050.0,0.2503204064889026
2026,3,20207,CITY_31703,2329.0,0.0005769784365147827
2026,3,20253,CITY_31703,583.0,0.00014443041154491983
2026,3,20253,JFK,192.0,0.00016689498828258102
2026,3,20253,NYC_CORE,192.0,4.980210149305144e-05
2026,3,20304,CITY_31703,2707.0,0.0006706228542917633
2026,3,20304,EWR,284.0,0.00019388881568751677
2026,3,20304,LGA,2134.0,0.0017208594943221313
2026,3,20304,NYC_CORE,2418.0,0.0006271952156781165
2026,3,20363,CITY_31703,260368.0,0.0645026713432722
2026,3,20363,EWR,9861.0,0.006732174688361277
2026,3,20363,JFK,116708.0,0.10144781402335139
2026,3,20363,LGA,124432.0,0.10034207525655645
2026,3,20363,NYC_CORE,251001.0,0.06510613165029898
2026,3,20368,CITY_31703,11956.0,0.0029619382511682016
2026,3,20368,EWR,4134.0,0.002822311141028853
2026,3,20368,NYC_CORE,4134.0,0.0010723014977722638
2026,3,20378,CITY_31703,6811.0,0.00168733367587041
2026,3,20378,LGA,6811.0,0.005492396446030008
2026,3,20378,NYC_CORE,6811.0,0.0017666776732769445
2026,3,20397,CITY_31703,10080.0,0.0024971844740528165
2026,3,20398,CITY_31703,10905.0,0.0027015671318994013
2026,3,20398,EWR,3196.0,0.002181931883582055
2026,3,20398,NYC_CORE,3196.0,0.0008289974811030855
2026,3,20409,CITY_31703,541389.0,0.13412184575624803
2026,3,20409,EWR,59737.0,0.04078287388283517
2026,3,20409,JFK,348363.0,0.30281270209939987
2026,3,20409,LGA,48181.0,0.03885320116960385
2026,3,20409,NYC_CORE,456281.0,0.11835287849661981
2026,3,20416,CITY_31703,210383.0,0.05211955964331882
2026,3,20416,EWR,131278.0,0.08962442234445714
2026,3,20416,LGA,79105.0,0.06379034222040872
2026,3,20416,NYC_CORE,210383.0,0.05457039332506584
2026,3,20422,CITY_31703,392.0,9.711272954649842e-05
2026,3,20422,EWR,392.0,0.00026762118221657246
2026,3,20422,NYC_CORE,392.0,0.00010167929054831335
2026,3,20436,CITY_31703,86360.0,0.02139452888682552
2026,3,20436,EWR,16648.0,0.011365707759034433
2026,3,20436,JFK,29354.0,0.025515809823160852
2026,3,20436,LGA,34469.0,0.02779583219765208
2026,3,20436,NYC_CORE,80471.0,0.020873046402329908
2026,3,20452,CITY_31703,443654.0,0.10990931355668931
2026,3,20452,EWR,123512.0,0.08432251902534003
2026,3,20452,JFK,70289.0,0.06109834287184551
2026,3,20452,LGA,249853.0,0.20148168099103445
2026,3,20452,NYC_CORE,443654.0,0.11507761216561585
2026,3,20500,CITY_31703,43097.0,0.010676702309350618
2026,3,20500,EWR,43097.0,0.02942262778058067
2026,3,20500,NYC_CORE,43097.0,0.011178756083573113
2026,3,22080,CITY_31703,24144.0,0.005981351383088413
2026,3,22080,EWR,677.0,0.0004621927050015805
2026,3,22080,NYC_CORE,677.0,0.0001756042849520616
2026,4,19393,CITY_31703,137306.0,0.035634906875757176
2026,4,19393,LGA,113099.0,0.08946092002391974
2026,4,19393,NYC_CORE,113099.0,0.030754760027812772
2026,4,19790,CITY_31703,760287.0,0.19731662450183382
2026,4,19790,EWR,67665.0,0.0508321401258765
2026,4,19790,JFK,368723.0,0.3407561227384844
2026,4,19790,LGA,318379.0,0.25183669401405445
2026,4,19790,NYC_CORE,754767.0,0.20524211497813566
2026,4,19805,CITY_31703,412474.0,0.10704901882416694
2026,4,19805,EWR,76362.0,0.05736560828038397
2026,4,19805,JFK,147554.0,0.1363623341493596
2026,4,19805,LGA,188558.0,0.14914872950132413
2026,4,19805,NYC_CORE,412474.0,0.1121631392648215
2026,4,19930,CITY_31703,89886.0,0.02332803547867034
2026,4,19930,EWR,40434.0,0.03037533073006267
2026,4,19930,JFK,49452.0,0.045701168035797955
2026,4,19930,NYC_CORE,89886.0,0.024442500462957047
2026,4,19977,CITY_31703,888085.0,0.23048392839902707
2026,4,19977,EWR,786036.0,0.5904957082093174
2026,4,19977,LGA,102049.0,0.08072040802766589
2026,4,19977,NYC_CORE,888085.0,0.24149498279648898
2026,4,20206,CITY_31703,46.0,1.193834003091511e-05
2026,4,20206,EWR,46.0,3.4556690250355705e-05
2026,4,20206,NYC_CORE,46.0,1.2508677895289857e-05
2026,4,20207,CITY_31703,2656.0,0.0006893093722197942
2026,4,20253,CITY_31703,793.0,0.00020580660096773223
2026,4,20253,JFK,370.0,0.00034193626492852144
2026,4,20253,NYC_CORE,370.0,0.00010061327872298364
2026,4,20304,CITY_31703,129.0,3.3479257912783675e-05
2026,4,20304,EWR,129.0,9.690897918034536e-05
2026,4,20304,NYC_CORE,129.0,3.507868366287808e-05
2026,4,20363,CITY_31703,266806.0,0.06924392935409428
2026,4,20363,EWR,9463.0,0.007108912170415566
2026,4,20363,JFK,112316.0,0.10379706359922113
2026,4,20363,LGA,135088.0,0.1068541433981845
2026,4,20363,NYC_CORE,256867.0,0.06984927315063956
2026,4,20368,CITY_31703,11057.0,0.002869613602648443
2026,4,20368,EWR,4122.0,0.00309657993939057
2026,4,20368,NYC_CORE,4122.0,0.0011208863105301042
2026,4,20378,CITY_31703,5194.0,0.0013479943069689801
2026,4,20378,LGA,5194.0,0.004108436136519678
2026,4,20378,NYC_CORE,5194.0,0.0014123928910464243
2026,4,20397,CITY_31703,10179.0,0.002641747025536628
2026,4,20398,CITY_31703,11180.0,0.0029015356857745853
2026,4,20398,EWR,3612.0,0.00271345141704967
2026,4,20398,NYC_CORE,3612.0,0.0009822031425605862
2026,4,20409,CITY_31703,499739.0,0.12969682845020622
2026,4,20409,EWR,58575.0,0.044003437639447515
2026,4,20409,JFK,325439.0,0.3007551246542516
2026,4,20409,LGA,43146.0,0.03412833760998807
2026,4,20409,NYC_CORE,427160.0,0.11615667064678295
2026,4,20416,CITY_31703,177262.0,0.04600465283826248
2026,4,20416,EWR,106091.0,0.07969899620327146
2026,4,20416,LGA,71171.0,0.056296016224921454
2026,4,20416,NYC_CORE,177262.0,0.0482024621972798
2026,4,20422,CITY_31703,4238.0,0.0010998844576308312
2026,4,20422,EWR,1765.0,0.0013259251802582137
2026,4,20422,JFK,2473.0,0.0022854280626168474
2026,4,20422,NYC_CORE,4238.0,0.0011524299330486613
2026,4,20436,CITY_31703,86083.0,0.022341046193070986
2026,4,20436,EWR,20177.0,0.01515761606916146
2026,4,20436,JFK,19487.0,0.018008951336924588
2026,4,20436,LGA,33004.0,0.026106050490892464
2026,4,20436,NYC_CORE,72668.0,0.019760447941193984
2026,4,20452,CITY_31703,426935.0,0.1108020695891031
2026,4,20452,EWR,116136.0,0.08724512562859371
2026,4,20452,JFK,56259.0,0.05199187115841537
2026,4,20452,LGA,254540.0,0.20134026457252963
2026,4,20452,NYC_CORE,426935.0,0.11609548689620816
2026,4,20500,CITY_31703,39920.0,0.01036040291378546
2026,4,20500,EWR,39920.0,0.02998919727813478
2026,4,20500,NYC_CORE,39920.0,0.010855356990868937
2026,4,22080,CITY_31703,22877.0,0.005937247932331412
2026,4,22080,EWR,613.0,0.00046050545920582717
2026,4,22080,NYC_CORE,613.0,0.00016669172934375396
2026,5,19393,CITY_31703,152947.0,0.038790798981857874
2026,5,19393,LGA,126892.0,0.09697997989965111
2026,5,19393,NYC_CORE,126892.0,0.033504492499035594
2026,5,19790,CITY_31703,830679.0,0.2106788763914998
2026,5,19790,EWR,77449.0,0.05836455067005178
2026,5,19790,JFK,404008.0,0.3507345747123643
2026,5,19790,LGA,344550.0,0.26332985589654817
2026,5,19790,NYC_CORE,826007.0,0.21809842492553427
2026,5,19805,CITY_31703,466777.0,0.11838514502641224
2026,5,19805,EWR,88315.0,0.06655302576438202
2026,5,19805,JFK,168718.0,0.14647045597196262
2026,5,19805,LGA,209744.0,0.1603014288061692
2026,5,19805,NYC_CORE,466777.0,0.12324753723814219
2026,5,19930,CITY_31703,99289.0,0.025181923412094954
2026,5,19930,EWR,44862.0,0.033807414842798006
2026,5,19930,JFK,54427.0,0.047250130437688984
2026,5,19930,NYC_CORE,99289.0,0.02621621186313357
2026,5,19977,CITY_31703,955124.0,0.24224092716266432
2026,5,19977,EWR,837952.0,0.6314696376076028
2026,5,19977,LGA,117172.0,0.08955125780034927
2026,5,19977,NYC_CORE,955124.0,0.25219040517644037
2026,5,20207,CITY_31703,2723.0,0.0006906140403381498
2026,5,20253,CITY_31703,994.0,0.0002521007550848773
2026,5,20253,JFK,375.0,0.00032555163639615207
2026,5,20253,NYC_CORE,375.0,9.901478964109911e-05
2026,5,20304,CITY_31703,517.0,0.0001311228273429392
2026,5,20363,CITY_31703,273626.0,0.06939770745558817
2026,5,20363,EWR,9020.0,0.006797353704294014
2026,5,20363,JFK,105919.0,0.09195227673451742
2026,5,20363,LGA,150064.0,0.11468968653391265
2026,5,20363,NYC_CORE,265003.0,0.06997124346469383
2026,5,20368,CITY_31703,11891.0,0.0030158250288876017
2026,5,20368,EWR,5756.0,0.0043376461110772
2026,5,20368,NYC_CORE,5756.0,0.0015198110111311106
2026,5,20378,CITY_31703,1564.0,0.000396665574399143
2026,5,20378,LGA,1564.0,0.0011953211279123533
2026,5,20378,NYC_CORE,1564.0,0.00041295768266314404
2026,5,20397,CITY_31703,9788.0,0.0024824569323649687
2026,5,20398,CITY_31703,9307.0,0.002360464514662931
2026,5,20398,EWR,2713.0,0.002044481219484441
2026,5,20398,NYC_CORE,2713.0,0.0007163389981234717
2026,5,20409,CITY_31703,508188.0,0.12888790596083866
2026,5,20409,EWR,57406.0,0.04326040873045478
2026,5,20409,JFK,344461.0,0.2990395792657465
2026,5,20409,LGA,48876.0,0.03735454951908196
2026,5,20409,NYC_CORE,450743.0,0.11901392887252783
2026,5,20416,CITY_31703,3199.0,0.0008113383455900628
2026,5,20416,EWR,1894.0,0.0014272935605247074
2026,5,20416,LGA,1305.0,0.000997374726295154
2026,5,20416,NYC_CORE,3199.0,0.0008446621654983361
2026,5,20422,CITY_31703,4782.0,0.0012128227472996815
2026,5,20422,EWR,2279.0,0.0017174245113177446
2026,5,20422,JFK,2503.0,0.002172948655732183
2026,5,20422,NYC_CORE,4782.0,0.001262636597503296
2026,5,20436,CITY_31703,74285.0,0.018840346671509165
2026,5,20436,EWR,22778.0,0.017165202070555326
2026,5,20436,JFK,6420.0,0.005573444015102123
2026,5,20436,LGA,35770.0,0.02733800303415913
2026,5,20436,NYC_CORE,64968.0,0.01715411427574114
2026,5,20452,CITY_31703,486721.0,0.1234433919674714
2026,5,20452,EWR,149163.0,0.11240728055361507
2026,5,20452,JFK,65060.0,0.05648103857048974
2026,5,20452,LGA,272498.0,0.208262542655921
2026,5,20452,NYC_CORE,486721.0,0.1285135398104144
2026,5,20500,CITY_31703,26653.0,0.006759800226637057
2026,5,20500,EWR,26653.0,0.020085351250615117
2026,5,20500,NYC_CORE,26653.0,0.007037443168811239
2026,5,22080,CITY_31703,23814.0,0.006039765977456004
2026,5,22080,EWR,747.0,0.0005629294032270097
2026,5,22080,NYC_CORE,747.0,0.00019723746096506943
2026,6,19393,CITY_31703,163601.0,0.04035324163304328
2026,6,19393,LGA,138165.0,0.10436337322605303
2026,6,19393,NYC_CORE,138165.0,0.035518688797004774
2026,6,19790,CITY_31703,832780.0,0.20541055719198406
2026,6,19790,EWR,77046.0,0.057835481977363046
2026,6,19790,JFK,409132.0,0.3315811398496777
2026,6,19790,LGA,341205.0,0.25773028452643887
2026,6,19790,NYC_CORE,827383.0,0.21269901417097095
2026,6,19805,CITY_31703,482414.0,0.11899052395256106
2026,6,19805,EWR,91491.0,0.06867879035369678
2026,6,19805,JFK,179063.0,0.14512165669002383
2026,6,19805,LGA,211860.0,0.16002912641893097
2026,6,19805,NYC_CORE,482414.0,0.12401630468872914
2026,6,19930,CITY_31703,98716.0,0.024348937971329643
2026,6,19930,EWR,40239.0,0.030205876480117223
2026,6,19930,JFK,58477.0,0.04739270043650851
2026,6,19930,NYC_CORE,98716.0,0.02537735955766745
2026,6,19977,CITY_31703,956680.0,0.23597129116264476
2026,6,19977,EWR,835658.0,0.6272964618311041
2026,6,19977,LGA,121022.0,0.09141435352342048
2026,6,19977,NYC_CORE,956680.0,0.2459379669114358
2026,6,20207,CITY_31703,2639.0,0.0006509263676236773
2026,6,20253,CITY_31703,1094.0,0.00026984215467233913
2026,6,20253,JFK,292.0,0.0002366514788286076
2026,6,20253,NYC_CORE,292.0,7.506573393207682e-05
2026,6,20304,CITY_31703,203.0,5.007125904797517e-05
2026,6,20363,CITY_31703,282101.0,0.06958203078173815
2026,6,20363,EWR,7917.0,0.005942988744578346
2026,6,20363,JFK,102803.0,0.08331671910279913
2026,6,20363,LGA,161578.0,0.12204845741771937
2026,6,20363,NYC_CORE,272298.0,0.07000085348711182
2026,6,20368,CITY_31703,18121.0,0.004469661503489449
2026,6,20368,EWR,10006.0,0.007511121053208403
2026,6,20368,NYC_CORE,10006.0,0.0025722867593300025
2026,6,20378,CITY_31703,3362.0,0.0008292589798979928
2026,6,20378,LGA,3362.0,0.002539497418202803
2026,6,20378,NYC_CORE,3362.0,0.0008642842379439804
2026,6,20397,CITY_31703,9702.0,0.002393060863465296
2026,6,20398,CITY_31703,7344.0,0.0018114449578735452
2026,6,20409,CITY_31703,578033.0,0.14257556690284845
2026,6,20409,EWR,66227.0,0.04971407295531011
2026,6,20409,JFK,401564.0,0.3254476522066129
2026,6,20409,LGA,49009.0,0.037019104392832
2026,6,20409,NYC_CORE,516800.0,0.132856066082525
2026,6,20416,CITY_31703,0.0,0.0
2026,6,20416,EWR,0.0,0.0
2026,6,20416,LGA,0.0,0.0
2026,6,20416,NYC_CORE,0.0,0.0
2026,6,20422,CITY_31703,10958.0,0.0027028613627966104
2026,6,20422,EWR,4553.0,0.003417762757871063
2026,6,20422,JFK,6405.0,0.005190933979100108
2026,6,20422,NYC_CORE,10958.0,0.002817021617903075
2026,6,20436,CITY_31703,64911.0,0.016010716729374957
2026,6,20436,EWR,20009.0,0.01501999012129192
2026,6,20436,JFK,6484.0,0.005254959550427026
2026,6,20436,LGA,29536.0,0.022310111762057702
2026,6,20436,NYC_CORE,56029.0,0.01440362330986415
2026,6,20452,CITY_31703,485635.0,0.11978500437321883
2026,6,20452,EWR,147826.0,0.11096731769054421
2026,6,20452,JFK,69662.0,0.056457586706022134
2026,6,20452,LGA,268147.0,0.20254569131434477
2026,6,20452,NYC_CORE,485635.0,0.12484434143186345
2026,6,20500,CITY_31703,30512.0,0.007525981557004032
2026,6,20500,EWR,30512.0,0.022904190043523367
2026,6,20500,NYC_CORE,30512.0,0.00784385504703948
2026,6,21080,CITY_31703,1236.0,0.0003048673703610705
2026,6,22080,CITY_31703,24180.0,0.005964152925024826
2026,6,22080,EWR,674.0,0.0005059459913914115
2026,6,22080,NYC_CORE,674.0,0.00017326816667883485
