YEAR,MONTH,AIRLINE_ID,scope,segment_passengers,seats,departures_performed,departures_scheduled,asm,rpm,load_factor,gauge,segment_passenger_share,seat_share,departure_share
2024,1,19393,CITY_31703,136256.0,187272.0,1176.0,1254.0,181807349.0,136998638.0,0.7535374051353667,159.24489795918367,0.03937907212252089,0.041988597483267075,0.034689242205244684
2024,1,19393,LGA,111055.0,146438.0,922.0,995.0,153754785.0,118449711.0,0.7703806486412764,158.82646420824295,0.10238541278685985,0.09886610292504262,0.07536374039561877
2024,1,19393,NYC_CORE,111055.0,146438.0,922.0,995.0,153754785.0,118449711.0,0.7703806486412764,158.82646420824295,0.03348838920410684,0.03450102993247893,0.028600676241585757
2024,1,19576,CITY_31703,157.0,168.0,1.0,0.0,33600.0,31400.0,0.9345238095238095,168.0,4.537425378138049e-05,3.766758713095854e-05,2.9497654936432553e-05
2024,1,19576,EWR,157.0,168.0,1.0,0.0,33600.0,31400.0,0.9345238095238095,168.0,0.0001268809904798849,0.00011224671828679438,9.304056568663938e-05
2024,1,19576,NYC_CORE,157.0,168.0,1.0,0.0,33600.0,31400.0,0.9345238095238095,168.0,4.734300216149452e-05,3.9581072048624404e-05,3.1020256227316434e-05
2024,1,19690,CITY_31703,5768.0,8618.0,31.0,31.0,42943494.0,28741944.0,0.6692968206080298,278.0,0.0016669980624904627,0.001932257535086909,0.0009144273030294092
2024,1,19690,JFK,5768.0,8618.0,31.0,31.0,42943494.0,28741944.0,0.6692968206080298,278.0,0.005801836309356165,0.006804176618044727,0.003349540788762831
2024,1,19690,NYC_CORE,5768.0,8618.0,31.0,31.0,42943494.0,28741944.0,0.6692968206080298,278.0,0.0017393276208121043,0.0020304147554466973,0.0009616279430468095
2024,1,19790,CITY_31703,695828.0,846038.0,5102.0,5126.0,1131724918.0,942880694.0,0.8331359317123386,165.8247745981968,0.2010998487910218,0.18969172667322562,0.1504970354856789
2024,1,19790,EWR,54285.0,61503.0,509.0,510.0,54763667.0,49249428.0,0.8993084411239298,120.83104125736739,0.04387092081656403,0.041092320921385206,0.04735764793449944
2024,1,19790,JFK,358202.0,433292.0,2382.0,2383.0,735132735.0,616029857.0,0.8379845266991137,181.90260285474392,0.36030328878016593,0.3420973886268085,0.2573743922204214
2024,1,19790,LGA,273751.0,337604.0,2087.0,2109.0,329597406.0,269091828.0,0.8164258064579549,161.76521322472448,0.2523804343416836,0.22792985298833696,0.1705901585744646
2024,1,19790,NYC_CORE,686238.0,832399.0,4978.0,5002.0,1119493808.0,934371113.0,0.8346371425396932,167.21554841301727,0.20693354851783233,0.19611455233454111,0.15441883549958121
2024,1,19805,CITY_31703,376630.0,492352.0,3119.0,3192.0,570590780.0,454172380.0,0.7959686625150164,157.85572298813722,0.1088490777177155,0.1103911420184625,0.09200318574673313
2024,1,19805,EWR,77747.0,91524.0,520.0,531.0,105585696.0,89090748.0,0.843776679750257,176.0076923076923,0.06283195138114403,0.06115040859809862,0.048381094157052475
2024,1,19805,JFK,154274.0,194956.0,1281.0,1293.0,293583212.0,238767094.0,0.8132859245371292,152.1904761904762,0.15517900395104248,0.15392377079920258,0.13841166936790925
2024,1,19805,LGA,144609.0,205872.0,1318.0,1368.0,171421872.0,126314538.0,0.7368636016295517,156.20030349013658,0.13331999601724387,0.1389923540432427,0.10773254863495177
2024,1,19805,NYC_CORE,376630.0,492352.0,3119.0,3192.0,570590780.0,454172380.0,0.7959686625150164,157.85572298813722,0.11357194206422727,0.11599892848383525,0.09675217917299997
2024,1,19930,CITY_31703,42092.0,50434.0,288.0,423.0,124418153.0,103811378.0,0.8343748520362619,175.11805555555554,0.012164924141183869,0.011307899341445018,0.008495324621692576
2024,1,19930,EWR,19358.0,22455.0,129.0,179.0,55111715.0,47478728.0,0.8614997373970308,174.06976744186048,0.015644345310252307,0.015002976542440283,0.01200223297357648
2024,1,19930,JFK,22734.0,27979.0,159.0,244.0,69306438.0,56332650.0,0.8128054424034893,175.9685534591195,0.022867362457854205,0.022090282849416734,0.017179902755267422
2024,1,19930,NYC_CORE,42092.0,50434.0,288.0,423.0,124418153.0,103811378.0,0.8343748520362619,175.11805555555554,0.012692749343832022,0.011882332069644782,0.008933833793467134
2024,1,19977,CITY_31703,802722.0,963498.0,5752.0,6316.0,1288966842.0,1101472298.0,0.8545388927855756,167.50660639777468,0.23199306843246692,0.21602764800895413,0.16967051119436005
2024,1,19977,EWR,747527.0,892048.0,5249.0,5789.0,1210210654.0,1039897157.0,0.8592695441598716,169.946275481044,0.6041208036334836,0.5960086937755854,0.48836992928917006
2024,1,19977,LGA,55195.0,71450.0,503.0,527.0,78756188.0,61575141.0,0.7818451167291134,142.04771371769382,0.05088616324137346,0.048238729387141965,0.041114925617132585
2024,1,19977,NYC_CORE,802722.0,963498.0,5752.0,6316.0,1288966842.0,1101472298.0,0.8545388927855756,167.50660639777468,0.2420590406438166,0.22700168902800902,0.17842851381952415
2024,1,20253,CITY_31703,368.0,738.0,82.0,82.0,154062.0,75678.0,0.4912178213965806,9.0,0.00010635493879966891,0.00016546832918242502,0.0024188077047874695
2024,1,20253,JFK,121.0,261.0,29.0,29.0,62955.0,28501.0,0.4527201969660869,9.0,0.00012170981162137587,0.00020606754436176301,0.0031334413830361968
2024,1,20253,NYC_CORE,121.0,261.0,29.0,29.0,62955.0,28501.0,0.4527201969660869,9.0,3.648728192064227e-05,6.149202264697006e-05,0.0008995874305921767
2024,1,20304,CITY_31703,25831.0,37679.0,499.0,499.0,24831036.0,17223264.0,0.693618421720302,75.50901803607215,0.0074653652829734995,0.008448077473258256,0.014719329813279844
2024,1,20304,JFK,10250.0,14043.0,185.0,185.0,8037034.0,6063876.0,0.7544917689784565,75.90810810810811,0.010310128670405807,0.011087381323648423,0.019989195029713667
2024,1,20304,LGA,11647.0,16632.0,219.0,219.0,13407472.0,9172718.0,0.6841497039859565,75.94520547945206,0.010737768697749374,0.0112289229834422,0.0179009318293281
2024,1,20304,NYC_CORE,21897.0,30675.0,404.0,404.0,21444506.0,15236594.0,0.7105127066111945,75.92821782178218,0.006602991836498379,0.00722707967316401,0.012532183515835842
2024,1,20363,CITY_31703,201707.0,282852.0,3792.0,4020.0,148554018.0,104650339.0,0.7044598349403111,74.59177215189874,0.05829493380561092,0.06341876401884455,0.11185510751895224
2024,1,20363,EWR,6488.0,9090.0,120.0,122.0,4475448.0,3105835.0,0.6939718660567612,75.75,0.005243336727601869,0.006073349221589053,0.011164867882396725
2024,1,20363,JFK,77686.0,103540.0,1363.0,1427.0,50418594.0,37645453.0,0.7466581277534237,75.96478356566398,0.0781417225257703,0.0817480212383791,0.14727174500270124
2024,1,20363,LGA,113219.0,164465.0,2233.0,2394.0,89208016.0,60570156.0,0.6789766067659211,73.65203761755485,0.1043804785945296,0.111036845747464,0.18252411312735
2024,1,20363,NYC_CORE,197393.0,277095.0,3716.0,3943.0,144102058.0,101321444.0,0.7031228103626389,74.56808396124866,0.059523421819515206,0.06528403071019988,0.11527127214070788
2024,1,20368,CITY_31703,9612.0,11481.0,64.0,64.0,9012555.0,7673378.0,0.8514098388303871,179.390625,0.002777944760169613,0.0025741759991103276,0.0018878499159316834
2024,1,20368,EWR,5021.0,6096.0,34.0,34.0,3975024.0,3309225.0,0.8325044075205583,179.2941176470588,0.004057767217831224,0.004072952349263682,0.0031633792333457386
2024,1,20368,NYC_CORE,5021.0,6096.0,34.0,34.0,3975024.0,3309225.0,0.8325044075205583,179.2941176470588,0.0015140714258144203,0.0014362274714786569,0.0010546887117287589
2024,1,20378,CITY_31703,6373.0,7786.0,106.0,106.0,9509326.0,8278359.0,0.8705516037624538,73.45283018867924,0.0018418478939410054,0.0017457132940574,0.0031267514232618506
2024,1,20378,LGA,6373.0,7786.0,106.0,106.0,9509326.0,8278359.0,0.8705516037624538,73.45283018867924,0.005875487242273269,0.0052566374668759595,0.008664377963053785
2024,1,20378,NYC_CORE,6373.0,7786.0,106.0,106.0,9509326.0,8278359.0,0.8705516037624538,73.45283018867924,0.0019217640304153157,0.0018343942081582715,0.0032881471600955422
2024,1,20397,CITY_31703,9750.0,13336.0,205.0,220.0,5287074.0,4125540.0,0.7803068389056026,65.05365853658536,0.0028178278622194887,0.002990088940347995,0.006047019261968673
2024,1,20398,CITY_31703,11618.0,14332.0,210.0,232.0,11224933.0,9016011.0,0.8032129011371382,68.24761904761905,0.003357694779822156,0.0032134039211958202,0.006194507536650836
2024,1,20398,EWR,5993.0,6731.0,100.0,114.0,4748995.0,4228261.0,0.8903485895436823,67.31,0.004843297935961467,0.0044972182189786485,0.009304056568663937
2024,1,20398,NYC_CORE,5993.0,6731.0,100.0,114.0,4748995.0,4228261.0,0.8903485895436823,67.31,0.0018071758723174308,0.0015858344997576837,0.0031020256227316436
2024,1,20409,CITY_31703,521180.0,693308.0,4596.0,4637.0,857529623.0,655213376.0,0.7640708360695313,150.8503046127067,0.1506251820750311,0.15544785415827742,0.13557122208784403
2024,1,20409,EWR,63250.0,77229.0,480.0,479.0,101199112.0,82510399.0,0.8153273024767252,160.89375,0.05111606782071797,0.05159941551530264,0.0446594715295869
2024,1,20409,JFK,304267.0,396122.0,2672.0,2692.0,545335373.0,423299399.0,0.7762184885813377,148.249251497006,0.3060518946495964,0.31275052799873676,0.28870880605078336
2024,1,20409,LGA,106626.0,150681.0,1016.0,1034.0,138488252.0,100178836.0,0.7233742541569519,148.30807086614172,0.09830216580803854,0.10173072054281229,0.08304724538172306
2024,1,20409,NYC_CORE,474143.0,624032.0,4168.0,4205.0,785022737.0,605988634.0,0.77193768465333,149.7197696737044,0.14297677117106686,0.147022949718138,0.12929242795545492
2024,1,20416,CITY_31703,213786.0,281438.0,1438.0,1455.0,293966286.0,230046112.0,0.7825595075212128,195.71488178025035,0.061785861266918526,0.06310172849382566,0.04241762779859001
2024,1,20416,EWR,120102.0,155783.0,825.0,838.0,184605307.0,146093689.0,0.7913840147618292,188.82787878787877,0.09706153323958687,0.10408411020756957,0.07675846669147748
2024,1,20416,LGA,93684.0,125655.0,613.0,617.0,109360979.0,83952423.0,0.7676634185946708,204.98368678629691,0.08637049220227976,0.08483467517342651,0.05010626123916953
2024,1,20416,NYC_CORE,213786.0,281438.0,1438.0,1455.0,293966286.0,230046112.0,0.7825595075212128,195.71488178025035,0.06446669465030107,0.06630724854298069,0.04460712845488104
2024,1,20422,CITY_31703,855.0,930.0,5.0,5.0,945252.0,869127.0,0.919465920199058,186.0,0.000247101827917709,0.00020851700018923477,0.00014748827468216277
2024,1,20422,EWR,508.0,558.0,3.0,3.0,562464.0,512064.0,0.910394265232975,186.0,0.000410544860915806,0.00037281945716685275,0.0002791216970599181
2024,1,20422,JFK,347.0,372.0,2.0,2.0,382788.0,357063.0,0.9327956989247311,186.0,0.00034903557547617706,0.0002937054655271105,0.00021609940572663426
2024,1,20422,NYC_CORE,855.0,930.0,5.0,5.0,945252.0,869127.0,0.919465920199058,186.0,0.0002578233557202409,0.00021910950598345651,0.00015510128113658219
2024,1,20436,CITY_31703,45260.0,63012.0,313.0,313.0,63889146.0,45811440.0,0.7170457404454897,201.31629392971246,0.013080501440415802,0.014128035716047378,0.009232765995103389
2024,1,20436,LGA,17231.0,20328.0,97.0,97.0,19990756.0,16926296.0,0.8467061475814122,209.56701030927834,0.015885849783714216,0.01372423920198491,0.007928723230341671
2024,1,20436,NYC_CORE,17231.0,20328.0,97.0,97.0,19990756.0,16926296.0,0.8467061475814122,209.56701030927834,0.005195969874170141,0.004789309717883553,0.0030089648540496945
2024,1,20452,CITY_31703,298771.0,433104.0,5805.0,6079.0,220628659.0,148797318.0,0.6744242505684631,74.60878552971576,0.08634720494596707,0.09710703962361111,0.17123388690599098
2024,1,20452,EWR,86716.0,111118.0,1530.0,1583.0,56541084.0,44316803.0,0.7837982554420074,72.62614379084967,0.0700803310219981,0.07424185025352391,0.14235206550055823
2024,1,20452,JFK,60519.0,87392.0,1151.0,1197.0,35494352.0,24562039.0,0.6919985185248628,75.9270199826238,0.060874017268711125,0.06899867753587431,0.12436520799567802
2024,1,20452,LGA,151240.0,234214.0,3119.0,3294.0,128401323.0,79768996.0,0.6212474617570724,75.0926579031741,0.1394333423068271,0.15812716255675394,0.2549452345921203
2024,1,20452,NYC_CORE,298475.0,432724.0,5800.0,6074.0,220436759.0,148647838.0,0.6743332585469559,74.60758620689656,0.0900044749691215,0.10195047512600564,0.17991748611843533
2024,1,20500,CITY_31703,50274.0,62450.0,1249.0,1296.0,14837400.0,12025537.0,0.8104881583026676,50.0,0.014529587481561291,0.014002028668621196,0.03684257101560426
2024,1,20500,EWR,50228.0,62400.0,1248.0,1295.0,14825950.0,12015003.0,0.8104035829069975,50.0,0.0405922190434628,0.04169163822080934,0.11611462597692594
2024,1,20500,LGA,46.0,50.0,1.0,1.0,11450.0,10534.0,0.92,50.0,4.2408977427360794e-05,3.375698347595659e-05,8.173941474579042e-05
2024,1,20500,NYC_CORE,50274.0,62450.0,1249.0,1296.0,14837400.0,12025537.0,0.8104881583026676,50.0,0.015160013316350161,0.014713321127598775,0.03874430002791823
2024,1,22080,CITY_31703,5274.0,9242.0,68.0,69.0,8625029.0,4778921.0,0.5540759341214969,135.91176470588235,0.001524228117471342,0.002072165715859041,0.0020058405356774135
2024,2,19393,CITY_31703,129504.0,180747.0,1125.0,1149.0,175663195.0,130129701.0,0.7407909266366242,160.664,0.03712254418306267,0.040224289464799994,0.03285534885079291
2024,2,19393,LGA,103955.0,143426.0,894.0,915.0,149525592.0,110959945.0,0.7420799577907707,160.4317673378076,0.09243566715868472,0.09508964917351975,0.07120669056152927
2024,2,19393,NYC_CORE,103955.0,143426.0,894.0,915.0,149525592.0,110959945.0,0.7420799577907707,160.4317673378076,0.031109646728721366,0.033468435116258397,0.027406499080318822
2024,2,19564,CITY_31703,237.0,295.0,1.0,0.0,730125.0,586575.0,0.8033898305084746,295.0,6.793645734020456e-05,6.565069070090235e-05,2.9204754534038142e-05
2024,2,19564,JFK,237.0,295.0,1.0,0.0,730125.0,586575.0,0.8033898305084746,295.0,0.0002443981772227086,0.00023676693545733338,0.00010908694229300753
2024,2,19564,NYC_CORE,237.0,295.0,1.0,0.0,730125.0,586575.0,0.8033898305084746,295.0,7.09247874051942e-05,6.883820478362519e-05,3.0656039239730225e-05
2024,2,19690,CITY_31703,5394.0,7784.0,28.0,29.0,38787672.0,26878302.0,0.6929599177800617,278.0,0.0015461993708568078,0.0017322880556468606,0.0008177331269530679
2024,2,19690,JFK,5394.0,7784.0,28.0,29.0,38787672.0,26878302.0,0.6929599177800617,278.0,0.00556237876767633,0.006247436696948757,0.003054434384204211
2024,2,19690,NYC_CORE,5394.0,7784.0,28.0,29.0,38787672.0,26878302.0,0.6929599177800617,278.0,0.001614212250057458,0.0018163952069008083,0.0008583690987124463
2024,2,19790,CITY_31703,672741.0,810680.0,4828.0,4860.0,1072573411.0,900541510.0,0.8396082736755442,167.9121789560895,0.1928423639135298,0.18041254894036446,0.14100055489033614
2024,2,19790,EWR,52760.0,61416.0,489.0,488.0,53875292.0,47321715.0,0.8783565386522638,125.59509202453988,0.042302113742654655,0.04011139441564956,0.04487061846210314
2024,2,19790,JFK,336321.0,403518.0,2201.0,2217.0,684172051.0,576121107.0,0.8420705086650785,183.33393911858246,0.3468195753659012,0.32386345851482123,0.24010035998690957
2024,2,19790,LGA,274224.0,333096.0,2023.0,2040.0,323196508.0,268696708.0,0.8313725592604484,164.65447355412752,0.24383702939659618,0.22083849358625865,0.1611310234966149
2024,2,19790,NYC_CORE,663305.0,798030.0,4713.0,4745.0,1061243851.0,892139530.0,0.8406546046503313,169.32527052832592,0.19850112282617022,0.18622017818127595,0.14448191293684856
2024,2,19805,CITY_31703,371893.0,496093.0,3135.0,3161.0,564423650.0,439860385.0,0.7793089198158156,158.24338118022328,0.10660376763553037,0.11040287492163645,0.09155690546420957
2024,2,19805,EWR,74747.0,89159.0,509.0,515.0,102023256.0,85831879.0,0.8412971940436796,175.16502946954813,0.05993093434272569,0.05823062092459455,0.04670581758120756
2024,2,19805,JFK,145157.0,189946.0,1211.0,1215.0,284494992.0,224359580.0,0.7886240050229074,156.8505367464905,0.14968821186125195,0.15245061804196153,0.13210428711683211
2024,2,19805,LGA,151989.0,216988.0,1415.0,1431.0,177905402.0,129668926.0,0.7288644669710479,153.34840989399294,0.135146982980918,0.1438603376993272,0.11270410195141378
2024,2,19805,NYC_CORE,371893.0,496093.0,3135.0,3161.0,564423650.0,439860385.0,0.7793089198158156,158.24338118022328,0.11129296186700376,0.11576322551092533,0.09610668301655426
2024,2,19821,CITY_31703,293.0,349.0,1.0,0.0,380061.0,319077.0,0.839541547277937,349.0,8.398895358936682e-05,7.766810526988109e-05,2.9204754534038142e-05
2024,2,19821,JFK,293.0,349.0,1.0,0.0,380061.0,319077.0,0.839541547277937,349.0,0.0003021462697310279,0.00028010732364274355,0.00010908694229300753
2024,2,19821,NYC_CORE,293.0,349.0,1.0,0.0,380061.0,319077.0,0.839541547277937,349.0,8.76833869608519e-05,8.143909650672946e-05,3.0656039239730225e-05
2024,2,19930,CITY_31703,53452.0,68338.0,387.0,396.0,168501864.0,131791115.0,0.782134463509555,176.58397932816538,0.015322107669825377,0.015208260681756831,0.01130224000467276
2024,2,19930,EWR,24265.0,30077.0,171.0,173.0,73718806.0,59471321.0,0.80673201625105,175.88888888888889,0.019455284116101503,0.019643584893830463,0.015690952468342814
2024,2,19930,JFK,29187.0,38261.0,216.0,223.0,94783058.0,72319794.0,0.7630033840013898,177.13425925925927,0.03009809957214851,0.030708270228925534,0.023562779535289624
2024,2,19930,NYC_CORE,53452.0,68338.0,387.0,396.0,168501864.0,131791115.0,0.782134463509555,176.58397932816538,0.01599608327587528,0.01594666182543518,0.011863887185775598
2024,2,19977,CITY_31703,827507.0,1019869.0,6085.0,6134.0,1324926362.0,1106817430.0,0.8353803364054432,167.6037797863599,0.23720630381527705,0.2269664551675884,0.1777109313396221
2024,2,19977,EWR,766235.0,939358.0,5526.0,5566.0,1240035660.0,1040458045.0,0.8390549389523201,169.98878031125588,0.6143548165959627,0.6135039604581174,0.507065516608552
2024,2,19977,LGA,61272.0,80511.0,559.0,568.0,84890702.0,66359385.0,0.7817038077974664,144.0268336314848,0.054482402944994755,0.05337778885703602,0.044524093986459574
2024,2,19977,NYC_CORE,827507.0,1019869.0,6085.0,6134.0,1324926362.0,1106817430.0,0.8353803364054432,167.6037797863599,0.24764032933042213,0.23798627482871537,0.18654199877375843
2024,2,20253,CITY_31703,383.0,711.0,79.0,80.0,151101.0,80769.0,0.5345365020747712,9.0,0.00010978760827552046,0.00015822929182488668,0.0023071756081890133
2024,2,20253,JFK,112.0,225.0,25.0,25.0,58275.0,29008.0,0.49777777777777776,9.0,0.00011549618501663867,0.00018058495077254242,0.002727173557325188
2024,2,20253,NYC_CORE,112.0,225.0,25.0,25.0,58275.0,29008.0,0.49777777777777776,9.0,3.3517199111315405e-05,5.250371551293447e-05,0.0007664009809932557
2024,2,20304,CITY_31703,37030.0,49642.0,655.0,655.0,36951752.0,28561645.0,0.7729442706803185,75.78931297709924,0.010614713144758545,0.011047564704319304,0.019129114219794983
2024,2,20304,JFK,14996.0,19526.0,257.0,257.0,12135344.0,9840445.0,0.810891310538869,75.97665369649805,0.0154641142009778,0.015671563327931837,0.028035344169302933
2024,2,20304,LGA,18395.0,24278.0,320.0,320.0,21868218.0,16883505.0,0.7720567354870891,75.86875,0.016356636019277622,0.01609601120183727,0.025487853444842692
2024,2,20304,NYC_CORE,33391.0,43804.0,577.0,577.0,34003562.0,26723950.0,0.7859161931329429,75.91681109185441,0.009992614245767256,0.010221656685904806,0.01768853464132434
2024,2,20363,CITY_31703,229385.0,317640.0,4256.0,4365.0,167948471.0,119923006.0,0.7140464291574289,74.63345864661655,0.06575360450203724,0.07068910303130381,0.12429543529686633
2024,2,20363,EWR,6949.0,10014.0,132.0,134.0,4912358.0,3297940.0,0.6713557928799163,75.86363636363636,0.005571595686082396,0.0065402420163852195,0.01211231418608919
2024,2,20363,JFK,76638.0,105448.0,1388.0,1410.0,50687461.0,36926235.0,0.7285082793947797,75.97118155619597,0.07903032702951031,0.08463254172916912,0.15141267590269444
2024,2,20363,LGA,140774.0,194806.0,2639.0,2723.0,107079192.0,75972611.0,0.7094992928224562,73.8181129215612,0.1251747256851203,0.12915394835592353,0.21019514137793707
2024,2,20363,NYC_CORE,224361.0,310268.0,4159.0,4267.0,162679011.0,116196786.0,0.7142703000573319,74.60158691993267,0.06714243133762353,0.07240099024340955,0.127498467198038
2024,2,20368,CITY_31703,8571.0,9957.0,56.0,56.0,8016627.0,7022719.0,0.8760191786395949,177.80357142857142,0.002456891881278031,0.0022158777196911346,0.0016354662539061358
2024,2,20368,EWR,3776.0,4596.0,26.0,26.0,3057636.0,2537694.0,0.8299529440391205,176.76923076923077,0.003027535661339348,0.003001692860725631,0.0023857588548357495
2024,2,20368,NYC_CORE,3776.0,4596.0,26.0,26.0,3057636.0,2537694.0,0.8299529440391205,176.76923076923077,0.0011300084271814908,0.001072475895544208,0.0007970570202329859
2024,2,20378,CITY_31703,7068.0,10560.0,147.0,147.0,7051084.0,5629505.0,0.7983885881943826,71.83673469387755,0.002026054348019265,0.002350072182378064,0.004293098916503607
2024,2,20378,LGA,7068.0,10560.0,147.0,147.0,7051084.0,5629505.0,0.7983885881943826,71.83673469387755,0.006284789528907542,0.007001148294398286,0.011708482676224612
2024,2,20378,NYC_CORE,7068.0,10560.0,147.0,147.0,7051084.0,5629505.0,0.7983885881943826,71.83673469387755,0.002115174672489083,0.0024641743814070574,0.004506437768240343
2024,2,20397,CITY_31703,9961.0,13076.0,201.0,204.0,5183334.0,4192404.0,0.808823818800795,65.05472636815921,0.002855337770319737,0.002909994683406777,0.0058701556613416665
2024,2,20398,CITY_31703,10367.0,13073.0,193.0,200.0,10366511.0,8249741.0,0.7958069016663369,67.73575129533678,0.0029717183681261636,0.0029093270492640557,0.0056365176250693615
2024,2,20398,EWR,4945.0,5657.0,85.0,90.0,4055983.0,3547205.0,0.874561111326157,66.55294117647058,0.003964820933613103,0.0036946424092961045,0.007799596256193797
2024,2,20398,NYC_CORE,4945.0,5657.0,85.0,90.0,4055983.0,3547205.0,0.874561111326157,66.55294117647058,0.0014798441929058455,0.0013200600829185345,0.002605763335377069
2024,2,20409,CITY_31703,515346.0,664309.0,4431.0,4495.0,831817615.0,651802917.0,0.783588740183147,149.92304220266305,0.14772481664322812,0.14783845657229064,0.129406267340323
2024,2,20409,EWR,52991.0,63719.0,397.0,403.0,85611909.0,69577221.0,0.8127049357116893,160.50125944584383,0.04248732580244528,0.041615506395251634,0.0364287025142228
2024,2,20409,JFK,300806.0,388218.0,2623.0,2664.0,544926356.0,426186906.0,0.7821000054546821,148.00533739992375,0.3101959413403126,0.3115836818622883,0.28613504963455877
2024,2,20409,LGA,111619.0,147332.0,1009.0,1022.0,133088510.0,103650568.0,0.7788092901483381,146.01783944499505,0.09925041347299532,0.09767927845741366,0.08036638789326961
2024,2,20409,NYC_CORE,465416.0,599269.0,4029.0,4089.0,763626775.0,599414695.0,0.7849576712393302,148.73889302556466,0.13928072090707116,0.13983932929653656,0.12351318209687308
2024,2,20416,CITY_31703,221887.0,272798.0,1385.0,1400.0,278823952.0,233106672.0,0.8360353202367636,196.96606498194947,0.0636042899149619,0.06070975295533817,0.040448585029642825
2024,2,20416,EWR,123743.0,151682.0,805.0,816.0,173859378.0,145849491.0,0.8388934360503694,188.4248447204969,0.09921513382974441,0.09906500794181575,0.07386676454395302
2024,2,20416,LGA,98144.0,121116.0,580.0,584.0,104964574.0,87257181.0,0.8313012445513284,208.8206896551724,0.08726858850100479,0.08029839742654761,0.04619673436877738
2024,2,20416,NYC_CORE,221887.0,272798.0,1385.0,1400.0,278823952.0,233106672.0,0.8360353202367636,196.96606498194947,0.06640206035011109,0.06365737148665554,0.042458614347026365
2024,2,20422,CITY_31703,131.0,186.0,1.0,1.0,187488.0,132048.0,0.7043010752688172,186.0,3.755137515429029e-05,4.1393316848704536e-05,2.9204754534038142e-05
2024,2,20422,EWR,131.0,186.0,1.0,1.0,187488.0,132048.0,0.7043010752688172,186.0,0.00010503367892888098,0.00012147843170038455,9.175995595522114e-05
2024,2,20422,NYC_CORE,131.0,186.0,1.0,1.0,187488.0,132048.0,0.7043010752688172,186.0,3.9203152531984985e-05,4.3403071490692494e-05,3.0656039239730225e-05
2024,2,20436,CITY_31703,41413.0,62304.0,320.0,320.0,62690550.0,41284899.0,0.6585505949461282,194.7,0.011871107627974227,0.013865425876030577,0.009345521450892205
2024,2,20436,LGA,16892.0,20220.0,100.0,100.0,19184052.0,15951036.0,0.8314737678984606,202.2,0.015020184595685654,0.01340560781370581,0.00796495420151334
2024,2,20436,NYC_CORE,16892.0,20220.0,100.0,100.0,19184052.0,15951036.0,0.8314737678984606,202.2,0.005055111851681606,0.004718333900762377,0.0030656039239730227
2024,2,20452,CITY_31703,292422.0,426844.0,5706.0,5837.0,211764922.0,142292889.0,0.6719379567499852,74.80616894497021,0.08382326889593797,0.09499187600520666,0.16664232937122164
2024,2,20452,EWR,92300.0,119322.0,1638.0,1681.0,57811226.0,44925321.0,0.7771037583600112,72.84615384615384,0.07400464553538713,0.07793037326534025,0.15030280785465222
2024,2,20452,JFK,60588.0,92381.0,1216.0,1231.0,36329122.0,23577142.0,0.648987388134511,75.97121710526316,0.062479311230250925,0.07414497038808107,0.13264972182829715
2024,2,20452,LGA,139534.0,215141.0,2852.0,2925.0,117624574.0,73790426.0,0.6273385185650067,75.4351332398317,0.124072131030926,0.14263579973533538,0.2271604938271605
2024,2,20452,NYC_CORE,292422.0,426844.0,5706.0,5837.0,211764922.0,142292889.0,0.6719379567499852,74.80616894497021,0.08751041427258102,0.09960398197512443,0.17492335990190067
2024,2,20500,CITY_31703,45131.0,56800.0,1136.0,1172.0,13856000.0,11096768.0,0.8008637413394919,50.0,0.012936878718231107,0.012640539768851707,0.033176601150667326
2024,2,20500,EWR,44377.0,55950.0,1119.0,1155.0,13661350.0,10924102.0,0.7996356143426528,50.0,0.03558076007501489,0.036541495987293095,0.10267939071389245
2024,2,20500,LGA,754.0,850.0,17.0,17.0,194650.0,172666.0,0.8870588235294118,50.0,0.0006704486848891181,0.0005635393986968317,0.001354042214257268
2024,2,20500,NYC_CORE,45131.0,56800.0,1136.0,1172.0,13856000.0,11096768.0,0.8008637413394919,50.0,0.013505934938328353,0.013254271293931901,0.03482526057633354
2024,2,22080,CITY_31703,8438.0,11424.0,85.0,85.0,10069833.0,7373233.0,0.7322100575054223,134.4,0.0024187672026862706,0.0025423508154817235,0.002482404135393242
2024,3,19393,CITY_31703,161726.0,206727.0,1225.0,1227.0,201215534.0,162143735.0,0.8058211599110434,168.75673469387755,0.03924728194990503,0.04203330872391383,0.032927452087197266
2024,3,19393,LGA,132454.0,163306.0,950.0,951.0,170123634.0,140258630.0,0.824451175314066,171.90105263157895,0.09878279702370342,0.10014975917106275,0.07056900906254643
2024,3,19393,NYC_CORE,132454.0,163306.0,950.0,951.0,170123634.0,140258630.0,0.824451175314066,171.90105263157895,0.03355445588197295,0.03479463291732583,0.02679603982737709
2024,3,19690,CITY_31703,7111.0,8618.0,31.0,31.0,42943494.0,35434113.0,0.8251334416337898,278.0,0.001725680607606536,0.0017522774218301884,0.0008332661344515228
2024,3,19690,JFK,7111.0,8618.0,31.0,31.0,42943494.0,35434113.0,0.8251334416337898,278.0,0.006148990444896018,0.006213925451641629,0.0030520823077680418
2024,3,19690,NYC_CORE,7111.0,8618.0,31.0,31.0,42943494.0,35434113.0,0.8251334416337898,278.0,0.0018014234056858201,0.0018361857279065928,0.0008743970891038841
2024,3,19790,CITY_31703,771981.0,887122.0,5314.0,5314.0,1174901529.0,1027243516.0,0.8743230735892591,166.94053443733534,0.1873425173872453,0.1803764041551219,0.14283794317662554
2024,3,19790,EWR,61864.0,68884.0,527.0,528.0,63117599.0,57011130.0,0.903252514405689,130.70967741935485,0.042661208738844915,0.04110215153211188,0.04453270238296434
2024,3,19790,JFK,391503.0,453866.0,2503.0,2499.0,759660043.0,660870682.0,0.869955828386251,181.32880543347983,0.338538631155692,0.3272556845015989,0.24643103278527123
2024,3,19790,LGA,307362.0,350733.0,2160.0,2163.0,339889587.0,299363856.0,0.8807679536237161,162.3763888888889,0.22922733974662549,0.2150920693871894,0.1604516416580003
2024,3,19790,NYC_CORE,760729.0,873483.0,5190.0,5190.0,1162667229.0,1017245668.0,0.87492417660634,168.30115606936417,0.1927148116979283,0.1861077997411272,0.146390996530618
2024,3,19805,CITY_31703,436508.0,518812.0,3329.0,3370.0,588825000.0,508661223.0,0.8638580613934531,155.8462000600781,0.10593072572987117,0.1054888087461782,0.08948203101900384
2024,3,19805,EWR,84842.0,93980.0,532.0,543.0,109118902.0,99707213.0,0.9137483164924075,176.65413533834587,0.058506761150605845,0.05607659545014625,0.04495521379077235
2024,3,19805,JFK,164250.0,191312.0,1261.0,1272.0,290918880.0,253331070.0,0.8707962508311595,151.71451229183188,0.1420294867914739,0.1379436651200352,0.12415083193856453
2024,3,19805,LGA,187416.0,233520.0,1536.0,1555.0,188787218.0,155622940.0,0.8243298547892156,152.03125,0.13977287727810714,0.14320950707032548,0.11409894517902243
2024,3,19805,NYC_CORE,436508.0,518812.0,3329.0,3370.0,588825000.0,508661223.0,0.8638580613934531,155.8462000600781,0.11058018956111743,0.11054017055774834,0.09389896482667193
2024,3,19930,CITY_31703,82643.0,99069.0,561.0,567.0,244128617.0,203682831.0,0.8343259119024133,176.59358288770053,0.020055607151515532,0.020143463901519488,0.015079429078300137
2024,3,19930,EWR,38175.0,44495.0,252.0,256.0,109106221.0,93632691.0,0.8581792141806469,176.56746031746033,0.02632535309073782,0.026549564955886968,0.021294574953523746
2024,3,19930,JFK,44468.0,54574.0,309.0,311.0,135022396.0,110050140.0,0.8150510082786563,176.61488673139158,0.038452159626442994,0.039350054258283855,0.0304223688096879
2024,3,19930,NYC_CORE,82643.0,99069.0,561.0,567.0,244128617.0,203682831.0,0.8343259119024133,176.59358288770053,0.020935878851932672,0.021108039438150178,0.015823766677008997
2024,3,19977,CITY_31703,957200.0,1117067.0,6629.0,6652.0,1455401724.0,1257024000.0,0.8636955551661831,168.51214361140444,0.23229102483490036,0.22713057354044827,0.17818455500900465
2024,3,19977,EWR,883475.0,1024837.0,6000.0,6021.0,1358202582.0,1178641404.0,0.8677949958425274,170.80616666666666,0.6092414229689481,0.6115063827552834,0.507013689369613
2024,3,19977,LGA,73419.0,91912.0,628.0,631.0,97181334.0,78365460.0,0.8063838679143878,146.35668789808918,0.05475511630213721,0.056366359257655686,0.0466498291487149
2024,3,19977,NYC_CORE,956894.0,1116749.0,6628.0,6652.0,1455383916.0,1257006864.0,0.8636943490861005,168.4895896197948,0.24240911944316232,0.23793903173055925,0.18695173892195302
2024,3,20253,CITY_31703,476.0,882.0,98.0,99.0,180558.0,96576.0,0.5348752201508656,9.0,0.00011551455058651542,0.00017933496008983827,0.0026341961669757814
2024,3,20253,JFK,192.0,360.0,40.0,40.0,80856.0,42332.0,0.5235480360146433,9.0,0.00016602533615806995,0.0002595745141089564,0.003938170719700699
2024,3,20253,NYC_CORE,192.0,360.0,40.0,40.0,80856.0,42332.0,0.5235480360146433,9.0,4.863919194089122e-05,7.670304734815193e-05,0.0011282543085211407
2024,3,20304,CITY_31703,36559.0,46541.0,615.0,615.0,33045100.0,26124856.0,0.7905818411806894,75.67642276422764,0.008872051375824407,0.009463070722835787,0.01653092492540924
2024,3,20304,EWR,0.0,50.0,1.0,1.0,23150.0,0.0,0.0,50.0,0.0,2.9834324031786682e-05,8.450228156160216e-05
2024,3,20304,JFK,7714.0,9272.0,122.0,122.0,6239676.0,5359825.0,0.8589909155539487,76.0,0.006670413766267457,0.006685485818939566,0.012011420695087132
2024,3,20304,LGA,22824.0,28722.0,378.0,378.0,22140564.0,17354276.0,0.7838226704613306,75.98412698412699,0.017021898615889344,0.017614180635808017,0.02807903729015005
2024,3,20304,NYC_CORE,30538.0,38044.0,501.0,501.0,28403390.0,22714101.0,0.7996968319626636,75.93612774451098,0.007736164809848626,0.008105807592536367,0.014131385214227287
2024,3,20363,CITY_31703,264880.0,332176.0,4453.0,4452.0,173790816.0,138365531.0,0.796161351817348,74.59600269481248,0.06428044991461387,0.0675405552185965,0.1196946482810526
2024,3,20363,EWR,8115.0,10608.0,140.0,140.0,5224134.0,3901395.0,0.7468022451185211,75.77142857142857,0.00559607702243189,0.006329650186583862,0.011830319418624302
2024,3,20363,JFK,88519.0,111912.0,1473.0,1473.0,53401359.0,42490611.0,0.7956840761299726,75.9755600814664,0.07654373297591768,0.08069306395267091,0.14502313675297823
2024,3,20363,LGA,163927.0,204267.0,2769.0,2768.0,111150003.0,88696005.0,0.7979847287993326,73.76923076923077,0.12225502867187575,0.12526968302815253,0.20569009062546428
2024,3,20363,NYC_CORE,260561.0,326787.0,4382.0,4381.0,169775496.0,135088011.0,0.7956861513159709,74.57485166590598,0.06600769005890915,0.06962655203822368,0.12360025949849096
2024,3,20368,CITY_31703,13451.0,15327.0,87.0,87.0,12636897.0,11165113.0,0.8835328008133643,176.17241379310346,0.0032642567645781912,0.003116402418704026,0.0023385210870091122
2024,3,20368,EWR,7554.0,8859.0,51.0,51.0,6574125.0,5610308.0,0.8533923525944518,173.7058823529412,0.005209213287424584,0.005286045531951965,0.00430961635964171
2024,3,20368,NYC_CORE,7554.0,8859.0,51.0,51.0,6574125.0,5610308.0,0.8533923525944518,173.7058823529412,0.001913648207924439,0.0018875341568257722,0.0014385242433644543
2024,3,20378,CITY_31703,7185.0,9802.0,133.0,133.0,8626774.0,7137212.0,0.8273326738361293,73.69924812030075,0.0017436387520254483,0.0019930173229031688,0.0035749805123242748
2024,3,20378,LGA,7185.0,9802.0,133.0,133.0,8626774.0,7137212.0,0.8273326738361293,73.69924812030075,0.005358497264071369,0.006011217832748075,0.0098796612687565
2024,3,20378,NYC_CORE,7185.0,9802.0,133.0,133.0,8626774.0,7137212.0,0.8273326738361293,73.69924812030075,0.0018201697609130387,0.002088453528073848,0.003751445575832793
2024,3,20397,CITY_31703,11170.0,14116.0,217.0,217.0,5621424.0,4658400.0,0.8286868238368071,65.05069124423963,0.0027107090967465907,0.0028701726719140104,0.005832862941160659
2024,3,20398,CITY_31703,12443.0,14480.0,216.0,216.0,11455740.0,9878277.0,0.8622993364025371,67.03703703703704,0.003019637716277335,0.00294418392528442,0.0058059833884364165
2024,3,20398,EWR,6143.0,6620.0,101.0,101.0,4759780.0,4416817.0,0.9279456193353475,65.54455445544555,0.004236192378163783,0.003950064501808557,0.008534730437721818
2024,3,20398,NYC_CORE,6143.0,6620.0,101.0,101.0,4759780.0,4416817.0,0.9279456193353475,65.54455445544555,0.001556200812983827,0.0014104838151243494,0.0028488421290158803
2024,3,20409,CITY_31703,620324.0,751477.0,4997.0,5048.0,945898131.0,782574447.0,0.8273348063101311,150.3856313788273,0.15053875646644874,0.15279602925559116,0.1343171249630406
2024,3,20409,EWR,60209.0,70499.0,435.0,437.0,93575388.0,77524443.0,0.8284704413942692,162.06666666666666,0.04151992624073958,0.04206580019833859,0.03675849247929694
2024,3,20409,JFK,372112.0,451490.0,3030.0,3061.0,635419799.0,526327824.0,0.828315115185764,149.006600660066,0.3217709369190194,0.3255424927084798,0.29831643201732794
2024,3,20409,LGA,130997.0,160026.0,1103.0,1116.0,144087292.0,118994145.0,0.8258476049365964,145.0825022665458,0.09769618178170593,0.09813825187750902,0.08193433367998812
2024,3,20409,NYC_CORE,563318.0,682015.0,4568.0,4614.0,873082479.0,722846412.0,0.8279245425104906,149.30275831873905,0.14270485586332793,0.14531285788097179,0.12884664203311427
2024,3,20416,CITY_31703,261953.0,295327.0,1493.0,1515.0,302035960.0,273136616.0,0.904318201051292,197.80776959142665,0.06357013249955772,0.06004813578055745,0.04013117221729431
2024,3,20416,EWR,141603.0,159039.0,847.0,864.0,180061449.0,163274807.0,0.9067727040228362,187.76741440377805,0.09764895805390301,0.09489642119382645,0.07157343248267703
2024,3,20416,LGA,120350.0,136288.0,646.0,651.0,121974511.0,109861809.0,0.9006948099181148,210.97213622291022,0.08975576141001938,0.08358058110483264,0.04798692616253157
2024,3,20416,NYC_CORE,261953.0,295327.0,1493.0,1515.0,302035960.0,273136616.0,0.904318201051292,197.80776959142665,0.06636032420048062,0.06292355795607685,0.042112092065551575
2024,3,20422,CITY_31703,557.0,744.0,4.0,4.0,648582.0,530936.0,0.8186104455566143,186.0,0.00013517143839640564,0.00015127574864721053,0.00010751821089697067
2024,3,20422,EWR,557.0,744.0,4.0,4.0,648582.0,530936.0,0.8186104455566143,186.0,0.0003841053483049369,0.00044393474159298585,0.0003380091262464086
2024,3,20422,NYC_CORE,557.0,744.0,4.0,4.0,648582.0,530936.0,0.8186104455566143,186.0,0.00014110432245352297,0.00015851963118618066,0.00011282543085211407
2024,3,20436,CITY_31703,50015.0,63182.0,308.0,308.0,65564468.0,51639427.0,0.7876129948922944,205.13636363636363,0.01213752152853901,0.012846645633102224,0.008278902239066742
2024,3,20436,LGA,21379.0,23812.0,123.0,123.0,24538454.0,21862654.0,0.8909548254343977,193.59349593495935,0.01594423284740178,0.014603052339665084,0.009136829594413906
2024,3,20436,NYC_CORE,21379.0,23812.0,123.0,123.0,24538454.0,21862654.0,0.8909548254343977,193.59349593495935,0.005415923356793299,0.005073480454039428,0.0034693819987025075
2024,3,20452,CITY_31703,363367.0,462962.0,6197.0,6206.0,231433904.0,180611132.0,0.7804004896361252,74.70743908342746,0.08818104139279485,0.09413296121667994,0.1665725882321318
2024,3,20452,EWR,108244.0,128107.0,1760.0,1766.0,63216404.0,53703312.0,0.8495154517172473,72.78806818181818,0.07464470255281794,0.07643971497480193,0.1487240155484198
2024,3,20452,JFK,80581.0,105481.0,1388.0,1390.0,42800275.0,32739168.0,0.7649289169286879,75.99495677233429,0.06967962298413248,0.07605605367424119,0.13665452397361424
2024,3,20452,LGA,173323.0,227930.0,3030.0,3031.0,124688005.0,93553057.0,0.7502971677187392,75.22442244224422,0.12926246643015196,0.1397813589694214,0.22507799732580597
2024,3,20452,NYC_CORE,362148.0,461518.0,6178.0,6187.0,230704684.0,179995537.0,0.7801988840417302,74.7034639041761,0.09174263584900977,0.09833288057228996,0.17425887795109019
2024,3,20500,CITY_31703,49567.0,59500.0,1190.0,1198.0,14744800.0,12435030.0,0.8433501980359177,50.0,0.012028801951516408,0.012097993339393851,0.03198666774184877
2024,3,20500,EWR,49342.0,59200.0,1184.0,1192.0,14676100.0,12383505.0,0.8437871777924653,50.0,0.034026079167077554,0.03532383965363543,0.10005070136893696
2024,3,20500,LGA,225.0,300.0,6.0,6.0,68700.0,51525.0,0.75,50.0,0.00016780262831121197,0.00018397932562991455,0.00044569900460555636
2024,3,20500,NYC_CORE,49567.0,59500.0,1190.0,1198.0,14744800.0,12435030.0,0.8433501980359177,50.0,0.012556764723615391,0.012677309214486223,0.03356556567850393
2024,3,22080,CITY_31703,11577.0,14240.0,106.0,106.0,12497241.0,10042697.0,0.8035931290754496,134.33962264150944,0.0028094788910506072,0.0028953852966885456,0.002849232588769723
2024,4,19393,CITY_31703,155774.0,194613.0,1179.0,1186.0,186444989.0,151710421.0,0.8137007157644768,165.06615776081424,0.038554857398706684,0.039857089316105404,0.031855394342222586
2024,4,19393,LGA,125941.0,153950.0,930.0,936.0,159331694.0,131728643.0,0.8267573116997049,165.53763440860214,0.09594576372419583,0.09583773510437567,0.06972036884324162
2024,4,19393,NYC_CORE,125941.0,153950.0,930.0,936.0,159331694.0,131728643.0,0.8267573116997049,165.53763440860214,0.032512490257818334,0.032955372282252114,0.026306112635419907
2024,4,19690,CITY_31703,6785.0,8340.0,30.0,30.0,41558220.0,33809655.0,0.8135491606714629,278.0,0.0016793220142656982,0.001708046866839929,0.0008105698305909054
2024,4,19690,JFK,6785.0,8340.0,30.0,30.0,41558220.0,33809655.0,0.8135491606714629,278.0,0.005972837454312415,0.006003731816035291,0.002955665024630542
2024,4,19690,NYC_CORE,6785.0,8340.0,30.0,30.0,41558220.0,33809655.0,0.8135491606714629,278.0,0.0017515919867183633,0.0017853056501070648,0.0008485842785619325
2024,4,19790,CITY_31703,763680.0,899725.0,5406.0,5426.0,1187247154.0,1016675812.0,0.8563303845999365,166.4308176100629,0.1890146847243078,0.18426528384503058,0.14606468347248117
2024,4,19790,EWR,61674.0,70659.0,527.0,527.0,65052153.0,57016483.0,0.8764734197190983,134.07779886148006,0.043279514054579034,0.042160012219774556,0.04442009440323668
2024,4,19790,JFK,384321.0,455425.0,2532.0,2532.0,765505932.0,655084303.0,0.8557533986555704,179.8676935229068,0.3383178869976126,0.32784766934267057,0.24945812807881773
2024,4,19790,LGA,307494.0,361101.0,2233.0,2251.0,345527149.0,295625234.0,0.8555774411810402,161.71115091804748,0.23425847556084098,0.2247944266575197,0.16740385336232103
2024,4,19790,NYC_CORE,753489.0,887185.0,5292.0,5310.0,1176085234.0,1007726020.0,0.856847778432358,167.64644746787604,0.19451809793374103,0.1899156346750883,0.1496902667383249
2024,4,19805,CITY_31703,415388.0,499698.0,3195.0,3236.0,566407521.0,482384364.0,0.8516560005212219,156.4,0.10281064301574058,0.10233904115901425,0.08632568695793143
2024,4,19805,EWR,82787.0,94244.0,531.0,541.0,106847420.0,95197299.0,0.8909648824463895,177.48399246704332,0.05809548805066048,0.0562324430241078,0.044757248819959544
2024,4,19805,JFK,150212.0,177178.0,1192.0,1199.0,273185200.0,235808898.0,0.8631832837210801,148.63926174496643,0.13223166686620139,0.1275454671104917,0.1174384236453202
2024,4,19805,LGA,182389.0,228276.0,1472.0,1496.0,186374901.0,151378167.0,0.812223996835282,155.0788043478261,0.13894960259083503,0.14210753373619006,0.11035309993252868
2024,4,19805,NYC_CORE,415388.0,499698.0,3195.0,3236.0,566407521.0,482384364.0,0.8516560005212219,156.4,0.10723512043905195,0.10696806507760193,0.09037422566684582
2024,4,19930,CITY_31703,91391.0,107305.0,607.0,615.0,264650943.0,225546380.0,0.8522409837020682,176.77924217462933,0.022619737392152752,0.02197625528132597,0.01640052957228932
2024,4,19930,EWR,43741.0,49415.0,279.0,281.0,121377943.0,107474016.0,0.8854493110004344,177.11469534050178,0.030695093949822318,0.029484382793984625,0.02351652056641942
2024,4,19930,JFK,47650.0,57890.0,328.0,334.0,143273000.0,118072364.0,0.824107570861223,176.4939024390244,0.04194630872483222,0.04167338547125696,0.032315270935960594
2024,4,19930,NYC_CORE,91391.0,107305.0,607.0,615.0,264650943.0,225546380.0,0.8522409837020682,176.77924217462933,0.023593182499363,0.022970290501767215,0.01716968856956977
2024,4,19977,CITY_31703,934122.0,1110286.0,6644.0,6723.0,1418005654.0,1213345615.0,0.855670505669225,167.1110776640578,0.2311999467369053,0.22738855198995653,0.17951419848153252
2024,4,19977,EWR,853263.0,1010519.0,5917.0,5991.0,1312339865.0,1128753418.0,0.860107543864028,170.7823221226973,0.5987743295513875,0.6029450372679257,0.49873567093728927
2024,4,19977,LGA,80859.0,99767.0,727.0,732.0,105665789.0,84592197.0,0.8005637188778291,137.23108665749655,0.061600896522774555,0.06210745903318121,0.05450183671939426
2024,4,19977,NYC_CORE,934122.0,1110286.0,6644.0,6723.0,1418005654.0,1213345615.0,0.855670505669225,167.1110776640578,0.2411496845714563,0.2376738452080063,0.18793313155884933
2024,4,20253,CITY_31703,533.0,972.0,108.0,109.0,198270.0,106037.0,0.5348111161547385,9.0,0.00013192021129014255,0.00019906733268206366,0.0029180513901272596
2024,4,20253,JFK,246.0,486.0,54.0,54.0,105444.0,51220.0,0.48575547209893405,9.0,0.00021655387085642655,0.00034985775330853135,0.005320197044334975
2024,4,20253,NYC_CORE,246.0,486.0,54.0,54.0,105444.0,51220.0,0.48575547209893405,9.0,6.350650386628112e-05,0.00010403579687674263,0.0015274517014114786
2024,4,20304,CITY_31703,41845.0,51837.0,686.0,686.0,39973708.0,32582954.0,0.8151096215542476,75.56413994169097,0.010356850359167006,0.010616310004362278,0.018535030126178704
2024,4,20304,EWR,72.0,146.0,2.0,2.0,126938.0,71131.0,0.5603601758338717,73.0,5.0525748482824055e-05,8.711362719663574e-05,0.00016857720836142953
2024,4,20304,JFK,12675.0,15234.0,201.0,201.0,8980778.0,7674842.0,0.8545854267859644,75.7910447761194,0.011157806150834173,0.010966528835189643,0.01980295566502463
2024,4,20304,LGA,23807.0,29896.0,394.0,394.0,27408312.0,22040176.0,0.8041420427496593,75.87817258883248,0.018136911704543637,0.018611009604939364,0.02953744658520129
2024,4,20304,NYC_CORE,36554.0,45276.0,597.0,597.0,36516028.0,29786149.0,0.8157006835464142,75.8391959798995,0.009436653424097724,0.009692026212739504,0.016886827143382455
2024,4,20363,CITY_31703,265720.0,327781.0,4400.0,4471.0,174036776.0,141279708.0,0.8117807698299353,74.49568181818182,0.0657670516773296,0.0671301331006785,0.1188835751533328
2024,4,20363,EWR,8013.0,10242.0,135.0,138.0,5029178.0,3870185.0,0.7695462359852843,75.86666666666666,0.005623094758234293,0.006111080614711941,0.011378961564396493
2024,4,20363,JFK,88150.0,110301.0,1452.0,1473.0,52561706.0,42199974.0,0.8028653788368285,75.96487603305785,0.07759847039021951,0.07940259269070847,0.14305418719211824
2024,4,20363,LGA,164744.0,201863.0,2742.0,2787.0,112253392.0,91455409.0,0.8147228994202688,73.61889132020423,0.12550709378978187,0.1256647789631347,0.2055626358797511
2024,4,20363,NYC_CORE,260907.0,322406.0,4329.0,4398.0,169844276.0,137525568.0,0.8097156479974633,74.47586047586047,0.06735484310666588,0.06901597762930675,0.12245071139648686
2024,4,20368,CITY_31703,12146.0,14124.0,79.0,79.0,11708562.0,10011804.0,0.8550839975054153,178.78481012658227,0.003006196784859421,0.0028926203773677645,0.002134500553889384
2024,4,20368,EWR,6897.0,8043.0,45.0,45.0,5993385.0,5090179.0,0.8492995193867906,178.73333333333332,0.00483994565675052,0.004799006188647543,0.0037929871881321646
2024,4,20368,NYC_CORE,6897.0,8043.0,45.0,45.0,5993385.0,5090179.0,0.8492995193867906,178.73333333333332,0.001780505516933906,0.0017217282186823889,0.0012728764178428988
2024,4,20397,CITY_31703,11825.0,13726.0,211.0,216.0,5482324.0,4799460.0,0.875442604267825,65.0521327014218,0.0029267476519811175,0.0028111092678950677,0.0057010078084893685
2024,4,20398,CITY_31703,12524.0,14167.0,210.0,214.0,11145516.0,9809881.0,0.8801639152462748,67.46190476190476,0.003099753707688077,0.0029014268540193374,0.005673988814136338
2024,4,20398,EWR,5873.0,6534.0,99.0,100.0,4645962.0,4170703.0,0.8977049317235053,66.0,0.004121357233883689,0.003898633151389164,0.008344571813890762
2024,4,20398,NYC_CORE,5873.0,6534.0,99.0,100.0,4645962.0,4170703.0,0.8977049317235053,66.0,0.0015161532406775162,0.0013987034913428731,0.002800328119254377
2024,4,20409,CITY_31703,560997.0,708276.0,4686.0,4749.0,898889057.0,722646518.0,0.8039329351853485,151.14724711907812,0.13884961120663433,0.14505618736905487,0.12661100753829943
2024,4,20409,EWR,58055.0,68851.0,427.0,427.0,92159802.0,77532754.0,0.841286030540734,161.24355971896955,0.04073989344681042,0.0410812352473669,0.035991233985165204
2024,4,20409,JFK,366735.0,462273.0,3046.0,3079.0,647197195.0,520429144.0,0.8041276260475758,151.7639527248851,0.32283692613224224,0.33277735225348704,0.30009852216748767
2024,4,20409,LGA,85360.0,110432.0,801.0,823.0,89584906.0,71407805.0,0.797096388090199,137.8676654182272,0.06502989805938778,0.06874668894476398,0.06004947897143714
2024,4,20409,NYC_CORE,510150.0,641556.0,4274.0,4329.0,828941903.0,669369703.0,0.8074989339753524,150.10669162377164,0.13169854856659882,0.13733495823262448,0.12089497355245665
2024,4,20416,CITY_31703,259796.0,307061.0,1552.0,1578.0,300917154.0,259469891.0,0.8622635418119101,197.84858247422682,0.06430083154284029,0.062886640165316,0.04193347923590284
2024,4,20416,EWR,138306.0,163807.0,873.0,887.0,178972773.0,154426315.0,0.8628480880720332,187.6368843069874,0.09705575235646477,0.09773850637122816,0.073583951449764
2024,4,20416,LGA,121490.0,143254.0,679.0,691.0,121944381.0,105043576.0,0.8614056272096703,210.9779086892489,0.09255485373986669,0.08917920691550654,0.050903366069420496
2024,4,20416,NYC_CORE,259796.0,307061.0,1552.0,1578.0,300917154.0,259469891.0,0.8622635418119101,197.84858247422682,0.0670680312131885,0.06573114367236516,0.04390009334427064
2024,4,20422,CITY_31703,5038.0,5580.0,30.0,30.0,5698854.0,5145903.0,0.902971544805324,186.0,0.0012469306275417226,0.0011427939468785136,0.0008105698305909054
2024,4,20422,EWR,1819.0,2046.0,11.0,11.0,2062368.0,1833552.0,0.8890518084066471,186.0,0.0012764768956980133,0.0012207841181117584,0.0009271746459878624
2024,4,20422,JFK,3219.0,3534.0,19.0,19.0,3636486.0,3312351.0,0.9108658743633277,186.0,0.002833686627182264,0.0025440273666509253,0.00187192118226601
2024,4,20422,NYC_CORE,5038.0,5580.0,30.0,30.0,5698854.0,5145903.0,0.902971544805324,186.0,0.0013005925466598547,0.0011944850752514894,0.0008485842785619325
2024,4,20436,CITY_31703,63928.0,77158.0,383.0,383.0,69158688.0,57827798.0,0.836161004095393,201.45691906005223,0.01582250519203796,0.015802095941443075,0.010348274837210559
2024,4,20436,LGA,34301.0,40852.0,208.0,208.0,33207182.0,28428011.0,0.8560801997591967,196.40384615384616,0.026131566697927135,0.02543139431298444,0.015593372816552965
2024,4,20436,NYC_CORE,34301.0,40852.0,208.0,208.0,33207182.0,28428011.0,0.8560801997591967,196.40384615384616,0.00885502678502971,0.008745000769565206,0.005883517664696065
2024,4,20445,CITY_31703,48.0,50.0,1.0,1.0,7150.0,6864.0,0.96,50.0,1.1880244168718277e-05,1.0240089129735785e-05,2.701899435303018e-05
2024,4,20445,EWR,48.0,50.0,1.0,1.0,7150.0,6864.0,0.96,50.0,3.36838323218827e-05,2.9833433971450596e-05,8.428860418071477e-05
2024,4,20445,NYC_CORE,48.0,50.0,1.0,1.0,7150.0,6864.0,0.96,50.0,1.2391512949518267e-05,1.0703271283615496e-05,2.8286142618731085e-05
2024,4,20452,CITY_31703,375983.0,466565.0,6245.0,6328.0,235216792.0,188425377.0,0.8010711114536414,74.71016813450761,0.09305770506848342,0.09555334369630353,0.16873361973467346
2024,4,20452,EWR,111836.0,128916.0,1767.0,1797.0,67650366.0,59357668.0,0.8774182832950231,72.95755517826825,0.07848052232395987,0.0769201394772705,0.148937963587323
2024,4,20452,JFK,75983.0,98475.0,1296.0,1313.0,40215923.0,31297747.0,0.7782426627383388,75.98379629629629,0.06688785678570675,0.07088938736020087,0.1276847290640394
2024,4,20452,LGA,186242.0,236970.0,3153.0,3189.0,126237483.0,96799352.0,0.7668035649918654,75.1569933396765,0.14188493760984652,0.14751976672740436,0.23637454082015144
2024,4,20452,NYC_CORE,374061.0,464361.0,6216.0,6299.0,234103772.0,187454767.0,0.8007336464446203,74.70415057915058,0.09656628594603651,0.0994036351306195,0.17582666251803242
2024,4,20500,CITY_31703,52632.0,62500.0,1250.0,1274.0,15754850.0,13443846.0,0.8533147570430692,50.0,0.013026687730999591,0.012800111412169732,0.033773742941287724
2024,4,20500,EWR,52632.0,62500.0,1250.0,1274.0,15754850.0,13443846.0,0.8533147570430692,50.0,0.03693432214094438,0.037291792464313245,0.10536075522589346
2024,4,20500,NYC_CORE,52632.0,62500.0,1250.0,1274.0,15754850.0,13443846.0,0.8533147570430692,50.0,0.01358729394914678,0.01337908910451937,0.03535767827341386
2024,4,21080,CITY_31703,68.0,104.0,13.0,13.0,19864.0,12988.0,0.6538461538461539,8.0,1.6830345905684226e-05,2.1299385389850435e-05,0.00035124692658939234
2024,4,22080,CITY_31703,10098.0,12902.0,96.0,96.0,11209716.0,8635158.0,0.7703279904682688,134.39583333333334,0.0024993063669941076,0.002642352599037022,0.0025938234578908974
2024,5,19393,CITY_31703,163471.0,198240.0,1216.0,1220.0,188429000.0,157891386.0,0.8379356999188023,163.02631578947367,0.038332370359670666,0.039099319252923724,0.031475681412264124
2024,5,19393,LGA,133942.0,157462.0,970.0,974.0,162279004.0,139524670.0,0.859782637068687,162.3319587628866,0.09655251956215377,0.09497958501698886,0.06986459233650245
2024,5,19393,NYC_CORE,133942.0,157462.0,970.0,974.0,162279004.0,139524670.0,0.859782637068687,162.3319587628866,0.032596027743930556,0.03236334286518206,0.02624956025221227
2024,5,19690,CITY_31703,7873.0,8618.0,31.0,31.0,42943494.0,39231159.0,0.913553028544906,278.0,0.0018461424463157815,0.0016997474441167101,0.0008024227991613388
2024,5,19690,JFK,7873.0,8618.0,31.0,31.0,42943494.0,39231159.0,0.913553028544906,278.0,0.006481723893216625,0.005899474811200377,0.0029170979580314294
2024,5,19690,NYC_CORE,7873.0,8618.0,31.0,31.0,42943494.0,39231159.0,0.913553028544906,278.0,0.001915967556315161,0.001771267282342019,0.0008389034719779179
2024,5,19790,CITY_31703,816642.0,939155.0,5633.0,5638.0,1250049847.0,1095567353.0,0.8764189329163607,166.72377063731582,0.19149466018597897,0.1852316443350463,0.14580798798954261
2024,5,19790,EWR,73448.0,80952.0,569.0,570.0,73183502.0,66580880.0,0.9097799118713942,142.27065026362038,0.04872948263736847,0.0463434517375932,0.04573219739591706
2024,5,19790,JFK,413211.0,481589.0,2679.0,2679.0,820436779.0,716476250.0,0.873286362019614,179.76446435237028,0.3401904752495789,0.32967303026818034,0.2520937235343935
2024,5,19790,LGA,323474.0,368584.0,2312.0,2315.0,349861356.0,307321030.0,0.8784080457288344,159.42214532871972,0.23317726861513288,0.22232637311797018,0.16652261596081822
2024,5,19790,NYC_CORE,810133.0,931125.0,5560.0,5564.0,1243481637.0,1090378160.0,0.8768751604813606,167.4685251798561,0.19715337791188497,0.19137517385364497,0.15046139690958785
2024,5,19805,CITY_31703,427881.0,504191.0,3240.0,3309.0,569080461.0,497483383.0,0.8741881282056528,155.6145061728395,0.10033396114213679,0.09944272030594666,0.08386612481557218
2024,5,19805,EWR,85225.0,95528.0,536.0,553.0,107398140.0,97416157.0,0.9070562767660595,178.22388059701493,0.05654299855366692,0.05468792936047044,0.04307989069281466
2024,5,19805,JFK,153437.0,179154.0,1225.0,1238.0,274391414.0,240441118.0,0.8762705599818805,146.24816326530612,0.12632240175326803,0.12264034698605156,0.11527241930930648
2024,5,19805,LGA,189219.0,229509.0,1479.0,1518.0,187290907.0,159626108.0,0.8522896843037874,155.1784989858012,0.13639912200080015,0.13843765211710823,0.10652549697493517
2024,5,19805,NYC_CORE,427881.0,504191.0,3240.0,3309.0,569080461.0,497483383.0,0.8741881282056528,155.6145061728395,0.10412880908976088,0.10362694619996576,0.08767894352285335
2024,5,19930,CITY_31703,100273.0,113103.0,640.0,647.0,279771625.0,248051480.0,0.8866212933495311,176.7234375,0.023513049856398117,0.022307558038052015,0.01656614811171796
2024,5,19930,EWR,47923.0,53160.0,301.0,303.0,130548111.0,117734492.0,0.901847534201395,176.61129568106313,0.03179477993179677,0.030433070144906295,0.024192252049509724
2024,5,19930,JFK,52350.0,59943.0,339.0,344.0,149223514.0,130316988.0,0.8733006247259396,176.8230088495575,0.043098976985887244,0.04103414001018614,0.03189987767008563
2024,5,19930,NYC_CORE,100273.0,113103.0,640.0,647.0,279771625.0,248051480.0,0.8866212933495311,176.7234375,0.02440236438135274,0.02324618744891267,0.017319297485995724
2024,5,19977,CITY_31703,958573.0,1116984.0,6725.0,6801.0,1436438695.0,1257417267.0,0.8753713412043665,166.0942750929368,0.22477610862342914,0.22030525633781148,0.17407397820516138
2024,5,19977,EWR,869385.0,1013529.0,5992.0,6051.0,1326382698.0,1163905295.0,0.8775033757263321,169.14702937249666,0.5767982962461685,0.5802257176617144,0.4815945989390773
2024,5,19977,LGA,89188.0,103455.0,733.0,750.0,110055997.0,93511972.0,0.849676297058124,141.13915416098226,0.06429145536657188,0.06240307482397393,0.0527945836934601
2024,5,19977,NYC_CORE,958573.0,1116984.0,6725.0,6801.0,1436438695.0,1257417267.0,0.8753713412043665,166.0942750929368,0.23327762839574404,0.229574984230624,0.18198793061456445
2024,5,20253,CITY_31703,593.0,1017.0,113.0,114.0,207675.0,117355.0,0.5650896833995426,9.0,0.0001390527715820219,0.00020058518805601,0.0029249605259752025
2024,5,20253,JFK,251.0,459.0,51.0,51.0,101853.0,52453.0,0.5149872855978714,9.0,0.0002066445696935568,0.00031420967026467544,0.004799096640632352
2024,5,20253,NYC_CORE,251.0,459.0,51.0,51.0,101853.0,52453.0,0.5149872855978714,9.0,6.10831775225588e-05,9.433878888315e-05,0.0013801315184152844
2024,5,20304,CITY_31703,47688.0,56564.0,748.0,748.0,41893158.0,36008371.0,0.8595286848511158,75.62032085561498,0.011182375330865869,0.011156244422025714,0.019361685605570368
2024,5,20304,EWR,0.0,50.0,1.0,1.0,3350.0,0.0,0.0,50.0,0.0,2.8624031362778682e-05,8.037293039704228e-05
2024,5,20304,JFK,15890.0,18940.0,250.0,250.0,10369286.0,8919544.0,0.860188830744952,75.76,0.013082000846337122,0.012965427352533667,0.023524983532511527
2024,5,20304,LGA,27518.0,32566.0,430.0,430.0,29013978.0,24943099.0,0.8596924902886464,75.73488372093023,0.0198364384085003,0.019643502341283987,0.030970901757418613
2024,5,20304,NYC_CORE,43408.0,51556.0,681.0,681.0,39386614.0,33862643.0,0.8597500409656946,75.70631424375918,0.010563739322307699,0.010596362962221528,0.018428814981192327
2024,5,20363,CITY_31703,276791.0,335036.0,4491.0,4581.0,177345801.0,147236086.0,0.8302203106573693,74.60164773992429,0.0649048156812132,0.06607990075273684,0.11624776745269588
2024,5,20363,EWR,8516.0,10476.0,138.0,143.0,5159277.0,4156033.0,0.8055456219931592,75.91304347826087,0.005649987394344705,0.00599730705112939,0.011091464394791833
2024,5,20363,JFK,91329.0,112126.0,1476.0,1503.0,52775404.0,43262909.0,0.8197551457872307,75.96612466124661,0.07518980838861693,0.07675615139018954,0.13889150277594806
2024,5,20363,LGA,170969.0,205581.0,2786.0,2844.0,114065780.0,95155084.0,0.8342123641288386,73.79073941134243,0.12324355106704295,0.12400450945229698,0.20066263324690292
2024,5,20363,NYC_CORE,270814.0,328183.0,4400.0,4490.0,172000461.0,142574026.0,0.8289165341248708,74.58704545454546,0.06590509815774596,0.06745182298919132,0.1190701702162206
2024,5,20368,CITY_31703,12308.0,14319.0,79.0,79.0,11553981.0,9926974.0,0.8591821295188212,181.25316455696202,0.0028861071039317466,0.0028241684442222295,0.0020448839075401857
2024,5,20368,EWR,7868.0,9225.0,50.0,50.0,7007535.0,6003444.0,0.8567126671504316,184.5,0.005220068203229702,0.005281133786432667,0.0040186465198521135
2024,5,20368,NYC_CORE,7868.0,9225.0,50.0,50.0,7007535.0,6003444.0,0.8567126671504316,184.5,0.0019147507599501699,0.001896024678533897,0.001353070116093416
2024,5,20378,CITY_31703,404.0,438.0,6.0,6.0,370938.0,347721.0,0.9374100253950794,73.0,9.473409733412622e-05,8.638772110966803e-05,0.0001553076385473559
2024,5,20378,LGA,404.0,438.0,6.0,6.0,370938.0,347721.0,0.9374100253950794,73.0,0.00029122469354728257,0.00026419744597071753,0.000432152117545376
2024,5,20378,NYC_CORE,404.0,438.0,6.0,6.0,370938.0,347721.0,0.9374100253950794,73.0,9.831714629128986e-05,9.002263514339804e-05,0.00016236841393120992
2024,5,20397,CITY_31703,12939.0,16131.0,248.0,248.0,6690089.0,5405921.0,0.808049190376989,65.04435483870968,0.0030340705084313346,0.0031815532630594862,0.00641938239329071
2024,5,20398,CITY_31703,11948.0,13451.0,200.0,209.0,9928463.0,8778508.0,0.8841759293457607,67.255,0.002801690581554802,0.002652970859922705,0.005176921284911863
2024,5,20398,EWR,6570.0,7079.0,104.0,112.0,5081527.0,4716444.0,0.9281548636856598,68.0673076923077,0.004358902909916007,0.004052590360342206,0.008358784761292396
2024,5,20398,NYC_CORE,6570.0,7079.0,104.0,112.0,5081527.0,4716444.0,0.9281548636856598,68.0673076923077,0.0015988704235984513,0.0014549548725573396,0.002814385841474305
2024,5,20409,CITY_31703,610999.0,758540.0,4980.0,5012.0,927033803.0,763035060.0,0.8230930280327653,152.31726907630522,0.1432733632105292,0.1496085433117068,0.1289053399943054
2024,5,20409,EWR,74568.0,86694.0,550.0,555.0,120806934.0,102995707.0,0.8525645307743677,157.62545454545455,0.04947255284423391,0.0496306354992947,0.044205111718373255
2024,5,20409,JFK,397218.0,492126.0,3179.0,3195.0,649506693.0,537206594.0,0.8270993968032905,154.8052846807172,0.32702367603400495,0.3368861616310973,0.2991436905994166
2024,5,20409,LGA,89789.0,111880.0,821.0,828.0,89287080.0,73148088.0,0.8192460544123517,136.27283800243606,0.06472468814088354,0.0674849549205568,0.05913281475079228
2024,5,20409,NYC_CORE,561575.0,690700.0,4550.0,4578.0,859600707.0,713350389.0,0.8298624968441307,151.8021978021978,0.13666448373398787,0.14196035181174663,0.12312938056450086
2024,5,20416,CITY_31703,274592.0,323758.0,1642.0,1660.0,305773486.0,265523500.0,0.8683666575328902,197.1729598051157,0.06438917142369403,0.06385551555028288,0.04250252374912639
2024,5,20416,EWR,152612.0,177567.0,949.0,958.0,188954708.0,165539645.0,0.8760810818219994,187.1095890410959,0.10125127715191805,0.10165366753989045,0.07627391094679312
2024,5,20416,LGA,121980.0,146191.0,693.0,702.0,116818778.0,99983855.0,0.855888554150087,210.95382395382396,0.08792967356162754,0.08818102471211224,0.04991356957649092
2024,5,20416,NYC_CORE,274592.0,323758.0,1642.0,1660.0,305773486.0,265523500.0,0.8683666575328902,197.1729598051157,0.06682450949113333,0.06654234773688644,0.04443482261250778
2024,5,20422,CITY_31703,6091.0,6882.0,37.0,37.0,7003458.0,6199809.0,0.8852496866547925,186.0,0.001428280660549908,0.0013573522755176606,0.0009577304377086947
2024,5,20422,EWR,3230.0,3720.0,20.0,20.0,3749760.0,3255840.0,0.8682795698924731,186.0,0.0021429614001565755,0.002129627933390734,0.0016074586079408454
2024,5,20422,JFK,2861.0,3162.0,17.0,17.0,3253698.0,2943969.0,0.9048070841239721,186.0,0.002355418780451259,0.002164555506267764,0.001599698880210784
2024,5,20422,NYC_CORE,6091.0,6882.0,37.0,37.0,7003458.0,6199809.0,0.8852496866547925,186.0,0.0014823013318322933,0.001414465239855857,0.0010012718859091277
2024,5,20436,CITY_31703,62060.0,78554.0,399.0,399.0,67415358.0,54156208.0,0.8033215220780998,196.87719298245614,0.01455247049642543,0.015493381379106991,0.010327957963399166
2024,5,20436,LGA,36544.0,45438.0,236.0,236.0,35811394.0,29512212.0,0.8241011785243546,192.53389830508473,0.02634285940839578,0.027407770662140327,0.01699798329011812
2024,5,20436,NYC_CORE,36544.0,45438.0,236.0,236.0,35811394.0,29512212.0,0.8241011785243546,192.53389830508473,0.008893321272447763,0.009338923506040457,0.006386490947960923
2024,5,20452,CITY_31703,412257.0,510548.0,6833.0,6923.0,248268759.0,200997467.0,0.8095962931848385,74.71798624323138,0.09667028407097741,0.1006965256554767,0.1768695156990138
2024,5,20452,EWR,127386.0,148654.0,2029.0,2055.0,74417080.0,64695313.0,0.8693610794726156,73.2646623952686,0.08451494765335775,0.08510153516405004,0.16307667577559878
2024,5,20452,JFK,80226.0,104691.0,1380.0,1397.0,43121837.0,33312464.0,0.7725195937269556,75.86304347826086,0.06604887349894537,0.07166650237402862,0.12985790909946363
2024,5,20452,LGA,204218.0,256747.0,3418.0,3465.0,130499562.0,102774055.0,0.787543294589755,75.11614979520188,0.14721119917534395,0.15486735538959773,0.24618265629501584
2024,5,20452,NYC_CORE,411830.0,510092.0,6827.0,6917.0,248038479.0,200781832.0,0.8094785648157438,74.71685952834335,0.10022264939886609,0.10483978540083606,0.18474819365139503
2024,5,20500,CITY_31703,50529.0,60150.0,1203.0,1220.0,15522800.0,13203365.0,0.8505788259850027,50.0,0.01184856238662392,0.011863519234581123,0.031139181528744855
2024,5,20500,EWR,50529.0,60150.0,1203.0,1220.0,15522800.0,13203365.0,0.8505788259850027,50.0,0.0335237450738426,0.03443470972942276,0.09668863526764186
2024,5,20500,NYC_CORE,50529.0,60150.0,1203.0,1220.0,15522800.0,13203365.0,0.8505788259850027,50.0,0.01229670070532818,0.012362697497432403,0.03255486699320759
2024,5,21080,CITY_31703,327.0,480.0,60.0,60.0,87176.0,58877.0,0.6753808387629623,8.0,7.667834115905761e-05,9.46714751886773e-05,0.001553076385473559
2024,5,22080,CITY_31703,10329.0,14006.0,109.0,109.0,9169281.0,6910925.0,0.7537041344899343,128.4954128440367,0.0024220507211984896,0.0027624347531096127,0.002821422100276965
2024,6,19393,CITY_31703,174370.0,202223.0,1185.0,1190.0,193187490.0,169312152.0,0.8764136435542488,170.65232067510547,0.041856280554460695,0.04217607111803723,0.03234788305626075
2024,6,19393,LGA,147466.0,163173.0,939.0,943.0,168766974.0,153308425.0,0.908402997140898,173.77316293929712,0.1073939777049677,0.10359808972114043,0.07151561309977152
2024,6,19393,NYC_CORE,147466.0,163173.0,939.0,943.0,168766974.0,153308425.0,0.908402997140898,173.77316293929712,0.03677003381628298,0.03553309109343744,0.02693013651485603
2024,6,19690,CITY_31703,7701.0,8340.0,30.0,30.0,40624974.0,37618758.0,0.9260007895635822,278.0,0.0018485703764976877,0.0017394086386040683,0.0008189337482597658
2024,6,19690,JFK,7701.0,8340.0,30.0,30.0,40624974.0,37618758.0,0.9260007895635822,278.0,0.006381370805622169,0.005975962871643627,0.0029414648494950485
2024,6,19690,NYC_CORE,7701.0,8340.0,30.0,30.0,40624974.0,37618758.0,0.9260007895635822,278.0,0.0019202123229706864,0.0018161459292852877,0.0008603877480784673
2024,6,19779,CITY_31703,286.0,334.0,1.0,0.0,62458.0,53482.0,0.8562874251497006,334.0,6.865226953361105e-05,6.965977041891592e-05,2.729779160865886e-05
2024,6,19779,JFK,286.0,334.0,1.0,0.0,62458.0,53482.0,0.8562874251497006,334.0,0.00023699156608335807,0.0002393251317900445,9.804882831650162e-05
2024,6,19779,NYC_CORE,286.0,334.0,1.0,0.0,62458.0,53482.0,0.8562874251497006,334.0,7.131291057909574e-05,7.273294249176093e-05,2.8679591602615577e-05
2024,6,19790,CITY_31703,800909.0,892544.0,5359.0,5387.0,1205675953.0,1088045647.0,0.9024362178682351,166.55047583504384,0.19225251937026186,0.1861509285292841,0.14628886523080284
2024,6,19790,EWR,74831.0,82218.0,564.0,565.0,74009420.0,67767736.0,0.9156636547077386,145.77659574468086,0.05230855694482405,0.05070512176124103,0.048877719039778146
2024,6,19790,JFK,410582.0,461111.0,2582.0,2587.0,800648987.0,720816562.0,0.9002903565779444,178.5867544539117,0.3402254237260046,0.3304055414516144,0.2531620747132072
2024,6,19790,LGA,309664.0,342618.0,2153.0,2175.0,325871886.0,294912389.0,0.9049948819457226,159.13516024152347,0.22551672054596394,0.21752722756876255,0.16397562833206397
2024,6,19790,NYC_CORE,795077.0,885947.0,5299.0,5327.0,1200530293.0,1083496687.0,0.9025150746446012,167.19135685978486,0.1982491433723626,0.19292674311900634,0.15197315590225996
2024,6,19805,CITY_31703,400829.0,460218.0,2932.0,3046.0,525735405.0,467392266.0,0.8890256611117906,156.9638472032742,0.09621615575135588,0.09598407252291212,0.08003712499658777
2024,6,19805,EWR,91644.0,101504.0,580.0,609.0,111247780.0,101508424.0,0.9124534799705666,175.00689655172414,0.06406122319161117,0.06259909848516151,0.05026432099835341
2024,6,19805,JFK,138015.0,159452.0,1124.0,1151.0,241891322.0,213548904.0,0.8828299512125533,141.8612099644128,0.11436500347200931,0.11425410453349155,0.11020688302774782
2024,6,19805,LGA,171170.0,199262.0,1228.0,1286.0,172596303.0,152334938.0,0.8826083488010749,162.2654723127036,0.12465671520051619,0.1265108967415803,0.09352627570449353
2024,6,19805,NYC_CORE,400829.0,460218.0,2932.0,3046.0,525735405.0,467392266.0,0.8890256611117906,156.9638472032742,0.09994504417660269,0.10021859080141686,0.08408856257886888
2024,6,19821,CITY_31703,253.0,289.0,1.0,0.0,54043.0,47311.0,0.8754325259515571,289.0,6.0730853818194385e-05,6.027447200918174e-05,2.729779160865886e-05
2024,6,19821,JFK,253.0,289.0,1.0,0.0,54043.0,47311.0,0.8754325259515571,289.0,0.00020964638538143213,0.00020708072780635588,9.804882831650162e-05
2024,6,19821,NYC_CORE,253.0,289.0,1.0,0.0,54043.0,47311.0,0.8754325259515571,289.0,6.308449781996931e-05,6.293359395245181e-05,2.8679591602615577e-05
2024,6,19930,CITY_31703,100461.0,111521.0,638.0,660.0,278031475.0,250272967.0,0.9001605555629988,174.79780564263322,0.024114949823832516,0.023259063643377015,0.017415991046324353
2024,6,19930,EWR,45912.0,51210.0,293.0,307.0,125280677.0,112506789.0,0.8980378434576946,174.77815699658703,0.03209352362591388,0.031582004979361616,0.02539214836640957
2024,6,19930,JFK,54549.0,60311.0,345.0,353.0,152750798.0,137766178.0,0.901901527218208,174.8144927536232,0.045201583700283564,0.043215383303561,0.03382684576919306
2024,6,19930,NYC_CORE,100461.0,111521.0,638.0,660.0,278031475.0,250272967.0,0.9001605555629988,174.79780564263322,0.02504953255135153,0.024285181076717576,0.01829757944246874
2024,6,19977,CITY_31703,905506.0,1017992.0,6072.0,6212.0,1360619160.0,1225516554.0,0.9007050540137918,167.65349143610013,0.21736028663042659,0.21231463774938042,0.1657521906477766
2024,6,19977,EWR,809930.0,910108.0,5365.0,5495.0,1245820876.0,1123895965.0,0.9021328721096178,169.63802423112767,0.5661593393957229,0.5612777853496747,0.464944969234769
2024,6,19977,LGA,94577.0,106825.0,702.0,717.0,114738980.0,101564645.0,0.885179953665267,152.17236467236467,0.06887689521247427,0.0678228992202192,0.053465346534653464
2024,6,19977,NYC_CORE,904507.0,1016933.0,6067.0,6212.0,1360559856.0,1225460610.0,0.9007031955233581,167.61710895005768,0.22553505877330823,0.2214506868472273,0.1739990822530687
2024,6,20253,CITY_31703,418.0,891.0,99.0,100.0,182097.0,87458.0,0.4802824868064823,9.0,0.00010033793239527768,0.0001858289085127368,0.0027024813692572273
2024,6,20253,JFK,123.0,234.0,26.0,26.0,60606.0,31857.0,0.5256410256410257,9.0,0.000101922946252633,0.00016767090071518088,0.002549269536229042
2024,6,20253,NYC_CORE,123.0,234.0,26.0,26.0,60606.0,31857.0,0.5256410256410257,9.0,3.066953846583488e-05,5.0956612404407355e-05,0.000745669381668005
2024,6,20304,CITY_31703,47305.0,55703.0,739.0,739.0,41865635.0,36575700.0,0.8736449357569759,75.37618403247632,0.011355229406599547,0.011617539495942736,0.020173067998798897
2024,6,20304,JFK,17689.0,20454.0,271.0,271.0,12220071.0,10801144.0,0.8838855355259393,75.4760147601476,0.01465784549807175,0.014656156424052606,0.02657123247377194
2024,6,20304,LGA,24339.0,28490.0,377.0,377.0,25887914.0,22654821.0,0.8751118765304922,75.57029177718833,0.017725184268653174,0.018088222782907042,0.028712871287128714
2024,6,20304,NYC_CORE,42028.0,48944.0,648.0,648.0,38107985.0,33455965.0,0.8779253219502422,75.53086419753086,0.010479507013350474,0.010658206997954332,0.018584375358494894
2024,6,20363,CITY_31703,279044.0,326652.0,4376.0,4641.0,172665641.0,148757769.0,0.8615365983554307,74.64625228519196,0.0669825311179614,0.06812725546969978,0.11945513607949117
2024,6,20363,EWR,7686.0,9029.0,121.0,134.0,4441504.0,3737466.0,0.841486577519687,74.6198347107438,0.005372687371248783,0.005568324994310799,0.010486177311725452
2024,6,20363,JFK,89851.0,107367.0,1414.0,1519.0,50363649.0,42359679.0,0.8410764478165591,75.93140028288543,0.07445429791662869,0.07693299827814883,0.1386410432395333
2024,6,20363,LGA,175569.0,203657.0,2754.0,2901.0,112734168.0,98044659.0,0.8696978098068724,73.94952795933187,0.12786034253104767,0.1293012701754475,0.20974866717440974
2024,6,20363,NYC_CORE,273106.0,320053.0,4289.0,4554.0,167539321.0,144141804.0,0.8603461154053501,74.62182326882723,0.06809784530284797,0.06969579773447772,0.12300676838361822
2024,6,20368,CITY_31703,16820.0,19182.0,106.0,106.0,14433966.0,12771465.0,0.8848202219680994,180.96226415094338,0.004037521585857825,0.004000639868789357,0.002893565910517839
2024,6,20368,EWR,11443.0,13272.0,72.0,72.0,9365142.0,8133442.0,0.8684803711465346,184.33333333333334,0.00799891511699191,0.008185049210819905,0.006239708813588699
2024,6,20368,NYC_CORE,11443.0,13272.0,72.0,72.0,9365142.0,8133442.0,0.8684803711465346,184.33333333333334,0.0028532644606873866,0.002890154529193566,0.0020649305953883215
2024,6,20378,CITY_31703,1334.0,1402.0,19.0,19.0,1645750.0,1576763.0,0.9580817256569953,73.78947368421052,0.0003202172292232068,0.0002924041860099405,0.0005186580405645183
2024,6,20378,LGA,1334.0,1402.0,19.0,19.0,1645750.0,1576763.0,0.9580817256569953,73.78947368421052,0.0009715023548372297,0.000890125950917363,0.001447067783701447
2024,6,20378,NYC_CORE,1334.0,1402.0,19.0,19.0,1645750.0,1576763.0,0.9580817256569953,73.78947368421052,0.0003326273521416564,0.00030530414782469704,0.000544912240449696
2024,6,20397,CITY_31703,13202.0,15962.0,241.0,245.0,6771768.0,5654688.0,0.8350386486955844,66.23236514522821,0.0031690463719675982,0.0033290696270261554,0.006578767777686785
2024,6,20398,CITY_31703,7582.0,8181.0,124.0,127.0,5990819.0,5552082.0,0.9267651050716104,65.9758064516129,0.0018200052713420942,0.0017062472508896742,0.0033849261594736985
2024,6,20398,EWR,2286.0,2461.0,36.0,37.0,1769459.0,1643634.0,0.9288906948394962,68.36111111111111,0.0015979655647508089,0.0015177370485102311,0.0031198544067943495
2024,6,20398,NYC_CORE,2286.0,2461.0,36.0,37.0,1769459.0,1643634.0,0.9288906948394962,68.36111111111111,0.0005700045929503947,0.0005359154834497714,0.0010324652976941608
2024,6,20409,CITY_31703,606069.0,707464.0,4650.0,4785.0,866754369.0,758531132.0,0.875139669471917,152.14279569892474,0.14548256064323817,0.14755023898098185,0.1269347309802637
2024,6,20409,EWR,71751.0,78723.0,495.0,509.0,105251925.0,95394495.0,0.9063444207790023,159.03636363636363,0.05015556747000669,0.04854970080043516,0.042897998093422304
2024,6,20409,JFK,395564.0,462246.0,2993.0,3082.0,619666418.0,542747201.0,0.8758699604082789,154.4423655195456,0.32778088058110993,0.3312188169743141,0.2934601431512893
2024,6,20409,LGA,89468.0,102565.0,749.0,774.0,81136936.0,72595356.0,0.8947263672860409,136.935914552737,0.06515620141122733,0.06511823691571993,0.05704493526275704
2024,6,20409,NYC_CORE,556783.0,643534.0,4237.0,4365.0,806055279.0,710737052.0,0.8817472827443638,151.88435213594525,0.13883152549286945,0.14013808806434994,0.12151542962028221
2024,6,20416,CITY_31703,256960.0,300057.0,1543.0,1568.0,282938553.0,248323445.0,0.8776585670882399,194.46338302009073,0.061681423704044384,0.06258054410954687,0.04212049245216062
2024,6,20416,EWR,142009.0,166737.0,891.0,906.0,174603263.0,152209099.0,0.871742580205961,187.13468013468014,0.09926749426277237,0.10282930607779374,0.07721639656816015
2024,6,20416,LGA,114951.0,133320.0,652.0,662.0,108335290.0,96114346.0,0.8871933236159704,204.47852760736197,0.08371451813410374,0.08464450198024454,0.04965727341964966
2024,6,20416,NYC_CORE,256960.0,300057.0,1543.0,1568.0,282938553.0,248323445.0,0.8776585670882399,194.46338302009073,0.06407190735106448,0.0653414027702105,0.04425260984283584
2024,6,20422,CITY_31703,9090.0,10230.0,55.0,55.0,10421208.0,9259656.0,0.8885396011671584,186.0,0.002181989965246589,0.002133591171812904,0.0015013785384762372
2024,6,20422,EWR,4474.0,5022.0,27.0,27.0,5062176.0,4509792.0,0.8908801274392673,186.0,0.003127426918939247,0.0030971456552695573,0.002339890805095762
2024,6,20422,JFK,4616.0,5208.0,28.0,28.0,5359032.0,4749864.0,0.8863287250384024,186.0,0.003825010730911821,0.0037317523543788974,0.002745367192862045
2024,6,20422,NYC_CORE,9090.0,10230.0,55.0,55.0,10421208.0,9259656.0,0.8885396011671584,186.0,0.0022665536963775534,0.00222771856793627,0.0015773775381438568
2024,6,20436,CITY_31703,70422.0,84260.0,425.0,425.0,79953390.0,67855105.0,0.8486832765940256,198.25882352941176,0.016904301136699152,0.017573449866760047,0.011601561433680015
2024,6,20436,EWR,733.0,798.0,4.0,4.0,1283184.0,1178664.0,0.918546365914787,199.5,0.0005123835341042621,0.0004921390348277791,0.00034665048964381665
2024,6,20436,JFK,8263.0,9194.0,46.0,46.0,14692012.0,13204274.0,0.8987383075919078,199.8695652173913,0.006847067519394363,0.006587890005022962,0.004510246102559075
2024,6,20436,LGA,37448.0,43472.0,231.0,231.0,35488290.0,30771270.0,0.8670823530804105,188.1904761904762,0.02727197914838424,0.027600253450984026,0.017593297791317592
2024,6,20436,NYC_CORE,46444.0,53464.0,281.0,281.0,51463486.0,45154208.0,0.8774028249854664,190.26334519572953,0.011580618248026303,0.011642497117902714,0.008058965240334977
2024,6,20452,CITY_31703,409659.0,496086.0,6642.0,6967.0,226243269.0,189154481.0,0.8360667781899845,74.6892502258356,0.098335734562481,0.10346478104203091,0.18131193186471214
2024,6,20452,EWR,123212.0,144761.0,1978.0,2104.0,69167574.0,60158508.0,0.8697501520004157,73.185540950455,0.08612796726337563,0.0892763644369726,0.17141866712886733
2024,6,20452,JFK,79302.0,101051.0,1338.0,1413.0,39081170.0,31360827.0,0.8024536368793462,75.52391629297459,0.06571295515224637,0.07240731704346044,0.13118933228747917
2024,6,20452,LGA,207145.0,250274.0,3326.0,3450.0,117994525.0,97635146.0,0.8274548840295768,75.24774503908598,0.15085596348782454,0.1588982754920771,0.2533130236100533
2024,6,20452,NYC_CORE,409659.0,496086.0,6642.0,6967.0,226243269.0,189154481.0,0.8360667781899845,74.6892502258356,0.10214676795427197,0.10802932487714884,0.19048984742457267
2024,6,20500,CITY_31703,44658.0,55650.0,1113.0,1179.0,15053750.0,12187920.0,0.8096268371668189,50.0,0.010719835849062944,0.011606485700037937,0.03038244206043731
2024,6,20500,EWR,44658.0,55650.0,1113.0,1179.0,15053750.0,12187920.0,0.8096268371668189,50.0,0.031216949339738245,0.03432022216562144,0.09645549874339197
2024,6,20500,NYC_CORE,44658.0,55650.0,1113.0,1179.0,15053750.0,12187920.0,0.8096268371668189,50.0,0.011135286575668733,0.012118527693612262,0.03192038545371114
2024,6,21080,CITY_31703,757.0,1096.0,137.0,137.0,199576.0,138351.0,0.693224636228805,8.0,0.00018171247565364882,0.00022858415682374807,0.003739797450386264
2024,6,22080,CITY_31703,12287.0,18456.0,146.0,145.0,11111808.0,7751449.0,0.69758665736485,126.41095890410959,0.002949407118040136,0.0038492237211123124,0.003985477574864194
2024,7,19393,CITY_31703,195012.0,211660.0,1236.0,1252.0,202014711.0,187801995.0,0.9296451435163056,171.24595469255664,0.04379178489721016,0.04281861644849051,0.03266816439804414
2024,7,19393,LGA,161808.0,172691.0,989.0,998.0,177859093.0,167441022.0,0.9414251426549218,174.61172901921134,0.11050519137009418,0.10597159911315497,0.07263513513513513
2024,7,19393,NYC_CORE,161808.0,172691.0,989.0,998.0,177859093.0,167441022.0,0.9414251426549218,174.61172901921134,0.03787831082322729,0.03650659932923291,0.027580244847876405
2024,7,19690,CITY_31703,8063.0,8618.0,31.0,31.0,42943494.0,40177929.0,0.9355999071710374,278.0,0.0018106227392478695,0.0017434131935797565,0.0008193471653231135
2024,7,19690,JFK,8063.0,8618.0,31.0,31.0,42943494.0,40177929.0,0.9355999071710374,278.0,0.00623913297485853,0.005993550222237059,0.0029358840799318118
2024,7,19690,NYC_CORE,8063.0,8618.0,31.0,31.0,42943494.0,40177929.0,0.9355999071710374,278.0,0.001887501360672412,0.0018218313231108119,0.0008644970579213028
2024,7,19790,CITY_31703,810876.0,880755.0,5286.0,5592.0,1197112530.0,1104010423.0,0.9222277733572799,166.62031782065833,0.18208985790777074,0.17817589780823143,0.1397119069644509
2024,7,19790,EWR,71609.0,78313.0,531.0,575.0,70492785.0,64499701.0,0.9149830156376997,147.48210922787194,0.04726039647545111,0.047093411685044884,0.045446764806573094
2024,7,19790,JFK,416782.0,456394.0,2559.0,2687.0,798145497.0,732458298.0,0.9177002197633146,178.34857366158656,0.3225050625731723,0.3174077930062265,0.24235249550146795
2024,7,19790,LGA,316716.0,339778.0,2139.0,2268.0,323592558.0,302560866.0,0.9350056375523939,158.84899485741,0.21629809521142804,0.20850431118859447,0.1570945945945946
2024,7,19790,NYC_CORE,805107.0,874485.0,5229.0,5530.0,1192230840.0,1099518865.0,0.9222365569741511,167.23752151462995,0.1884708617123755,0.18486472088542102,0.1458211327700159
2024,7,19805,CITY_31703,442859.0,477821.0,3037.0,3134.0,546601371.0,511146411.0,0.935135618238323,157.33322357589728,0.09944816763990727,0.09666273329884809,0.08026959164794502
2024,7,19805,EWR,101034.0,107942.0,616.0,640.0,117367282.0,110605840.0,0.9423907422513201,175.2305194805195,0.0666802622226358,0.06491076889031341,0.05272167066073263
2024,7,19805,JFK,151138.0,162715.0,1151.0,1174.0,246262791.0,229236769.0,0.930862385133936,141.36837532580364,0.11695027651670205,0.11316320775252994,0.1090065347097263
2024,7,19805,LGA,190687.0,207164.0,1270.0,1320.0,182971298.0,171303802.0,0.9362331899727793,163.1212598425197,0.13022782202851002,0.12712590904376972,0.09327262044653349
2024,7,19805,NYC_CORE,442859.0,477821.0,3037.0,3134.0,546601371.0,511146411.0,0.935135618238323,157.33322357589728,0.10367071376485473,0.10101059000233595,0.08469282467441926
2024,7,19930,CITY_31703,104555.0,115488.0,667.0,687.0,289177914.0,261520933.0,0.9043599816547538,173.14542728635683,0.02347881191889632,0.023363112427493494,0.01762917933130699
2024,7,19930,EWR,46483.0,51221.0,296.0,308.0,125536864.0,113960311.0,0.9077836371633435,173.0439189189189,0.030677778063768438,0.030801675838234826,0.02533378979801438
2024,7,19930,JFK,58072.0,64267.0,371.0,379.0,163641050.0,147560622.0,0.9017335320202358,173.22641509433961,0.04493599530149877,0.04469569414394396,0.03513590302111942
2024,7,19930,NYC_CORE,104555.0,115488.0,667.0,687.0,289177914.0,261520933.0,0.9043599816547538,173.14542728635683,0.02447571682563612,0.02441397723873537,0.018600630246242228
2024,7,19977,CITY_31703,965267.0,1051276.0,6216.0,6480.0,1403489152.0,1304829489.0,0.9297040074307606,169.12419562419564,0.21675981392106825,0.2126721337309993,0.1642923219241443
2024,7,19977,EWR,864545.0,941942.0,5487.0,5708.0,1285220526.0,1196176311.0,0.9307167811292799,171.66794240933115,0.5705810648224229,0.5664354882258954,0.4696165696679219
2024,7,19977,LGA,100722.0,109334.0,729.0,772.0,118268626.0,108653178.0,0.9186982353206674,149.97805212620028,0.0687871049959126,0.0670926615598826,0.05353995299647474
2024,7,19977,NYC_CORE,965267.0,1051276.0,6216.0,6480.0,1403489152.0,1304829489.0,0.9297040074307606,169.12419562419564,0.22596338532955193,0.22223805361274562,0.17334560361415544
2024,7,20253,CITY_31703,636.0,1179.0,131.0,133.0,232713.0,128492.0,0.5521479246969443,9.0,0.00014281980183078818,0.00023851057730686157,0.003462402537333157
2024,7,20253,JFK,167.0,270.0,30.0,30.0,69930.0,43253.0,0.6185185185185185,9.0,0.00012922425980421365,0.00018777657925319168,0.002841178141869495
2024,7,20253,NYC_CORE,167.0,270.0,30.0,30.0,69930.0,43253.0,0.6185185185185185,9.0,3.909372779763027e-05,5.7077565240185565e-05,0.0008366100560528737
2024,7,20304,CITY_31703,46900.0,55507.0,733.0,733.0,39225061.0,34311606.0,0.8747368423467844,75.72578444747613,0.010531837587836424,0.01122901324391176,0.01937359587683362
2024,7,20304,JFK,20464.0,23909.0,316.0,316.0,14400305.0,12696497.0,0.8816825060302542,75.6613924050633,0.015835001512775018,0.01662796382727615,0.029927076427692018
2024,7,20304,LGA,20522.0,24682.0,325.0,325.0,20758886.0,18089539.0,0.871411837802857,75.94461538461539,0.014015299226843376,0.015146075993021587,0.0238689776733255
2024,7,20304,NYC_CORE,40986.0,48591.0,641.0,641.0,35159191.0,30786036.0,0.8756184407087182,75.80499219968799,0.00959458399708787,0.010272059157725395,0.017875568197663068
2024,7,20363,CITY_31703,281847.0,329285.0,4414.0,4900.0,176537180.0,152253095.0,0.8624420929347574,74.60013593112822,0.06329140359528641,0.06661404194104317,0.11666446412052332
2024,7,20363,EWR,7321.0,8299.0,112.0,132.0,4111661.0,3592664.0,0.8737743700173726,74.09821428571429,0.004831702196606259,0.004990591901398075,0.009585758301951387
2024,7,20363,JFK,95208.0,110793.0,1459.0,1605.0,51852441.0,45015252.0,0.8681414246245418,75.93762851267992,0.07367175645173396,0.07705307609332913,0.13817596363291978
2024,7,20363,LGA,174823.0,205143.0,2776.0,3090.0,116640234.0,100143858.0,0.8585704483411788,73.89877521613833,0.11939365835369065,0.12588572512099616,0.20387779083431257
2024,7,20363,NYC_CORE,277352.0,324235.0,4347.0,4827.0,172604336.0,148751774.0,0.8618078632740721,74.58822176213481,0.06492648857561886,0.06854275690982062,0.12122479712206141
2024,7,20368,CITY_31703,19048.0,21249.0,117.0,117.0,16337664.0,14751176.0,0.9028938286403736,181.6153846153846,0.0042774081529447375,0.0042986524658129785,0.003092374785251751
2024,7,20368,EWR,11433.0,12873.0,70.0,70.0,9197208.0,8183311.0,0.8897603490102649,183.9,0.007545533562873836,0.0077411603261474185,0.005991098938719616
2024,7,20368,NYC_CORE,11433.0,12873.0,70.0,70.0,9197208.0,8183311.0,0.8897603490102649,183.9,0.002676398741977885,0.0027213314716181807,0.0019520901307900388
2024,7,20378,CITY_31703,1261.0,1368.0,18.0,18.0,1835400.0,1698679.0,0.925508880897897,76.0,0.0002831694498563269,0.00027674509733315234,0.00047574996696180785
2024,7,20378,LGA,1261.0,1368.0,18.0,18.0,1835400.0,1698679.0,0.925508880897897,76.0,0.0008611876193864874,0.000839471353960519,0.0013219741480611047
2024,7,20378,NYC_CORE,1261.0,1368.0,18.0,18.0,1835400.0,1698679.0,0.925508880897897,76.0,0.0002951927589988728,0.0002891929972169402,0.0005019660336317242
2024,7,20397,CITY_31703,13553.0,15915.0,244.0,254.0,6702360.0,5786982.0,0.8634245250926539,65.22540983606558,0.0030434540475042017,0.0032195893450709936,0.006449055107704506
2024,7,20398,CITY_31703,7289.0,7693.0,117.0,119.0,5644488.0,5347495.0,0.9473835359380691,65.75213675213675,0.0016368137351330425,0.0015562865744034656,0.003092374785251751
2024,7,20398,EWR,1673.0,1734.0,26.0,27.0,1246746.0,1202887.0,0.9648212226066898,66.6923076923077,0.0011041439386589634,0.0010427384452372892,0.0022252653200958575
2024,7,20398,NYC_CORE,1673.0,1734.0,26.0,27.0,1246746.0,1202887.0,0.9648212226066898,66.6923076923077,0.0003916395605115894,0.0003665648078758584,0.0007250620485791572
2024,7,20409,CITY_31703,676379.0,747712.0,4917.0,4989.0,914228845.0,841574010.0,0.9205288310499544,152.06670734187512,0.15188728733098533,0.15126142559734357,0.12995903264173383
2024,7,20409,EWR,73309.0,77173.0,490.0,497.0,103383774.0,97859255.0,0.9465629974003464,157.49591836734695,0.04838235983212788,0.04640787429890272,0.04193769257103731
2024,7,20409,JFK,440195.0,487428.0,3154.0,3201.0,654771005.0,600408425.0,0.9169746681131673,154.5428027901078,0.34062199427853784,0.3389909721193508,0.29870252864854624
2024,7,20409,LGA,101845.0,112824.0,816.0,832.0,90392474.0,84884557.0,0.9390666417648885,138.26470588235293,0.06955404686472388,0.06923429535032281,0.05992949471210341
2024,7,20409,NYC_CORE,615349.0,677425.0,4460.0,4530.0,848547253.0,783152237.0,0.9229329707110607,151.8890134529148,0.14404961860205978,0.14320655419567668,0.1243760283331939
2024,7,20416,CITY_31703,274567.0,304818.0,1556.0,1567.0,285740336.0,263030310.0,0.9205221554719527,195.89845758354755,0.06165661089508493,0.061664391139544465,0.04112594158847628
2024,7,20416,EWR,148075.0,166663.0,886.0,892.0,172940896.0,157700338.0,0.9118741815701012,188.10722347629797,0.09772630825877227,0.10022255911106247,0.07583019513865115
2024,7,20416,LGA,126492.0,138155.0,670.0,675.0,112799440.0,105329972.0,0.9337809833098463,206.20149253731344,0.08638647450550006,0.0847786293175552,0.049206815511163335
2024,7,20416,NYC_CORE,274567.0,304818.0,1556.0,1567.0,285740336.0,263030310.0,0.9205221554719527,195.89845758354755,0.0642745362886943,0.06443803437549216,0.04339217490727572
2024,7,20422,CITY_31703,10436.0,11346.0,61.0,64.0,11550042.0,10623711.0,0.9197984734600965,186.0,0.002343502282871235,0.002295284995863996,0.0016122637769261266
2024,7,20422,EWR,5473.0,5952.0,32.0,33.0,5999616.0,5516784.0,0.9195228494623656,186.0,0.0036120620300540986,0.00357922677396329,0.0027387880862718246
2024,7,20422,JFK,4963.0,5394.0,29.0,31.0,5550426.0,5106927.0,0.9200964034111976,186.0,0.0038403592898701333,0.0037513587721915405,0.002746472203807179
2024,7,20422,NYC_CORE,10436.0,11346.0,61.0,64.0,11550042.0,10623711.0,0.9197984734600965,186.0,0.002443006846084248,0.0023985261304264646,0.0017011071139741765
2024,7,20436,CITY_31703,84538.0,96106.0,483.0,483.0,98646158.0,88065916.0,0.89274552385507,198.97722567287784,0.018983805671652785,0.019442152283844983,0.01276595744680851
2024,7,20436,EWR,8187.0,9300.0,48.0,48.0,14954400.0,13164696.0,0.8803225806451613,193.75,0.005403243530066308,0.0055925418343176405,0.004108182129407737
2024,7,20436,JFK,11409.0,12612.0,62.0,62.0,20153976.0,18231582.0,0.9046146527117032,203.41935483870967,0.0088282609587202,0.008771252657560197,0.0058717681598636235
2024,7,20436,LGA,37648.0,43628.0,229.0,229.0,35354838.0,31155842.0,0.8812327749882491,190.51528384279476,0.025711333461270802,0.026772263326454333,0.016818448883666275
2024,7,20436,NYC_CORE,57244.0,65540.0,339.0,339.0,70463214.0,62552120.0,0.8877273182571547,193.33333333333334,0.01340048714998531,0.0138550504660806,0.009453693633397474
2024,7,20452,CITY_31703,447858.0,527676.0,7059.0,7332.0,241661941.0,208214391.0,0.8615936383627739,74.75223119422014,0.10057074026467473,0.10674835232483078,0.18657327871018897
2024,7,20452,EWR,130259.0,147367.0,2007.0,2133.0,73286466.0,65694794.0,0.8964109962677147,73.4265072247135,0.0859681322807997,0.08861893682772987,0.171773365285861
2024,7,20452,JFK,85866.0,105479.0,1397.0,1434.0,40498388.0,33842132.0,0.8356414581242098,75.50393700787401,0.066442935882327,0.0733573548261015,0.13230419547305616
2024,7,20452,LGA,231733.0,274830.0,3655.0,3765.0,127877087.0,108677465.0,0.8498587788444071,75.19288645690834,0.1582597863626399,0.1686490586322876,0.26843419506462984
2024,7,20452,NYC_CORE,447858.0,527676.0,7059.0,7332.0,241661941.0,208214391.0,0.8615936383627739,74.75223119422014,0.10484095056282093,0.11154985672474133,0.1968543461892412
2024,7,20500,CITY_31703,45800.0,54150.0,1083.0,1154.0,15993900.0,13696256.0,0.8563424805707176,50.0,0.010284822207311476,0.010954493436103947,0.02862428967886877
2024,7,20500,EWR,45800.0,54150.0,1083.0,1154.0,15993900.0,13696256.0,0.8563424805707176,50.0,0.030227012785762418,0.03256302584175271,0.09269085929476206
2024,7,20500,NYC_CORE,45800.0,54150.0,1083.0,1154.0,15993900.0,13696256.0,0.8563424805707176,50.0,0.010721513372044708,0.011447222806503883,0.030201623023508744
2024,7,21080,CITY_31703,1443.0,2000.0,250.0,250.0,363744.0,262999.0,0.7230332321632796,8.0,0.00032403926736136377,0.0004045980955163046,0.006607638430025109
2024,7,22080,CITY_31703,14977.0,21555.0,179.0,179.0,12752408.0,9033725.0,0.7083936618088129,120.41899441340782,0.003363226685565589,0.004360555974426973,0.004731069115897978
2024,8,19393,CITY_31703,178028.0,200651.0,1157.0,1215.0,195123778.0,173633433.0,0.8898630130050065,173.42350907519446,0.04216730491925047,0.04181850504956192,0.031754308925238776
2024,8,19393,LGA,145085.0,162368.0,928.0,987.0,170320925.0,152601388.0,0.8959638282847513,174.9655172413793,0.10400134764126936,0.1027658577956683,0.07078565980167811
2024,8,19393,NYC_CORE,145085.0,162368.0,928.0,987.0,170320925.0,152601388.0,0.8959638282847513,174.9655172413793,0.03589029249036106,0.035388740413842164,0.026929773650609404
2024,8,19554,CITY_31703,745.0,802.0,2.0,0.0,132460.0,123076.0,0.9291559716140722,401.0,0.00017645899614016672,0.0001671481380593601,5.4890767372927874e-05
2024,8,19554,JFK,473.0,509.0,1.0,0.0,116052.0,107844.0,0.9292730844793713,509.0,0.0003852597815666634,0.00036117477595101077,9.750390015600624e-05
2024,8,19554,NYC_CORE,473.0,509.0,1.0,0.0,116052.0,107844.0,0.9292730844793713,509.0,0.00011700801838881196,0.00011093854004881296,2.901915264074289e-05
2024,8,19576,CITY_31703,144.0,168.0,1.0,0.0,35616.0,30528.0,0.8571428571428571,168.0,3.4107510663334234e-05,3.501357505482855e-05,2.7445383686463937e-05
2024,8,19576,EWR,144.0,168.0,1.0,0.0,35616.0,30528.0,0.8571428571428571,168.0,0.00010143095123213952,0.00010507512871703268,9.013881377321075e-05
2024,8,19576,NYC_CORE,144.0,168.0,1.0,0.0,35616.0,30528.0,0.8571428571428571,168.0,3.562189143338038e-05,3.6616256833399955e-05,2.901915264074289e-05
2024,8,19690,CITY_31703,7784.0,8618.0,31.0,32.0,42943494.0,38787672.0,0.9032258064516129,278.0,0.0018437004375235673,0.0017961130346578122,0.000850806894280382
2024,8,19690,JFK,7784.0,8618.0,31.0,32.0,42943494.0,38787672.0,0.9032258064516129,278.0,0.006340089090306359,0.006115135990463283,0.0030226209048361936
2024,8,19690,NYC_CORE,7784.0,8618.0,31.0,32.0,42943494.0,38787672.0,0.9032258064516129,278.0,0.001925561131371062,0.0018783267939895287,0.0008995937318630296
2024,8,19790,CITY_31703,811438.0,887524.0,5351.0,5545.0,1200375553.0,1094942839.0,0.9121668933222601,165.86133433003178,0.19219534887246253,0.1849725487319146,0.14686024810626852
2024,8,19790,EWR,77848.0,83037.0,565.0,585.0,74627437.0,70115799.0,0.9395445136351125,146.96814159292035,0.05483469924666387,0.05193525870997764,0.05092842978186407
2024,8,19790,JFK,408870.0,453986.0,2545.0,2611.0,793839604.0,717594832.0,0.9039544366194157,178.38349705304518,0.3330257228100669,0.32213809790745696,0.2481474258970359
2024,8,19790,LGA,318391.0,343683.0,2179.0,2287.0,326590472.0,302295588.0,0.9256105548602778,157.7251032583754,0.22823236776270045,0.21752363953974102,0.1662090007627765
2024,8,19790,NYC_CORE,805109.0,880706.0,5289.0,5483.0,1195057513.0,1090006219.0,0.9120951980492674,166.51654377008887,0.19916323187526006,0.1919533160161687,0.15348229831688914
2024,8,19805,CITY_31703,419627.0,462119.0,2916.0,3127.0,527110524.0,481523864.0,0.9135159365552716,158.4770233196159,0.0993918915077983,0.09631213268310901,0.08003073882972885
2024,8,19805,EWR,94465.0,101692.0,575.0,623.0,109978932.0,102523190.0,0.9322075431683589,176.85565217391306,0.06653940838988931,0.06360297612793148,0.05182981791959618
2024,8,19805,JFK,145536.0,162080.0,1131.0,1195.0,241484136.0,217378246.0,0.9001760927268531,143.30680813439434,0.11853946632153473,0.11500826657394858,0.11027691107644305
2024,8,19805,LGA,179626.0,198347.0,1210.0,1309.0,175647456.0,161622428.0,0.9201523989052253,163.92314049586776,0.12876138864397182,0.1255376650337346,0.09229595728451563
2024,8,19805,NYC_CORE,419627.0,462119.0,2916.0,3127.0,527110524.0,481523864.0,0.9135159365552716,158.4770233196159,0.10380491275357716,0.10072064280710687,0.08461984910040626
2024,8,19821,CITY_31703,344.0,349.0,1.0,0.0,79572.0,78432.0,0.9856733524355301,349.0,8.147905325129846e-05,7.273653389366169e-05,2.7445383686463937e-05
2024,8,19821,JFK,344.0,349.0,1.0,0.0,79572.0,78432.0,0.9856733524355301,349.0,0.00028018893204848246,0.00024764242987603685,9.750390015600624e-05
2024,8,19821,NYC_CORE,344.0,349.0,1.0,0.0,79572.0,78432.0,0.9856733524355301,349.0,8.509674064640869e-05,7.606591449319395e-05,2.901915264074289e-05
2024,8,19930,CITY_31703,102561.0,111082.0,635.0,667.0,276545694.0,255317586.0,0.9232383347107911,174.93228346456692,0.02429236389682099,0.02315105919190753,0.0174278186409046
2024,8,19930,EWR,47473.0,51146.0,292.0,311.0,124828586.0,115937366.0,0.9287725649636054,175.15753424657535,0.03343910797113444,0.031989122222389005,0.026320533621777536
2024,8,19930,JFK,55088.0,59936.0,343.0,356.0,151717108.0,139380220.0,0.9186849251041617,174.7405247813411,0.04486932525781047,0.04252921683968523,0.03344383775351014
2024,8,19930,NYC_CORE,102561.0,111082.0,635.0,667.0,276545694.0,255317586.0,0.9232383347107911,174.93228346456692,0.025370950050686982,0.024210756199807937,0.018427161926871737
2024,8,19977,CITY_31703,899025.0,1010593.0,5941.0,6261.0,1365653481.0,1232255082.0,0.9023189990316438,170.10486450092577,0.21294100537572266,0.21062186818681158,0.16305302448128225
2024,8,19977,EWR,797928.0,899401.0,5215.0,5498.0,1246349343.0,1123905007.0,0.9017576117902282,172.46423777564718,0.5620458059358238,0.5625278324001661,0.470073913827294
2024,8,19977,LGA,100789.0,110874.0,725.0,763.0,119286330.0,108332827.0,0.9081747003198103,152.9296551724138,0.0722486254775883,0.07017430600387346,0.055301296720061024
2024,8,19977,NYC_CORE,898717.0,1010275.0,5940.0,6261.0,1365635673.0,1232237834.0,0.9023181353289093,170.07996632996634,0.22231944030092582,0.22019338614501868,0.17237376668601276
2024,8,20253,CITY_31703,734.0,1170.0,130.0,132.0,229266.0,142986.0,0.6236685771113031,9.0,0.00017385356129782868,0.00024384454056041311,0.003567899879240312
2024,8,20253,JFK,144.0,252.0,28.0,28.0,65268.0,37296.0,0.5714285714285714,9.0,0.00011728839015982986,0.00017881344506808392,0.002730109204368175
2024,8,20253,NYC_CORE,144.0,252.0,28.0,28.0,65268.0,37296.0,0.5714285714285714,9.0,3.562189143338038e-05,5.492438525009993e-05,0.0008125362739408009
2024,8,20304,CITY_31703,43536.0,52105.0,687.0,687.0,36650041.0,31587605.0,0.861870932149844,75.84425036390103,0.010311837390548051,0.010859418620427629,0.018854978592600723
2024,8,20304,JFK,18958.0,22256.0,293.0,293.0,13366438.0,11831878.0,0.8851930484396815,75.95904436860069,0.01544134236562538,0.01579234933902887,0.02856864274570983
2024,8,20304,LGA,19131.0,23320.0,307.0,307.0,19633090.0,16559810.0,0.8434642738356519,75.96091205211727,0.013713683576697276,0.01475968050228484,0.02341723874904653
2024,8,20304,NYC_CORE,38089.0,45576.0,600.0,600.0,32999528.0,28391688.0,0.8603664876661267,75.96,0.009422237658375177,0.009933467389518074,0.017411491584445733
2024,8,20363,CITY_31703,272387.0,322019.0,4315.0,4816.0,171514636.0,145097016.0,0.8459745441199549,74.62780996523755,0.06451696185453905,0.06711331205702878,0.11842683060709189
2024,8,20363,EWR,7960.0,9183.0,124.0,142.0,4480903.0,3840847.0,0.8571591485019872,74.05645161290323,0.005606877581998824,0.005743481589336376,0.011177212907878133
2024,8,20363,JFK,90355.0,108339.0,1427.0,1612.0,50537678.0,41871753.0,0.8285254617356975,75.9208128941836,0.07359439231174603,0.07687488025885375,0.1391380655226209
2024,8,20363,LGA,168630.0,198424.0,2684.0,2979.0,111759115.0,95139656.0,0.8512921384533154,73.9284649776453,0.12087912087912088,0.12558639982784592,0.20472921434019833
2024,8,20363,NYC_CORE,266945.0,315946.0,4235.0,4733.0,166777696.0,140852256.0,0.8445509164486839,74.60354191263282,0.0660353181158592,0.0688616659612225,0.12289611143354615
2024,8,20368,CITY_31703,15790.0,17469.0,97.0,97.0,13748775.0,12496142.0,0.9088913012250183,180.09278350515464,0.003739983287319775,0.003640786563290476,0.002662202217587002
2024,8,20368,EWR,9822.0,10902.0,60.0,60.0,8079174.0,7294320.0,0.9028546730148403,181.7,0.00691843613195885,0.006818625317101728,0.005408328826392645
2024,8,20368,NYC_CORE,9822.0,10902.0,60.0,60.0,8079174.0,7294320.0,0.9028546730148403,181.7,0.0024297098448518204,0.00237613352379599,0.0017411491584445734
2024,8,20378,CITY_31703,1687.0,1976.0,26.0,26.0,2798016.0,2388792.0,0.853744939271255,76.0,0.00039957896172947816,0.0004118263351686977,0.0007135799758480624
2024,8,20378,LGA,1687.0,1976.0,26.0,26.0,2798016.0,2388792.0,0.853744939271255,76.0,0.0012092929901149079,0.0012506487423891441,0.001983218916857361
2024,8,20378,NYC_CORE,1687.0,1976.0,26.0,26.0,2798016.0,2388792.0,0.853744939271255,76.0,0.0004173203531118938,0.0004306769256118947,0.0007544979686593151
2024,8,20397,CITY_31703,13152.0,15601.0,239.0,254.0,6555129.0,5681433.0,0.8667156664651451,65.27615062761507,0.0031151526405845268,0.0032514689549427394,0.006559446701064881
2024,8,20398,CITY_31703,7146.0,7726.0,117.0,120.0,5648548.0,5224637.0,0.9249522178088954,66.03418803418803,0.0016925852166679615,0.001610207624247651,0.0032111098913162805
2024,8,20398,EWR,1849.0,2005.0,30.0,30.0,1441595.0,1329431.0,0.9221945137157107,66.83333333333333,0.0013024015890849027,0.0012540216254622054,0.0027041644131963224
2024,8,20398,NYC_CORE,1849.0,2005.0,30.0,30.0,1441595.0,1329431.0,0.9221945137157107,66.83333333333333,0.0004573949809744467,0.00043699758899385066,0.0008705745792222867
2024,8,20409,CITY_31703,627771.0,718814.0,4721.0,5007.0,872526152.0,771590611.0,0.8843180335986078,152.2588434653675,0.14869240330994443,0.14981099963965197,0.12956965638379625
2024,8,20409,EWR,70178.0,75168.0,477.0,508.0,99700866.0,92556116.0,0.9283381349967411,157.58490566037736,0.049432092330340884,0.04701361473453519,0.04299621416982152
2024,8,20409,JFK,405171.0,469104.0,3035.0,3222.0,623351932.0,545319164.0,0.8748174763016536,154.564744645799,0.3300128772878363,0.33286548545721606,0.2959243369734789
2024,8,20409,LGA,91914.0,104614.0,755.0,812.0,84099380.0,76442982.0,0.90896011361796,138.5615894039735,0.06588675512354573,0.06621223053456372,0.057589626239511825
2024,8,20409,NYC_CORE,567263.0,648886.0,4267.0,4542.0,807152178.0,714318262.0,0.8849858570288093,152.07077572064682,0.1403262569456504,0.1414272406642712,0.12382472431804992
2024,8,20416,CITY_31703,262678.0,302535.0,1554.0,1584.0,286670940.0,252229874.0,0.879858537457616,194.68146718146718,0.062217310319606325,0.06305257100721759,0.04265012624876496
2024,8,20416,EWR,140007.0,166213.0,881.0,895.0,177935580.0,152371721.0,0.8563308192774036,188.66401816118048,0.09861835548026499,0.10395745458002471,0.07941229493419867
2024,8,20416,LGA,122671.0,136322.0,673.0,689.0,108735360.0,99858153.0,0.9183595198470856,202.55869242199108,0.08793430965642315,0.086280838997962,0.0513348588863463
2024,8,20416,NYC_CORE,262678.0,302535.0,1554.0,1584.0,286670940.0,252229874.0,0.879858537457616,194.68146718146718,0.06497977220789926,0.06593868607793248,0.04509576320371445
2024,8,20422,CITY_31703,7797.0,8556.0,46.0,46.0,8702568.0,7930209.0,0.9112493002065597,186.0,0.001846779587791785,0.0017831913581494825,0.001262487649577341
2024,8,20422,EWR,4424.0,4836.0,26.0,26.0,4874688.0,4459392.0,0.9148056244830438,186.0,0.0031161842239651755,0.003024662633783155,0.0023436091581034795
2024,8,20422,JFK,3373.0,3720.0,20.0,20.0,3827880.0,3470817.0,0.9067204301075269,186.0,0.002747317638952126,0.0026396270462431437,0.0019500780031201249
2024,8,20422,NYC_CORE,7797.0,8556.0,46.0,46.0,8702568.0,7930209.0,0.9112493002065597,186.0,0.0019287769965699087,0.0018648136515867263,0.001334881021474173
2024,8,20436,CITY_31703,91086.0,105388.0,502.0,502.0,116393668.0,101034879.0,0.8680444626936235,209.93625498007967,0.021574421640836543,0.02196434909451352,0.013777582610604897
2024,8,20436,EWR,9543.0,10770.0,46.0,46.0,17318160.0,15345144.0,0.8860724233983287,234.1304347826087,0.0067219136639465795,0.006736066287395487,0.004146385433567695
2024,8,20436,JFK,18533.0,21480.0,94.0,94.0,34081044.0,29466400.0,0.8645979272231215,228.51063829787233,0.015095178714111993,0.01524171746056525,0.009165366614664586
2024,8,20436,LGA,37512.0,44398.0,223.0,223.0,37489808.0,31734383.0,0.8464802753857795,199.09417040358744,0.02688974430657405,0.02810035570070507,0.017009916094584288
2024,8,20436,NYC_CORE,65588.0,76648.0,363.0,363.0,88889012.0,76545927.0,0.8611404860704268,211.15151515151516,0.016224782050920504,0.016705731272419283,0.01053395240858967
2024,8,20452,CITY_31703,400782.0,490500.0,6546.0,7255.0,223069769.0,183678199.0,0.8234114368047784,74.93125572868928,0.09492830790744737,0.1022271343118655,0.17965748161159292
2024,8,20452,EWR,118074.0,136185.0,1839.0,2089.0,67267082.0,58868090.0,0.8751396411100455,74.05383360522023,0.08316915372071974,0.08517652621624462,0.16576527852893455
2024,8,20452,JFK,73114.0,98661.0,1307.0,1440.0,37950051.0,28794017.0,0.7587346061801077,75.48661055853098,0.05955155109823473,0.07000759247564377,0.12743759750390016
2024,8,20452,LGA,209594.0,255654.0,3400.0,3726.0,117852636.0,96016092.0,0.8147131473580277,75.19235294117647,0.15024336394199408,0.1618083773212319,0.2593440122044241
2024,8,20452,NYC_CORE,400782.0,490500.0,6546.0,7255.0,223069769.0,183678199.0,0.8234114368047784,74.93125572868928,0.09914314508647956,0.1069063927189445,0.18995937318630296
2024,8,20500,CITY_31703,39970.0,48150.0,963.0,1089.0,13833700.0,11654202.0,0.8424501037321902,50.0,0.00946720278620465,0.010035140707678539,0.02642990449006477
2024,8,20500,EWR,39970.0,48150.0,963.0,1089.0,13833700.0,11654202.0,0.8424501037321902,50.0,0.028154132782976505,0.030115282426935258,0.08680367766360195
2024,8,20500,NYC_CORE,39970.0,48150.0,963.0,1089.0,13833700.0,11654202.0,0.8424501037321902,50.0,0.009887548615223708,0.010494480753144094,0.027945443993035404
2024,8,21080,CITY_31703,1625.0,2216.0,277.0,277.0,401560.0,295375.0,0.7355687817511705,8.0,0.0003848937835272093,0.000461845728104167,0.00760237128115051
2024,8,22080,CITY_31703,16107.0,22008.0,181.0,183.0,12983139.0,9855658.0,0.7591121068641412,121.59116022099448,0.003815067182321698,0.00458677833218254,0.004967614447249973
2024,9,19393,CITY_31703,155529.0,204328.0,1176.0,1177.0,199379902.0,151764993.0,0.7611850115163563,173.7482993197279,0.04066605639735592,0.04199823356163018,0.03150112504018
2024,9,19393,LGA,129433.0,168000.0,960.0,961.0,175572775.0,135669013.0,0.7727223824992229,175.0,0.10182066196449614,0.10372201512118806,0.07089579794697586
2024,9,19393,NYC_CORE,129433.0,168000.0,960.0,961.0,175572775.0,135669013.0,0.7727223824992229,175.0,0.03502674505894305,0.03590035088319137,0.026898290837769682
2024,9,19690,CITY_31703,6065.0,8340.0,30.0,30.0,41558220.0,30221895.0,0.7272182254196643,278.0,0.001585811212378165,0.0017142303937981856,0.0008036001285760206
2024,9,19690,JFK,6065.0,8340.0,30.0,30.0,41558220.0,30221895.0,0.7272182254196643,278.0,0.005415246262006846,0.005874054358245475,0.0028763183125599234
2024,9,19690,NYC_CORE,6065.0,8340.0,30.0,30.0,41558220.0,30221895.0,0.7272182254196643,278.0,0.0016412909287622907,0.0017821959902727144,0.0008405715886803026
2024,9,19790,CITY_31703,751495.0,899480.0,5506.0,5516.0,1207280824.0,1015852041.0,0.8414380654488056,163.36360334180893,0.1964928601889743,0.18488200894647389,0.1474874102646523
2024,9,19790,EWR,69702.0,80353.0,559.0,559.0,71118309.0,61956477.0,0.8711747772293067,143.74418604651163,0.05344876503922275,0.04899265472961149,0.04770031572659783
2024,9,19790,JFK,375050.0,451614.0,2541.0,2541.0,788916126.0,664977928.0,0.8429006659701617,177.73081463990556,0.33487025730678777,0.3180821564681861,0.2436241610738255
2024,9,19790,LGA,301354.0,360915.0,2346.0,2356.0,342099949.0,284714216.0,0.8322544824465905,153.84271099744245,0.23706522884927933,0.2228263755206166,0.17325160623292224
2024,9,19790,NYC_CORE,746106.0,892882.0,5446.0,5456.0,1202134384.0,1011648621.0,0.8415437029875356,163.9518912963643,0.20190882270323457,0.19080224462670045,0.15259176239843095
2024,9,19805,CITY_31703,387973.0,488629.0,3070.0,3085.0,548107405.0,453100716.0,0.8266641024490446,159.16254071661237,0.10144302283594293,0.10043437447136855,0.08223507982427944
2024,9,19805,EWR,87098.0,105028.0,602.0,606.0,110939552.0,94639275.0,0.8530706433716264,174.46511627906978,0.06678833516091681,0.06403744155092699,0.05136957078248997
2024,9,19805,JFK,139860.0,178481.0,1223.0,1225.0,255234125.0,211250068.0,0.8276717229719968,145.93704006541293,0.12487656095701197,0.12570828488177585,0.11725790987535954
2024,9,19805,LGA,161015.0,205120.0,1245.0,1254.0,181933728.0,147211373.0,0.8091483344968339,164.7550200803213,0.12666517724392812,0.12663964131939343,0.0919429879624843
2024,9,19805,NYC_CORE,387973.0,488629.0,3070.0,3085.0,548107405.0,453100716.0,0.8266641024490446,159.16254071661237,0.10499201409805313,0.10441638423632688,0.08601849257495096
2024,9,19930,CITY_31703,91490.0,105974.0,596.0,604.0,260620582.0,225400272.0,0.8648598290675293,177.80872483221478,0.023921824867350096,0.021782236421147353,0.015964855887710277
2024,9,19930,EWR,45867.0,52332.0,294.0,300.0,128507990.0,112667056.0,0.8767319137121358,178.0,0.03517165226326404,0.03190775213507932,0.025087464800750917
2024,9,19930,JFK,45623.0,53642.0,302.0,304.0,132112592.0,112733216.0,0.8533116661582115,177.6225165562914,0.04073533062020418,0.0377812978279381,0.028954937679769893
2024,9,19930,NYC_CORE,91490.0,105974.0,596.0,604.0,260620582.0,225400272.0,0.8648598290675293,177.80872483221478,0.024758731586555973,0.022645855860091203,0.016699355561782012
2024,9,19977,CITY_31703,828754.0,1046031.0,6188.0,6226.0,1378552540.0,1117946385.0,0.810956675615715,169.04185520361992,0.21669371566418036,0.21500457230876618,0.1657559198542805
2024,9,19977,EWR,737159.0,932609.0,5446.0,5483.0,1256987007.0,1019400090.0,0.8109869746648861,171.2466030113845,0.5652669677706293,0.5686283117584688,0.46471541940438604
2024,9,19977,LGA,91060.0,112884.0,740.0,743.0,121535405.0,98516335.0,0.8105978253826529,152.54594594594596,0.07163389149974905,0.06969378544607258,0.05464884425079389
2024,9,19977,NYC_CORE,828219.0,1045493.0,6186.0,6226.0,1378522412.0,1117916425.0,0.8109526658896279,169.00953766569674,0.22412998049935295,0.22341408063047855,0.1733258615858784
2024,9,20253,CITY_31703,474.0,918.0,102.0,103.0,190782.0,98510.0,0.5163485024792696,9.0,0.00012393644100037101,0.0001886886692454118,0.00273224043715847
2024,9,20253,JFK,130.0,270.0,30.0,30.0,69930.0,33670.0,0.48148148148148145,9.0,0.0001160728794824221,0.00019016722742521322,0.0028763183125599234
2024,9,20253,NYC_CORE,130.0,270.0,30.0,30.0,69930.0,33670.0,0.48148148148148145,9.0,3.518018478797985e-05,5.769699249084327e-05,0.0008405715886803026
2024,9,20304,CITY_31703,41638.0,51895.0,684.0,684.0,38212704.0,30906367.0,0.8087982206127051,75.86988304093568,0.010887058080956642,0.010666665022320965,0.01832208293153327
2024,9,20304,JFK,17804.0,21794.0,287.0,287.0,13816128.0,11514962.0,0.8334434944435952,75.93728222996516,0.015896627279269562,0.015350016868537396,0.027516778523489934
2024,9,20304,LGA,18552.0,23530.0,310.0,310.0,20433346.0,16229270.0,0.7942541569060692,75.90322580645162,0.014594245059338287,0.014527256046437828,0.022893434753710952
2024,9,20304,NYC_CORE,36356.0,45324.0,597.0,597.0,34249474.0,27744232.0,0.8100630100187816,75.91959798994975,0.009838544601167657,0.009685401806129557,0.01672737461473802
2024,9,20363,CITY_31703,239343.0,311464.0,4159.0,4171.0,162889111.0,124811531.0,0.7662361850572074,74.88915604712672,0.06258084303449747,0.06401931119591824,0.11140576449158898
2024,9,20363,EWR,8299.0,10267.0,136.0,136.0,5040305.0,4020932.0,0.7977556913718515,75.49264705882354,0.006363824582659172,0.006259972696836723,0.011605085758170493
2024,9,20363,JFK,80886.0,107073.0,1409.0,1411.0,47753607.0,36012794.0,0.7541376717365036,75.99219304471256,0.07222054561396303,0.07541398348925872,0.13509108341323106
2024,9,20363,LGA,146059.0,189060.0,2547.0,2557.0,106145279.0,81580585.0,0.7685747851301046,74.22850412249706,0.11489978649859266,0.11672431058816557,0.1880954139280703
2024,9,20363,NYC_CORE,235244.0,306400.0,4092.0,4104.0,158939191.0,121614311.0,0.7651625142599348,74.87781036168133,0.0636609799251041,0.06547540184886808,0.11465396469599327
2024,9,20368,CITY_31703,10396.0,13116.0,73.0,73.0,10095210.0,8058748.0,0.7982744291599679,179.67123287671234,0.0027182346848942133,0.002695904777584773,0.001955426979534983
2024,9,20368,EWR,7551.0,9840.0,55.0,55.0,7390884.0,5690381.0,0.7699188622091755,178.9090909090909,0.005790244538337078,0.005999623194396937,0.004693233211024831
2024,9,20368,NYC_CORE,7551.0,9840.0,55.0,55.0,7390884.0,5690381.0,0.7699188622091755,178.9090909090909,0.0020434275025695064,0.002102734837444066,0.0015410479125805548
2024,9,20378,CITY_31703,2577.0,3180.0,42.0,42.0,3239912.0,2586667.0,0.7983756966238589,75.71428571428571,0.0006738063469577133,0.0006536274163403155,0.0011250401800064287
2024,9,20378,LGA,2577.0,3180.0,42.0,42.0,3239912.0,2586667.0,0.7983756966238589,75.71428571428571,0.002027240702776777,0.001963309571936774,0.0031016911601801935
2024,9,20378,NYC_CORE,2577.0,3180.0,42.0,42.0,3239912.0,2586667.0,0.7983756966238589,75.71428571428571,0.0006973795092201851,0.0006795423560032653,0.0011768002241524236
2024,9,20397,CITY_31703,12098.0,15881.0,244.0,247.0,6685864.0,5162515.0,0.7721537560440954,65.0860655737705,0.003163255407642381,0.00326423176066055,0.006535947712418301
2024,9,20398,CITY_31703,5077.0,5537.0,84.0,84.0,4083627.0,3744337.0,0.916914546798716,65.91666666666667,0.0013274795589849867,0.0011380927686403543,0.0022500803600128574
2024,9,20398,EWR,131.0,141.0,2.0,2.0,101379.0,94189.0,0.9290780141843972,70.5,0.00010045318958047374,8.597021040751708e-05,0.0001706630258554484
2024,9,20398,NYC_CORE,131.0,141.0,2.0,2.0,101379.0,94189.0,0.9290780141843972,70.5,3.5450801594041234e-05,3.0130651634107044e-05,5.6038105912020176e-05
2024,9,20409,CITY_31703,528803.0,680571.0,4467.0,4475.0,819447678.0,658296810.0,0.8033420896458993,152.35527199462726,0.1382657422158633,0.13988674980067448,0.11965605914496946
2024,9,20409,EWR,51015.0,59010.0,373.0,374.0,82238310.0,71022485.0,0.863618002364105,158.20375335120644,0.03911923256830434,0.035979447632252366,0.03182865432204113
2024,9,20409,JFK,352416.0,447965.0,2900.0,2901.0,587661570.0,477837451.0,0.8131167246481679,154.4706896551724,0.31466107612059435,0.31551208160568756,0.27804410354745923
2024,9,20409,LGA,81597.0,103264.0,747.0,750.0,80995222.0,66097367.0,0.8160650143041771,138.23828647925035,0.06418966225241625,0.06375446529449026,0.055165792777490584
2024,9,20409,NYC_CORE,485028.0,610239.0,4020.0,4025.0,750895102.0,614957303.0,0.818965660266086,151.80074626865672,0.1312567282103407,0.13040353703933225,0.11263659288316055
2024,9,20416,CITY_31703,214694.0,286703.0,1522.0,1547.0,266408685.0,204370543.0,0.7671316834133992,188.3725361366623,0.05613588663319337,0.05892985570660926,0.040769313189756774
2024,9,20416,EWR,117411.0,158176.0,859.0,878.0,167917365.0,126634191.0,0.754145891939169,184.13969732246798,0.09003289650254201,0.09644272341432215,0.07329976960491509
2024,9,20416,LGA,97283.0,128527.0,663.0,669.0,98491320.0,77736352.0,0.7892710951584363,193.85671191553544,0.07652931986349755,0.07935166331833891,0.0489624104571302
2024,9,20416,NYC_CORE,214694.0,286703.0,1522.0,1547.0,266408685.0,204370543.0,0.7671316834133992,188.3725361366623,0.058099804560542666,0.061266299400378664,0.04264499859904735
2024,9,20422,CITY_31703,5704.0,7254.0,39.0,39.0,7394058.0,5813997.0,0.7863066532613079,186.0,0.0014914208005614269,0.0014910104648215875,0.0010446801671488268
2024,9,20422,EWR,2639.0,3348.0,18.0,18.0,3374784.0,2660112.0,0.788231780167264,186.0,0.002023633338189849,0.0020413352088252995,0.0015359672326990357
2024,9,20422,JFK,3065.0,3906.0,21.0,21.0,4019274.0,3153885.0,0.7846902201740912,186.0,0.0027366413508740288,0.002751085890084751,0.0020134228187919465
2024,9,20422,NYC_CORE,5704.0,7254.0,39.0,39.0,7394058.0,5813997.0,0.7863066532613079,186.0,0.0015435982617741312,0.001550125864920656,0.0010927430652843933
2024,9,20436,CITY_31703,73157.0,102658.0,472.0,472.0,116248352.0,81202841.0,0.6985289649525526,217.49576271186442,0.019128308468911694,0.02110065512788179,0.012643308689596056
2024,9,20436,EWR,6641.0,11280.0,47.0,47.0,18138240.0,10678728.0,0.588741134751773,240.0,0.005092439938961268,0.006877616832601367,0.004010581107603038
2024,9,20436,JFK,17879.0,27454.0,117.0,117.0,43243600.0,28473602.0,0.6584466140654339,234.64957264957266,0.015963592402047883,0.019336485413821495,0.0112176414189837
2024,9,20436,LGA,35826.0,48170.0,235.0,235.0,40677054.0,30341783.0,0.7459188907829952,204.9787234042553,0.028183129770151652,0.029739818264212077,0.017354700539103464
2024,9,20436,NYC_CORE,60346.0,86904.0,399.0,399.0,102058894.0,69494113.0,0.6809216744990397,217.8045112781955,0.016330641778580245,0.01857073864971942,0.011179602129448026
2024,9,20452,CITY_31703,410858.0,553597.0,7395.0,7423.0,260829299.0,195887334.0,0.7510173694098683,74.86098715348209,0.10742674741884059,0.11378810591312881,0.19808743169398907
2024,9,20452,EWR,123220.0,157269.0,2119.0,2138.0,77299842.0,61535066.0,0.7960568147086251,74.21849929211892,0.0944873436649311,0.09588970936581422,0.18081747589384758
2024,9,20452,JFK,81208.0,119264.0,1570.0,1570.0,48705902.0,34480720.0,0.7079372023538338,75.96433121019108,0.07250804920775795,0.08400038596903937,0.15052732502396932
2024,9,20452,LGA,206430.0,277064.0,3706.0,3715.0,134823555.0,99871548.0,0.7407574143850457,74.76092822450082,0.16239165629577418,0.1710573595091479,0.27368731999113804
2024,9,20452,NYC_CORE,410858.0,553597.0,7395.0,7423.0,260829299.0,195887334.0,0.7510173694098683,74.86098715348209,0.11118507970476789,0.11829956278501245,0.2072008966096946
2024,9,20500,CITY_31703,47357.0,60450.0,1209.0,1216.0,17175950.0,13552119.0,0.7890171431565648,50.0,0.012382400920790234,0.012425087206846562,0.03238508518161363
2024,9,20500,EWR,47357.0,60450.0,1209.0,1216.0,17175950.0,13552119.0,0.7890171431565648,50.0,0.036314211442461795,0.036857441270456794,0.10316579912961857
2024,9,20500,NYC_CORE,47357.0,60450.0,1209.0,1216.0,17175950.0,13552119.0,0.7890171431565648,50.0,0.012815600084648937,0.012917715541005466,0.0338750350238162
2024,9,21080,CITY_31703,527.0,1008.0,126.0,126.0,182224.0,96429.0,0.5291783738695233,8.0,0.0001377943130953492,0.00020718755838711886,0.0033751205400192863
2024,9,22080,CITY_31703,10532.0,18143.0,148.0,148.0,10878101.0,6610868.0,0.6077226162912075,122.58783783783784,0.002753794507628497,0.0037291705077554535,0.003964427300975035
2024,10,19393,CITY_31703,167634.0,201251.0,1165.0,1172.0,198235333.0,165715434.0,0.8359530639273071,172.74763948497855,0.03951395436545352,0.039758192369428326,0.030028868955562428
2024,10,19393,LGA,142378.0,172136.0,984.0,986.0,180567950.0,150243893.0,0.8320629048510547,174.9349593495935,0.10196659791451816,0.10237403371629827,0.06992609437180217
2024,10,19393,NYC_CORE,142378.0,172136.0,984.0,986.0,180567950.0,150243893.0,0.8320629048510547,174.9349593495935,0.03480489015820338,0.03532274460861104,0.026474386569091693
2024,10,19554,CITY_31703,602.0,873.0,2.0,0.0,102827.0,52316.0,0.5087768776683167,436.5,0.00014190081086177636,0.00017246573651068033,5.1551706361480566e-05
2024,10,19554,JFK,602.0,873.0,2.0,0.0,102827.0,52316.0,0.5087768776683167,436.5,0.0004885681544459702,0.0005954683020559004,0.0001854427445526194
2024,10,19554,NYC_CORE,602.0,873.0,2.0,0.0,102827.0,52316.0,0.5087768776683167,436.5,0.00014716138641671068,0.00017914181834896497,5.3809728798966854e-05
2024,10,19690,CITY_31703,6805.0,8340.0,30.0,32.0,41558220.0,33909315.0,0.815947242206235,278.0,0.0016040448802564587,0.001647610816150142,0.0007732755954222085
2024,10,19690,JFK,6805.0,8340.0,30.0,32.0,41558220.0,33909315.0,0.815947242206235,278.0,0.005522767925257188,0.005688666253317536,0.0027816411682892906
2024,10,19690,NYC_CORE,6805.0,8340.0,30.0,32.0,41558220.0,33909315.0,0.815947242206235,278.0,0.0016635103564214555,0.0017113891924746482,0.0008071459319845028
2024,10,19790,CITY_31703,828724.0,950211.0,5777.0,5840.0,1270398810.0,1114638406.0,0.877392514245192,164.4817379262593,0.19534320196115407,0.18771917520681566,0.1489071038251366
2024,10,19790,EWR,76591.0,86118.0,586.0,586.0,75104771.0,67215095.0,0.8949510677557355,146.95904436860067,0.05237868907953811,0.049902678245994855,0.04759970757858825
2024,10,19790,JFK,409200.0,468683.0,2614.0,2635.0,824893435.0,725831716.0,0.879909677060286,179.2972456006121,0.3320964930220781,0.3196859910795711,0.24237366713027353
2024,10,19790,LGA,336874.0,388590.0,2515.0,2557.0,365081004.0,316865575.0,0.8679322438808676,154.5089463220676,0.24125845078492036,0.23110520612664606,0.17872370665150653
2024,10,19790,NYC_CORE,822665.0,943391.0,5715.0,5778.0,1265079210.0,1109912386.0,0.8773461592179671,165.07279090113735,0.2011038570706035,0.1935862304170085,0.15376130004304778
2024,10,19805,CITY_31703,425361.0,502432.0,3159.0,3169.0,575124595.0,502375132.0,0.8735066042515536,159.04779993668882,0.10026423722421271,0.0992580812445981,0.08142592019795855
2024,10,19805,EWR,94089.0,109806.0,644.0,646.0,116573228.0,102704866.0,0.8810330447399123,170.5062111801242,0.06434513815989687,0.06362913081446052,0.05231094143448948
2024,10,19805,JFK,159965.0,189116.0,1279.0,1281.0,272472329.0,238764187.0,0.876287833984052,147.86239249413603,0.12982359605639474,0.1289949409067625,0.11859063514140009
2024,10,19805,LGA,171307.0,203510.0,1236.0,1242.0,186079038.0,160906079.0,0.8647189964513896,164.65210355987054,0.12268462816546351,0.12103301808804585,0.08783399658897101
2024,10,19805,NYC_CORE,425361.0,502432.0,3159.0,3169.0,575124595.0,502375132.0,0.8735066042515536,159.04779993668882,0.1039812533016586,0.10310032311192116,0.08499246663796814
2024,10,19930,CITY_31703,89661.0,100274.0,583.0,591.0,247244292.0,221242451.0,0.8948334022611126,171.99656946826758,0.02113449933999623,0.0198096555130263,0.015027322404371584
2024,10,19930,EWR,46415.0,51051.0,297.0,303.0,125434513.0,114034444.0,0.9091153724174781,171.88888888888889,0.03174206961166144,0.029582452299592228,0.024124766469011454
2024,10,19930,JFK,43246.0,49223.0,286.0,288.0,121809779.0,107208007.0,0.8801264387812411,172.1083916083916,0.03509737276938609,0.03357472649724809,0.026518312471024572
2024,10,19930,NYC_CORE,89661.0,100274.0,583.0,591.0,247244292.0,221242451.0,0.8948334022611126,171.99656946826758,0.02191800177327026,0.020576479602662217,0.015685535944898837
2024,10,19977,CITY_31703,932272.0,1100020.0,6484.0,6563.0,1438221443.0,1251057507.0,0.8698643126822022,169.65144972239358,0.21975108429191023,0.21731473021360662,0.16713063202391998
2024,10,19977,EWR,829993.0,980753.0,5701.0,5778.0,1308124042.0,1138781154.0,0.8705452368713517,172.0317488159972,0.5676116682794724,0.5683155832438537,0.46308179676711886
2024,10,19977,LGA,102123.0,119100.0,782.0,785.0,130088049.0,112267617.0,0.8630125354558895,152.30179028132991,0.0731372464764524,0.07083205962501234,0.05557134735645253
2024,10,19977,NYC_CORE,932116.0,1099853.0,6483.0,6563.0,1438212091.0,1251048771.0,0.8698638947821222,169.65185870738856,0.22785960608172542,0.22569263039698073,0.17442423590185105
2024,10,20253,CITY_31703,644.0,1215.0,135.0,136.0,250326.0,132117.0,0.5277797751731742,9.0,0.0001518008674335282,0.00024002963328806026,0.0034797401793999383
2024,10,20253,JFK,315.0,675.0,75.0,75.0,147186.0,69278.0,0.4706833530362942,9.0,0.00025564612732637974,0.0004604136356102322,0.006954102920723227
2024,10,20253,NYC_CORE,315.0,675.0,75.0,75.0,147186.0,69278.0,0.4706833530362942,9.0,7.700305103199977e-05,0.00013851171521827188,0.002017864829961257
2024,10,20304,CITY_31703,47836.0,58357.0,770.0,770.0,43165539.0,35576456.0,0.8241865345408985,75.7883116883117,0.011275693003960023,0.011528731942215088,0.01984740694917002
2024,10,20304,JFK,17950.0,21578.0,284.0,284.0,14123190.0,11764792.0,0.8330123718508354,75.97887323943662,0.01456777138256672,0.014718230265477913,0.02633286972647195
2024,10,20304,LGA,22746.0,28102.0,370.0,370.0,23597744.0,19286639.0,0.8173085952623268,75.95135135135135,0.016289962186318323,0.01671303559682701,0.026293348493462196
2024,10,20304,NYC_CORE,40696.0,49680.0,654.0,654.0,37720934.0,31051431.0,0.8231882858467927,75.96330275229357,0.009948305285073851,0.010194462240064811,0.017595781317262162
2024,10,20363,CITY_31703,256452.0,322763.0,4312.0,4312.0,167139680.0,132826071.0,0.7947010009831298,74.85227272727273,0.06044974542711672,0.06376352636127917,0.11114547891535209
2024,10,20363,EWR,9243.0,11088.0,146.0,146.0,5426415.0,4452957.0,0.8206075281746789,75.94520547945206,0.006321058912433194,0.006425148010771163,0.011859312809682398
2024,10,20363,JFK,89157.0,112916.0,1488.0,1488.0,50585127.0,40134798.0,0.7934110356192245,75.88440860215054,0.07235759293345409,0.0770193571534296,0.13796940194714882
2024,10,20363,LGA,153906.0,194141.0,2617.0,2617.0,107526098.0,85004436.0,0.7905470167809865,74.18456247611769,0.11022258508078378,0.11546101500973568,0.18597214326321773
2024,10,20363,NYC_CORE,252306.0,318145.0,4251.0,4251.0,163537640.0,129592191.0,0.7924303603745291,74.84003763820277,0.061677243789459484,0.06528416242684017,0.11437257856220405
2024,10,20368,CITY_31703,12880.0,16128.0,90.0,90.0,12347334.0,10018854.0,0.8114184001177907,179.2,0.003036017348670564,0.003186171132238548,0.0023198267862666253
2024,10,20368,EWR,8144.0,10413.0,58.0,58.0,7661823.0,6085512.0,0.7942642371143265,179.5344827586207,0.00556948001545558,0.006034006695180386,0.004711233855901226
2024,10,20368,NYC_CORE,8144.0,10413.0,58.0,58.0,7661823.0,6085512.0,0.7942642371143265,179.5344827586207,0.00199083443684002,0.002136774060100541,0.0015604821351700388
2024,10,20378,CITY_31703,102.0,152.0,2.0,2.0,34808.0,23358.0,0.6710526315789473,76.0,2.404299453139732e-05,3.002839856772441e-05,5.1551706361480566e-05
2024,10,20378,LGA,102.0,152.0,2.0,2.0,34808.0,23358.0,0.6710526315789473,76.0,7.304915778618082e-05,9.039859834594354e-05,0.0001421262080727686
2024,10,20378,NYC_CORE,102.0,152.0,2.0,2.0,34808.0,23358.0,0.6710526315789473,76.0,2.493432128655231e-05,3.119078624174419e-05,5.3809728798966854e-05
2024,10,20397,CITY_31703,13608.0,17021.0,260.0,260.0,7143654.0,5867172.0,0.821312454382589,65.46538461538462,0.0032076183292475955,0.003362587973823929,0.0067017218269924735
2024,10,20398,CITY_31703,4794.0,5407.0,82.0,82.0,4013896.0,3537972.0,0.8814309090220573,65.9390243902439,0.001130020742975674,0.001068181256945302,0.002113619960820703
2024,10,20409,CITY_31703,582900.0,687955.0,4502.0,4600.0,840091695.0,724221160.0,0.8620739430116614,152.8109729009329,0.13739864227795587,0.1359091245832819,0.11604289101969276
2024,10,20409,EWR,53383.0,60156.0,382.0,402.0,86697054.0,76751493.0,0.8852837490879448,157.4764397905759,0.036507312336083654,0.03485851404545004,0.03102916091300463
2024,10,20409,JFK,387575.0,456841.0,2960.0,2989.0,600885273.0,519463725.0,0.8644973480653103,154.33817567567567,0.3145461834873703,0.31160863067528016,0.27445526193787667
2024,10,20409,LGA,84077.0,98662.0,708.0,733.0,78644516.0,68570160.0,0.8719000826453048,139.35310734463278,0.0602132748940071,0.058677016513207114,0.05031267765776009
2024,10,20409,NYC_CORE,525035.0,615659.0,4050.0,4124.0,766226843.0,664785378.0,0.8676090952349995,152.01456790123456,0.1283469742812254,0.12633479122898675,0.10896470081790788
2024,10,20416,CITY_31703,257799.0,300870.0,1593.0,1607.0,273411741.0,241109419.0,0.8818546640248343,188.87005649717514,0.06076725438431077,0.05943844919125818,0.04106093411691927
2024,10,20416,EWR,143461.0,167989.0,910.0,920.0,170443734.0,149733137.0,0.8784901239021201,184.6032967032967,0.09810942687834885,0.09734435328115412,0.07391763463569166
2024,10,20416,LGA,114338.0,132881.0,683.0,687.0,102968007.0,91376282.0,0.8874240131694499,194.55490483162518,0.08188524120545433,0.07902800096583766,0.04853610005685048
2024,10,20416,NYC_CORE,257799.0,300870.0,1593.0,1607.0,273411741.0,241109419.0,0.8818546640248343,188.87005649717514,0.0630200303269794,0.06173928852995773,0.0428594489883771
2024,10,20422,CITY_31703,6322.0,7998.0,43.0,43.0,8155728.0,6448134.0,0.7906264161825897,186.0,0.0014901942296813124,0.001580046919372762,0.001108361686771832
2024,10,20422,EWR,2724.0,3534.0,19.0,19.0,3562272.0,2745792.0,0.7707979626485568,186.0,0.0018628761741283156,0.002047842087848601,0.0015433352286572985
2024,10,20422,JFK,3598.0,4464.0,24.0,24.0,4593456.0,3702342.0,0.8060035842293907,186.0,0.0029200468765724266,0.0030448688435023357,0.0022253129346314327
2024,10,20422,NYC_CORE,6322.0,7998.0,43.0,43.0,8155728.0,6448134.0,0.7906264161825897,186.0,0.0015454390115057226,0.0016412099234307238,0.0011569091691777872
2024,10,20436,CITY_31703,84579.0,106534.0,486.0,486.0,119898424.0,93516544.0,0.7799647474932615,219.20576131687244,0.019936592494814255,0.021046351401407582,0.012527064645839777
2024,10,20436,EWR,7767.0,11270.0,47.0,47.0,18122160.0,12489336.0,0.6891748003549246,239.7872340425532,0.005311659047156618,0.00653061129882675,0.0038177239866785803
2024,10,20436,JFK,23773.0,31182.0,134.0,134.0,47566574.0,36194257.0,0.7609178874223735,232.70149253731344,0.019293572650571512,0.021269063682367795,0.012424663885025498
2024,10,20436,LGA,41261.0,50380.0,244.0,244.0,41976608.0,34179841.0,0.8142592417186257,206.47540983606558,0.029549816660937322,0.029962377530714707,0.01733939738487777
2024,10,20436,NYC_CORE,72801.0,92832.0,425.0,425.0,107665342.0,82863434.0,0.7696388871360293,218.42823529411766,0.01779650513708132,0.019049362292063134,0.011434567369780456
2024,10,20452,CITY_31703,460791.0,591811.0,7907.0,7912.0,281656889.0,221716547.0,0.7871866645519897,74.84646515745541,0.10861564208938337,0.11691537226818126,0.20380967110011342
2024,10,20452,EWR,143597.0,175841.0,2367.0,2376.0,88256380.0,73235493.0,0.8298039529833424,74.28855090832278,0.09820243391200577,0.10189434085155231,0.19226707822272765
2024,10,20452,JFK,89986.0,122182.0,1609.0,1609.0,49798468.0,37954004.0,0.762152040500523,75.93660658794282,0.07303038861457653,0.08333964270537689,0.14918868799258228
2024,10,20452,LGA,227208.0,293788.0,3931.0,3927.0,143602041.0,110527050.0,0.7696760382395957,74.73619944034597,0.16271914747335856,0.17472383822932935,0.27934906196702675
2024,10,20452,NYC_CORE,460791.0,591811.0,7907.0,7912.0,281656889.0,221716547.0,0.7871866645519897,74.84646515745541,0.11264226313678162,0.12144112102968993,0.21273676280671544
2024,10,20500,CITY_31703,46848.0,57700.0,1154.0,1154.0,15709400.0,12840997.0,0.8174084942773117,50.0,0.011042805958891193,0.011398938140511175,0.029745334570574287
2024,10,20500,EWR,46848.0,57700.0,1154.0,1154.0,15709400.0,12840997.0,0.8174084942773117,50.0,0.032038187593819135,0.0334353391253153,0.09373730809844855
2024,10,20500,NYC_CORE,46848.0,57700.0,1154.0,1154.0,15709400.0,12840997.0,0.8174084942773117,50.0,0.01145218709443532,0.011840186619398946,0.031048213517003875
2024,10,21080,CITY_31703,335.0,560.0,70.0,70.0,99832.0,59960.0,0.600609023158907,8.0,7.896473694135395e-05,0.00011063094209161626,0.0018043097226518197
2024,10,22080,CITY_31703,15451.0,24003.0,190.0,196.0,17406683.0,11323040.0,0.6504995811091636,126.33157894736843,0.0036420422402413727,0.004741918755401901,0.004897412104340654
2024,11,19393,CITY_31703,161306.0,200313.0,1175.0,1177.0,199266604.0,161915080.0,0.8125550230183076,170.47914893617022,0.04054833996796473,0.04078826400491138,0.03171646827003536
2024,11,19393,LGA,136075.0,167268.0,956.0,958.0,176597825.0,144310030.0,0.8171676519798587,174.96652719665272,0.10454448720381623,0.1046569685593618,0.07158903699266138
2024,11,19393,NYC_CORE,136075.0,167268.0,956.0,958.0,176597825.0,144310030.0,0.8171676519798587,174.96652719665272,0.03560976771414208,0.035551440746429776,0.02703466998472937
2024,11,19690,CITY_31703,5978.0,8340.0,30.0,30.0,41558220.0,29788374.0,0.7167865707434052,278.0,0.0015027213887176744,0.0016982129058072163,0.0008097821685966475
2024,11,19690,JFK,5978.0,8340.0,30.0,30.0,41558220.0,29788374.0,0.7167865707434052,278.0,0.005288178294230773,0.005912692082735152,0.0029239766081871343
2024,11,19690,NYC_CORE,5978.0,8340.0,30.0,30.0,41558220.0,29788374.0,0.7167865707434052,278.0,0.0015643960418529588,0.001772598559349214,0.0008483683049601267
2024,11,19790,CITY_31703,778504.0,927535.0,5546.0,5542.0,1236218393.0,1032701980.0,0.8353717966401427,167.2439596105301,0.19569665640720382,0.18886713520238566,0.1497017302345669
2024,11,19790,EWR,70181.0,80774.0,548.0,548.0,70880099.0,60724594.0,0.8567227593742498,147.3978102189781,0.05051762189056159,0.04762106896547658,0.04664623765747361
2024,11,19790,JFK,376341.0,457699.0,2503.0,2499.0,798540691.0,658678032.0,0.8248521827674777,182.86016779864164,0.33291373493293797,0.3244883997093281,0.2439571150097466
2024,11,19790,LGA,326657.0,382682.0,2437.0,2437.0,361821203.0,309145854.0,0.8544160801985947,157.0299548625359,0.2509659272940437,0.2394381354606601,0.1824921371873596
2024,11,19790,NYC_CORE,773179.0,921155.0,5488.0,5484.0,1231241993.0,1028548480.0,0.835374756422883,167.84894314868805,0.2023349225901353,0.19578393596370805,0.15519484192070584
2024,11,19805,CITY_31703,404688.0,490900.0,3084.0,3095.0,589369581.0,493315450.0,0.8370222452997621,159.1763942931258,0.10172855693499133,0.09995835916795713,0.08324560693173537
2024,11,19805,EWR,76140.0,89299.0,504.0,505.0,102168676.0,87707489.0,0.8584577233828498,177.18055555555554,0.05480702370652113,0.052647062638325366,0.04290091930541369
2024,11,19805,JFK,140863.0,170553.0,1164.0,1166.0,263278961.0,220930487.0,0.839149798224857,146.52319587628867,0.12460834042492963,0.12091455309193386,0.11345029239766082
2024,11,19805,LGA,187685.0,231048.0,1416.0,1424.0,223921944.0,184677474.0,0.824740401503481,163.16949152542372,0.14419571619216057,0.1445631159080244,0.10603564475063651
2024,11,19805,NYC_CORE,404688.0,490900.0,3084.0,3095.0,589369581.0,493315450.0,0.8370222452997621,159.1763942931258,0.10590369778945972,0.10433676652092676,0.08721226174990103
2024,11,19930,CITY_31703,90121.0,108629.0,630.0,640.0,268239412.0,222524159.0,0.829572945082358,172.42698412698414,0.022654191079395373,0.022119324909464277,0.017005425540529598
2024,11,19930,EWR,44618.0,51717.0,300.0,302.0,127498168.0,109899921.0,0.8619725500683273,172.39,0.03211688709925873,0.030490242202782486,0.02553626149131767
2024,11,19930,JFK,45503.0,56912.0,330.0,338.0,140741244.0,112624238.0,0.8002219875220088,172.46060606060607,0.04025225441993691,0.04034809733964304,0.03216374269005848
2024,11,19930,NYC_CORE,90121.0,108629.0,630.0,640.0,268239412.0,222524159.0,0.829572945082358,172.42698412698414,0.023583963815294498,0.023088202506420356,0.01781573440416266
2024,11,19977,CITY_31703,902755.0,1112700.0,6485.0,6494.0,1450358635.0,1195373594.0,0.8241917310334764,171.58057054741712,0.22693028559247644,0.22657092329636563,0.17504791211164197
2024,11,19977,EWR,816072.0,1010229.0,5808.0,5818.0,1334653835.0,1097336665.0,0.8221882230608508,173.9375,0.5874241850568441,0.5955899779622705,0.4943820224719101
2024,11,19977,LGA,86288.0,101906.0,674.0,676.0,115673160.0,98014809.0,0.8473427111354095,151.1958456973294,0.06629384318826305,0.06376098858126075,0.05047176875842444
2024,11,19977,NYC_CORE,902360.0,1112135.0,6482.0,6494.0,1450326995.0,1195351474.0,0.824194459677695,171.57281703178032,0.23614058419645967,0.23637516772204295,0.1833041117583847
2024,11,20233,CITY_31703,143.0,236.0,1.0,0.0,4956.0,3003.0,0.6059322033898306,236.0,3.594666419983731e-05,4.8054945536031536e-05,2.6992738953221582e-05
2024,11,20233,JFK,143.0,236.0,1.0,0.0,4956.0,3003.0,0.6059322033898306,236.0,0.00012649874474322524,0.00016731358891192995,9.746588693957115e-05
2024,11,20233,NYC_CORE,143.0,236.0,1.0,0.0,4956.0,3003.0,0.6059322033898306,236.0,3.742198628052411e-05,5.0159863310121645e-05,2.827894349867089e-05
2024,11,20253,CITY_31703,690.0,1287.0,144.0,145.0,258948.0,136204.0,0.5259897740086813,8.9375,0.00017344893914606813,0.000262062351291833,0.003886954409263908
2024,11,20253,JFK,382.0,765.0,86.0,86.0,159246.0,77376.0,0.48588975547266494,8.895348837209303,0.0003379197237196646,0.0005423512521933322,0.00838206627680312
2024,11,20253,NYC_CORE,382.0,765.0,86.0,86.0,159246.0,77376.0,0.48588975547266494,8.895348837209303,9.996642488923223e-05,0.00016259447217052144,0.0024319891408856966
2024,11,20304,CITY_31703,39132.0,48824.0,651.0,651.0,34747842.0,27635509.0,0.7953158357287339,74.9984639016897,0.009836817227049186,0.00994167229174239,0.01757227305854725
2024,11,20304,JFK,13146.0,16672.0,223.0,223.0,10266662.0,8109657.0,0.7899020148905262,74.76233183856502,0.011629038450310762,0.011819712518388543,0.021734892787524367
2024,11,20304,LGA,21292.0,26184.0,348.0,348.0,21068470.0,16833082.0,0.7989703096617837,75.24137931034483,0.016358340779302996,0.016382918817456592,0.026059607608207278
2024,11,20304,NYC_CORE,34438.0,42856.0,571.0,571.0,31335132.0,24942739.0,0.7959991679626561,75.05429071803853,0.009012156388312511,0.009108691110248191,0.01614727673774108
2024,11,20363,CITY_31703,219020.0,279708.0,3754.0,3753.0,147068312.0,114417582.0,0.7779893604816788,74.50932338838572,0.055056212538799776,0.05695488434742504,0.10133074203039383
2024,11,20363,EWR,8291.0,10633.0,140.0,140.0,5237288.0,4032598.0,0.7699782788343891,75.95,0.0059680198785233346,0.006268784835589577,0.01191692202928158
2024,11,20363,JFK,71666.0,92068.0,1212.0,1211.0,41802647.0,32628001.0,0.780524759592377,75.96369636963696,0.06339621706830756,0.06527215044043884,0.11812865497076024
2024,11,20363,LGA,133785.0,170506.0,2316.0,2316.0,94957597.0,73640143.0,0.7755055448591438,73.62089810017271,0.10278511277282788,0.10668293445956514,0.17343118166841395
2024,11,20363,NYC_CORE,213742.0,273207.0,3668.0,3667.0,141997532.0,110300742.0,0.7767792893752548,74.4839149400218,0.055934616724278206,0.05806790582783222,0.10372716475312482
2024,11,20368,CITY_31703,12879.0,16626.0,94.0,94.0,13281102.0,10259001.0,0.7724510360661336,176.87234042553192,0.0032374621554524807,0.0033854301884833067,0.0025373174616028287
2024,11,20368,EWR,8064.0,10239.0,58.0,58.0,7409787.0,5850265.0,0.7895321417471245,176.5344827586207,0.005804620950477888,0.006036498441794572,0.004937010554988083
2024,11,20368,NYC_CORE,8064.0,10239.0,58.0,58.0,7409787.0,5850265.0,0.7895321417471245,176.5344827586207,0.0021102859955674574,0.0021762154255607438,0.0016401787229229116
2024,11,20397,CITY_31703,10566.0,13207.0,202.0,203.0,5127563.0,4289976.0,0.8366500811399099,65.38118811881188,0.0026560311464019653,0.0026892443461625786,0.00545253326855076
2024,11,20398,CITY_31703,10899.0,12621.0,183.0,183.0,9985188.0,8510927.0,0.8523552085348819,68.9672131147541,0.0027397391126855026,0.0025699214729248054,0.00493967122843955
2024,11,20398,EWR,5043.0,5618.0,80.0,80.0,4094974.0,3672399.0,0.8968064266097905,70.225,0.0036300475512475185,0.003312144569391728,0.0068096697310180455
2024,11,20398,NYC_CORE,5043.0,5618.0,80.0,80.0,4094974.0,3672399.0,0.8968064266097905,70.225,0.0013197138238649165,0.0011940597969333194,0.0022623154798936712
2024,11,20409,CITY_31703,526083.0,648079.0,4256.0,4250.0,781028382.0,633624347.0,0.8112692977654172,152.27420112781954,0.13224425833736372,0.13196356376290586,0.11488109698491106
2024,11,20409,EWR,58791.0,68536.0,438.0,437.0,73731630.0,63073651.0,0.8554490250656333,156.47488584474885,0.042318882725638086,0.04040604133282867,0.0372829417773238
2024,11,20409,JFK,356588.0,440435.0,2894.0,2889.0,573015098.0,462994710.0,0.807997401143521,152.18901174844507,0.31544010063284755,0.31224898530688927,0.2820662768031189
2024,11,20409,LGA,47654.0,58066.0,415.0,415.0,47054174.0,39740401.0,0.8445669665777154,139.91807228915664,0.036611890451667524,0.0363309870170499,0.031076830912086267
2024,11,20409,NYC_CORE,463033.0,567037.0,3747.0,3741.0,693800902.0,565808762.0,0.8155203609118398,151.33093141179612,0.1211721298841253,0.12051906106687053,0.10596120128951983
2024,11,20416,CITY_31703,231331.0,275528.0,1490.0,1495.0,269957313.0,226922149.0,0.8405853002396716,184.9181208053691,0.0581508935385494,0.05610374166801567,0.04021918104030016
2024,11,20416,EWR,126543.0,154210.0,835.0,836.0,169883428.0,139470968.0,0.8209804195851287,184.68263473053892,0.09108806410420676,0.09091595123636496,0.07107592781750086
2024,11,20416,LGA,104788.0,121318.0,655.0,659.0,100073885.0,87451181.0,0.873866153992123,185.21832061068702,0.08050713007616017,0.07590677303300485,0.04904897409016025
2024,11,20416,NYC_CORE,231331.0,275528.0,1490.0,1495.0,269957313.0,226922149.0,0.8405853002396716,184.9181208053691,0.06053752103678267,0.058561215330979646,0.04213562581301963
2024,11,20422,CITY_31703,6243.0,7812.0,42.0,42.0,7952616.0,6355755.0,0.7992030546929463,186.0,0.0015693358363607296,0.0015907001463028743,0.0011336950360353066
2024,11,20422,EWR,3252.0,4092.0,22.0,22.0,4124736.0,3278016.0,0.7947214076246334,186.0,0.002340851603540934,0.0024124769629674174,0.0018726591760299626
2024,11,20422,JFK,2991.0,3720.0,20.0,20.0,3827880.0,3077739.0,0.8040322580645162,186.0,0.0026458583603285782,0.002637315893018557,0.001949317738791423
2024,11,20422,NYC_CORE,6243.0,7812.0,42.0,42.0,7952616.0,6355755.0,0.7992030546929463,186.0,0.0016337444779672167,0.0016603764922825013,0.0011877156269441773
2024,11,20436,CITY_31703,97399.0,122506.0,567.0,567.0,137028984.0,107636344.0,0.7855005624211591,216.0599647266314,0.024483700324475204,0.024944996431513048,0.015304882986476637
2024,11,20436,EWR,12485.0,18466.0,82.0,82.0,25314368.0,17215764.0,0.6800787600148659,225.1951219512195,0.008986941042499558,0.010886803420859318,0.006979911474293497
2024,11,20436,JFK,32476.0,40290.0,180.0,180.0,55929722.0,44408738.0,0.7940096323024813,223.83333333333334,0.02872848415581107,0.0285638326155155,0.017543859649122806
2024,11,20436,LGA,40579.0,48508.0,239.0,239.0,42166666.0,35165316.0,0.8339600764262463,202.96234309623432,0.031176268574269035,0.030350696073830754,0.017897259248165345
2024,11,20436,NYC_CORE,85540.0,107264.0,501.0,501.0,123410756.0,96789818.0,0.7842899690202043,214.0998003992016,0.022385151793258964,0.02279808295803766,0.014167750692834116
2024,11,20452,CITY_31703,417856.0,552646.0,7392.0,7396.0,278097871.0,213524487.0,0.7678033860244834,74.76271645021644,0.10503866654466587,0.11253124335044781,0.19953032634221393
2024,11,20452,EWR,116691.0,139047.0,1877.0,1884.0,77157852.0,65390695.0,0.8474924237134025,74.07938199254129,0.08399640666322113,0.08197646243150794,0.1597718760640109
2024,11,20452,JFK,84369.0,122835.0,1617.0,1616.0,52223259.0,37143915.0,0.7112523368179684,75.9647495361781,0.0746333747918963,0.08708459616100388,0.15760233918128655
2024,11,20452,LGA,216796.0,290764.0,3898.0,3896.0,148716760.0,110989877.0,0.7463172072871948,74.59312467932273,0.16656128346748883,0.1819264820897857,0.29189755878388496
2024,11,20452,NYC_CORE,417856.0,552646.0,7392.0,7396.0,278097871.0,213524487.0,0.7678033860244834,74.76271645021644,0.10934966083380895,0.11746037211392155,0.2090379503421752
2024,11,20500,CITY_31703,42596.0,52500.0,1050.0,1060.0,14610700.0,11927600.0,0.8163606124278782,50.0,0.010707581176617274,0.010690189155261253,0.028342375900882663
2024,11,20500,EWR,42596.0,52500.0,1050.0,1060.0,14610700.0,11927600.0,0.8163606124278782,50.0,0.030661412947241583,0.030951867193496924,0.08937691521961184
2024,11,20500,NYC_CORE,42596.0,52500.0,1050.0,1060.0,14610700.0,11927600.0,0.8163606124278782,50.0,0.01114704145178465,0.011158444168565197,0.029692890673604436
2024,11,21080,CITY_31703,204.0,352.0,44.0,44.0,64544.0,37592.0,0.5824243926623699,8.0,5.128055592144623e-05,7.16751730028945e-05,0.0011876805139417496
2024,11,22080,CITY_31703,19723.0,30696.0,227.0,227.0,24960679.0,15826739.0,0.634066845697587,135.22466960352423,0.004957874531562176,0.006250400882093323,0.006127351742381299
2024,11,22080,EWR,471.0,822.0,6.0,6.0,350994.0,201117.0,0.572992700729927,137.0,0.0003390347802176445,0.0004846178063438947,0.0005107252298263534
2024,11,22080,NYC_CORE,471.0,822.0,6.0,6.0,350994.0,201117.0,0.572992700729927,137.0,0.00012325703173515282,0.00017470935441067794,0.00016967366099202534
2024,12,19393,CITY_31703,186212.0,211957.0,1243.0,1254.0,211213883.0,187177107.0,0.8861969882917213,170.52051488334675,0.04275922025251114,0.042427769083658515,0.03364369620527256
2024,12,19393,LGA,157353.0,177275.0,1013.0,1022.0,187367425.0,167262299.0,0.8926967908108894,175.0,0.11335283142554586,0.11131301955756097,0.07803112001232476
2024,12,19393,NYC_CORE,157353.0,177275.0,1013.0,1022.0,187367425.0,167262299.0,0.8926967908108894,175.0,0.03779031159901485,0.03720412984204588,0.028820985546830546
2024,12,19690,CITY_31703,7471.0,8618.0,31.0,31.0,42943494.0,37227993.0,0.8669064748201439,278.0,0.0017155400001423685,0.0017250787374937797,0.0008390624154170953
2024,12,19690,JFK,7471.0,8618.0,31.0,31.0,42943494.0,37227993.0,0.8669064748201439,278.0,0.0059689305619471285,0.0059588302770531105,0.002991700443929743
2024,12,19690,NYC_CORE,7471.0,8618.0,31.0,31.0,42943494.0,37227993.0,0.8669064748201439,278.0,0.0017942550695330879,0.0018086317358835223,0.0008819847501991578
2024,12,19790,CITY_31703,848967.0,949479.0,5663.0,5660.0,1263044848.0,1135268237.0,0.8988344624481616,167.66360586261698,0.1949453683979208,0.19005871833335536,0.15327775672603258
2024,12,19790,EWR,69400.0,77172.0,541.0,541.0,69270850.0,62142864.0,0.8970997757353923,142.64695009242143,0.04553725098046163,0.044709140311339504,0.04583192138258218
2024,12,19790,JFK,419541.0,471980.0,2578.0,2574.0,813161174.0,728386556.0,0.895746844893015,183.0799069045772,0.3351908843380887,0.32634587075464455,0.2487936691758348
2024,12,19790,LGA,354167.0,393620.0,2483.0,2483.0,375381364.0,340168797.0,0.9061952180449746,158.5259766411599,0.2551322964766563,0.2471585432703266,0.19126482822369434
2024,12,19790,NYC_CORE,843108.0,942772.0,5602.0,5598.0,1257813388.0,1130698217.0,0.8989395627262953,168.29203855765797,0.20248304151571445,0.19785650486219308,0.15938317969728008
2024,12,19805,CITY_31703,450959.0,497690.0,3142.0,3153.0,596437916.0,544414205.0,0.9127759828736307,158.3991088478676,0.10355216208328234,0.09962339717605932,0.08504303578195203
2024,12,19805,EWR,84195.0,91148.0,516.0,519.0,103312306.0,96189584.0,0.9310564029032514,176.64341085271317,0.055245084240633534,0.052806052986808336,0.043713995255845475
2024,12,19805,JFK,151252.0,166772.0,1162.0,1165.0,260948242.0,238183396.0,0.9127610677676073,143.52151462994837,0.1208422815360229,0.11531283858954529,0.11214051341439876
2024,12,19805,LGA,215512.0,239770.0,1464.0,1469.0,232177368.0,210041225.0,0.9046584807525254,163.77732240437157,0.1552489968807855,0.15055435170958337,0.11277152981050685
2024,12,19805,NYC_CORE,450959.0,497690.0,3142.0,3153.0,596437916.0,544414205.0,0.9127759828736307,158.3991088478676,0.1083035031323212,0.10444858768065331,0.08939342210083077
2024,12,19930,CITY_31703,99036.0,111337.0,640.0,649.0,274620816.0,244290116.0,0.889554257241738,173.9640625,0.022741295603546995,0.022286503991221274,0.01732257889893358
2024,12,19930,EWR,45056.0,49741.0,285.0,289.0,122154888.0,110615680.0,0.9055362565597866,174.5298245614035,0.029563780694174053,0.028817153219125306,0.024144357844798372
2024,12,19930,JFK,53980.0,61596.0,355.0,360.0,152465928.0,133674436.0,0.8767495646633916,173.5098591549296,0.04312714117707215,0.04258994079198925,0.034259795406292225
2024,12,19930,NYC_CORE,99036.0,111337.0,640.0,649.0,274620816.0,244290116.0,0.889554257241738,173.9640625,0.023784747030689182,0.023365935434911084,0.018208717423466483
2024,12,19977,CITY_31703,987289.0,1127817.0,6580.0,6598.0,1511655621.0,1348095820.0,0.8918008845878528,171.40075987841945,0.22670777288188446,0.22575691883082177,0.17809776430466084
2024,12,19977,EWR,898437.0,1030684.0,5932.0,5952.0,1400392011.0,1245843979.0,0.8896394503924373,173.74983142279163,0.5895151463852019,0.5971206599887607,0.502541511352084
2024,12,19977,LGA,88602.0,96781.0,646.0,646.0,111243898.0,102237841.0,0.9190422381639306,149.81578947368422,0.06382647658428002,0.06076990746467527,0.04976120782622092
2024,12,19977,NYC_CORE,987039.0,1127465.0,6578.0,6598.0,1511635909.0,1348081820.0,0.8918032523399125,171.39936150805715,0.23704989018563372,0.23661742632837265,0.18715147376806646
2024,12,20167,CITY_31703,291.0,300.0,1.0,0.0,326700.0,316899.0,0.97,300.0,6.682132780637521e-05,6.005147612533464e-05,2.7066529529583716e-05
2024,12,20167,JFK,291.0,300.0,1.0,0.0,326700.0,316899.0,0.97,300.0,0.00023249348059518332,0.0002074320124293262,9.650646593321752e-05
2024,12,20167,NYC_CORE,291.0,300.0,1.0,0.0,326700.0,316899.0,0.97,300.0,6.98873276983173e-05,6.296002793746306e-05,2.8451120974166383e-05
2024,12,20253,CITY_31703,605.0,1278.0,140.0,141.0,256293.0,119336.0,0.4656233295486026,9.128571428571428,0.00013892406640157045,0.00025581928829392553,0.0037893141341417205
2024,12,20253,JFK,341.0,783.0,85.0,85.0,161748.0,68912.0,0.4260454534213715,9.211764705882352,0.00027244081403078184,0.0005413975524405413,0.00820304960432349
2024,12,20253,NYC_CORE,341.0,783.0,85.0,85.0,161748.0,68912.0,0.4260454534213715,9.211764705882352,8.189545960524467e-05,0.00016432567291677858,0.0024183452828041426
2024,12,20304,CITY_31703,35472.0,43021.0,579.0,579.0,30328553.0,25141243.0,0.828962825888858,74.30224525043178,0.008145313195696707,0.008611581847960072,0.015671520597628972
2024,12,20304,JFK,11919.0,14974.0,202.0,202.0,9086542.0,7221654.0,0.7947637285999448,74.12871287128714,0.009522645344377972,0.0103536231803891,0.01949430611850994
2024,12,20304,LGA,19916.0,23736.0,318.0,318.0,19064956.0,16082904.0,0.8435846376986131,74.64150943396227,0.014346945979238855,0.014904108488045506,0.02449545524572485
2024,12,20304,NYC_CORE,31835.0,38710.0,520.0,520.0,28151498.0,23304558.0,0.8278265689449279,74.4423076923077,0.007645577585140657,0.00812394227153065,0.014794582906566519
2024,12,20363,CITY_31703,196856.0,244678.0,3303.0,3305.0,128758477.0,105263024.0,0.8175230590837138,74.07750529821375,0.045203365314954634,0.04897758358464876,0.08940074703621502
2024,12,20363,EWR,8133.0,9461.0,126.0,126.0,4599949.0,3939789.0,0.8564853653812249,75.08730158730158,0.0053365196285892575,0.005481174214554282,0.010674347678752964
2024,12,20363,JFK,59770.0,75825.0,998.0,1001.0,34135206.0,27567590.0,0.8075999306991146,75.97695390781563,0.04775304238891445,0.05242844114151219,0.0963134530013511
2024,12,20363,LGA,123412.0,152628.0,2090.0,2089.0,84747402.0,69433665.0,0.8193013987614629,73.02775119617225,0.08890265601475324,0.09583688364987401,0.16099214296718534
2024,12,20363,NYC_CORE,191315.0,237914.0,3214.0,3216.0,123482557.0,100941044.0,0.8174518446358379,74.02426882389545,0.0459467151154762,0.04993024028904529,0.09144190281097075
2024,12,20368,CITY_31703,19221.0,22647.0,129.0,129.0,18507729.0,15732615.0,0.8500564818082218,175.5581395348837,0.004413652033561299,0.004533285932701512,0.0034915823093162996
2024,12,20368,EWR,11230.0,13038.0,74.0,74.0,9319014.0,8046592.0,0.8634595891797137,176.1891891891892,0.0073686358575012125,0.007553487940953253,0.00626906133514063
2024,12,20368,NYC_CORE,11230.0,13038.0,74.0,74.0,9319014.0,8046592.0,0.8634595891797137,176.1891891891892,0.0026970264262958874,0.0027362428141621447,0.002105382952088312
2024,12,20378,CITY_31703,76.0,76.0,1.0,1.0,107616.0,107616.0,1.0,76.0,1.7451618258709676e-05,1.5213040618418109e-05,2.7066529529583716e-05
2024,12,20378,LGA,76.0,76.0,1.0,1.0,107616.0,107616.0,1.0,76.0,5.4748337739614025e-05,4.772127759906717e-05,7.702973347712218e-05
2024,12,20378,NYC_CORE,76.0,76.0,1.0,1.0,107616.0,107616.0,1.0,76.0,1.8252360498529605e-05,1.594987374415731e-05,2.8451120974166383e-05
2024,12,20397,CITY_31703,11439.0,14193.0,217.0,229.0,5716632.0,4820736.0,0.8432825481857149,65.40552995391705,0.002626698174491842,0.002841035335489582,0.005873436907919667
2024,12,20398,CITY_31703,13783.0,15290.0,220.0,222.0,12059013.0,10851356.0,0.8998544076534291,69.5,0.0031649428218394142,0.003060623566521222,0.005954636496508418
2024,12,20398,EWR,6812.0,7527.0,107.0,107.0,5463519.0,4939918.0,0.9041641476857681,70.34579439252336,0.0044697370847104415,0.0043607227896575495,0.009064723822433073
2024,12,20398,NYC_CORE,6812.0,7527.0,107.0,107.0,5463519.0,4939918.0,0.9041641476857681,70.34579439252336,0.001635987890999785,0.0015796671009509482,0.003044269944235803
2024,12,20409,CITY_31703,615098.0,703614.0,4602.0,4627.0,856430987.0,760149658.0,0.8875784150019317,152.89308996088658,0.1412428353644185,0.14084353107483735,0.12456016889514426
2024,12,20409,EWR,75802.0,81704.0,517.0,520.0,88742220.0,82337060.0,0.9278228559078193,158.0348162475822,0.04973796395995609,0.04733472762138707,0.04379871230091494
2024,12,20409,JFK,415315.0,475797.0,3124.0,3141.0,624445823.0,554023665.0,0.8872245511040915,152.30377720870678,0.33181453571611186,0.32898509739278703,0.30148619957537154
2024,12,20409,LGA,52849.0,61517.0,430.0,435.0,52212662.0,47276104.0,0.9054528573930974,143.06279069767442,0.038070985542116596,0.0386272346587081,0.03312278539516253
2024,12,20409,NYC_CORE,543966.0,619018.0,4071.0,4096.0,765400705.0,683636829.0,0.8931750709584204,152.05551461557357,0.1306403096176731,0.1299113019126417,0.11582451348583134
2024,12,20416,CITY_31703,263671.0,287812.0,1559.0,1571.0,288231285.0,267602612.0,0.928430139011454,184.61321359846056,0.06054586365647684,0.057611784821949376,0.04219671953662101
2024,12,20416,EWR,146116.0,158601.0,857.0,865.0,176125409.0,164078678.0,0.9316014022712645,185.06534422403735,0.09587494184814312,0.09188454831439843,0.07260250762453406
2024,12,20416,LGA,117555.0,129211.0,702.0,706.0,112105876.0,103523934.0,0.9234478842125992,184.06125356125355,0.08468343214447799,0.08113307894543512,0.05407487290093976
2024,12,20416,NYC_CORE,263671.0,287812.0,1559.0,1571.0,288231285.0,267602612.0,0.928430139011454,184.61321359846056,0.06332392296062894,0.06040217186912373,0.04435529759872539
2024,12,20422,CITY_31703,10121.0,11346.0,61.0,62.0,11542230.0,10296657.0,0.8920855848479886,186.0,0.0023240503736368504,0.002271146827060156,0.0016510583013046067
2024,12,20422,EWR,5612.0,6324.0,34.0,35.0,6374592.0,5656896.0,0.8874130297280203,186.0,0.0036823494596880503,0.003663771877480317,0.0028803795323619113
2024,12,20422,JFK,4509.0,5022.0,27.0,27.0,5167638.0,4639761.0,0.8978494623655914,186.0,0.0036024505292222733,0.0034724118880669202,0.0026056745801968733
2024,12,20422,NYC_CORE,10121.0,11346.0,61.0,62.0,11542230.0,10296657.0,0.8920855848479886,186.0,0.0024306860606002384,0.002381148256594853,0.0017355183794241493
2024,12,20436,CITY_31703,122465.0,142838.0,662.0,662.0,158638710.0,138038035.0,0.8701409321848369,215.76737160120845,0.028121216184906324,0.028592109155968496,0.01791804254858442
2024,12,20436,EWR,17987.0,20532.0,92.0,92.0,27864144.0,24823424.0,0.890873374757179,223.17391304347825,0.011802284342731461,0.011895092376411428,0.007793968146391054
2024,12,20436,JFK,37749.0,42154.0,186.0,186.0,58133204.0,52217734.0,0.8982428355402534,226.63440860215053,0.03015943779720816,0.029146963506486052,0.01795020266357846
2024,12,20436,LGA,41648.0,50670.0,250.0,250.0,42438990.0,35311829.0,0.8320610127620851,202.68,0.030002089081308487,0.031816278104535974,0.01925743336928054
2024,12,20436,NYC_CORE,97384.0,113356.0,528.0,528.0,128436338.0,112352987.0,0.8747756962675158,214.68939393939394,0.023387998352484302,0.02378965642293021,0.015022191874359849
2024,12,20445,CITY_31703,47.0,50.0,1.0,1.0,11450.0,10763.0,0.94,50.0,1.0792448133675722e-05,1.000857935422244e-05,2.7066529529583716e-05
2024,12,20445,LGA,47.0,50.0,1.0,1.0,11450.0,10763.0,0.94,50.0,3.3857524654761304e-05,3.139557736780735e-05,7.702973347712218e-05
2024,12,20445,NYC_CORE,47.0,50.0,1.0,1.0,11450.0,10763.0,0.94,50.0,1.128764399251173e-05,1.0493337989577177e-05,2.8451120974166383e-05
2024,12,20452,CITY_31703,419622.0,520234.0,6947.0,6991.0,266294483.0,219702570.0,0.8250361311465848,74.88613790125234,0.09635635469679306,0.10413606543529114,0.18803118064201807
2024,12,20452,EWR,113128.0,130601.0,1751.0,1778.0,70980912.0,62223045.0,0.8766165895417066,74.58652198743575,0.07422965603627757,0.07566291444826168,0.14833954591663842
2024,12,20452,JFK,89510.0,122436.0,1613.0,1620.0,53578716.0,40596840.0,0.7577046079267745,75.90576565406076,0.07151371631640845,0.0846571529126566,0.15566492955027986
2024,12,20452,LGA,216984.0,267197.0,3583.0,3593.0,141734855.0,116882685.0,0.8246573152383724,74.5735417248116,0.15630938573805803,0.16777608171892042,0.27599753504852875
2024,12,20452,NYC_CORE,419622.0,520234.0,6947.0,6991.0,266294483.0,219702570.0,0.8250361311465848,74.88613790125234,0.10077752654097355,0.10917982391339387,0.19764993740753387
2024,12,20500,CITY_31703,41085.0,48100.0,962.0,978.0,13658550.0,11902754.0,0.8714507762537019,50.0,0.00943420705472483,0.009628253338761987,0.026038001407459536
2024,12,20500,EWR,41036.0,48050.0,961.0,977.0,13647100.0,11891533.0,0.8713597027940002,50.0,0.02692603215034904,0.027837482402423976,0.08141308031175873
2024,12,20500,LGA,49.0,50.0,1.0,1.0,11450.0,11221.0,0.98,50.0,3.529827038475115e-05,3.139557736780735e-05,7.702973347712218e-05
2024,12,20500,NYC_CORE,41085.0,48100.0,962.0,978.0,13658550.0,11902754.0,0.8714507762537019,50.0,0.009867081987922221,0.010094591145973244,0.02736997837714806
2024,12,21080,CITY_31703,99.0,120.0,15.0,15.0,22920.0,18909.0,0.825,8.0,2.2733029047529712e-05,2.4020590450133855e-05,0.00040599794294375575
2024,12,22080,CITY_31703,25012.0,33219.0,248.0,248.0,27187471.0,20327358.0,0.7476737354496856,133.94758064516128,0.00574341941956377,0.006649499951358304,0.006712499323336762
2024,12,22080,EWR,1083.0,1507.0,11.0,11.0,643489.0,462441.0,0.7186463171864632,137.0,0.0007106173315827082,0.0008730715084381463,0.0009318874957641478
2024,12,22080,NYC_CORE,1083.0,1507.0,11.0,11.0,643489.0,462441.0,0.7186463171864632,137.0,0.00026009613710404684,0.00031626920700585613,0.0003129623307158302
2025,1,19393,CITY_31703,129683.0,191328.0,1184.0,1228.0,190260127.0,131218777.0,0.6896809072349668,161.59459459459458,0.036170530847717444,0.04082279716642062,0.03348321597239897
2025,1,19393,LGA,105962.0,156104.0,952.0,995.0,164964804.0,113457737.0,0.6877693559409194,163.9747899159664,0.09473563748656685,0.10179204177474865,0.07399922269724057
2025,1,19393,NYC_CORE,105962.0,156104.0,952.0,995.0,164964804.0,113457737.0,0.6877693559409194,163.9747899159664,0.030931497484163087,0.034963800738767745,0.02831479388495628
2025,1,19690,CITY_31703,5900.0,8618.0,31.0,31.0,42935154.0,29395590.0,0.684650857430254,278.0,0.0016455983590874124,0.0018387840043287596,0.0008766720398178785
2025,1,19690,JFK,5900.0,8618.0,31.0,31.0,42935154.0,29395590.0,0.684650857430254,278.0,0.005811256304966851,0.006568507444257624,0.003263157894736842
2025,1,19690,NYC_CORE,5900.0,8618.0,31.0,31.0,42935154.0,29395590.0,0.684650857430254,278.0,0.0017222762420165928,0.001930239037863863,0.0009220153470941645
2025,1,19790,CITY_31703,694344.0,873496.0,5180.0,5248.0,1172809991.0,937782769.0,0.7996033255143032,168.62857142857143,0.19366294017664243,0.18637392349096707,0.1464890698792455
2025,1,19790,EWR,57888.0,68267.0,506.0,515.0,60549722.0,51772452.0,0.8550402923402357,134.91501976284584,0.044807519935352334,0.04216208938484,0.044949809007728526
2025,1,19790,JFK,345273.0,437055.0,2367.0,2385.0,753043925.0,599773037.0,0.7964648768662466,184.64512040557668,0.34007964376013894,0.3331166188268759,0.2491578947368421
2025,1,19790,LGA,285241.0,359156.0,2225.0,2260.0,352182304.0,281602520.0,0.7995930425851266,161.41842696629215,0.25502055427705983,0.2341978588354663,0.1729498639720171
2025,1,19790,NYC_CORE,688402.0,864478.0,5098.0,5160.0,1165775951.0,933148009.0,0.800452272325182,169.57198901530012,0.20095227280622144,0.19362371582437646,0.15162691095116293
2025,1,19805,CITY_31703,374656.0,494733.0,3146.0,3212.0,601750603.0,465154807.0,0.773002643754725,157.25778766687858,0.10449716929190739,0.10555896110624045,0.0889680721699047
2025,1,19805,EWR,73247.0,91350.0,514.0,524.0,104029456.0,83830380.0,0.8058331094223928,177.72373540856032,0.05669597175070399,0.056418282117350026,0.04566047792484676
2025,1,19805,JFK,131676.0,168663.0,1188.0,1199.0,268970191.0,211926231.0,0.7879171673711605,141.97222222222223,0.12969542122251104,0.12855235217809513,0.12505263157894736
2025,1,19805,LGA,169733.0,234720.0,1444.0,1489.0,228750956.0,169398196.0,0.7405354668769122,162.54847645429362,0.15175028743801977,0.1530558348624571,0.11224251846094054
2025,1,19805,NYC_CORE,374656.0,494733.0,3146.0,3212.0,601750603.0,465154807.0,0.773002643754725,157.25778766687858,0.1093662928354184,0.11080911463442823,0.093569686514782
2025,1,19930,CITY_31703,54078.0,63431.0,361.0,364.0,156381810.0,133265411.0,0.8521797452018237,175.70914127423822,0.01508316407842866,0.013533987952956317,0.010208987302395294
2025,1,19930,EWR,20625.0,23465.0,133.0,132.0,57563836.0,50570377.0,0.8785095037794215,176.42857142857142,0.015964536668508878,0.014492118115857891,0.0118148707470907
2025,1,19930,JFK,33453.0,39966.0,228.0,232.0,98817974.0,82695034.0,0.8368420303779958,175.28947368421052,0.03294982324916205,0.030461472327361364,0.024
2025,1,19930,NYC_CORE,54078.0,63431.0,361.0,364.0,156381810.0,133265411.0,0.8521797452018237,175.70914127423822,0.015785975358605646,0.014207123742253734,0.010737017429064303
2025,1,19977,CITY_31703,856512.0,1091389.0,6403.0,6497.0,1476225707.0,1180745482.0,0.7998407536199341,170.4496329845385,0.23889402402350474,0.2328647755512138,0.1810751958372218
2025,1,19977,EWR,787305.0,999632.0,5786.0,5864.0,1367856822.0,1097085682.0,0.8020471619214544,172.76736951261665,0.6094040989963821,0.6173784366670043,0.5139912943057653
2025,1,19977,LGA,69207.0,91757.0,617.0,633.0,108368885.0,83659800.0,0.7719909640114873,148.71474878444084,0.06187472172602284,0.05983275493981969,0.04795958025650991
2025,1,19977,NYC_CORE,856512.0,1091389.0,6403.0,6497.0,1476225707.0,1180745482.0,0.7998407536199341,170.4496329845385,0.2500254692545959,0.24444669915237913,0.19044078282077212
2025,1,20253,CITY_31703,375.0,846.0,94.0,94.0,177723.0,77533.0,0.4362575468566252,9.0,0.00010459311604369147,0.00018050722530310172,0.002658295862673567
2025,1,20253,JFK,102.0,351.0,39.0,39.0,83178.0,25390.0,0.3052489841063743,9.0,0.00010046578696722353,0.00026752681746744326,0.004105263157894737
2025,1,20253,NYC_CORE,102.0,351.0,39.0,39.0,83178.0,25390.0,0.3052489841063743,9.0,2.9774945200964826e-05,7.861614090162635e-05,0.0011599547915055618
2025,1,20304,CITY_31703,28816.0,40745.0,552.0,552.0,30619843.0,21379986.0,0.698239569680354,73.81340579710145,0.00803721395177337,0.00869357789004123,0.015610418257402222
2025,1,20304,JFK,6995.0,9890.0,131.0,131.0,8445766.0,5944842.0,0.7038842894771179,75.49618320610686,0.006889786076820868,0.007538006338327676,0.013789473684210527
2025,1,20304,LGA,18350.0,25000.0,340.0,340.0,18827602.0,13495414.0,0.7167887870159991,73.52941176470588,0.016405871424458787,0.01630195923466866,0.026428293820443063
2025,1,20304,NYC_CORE,25345.0,34890.0,471.0,471.0,27273368.0,19440256.0,0.712792640791559,74.07643312101911,0.007398490059984838,0.007814578792187303,0.014008684789721016
2025,1,20363,CITY_31703,190482.0,269319.0,3624.0,3730.0,141278773.0,98914824.0,0.7001393195848324,74.31539735099338,0.05312828248062517,0.057463387011118264,0.10248578942903198
2025,1,20363,EWR,7734.0,11076.0,146.0,152.0,5442690.0,3731883.0,0.6856688512481879,75.86301369863014,0.005986410986387765,0.006840600905657021,0.012969707737407835
2025,1,20363,JFK,69682.0,94540.0,1244.0,1273.0,41427249.0,30704936.0,0.741177286476348,75.9967845659164,0.06863389183774578,0.07205693824322532,0.13094736842105262
2025,1,20363,LGA,109729.0,159480.0,2178.0,2247.0,91114894.0,61875145.0,0.6790892496675681,73.22314049586777,0.09810353490650889,0.10399345834979831,0.16929654100272057
2025,1,20363,NYC_CORE,187145.0,265096.0,3568.0,3672.0,137984833.0,96311964.0,0.6979894957005891,74.29820627802691,0.054629726663083945,0.05937556834318387,0.1061209922074832
2025,1,20368,CITY_31703,10508.0,13486.0,77.0,77.0,11456408.0,8905832.0,0.7773668675207797,175.14285714285714,0.0029308385690322934,0.0028774473291224936,0.0021775402279347305
2025,1,20368,EWR,4310.0,5310.0,30.0,30.0,3530202.0,2895152.0,0.8201094441621187,177.0,0.0033361043898799156,0.0032794863496784744,0.002665008439193391
2025,1,20368,NYC_CORE,4310.0,5310.0,30.0,30.0,3530202.0,2895152.0,0.8201094441621187,177.0,0.001258137390354494,0.0011893211059476807,0.0008922729165427399
2025,1,20378,CITY_31703,5076.0,6560.0,89.0,89.0,3096710.0,2493868.0,0.8053282354498806,73.70786516853933,0.0014157724187674077,0.0013996777753999376,0.002516897146573909
2025,1,20378,LGA,5076.0,6560.0,89.0,89.0,3096710.0,2493868.0,0.8053282354498806,73.70786516853933,0.004538212716651379,0.004277634103177056,0.006917994558880684
2025,1,20378,NYC_CORE,5076.0,6560.0,89.0,89.0,3096710.0,2493868.0,0.8053282354498806,73.70786516853933,0.0014817413905891907,0.0014692931177056091,0.002647076319076795
2025,1,20397,CITY_31703,8342.0,13217.0,202.0,222.0,5251968.0,3521838.0,0.6705749159172333,65.43069306930693,0.0023267087307639314,0.0028200520057105145,0.005712508130426176
2025,1,20398,CITY_31703,10845.0,14004.0,208.0,209.0,11123167.0,8667109.0,0.7791943607427633,67.32692307692308,0.0030248329159835575,0.0029879706656555987,0.005882186589745765
2025,1,20398,EWR,4779.0,5635.0,85.0,86.0,4051565.0,3436101.0,0.8480922803904171,66.29411764705883,0.003699128278245039,0.003480208207238833,0.007550857244381274
2025,1,20398,NYC_CORE,4779.0,5635.0,85.0,86.0,4051565.0,3436101.0,0.8480922803904171,66.29411764705883,0.0013950437560334402,0.001262113829004742,0.0025281065968710964
2025,1,20409,CITY_31703,470979.0,604461.0,3931.0,3974.0,732011573.0,582849741.0,0.7962302270868605,153.76774357669805,0.13136309653637804,0.12897113228597892,0.11116767059755098
2025,1,20409,EWR,59668.0,70858.0,448.0,450.0,77150870.0,65290823.0,0.8462746175124143,158.16517857142858,0.046185307827228496,0.04376230579388274,0.0397974593586213
2025,1,20409,JFK,306368.0,392533.0,2546.0,2577.0,517674701.0,411482258.0,0.7948664619019117,154.1763550667714,0.3017598257017092,0.29918263316509375,0.268
2025,1,20409,LGA,39960.0,57286.0,409.0,415.0,46891828.0,36111081.0,0.7700932665708831,140.06356968215158,0.03572635542895766,0.037354961468689156,0.03179168286047415
2025,1,20409,NYC_CORE,405996.0,520677.0,3403.0,3442.0,641717399.0,512884162.0,0.7992368023669559,153.00528945048487,0.11851479070402858,0.11661998973286639,0.10121349116649812
2025,1,20416,CITY_31703,210444.0,263499.0,1420.0,1432.0,262207270.0,213426210.0,0.8139599256725414,185.56267605633803,0.05869598323386296,0.05622159971647991,0.04015723537230282
2025,1,20416,EWR,116651.0,146382.0,775.0,781.0,158838986.0,129222560.0,0.8135443523921766,188.88,0.0902923232445202,0.09040635985661666,0.06884605134582926
2025,1,20416,LGA,93793.0,117117.0,645.0,651.0,103368284.0,84203650.0,0.8145985087650289,181.5767441860465,0.08385590727598162,0.07636946238746757,0.05013602798289934
2025,1,20416,NYC_CORE,210444.0,263499.0,1420.0,1432.0,262207270.0,213426210.0,0.8139599256725414,185.56267605633803,0.06143096635168472,0.05901787610096194,0.04223425138302302
2025,1,20422,CITY_31703,3715.0,4464.0,24.0,24.0,4562208.0,3796716.0,0.8322101929591987,186.0,0.001036169136272837,0.0009524636569184942,0.0006787138372783575
2025,1,20422,EWR,1239.0,1488.0,8.0,8.0,1499904.0,1248912.0,0.8326612903225806,186.0,0.0009590332573227878,0.0009189973047686572,0.0007106689171182375
2025,1,20422,JFK,2476.0,2976.0,16.0,16.0,3062304.0,2547804.0,0.831989247311828,186.0,0.002438757730694563,0.002268261563484647,0.0016842105263157896
2025,1,20422,NYC_CORE,3715.0,4464.0,24.0,24.0,4562208.0,3796716.0,0.8322101929591987,186.0,0.0010844502100155326,0.0009998360483899145,0.0007138183332341919
2025,1,20436,CITY_31703,105025.0,132178.0,617.0,617.0,147948002.0,120152112.0,0.8121239244582702,214.22690437601295,0.029293045366636527,0.028202226981221486,0.017448601566697773
2025,1,20436,EWR,15714.0,19426.0,90.0,90.0,26701164.0,22261456.0,0.8337260502950359,215.84444444444443,0.012163235355585382,0.011997608630669312,0.007995025317580172
2025,1,20436,JFK,35658.0,41564.0,184.0,184.0,57450422.0,49253002.0,0.857313145584901,225.8913043478261,0.03512165717330644,0.03167944342227012,0.01936842105263158
2025,1,20436,LGA,35838.0,47664.0,233.0,233.0,39783932.0,30433200.0,0.764962095752627,204.56652360515022,0.032041069215790405,0.03108066339844988,0.018111154294597746
2025,1,20436,NYC_CORE,87210.0,108654.0,507.0,507.0,123935518.0,101947658.0,0.8225862903965916,214.30769230769232,0.025457578146824925,0.024336063172436778,0.015079412289572304
2025,1,20452,CITY_31703,358080.0,512376.0,6839.0,7093.0,260395692.0,184113506.0,0.7070528109965813,74.91972510600965,0.09987387464780012,0.10932336887931683,0.19340516388111195
2025,1,20452,EWR,95064.0,118100.0,1586.0,1647.0,65155480.0,53155376.0,0.81582356541614,74.4640605296343,0.07358316188388499,0.07293923500885646,0.1408901128186906
2025,1,20452,JFK,77688.0,115862.0,1526.0,1592.0,50425290.0,35066569.0,0.6954163079676884,75.92529488859765,0.07651947115597707,0.08830823967354107,0.16063157894736843
2025,1,20452,LGA,185328.0,278414.0,3727.0,3854.0,144814922.0,95891561.0,0.6621662994093938,74.7019050174403,0.1656930430164631,0.1815477471344416,0.28970073843762145
2025,1,20452,NYC_CORE,358080.0,512376.0,6839.0,7093.0,260395692.0,184113506.0,0.7070528109965813,74.91972510600965,0.10452757232903416,0.11476075159718434,0.20340848254119326
2025,1,20500,CITY_31703,47419.0,57400.0,1148.0,1202.0,16972550.0,14262837.0,0.8403473255344659,50.0,0.013225869252468816,0.012247180534749455,0.03246514521648144
2025,1,20500,EWR,47134.0,57100.0,1142.0,1196.0,16903850.0,14197572.0,0.8399016792032584,50.0,0.03648351376162412,0.03526528635906608,0.10144798791862841
2025,1,20500,LGA,285.0,300.0,6.0,6.0,68700.0,65265.0,0.95,50.0,0.00025480508751884215,0.00019562351081602391,0.0004663816556548776
2025,1,20500,NYC_CORE,47419.0,57400.0,1148.0,1202.0,16972550.0,14262837.0,0.8403473255344659,50.0,0.013842138494946579,0.01285631477992408,0.034144310273035515
2025,1,22080,CITY_31703,20043.0,31243.0,231.0,235.0,26485099.0,17059737.0,0.6441258535601472,135.25108225108224,0.005590292866303222,0.006666178770856746,0.0065326206838041915
2025,1,22080,EWR,568.0,1067.0,8.0,9.0,455609.0,242536.0,0.5323336457357076,133.375,0.0004396536643739657,0.0006589852985135465,0.0007106689171182375
2025,1,22080,NYC_CORE,568.0,1067.0,8.0,9.0,455609.0,242536.0,0.5323336457357076,133.375,0.00016580557719752962,0.00023898410923656784,0.0002379394444113973
2025,2,19393,CITY_31703,114909.0,176291.0,1101.0,1118.0,175043293.0,116713942.0,0.6667718596907337,160.11898274296095,0.034667552445273905,0.04027389474155541,0.03327389766992052
2025,2,19393,LGA,91269.0,140634.0,870.0,886.0,148737369.0,98125075.0,0.6597203894335391,161.64827586206897,0.08809315371540591,0.09865964757696889,0.07214528567874616
2025,2,19393,NYC_CORE,91269.0,140634.0,870.0,886.0,148737369.0,98125075.0,0.6597203894335391,161.64827586206897,0.028888939532922736,0.03378065465781696,0.02765416401780038
2025,2,19690,CITY_31703,5563.0,7784.0,28.0,28.0,38787672.0,27720429.0,0.7146711202466598,278.0,0.001678333239807663,0.0017782643281180964,0.0008462026655383964
2025,2,19690,JFK,5563.0,7784.0,28.0,28.0,38787672.0,27720429.0,0.7146711202466598,278.0,0.005963042641703996,0.006308493774171483,0.0031365520331578358
2025,2,19690,NYC_CORE,5563.0,7784.0,28.0,28.0,38787672.0,27720429.0,0.7146711202466598,278.0,0.0017608297518505647,0.001869737160689785,0.0008900190718372536
2025,2,19790,CITY_31703,638814.0,799179.0,4730.0,4760.0,1074052280.0,865717084.0,0.8060288126756735,168.95961945031712,0.19272744387102148,0.18257342079664596,0.14294780742845054
2025,2,19790,EWR,54118.0,64767.0,470.0,471.0,57332717.0,48607570.0,0.8478155675057227,137.80212765957447,0.045464244729665926,0.043068491183085145,0.04487301890395264
2025,2,19790,JFK,314121.0,396582.0,2143.0,2152.0,686726773.0,550306750.0,0.8013474523440489,185.05926271581893,0.33670985397352166,0.3214073841146551,0.24005825025204436
2025,2,19790,LGA,264726.0,329031.0,2037.0,2056.0,323129570.0,262240544.0,0.8115646735766089,161.52724594992637,0.2555144486130509,0.23082670266007974,0.16891947922713327
2025,2,19790,NYC_CORE,632965.0,790380.0,4650.0,4679.0,1067189060.0,861154864.0,0.8069374924064533,169.9741935483871,0.20034938052850848,0.18985134340518914,0.14780673871582964
2025,2,19805,CITY_31703,337550.0,454739.0,2889.0,2950.0,554493073.0,423312103.0,0.7634218056318262,157.4035998615438,0.10183738721860087,0.10388568117986834,0.08730998216930097
2025,2,19805,EWR,66131.0,84466.0,476.0,484.0,96815314.0,77556801.0,0.8010798890762261,177.44957983193277,0.05555630230639598,0.0561678505453467,0.04544586595379034
2025,2,19805,JFK,114780.0,152168.0,1071.0,1093.0,243326606.0,188273289.0,0.7737472366667539,142.08029878618115,0.12303398066057607,0.1233235972029967,0.11997311526828722
2025,2,19805,LGA,156639.0,218105.0,1342.0,1373.0,214351153.0,157482013.0,0.7346917000255184,162.52235469448584,0.15118850326866148,0.15300825145252783,0.11128617629985903
2025,2,19805,NYC_CORE,337550.0,454739.0,2889.0,2950.0,554493073.0,423312103.0,0.7634218056318262,157.4035998615438,0.10684308515857596,0.10922949726553342,0.09183089637635092
2025,2,19930,CITY_31703,49416.0,62953.0,356.0,368.0,153736185.0,120586734.0,0.7843744398886964,176.83426966292134,0.014908595250464762,0.014381689908532698,0.010758862461845327
2025,2,19930,EWR,20549.0,25416.0,143.0,147.0,61343321.0,49560009.0,0.8079120626677515,177.73426573426573,0.017263105897296745,0.016901026323734185,0.013652854687798357
2025,2,19930,JFK,28867.0,37537.0,213.0,221.0,92392864.0,71026725.0,0.7687468698881333,176.2300469483568,0.03094286391121144,0.03042162523138168,0.023860199395093536
2025,2,19930,NYC_CORE,49416.0,62953.0,356.0,368.0,153736185.0,120586734.0,0.7843744398886964,176.83426966292134,0.015641409853936274,0.015121475266817066,0.011315956770502225
2025,2,19977,CITY_31703,797125.0,1016702.0,6011.0,6039.0,1364345432.0,1089082114.0,0.7982451426568048,169.14024288803859,0.2404891935613308,0.232266816408829,0.18166157937683217
2025,2,19977,EWR,733579.0,931094.0,5430.0,5455.0,1264330793.0,1011852714.0,0.8003069446715595,171.47219152854512,0.6162758266111756,0.6191550284809159,0.5184265801031125
2025,2,19977,LGA,63546.0,85608.0,581.0,584.0,100014639.0,77229400.0,0.7721809604292028,147.3459552495697,0.06133481845970903,0.06005699268860413,0.04817978273488681
2025,2,19977,NYC_CORE,797125.0,1016702.0,6011.0,6039.0,1364345432.0,1089082114.0,0.7982451426568048,169.14024288803859,0.2523101592564949,0.2442144797979992,0.1910680228862047
2025,2,20253,CITY_31703,280.0,576.0,64.0,65.0,122256.0,58104.0,0.4752650176678445,9.0,8.447479905557174e-05,0.0001315879050611541,0.0019341775212306205
2025,2,20253,JFK,68.0,180.0,20.0,20.0,46620.0,17612.0,0.37777777777777777,9.0,7.288996937549375e-05,0.00014587986630920698,0.002240394309398454
2025,2,20253,NYC_CORE,68.0,180.0,20.0,20.0,46620.0,17612.0,0.37777777777777777,9.0,2.152371438537451e-05,4.3236470827872726e-05,0.0006357279084551812
2025,2,20304,CITY_31703,23248.0,34732.0,473.0,473.0,26245518.0,17177765.0,0.6545027992970076,73.4291754756871,0.007013821887299757,0.007934567914208341,0.014294780742845055
2025,2,20304,JFK,5350.0,8358.0,111.0,111.0,7587904.0,4820448.0,0.635280572869662,75.29729729729729,0.005734725531748405,0.00677368845895751,0.01243418841716142
2025,2,20304,LGA,15346.0,21930.0,300.0,300.0,16265324.0,10978632.0,0.6749716144603083,73.1,0.014812012149981034,0.015384658555988792,0.024877684716809022
2025,2,20304,NYC_CORE,20696.0,30288.0,411.0,411.0,23853228.0,15799080.0,0.6623455743599985,73.69343065693431,0.006550805778231042,0.007275256824636717,0.013064208518753973
2025,2,20363,CITY_31703,184530.0,263516.0,3544.0,3670.0,138846961.0,96814408.0,0.6972742313027651,74.35553047404063,0.05567190953473091,0.06020055276058175,0.1071050802381456
2025,2,20363,EWR,7135.0,10697.0,141.0,146.0,5295889.0,3428690.0,0.64742482329218,75.86524822695036,0.005994075652207517,0.007113246718011669,0.013461905671185794
2025,2,20363,JFK,63899.0,91151.0,1200.0,1247.0,40164345.0,28495210.0,0.7094653230371365,75.95916666666666,0.06849406107536286,0.07387275385528069,0.13442365856390726
2025,2,20363,LGA,109880.0,156659.0,2137.0,2209.0,89479707.0,62070028.0,0.6936771484958036,73.30790828263922,0.10605655513097328,0.1099017430334085,0.17721204079940295
2025,2,20363,NYC_CORE,180914.0,258507.0,3478.0,3602.0,134939941.0,93993928.0,0.6965612056996527,74.32633697527315,0.05726384212228888,0.06209405757944942,0.11055308328035601
2025,2,20368,CITY_31703,9913.0,12987.0,74.0,74.0,11863425.0,9082838.0,0.7656168433652171,175.5,0.0029907095822781526,0.002966896046925709,0.002236392758922905
2025,2,20368,EWR,2657.0,3489.0,21.0,21.0,2419107.0,1869059.0,0.7726235342215123,166.14285714285714,0.002232131605874614,0.002320100757141508,0.0020049646744319267
2025,2,20368,NYC_CORE,2657.0,3489.0,21.0,21.0,2419107.0,1869059.0,0.7726235342215123,166.14285714285714,0.000841007487087354,0.0008380669262135997,0.0006675143038779402
2025,2,20378,CITY_31703,6152.0,7722.0,105.0,105.0,5214082.0,4350366.0,0.8343493638956964,73.54285714285714,0.0018560320135352763,0.0017641003522260972,0.0031732599957689867
2025,2,20378,LGA,6152.0,7722.0,105.0,105.0,5214082.0,4350366.0,0.8343493638956964,73.54285714285714,0.00593793162691798,0.005417251863627244,0.008707189650883157
2025,2,20378,NYC_CORE,6152.0,7722.0,105.0,105.0,5214082.0,4350366.0,0.8343493638956964,73.54285714285714,0.0019472631014532938,0.00185484459851574,0.003337571519389701
2025,2,20397,CITY_31703,6531.0,10704.0,162.0,200.0,4220591.0,2801232.0,0.6637061018231807,66.07407407407408,0.001970374687971211,0.002445341902386447,0.004895886850615008
2025,2,20398,CITY_31703,10527.0,13442.0,198.0,202.0,10555537.0,8324980.0,0.7886837022124028,67.88888888888889,0.003175950748778585,0.003070841353875058,0.005983861706307232
2025,2,20398,EWR,5134.0,6081.0,90.0,90.0,4372239.0,3691346.0,0.8442690346982404,67.56666666666666,0.004313046166563895,0.004043718172593153,0.0085927057475654
2025,2,20398,NYC_CORE,5134.0,6081.0,90.0,90.0,4372239.0,3691346.0,0.8442690346982404,67.56666666666666,0.0016250404360957755,0.001460672106134967,0.002860775588048315
2025,2,20409,CITY_31703,453519.0,588210.0,3825.0,3891.0,705770991.0,560479339.0,0.7941376822612989,153.78039215686275,0.1368247371174423,0.1343772945069817,0.1155973284172988
2025,2,20409,EWR,49602.0,59504.0,373.0,379.0,64928184.0,54447132.0,0.8385746935414057,159.52815013404825,0.04167037708490501,0.03956872325965844,0.03561199159824327
2025,2,20409,JFK,305481.0,398706.0,2585.0,2624.0,515559049.0,406613214.0,0.7886840795223827,154.23829787234044,0.3274485402175766,0.3231287665371037,0.28957096448975017
2025,2,20409,LGA,38338.0,54326.0,389.0,402.0,43968056.0,34716267.0,0.7895793027556187,139.65552699228792,0.03700396988179153,0.03811158051585258,0.03225806451612903
2025,2,20409,NYC_CORE,393421.0,512536.0,3347.0,3405.0,624455289.0,495776613.0,0.7939345245901184,153.1329548849716,0.12452766525306508,0.12311248784574765,0.10638906547997456
2025,2,20416,CITY_31703,195247.0,241275.0,1285.0,1291.0,237812261.0,194856886.0,0.8193727488255956,187.7626459143969,0.058905182468582916,0.05511956908616312,0.03883465804345855
2025,2,20416,EWR,109408.0,134916.0,704.0,708.0,142558503.0,117530053.0,0.824433832613969,191.64204545454547,0.09191308044242746,0.08971588241630947,0.06721405384762269
2025,2,20416,LGA,85839.0,106359.0,581.0,583.0,95253758.0,77326833.0,0.8117982389734166,183.0619621342513,0.08285209897968343,0.07461454169431883,0.04817978273488681
2025,2,20416,NYC_CORE,195247.0,241275.0,1285.0,1291.0,237812261.0,194856886.0,0.8193727488255956,187.7626459143969,0.06180059797942966,0.057954886105527736,0.04084551811824539
2025,2,20422,CITY_31703,389.0,744.0,4.0,4.0,749952.0,392112.0,0.5228494623655914,186.0,0.00011735963154506218,0.00016996771070399073,0.00012088609507691378
2025,2,20422,EWR,389.0,744.0,4.0,4.0,749952.0,392112.0,0.5228494623655914,186.0,0.00032679683653941474,0.0004947420359166758,0.0003818980332251289
2025,2,20422,NYC_CORE,389.0,744.0,4.0,4.0,749952.0,392112.0,0.5228494623655914,186.0,0.00012312830729280418,0.00017871074608854061,0.00012714558169103624
2025,2,20436,CITY_31703,96370.0,125788.0,595.0,595.0,138045770.0,108781336.0,0.7880091943418477,211.40840336134454,0.02907441566066232,0.028736422572625788,0.017981806642690924
2025,2,20436,EWR,14383.0,18004.0,83.0,83.0,23949108.0,19861746.0,0.8293313471215713,216.9156626506024,0.012083082005003604,0.011972225288499774,0.007924384189421424
2025,2,20436,JFK,30174.0,35862.0,165.0,165.0,49405816.0,41520959.0,0.840406299533642,217.34545454545454,0.03234385199906101,0.029064132031004334,0.018483253052537247
2025,2,20436,LGA,31047.0,43858.0,214.0,214.0,35942380.0,26078012.0,0.7255505061156218,204.94392523364485,0.029966671524857366,0.030767914042341835,0.017746081764657102
2025,2,20436,NYC_CORE,75604.0,97724.0,462.0,462.0,109297304.0,87460717.0,0.800209280550964,211.52380952380952,0.02393057209399786,0.023473560417683524,0.014685314685314685
2025,2,20445,CITY_31703,286.0,300.0,6.0,6.0,68700.0,65494.0,0.9533333333333334,50.0,8.628497332104829e-05,6.85353672193511e-05,0.00018132914261537067
2025,2,20445,LGA,286.0,300.0,6.0,6.0,68700.0,65494.0,0.9533333333333334,50.0,0.0002760481868170582,0.00021046044536236378,0.0004975536943361804
2025,2,20445,NYC_CORE,286.0,300.0,6.0,6.0,68700.0,65494.0,0.9533333333333334,50.0,9.052621050319279e-05,7.206078471312121e-05,0.00019071837253655435
2025,2,20452,CITY_31703,324390.0,478718.0,6393.0,6645.0,242250939.0,165961561.0,0.6850811876522799,74.88158923822931,0.097867071662989,0.10936371308171107,0.19320620145667744
2025,2,20452,EWR,87066.0,112540.0,1511.0,1555.0,60721594.0,47629183.0,0.7843862432201631,74.48047650562542,0.07314368475614572,0.07483638269094449,0.14426198205079244
2025,2,20452,JFK,64610.0,105564.0,1391.0,1459.0,46784275.0,29825690.0,0.6375152762333071,75.89072609633357,0.06925619001986252,0.08555367892813957,0.1558194242186625
2025,2,20452,LGA,172714.0,260614.0,3491.0,3631.0,134745070.0,88506688.0,0.6568454638080636,74.65310799197938,0.1667041487339909,0.1828297950255569,0.2894933244879343
2025,2,20452,NYC_CORE,324390.0,478718.0,6393.0,6645.0,242250939.0,165961561.0,0.6850811876522799,74.88158923822931,0.1026776133745829,0.1149893157876532,0.20321042593769867
2025,2,20500,CITY_31703,40035.0,51300.0,1026.0,1080.0,15266200.0,12191942.0,0.7986232330245903,50.0,0.012078387786392196,0.011719547794509037,0.031007283387228385
2025,2,20500,EWR,39766.0,51000.0,1020.0,1074.0,15197500.0,12130341.0,0.7981800296101332,50.0,0.03340720566022202,0.03391376859106246,0.09738399847240786
2025,2,20500,LGA,269.0,300.0,6.0,6.0,68700.0,61601.0,0.8966666666666666,50.0,0.00025963972816010024,0.00021046044536236378,0.0004975536943361804
2025,2,20500,NYC_CORE,40035.0,51300.0,1026.0,1080.0,15266200.0,12191942.0,0.7986232330245903,50.0,0.012672086844389242,0.012322394185943728,0.0326128417037508
2025,2,22080,CITY_31703,19804.0,29640.0,220.0,223.0,24380766.0,16729098.0,0.6861596555251791,134.72727272727272,0.005974781858916225,0.006771294281271888,0.006648735229230257
2025,2,22080,EWR,425.0,1096.0,8.0,8.0,467992.0,181475.0,0.38777372262773724,137.0,0.0003570402455764814,0.0007288135367804795,0.0007637960664502578
2025,2,22080,NYC_CORE,425.0,1096.0,8.0,8.0,467992.0,181475.0,0.38777372262773724,137.0,0.00013452321490859068,0.00026326206681860284,0.0002542911633820725
2025,3,19393,CITY_31703,151368.0,206608.0,1232.0,1244.0,206044989.0,151208633.0,0.7338622197698775,167.7012987012987,0.038497751449311855,0.04133783750257101,0.032685981110049875
2025,3,19393,JFK,172.0,175.0,1.0,0.0,32200.0,31648.0,0.9828571428571429,175.0,0.0001543250030730415,0.00012207354826648586,9.68054211035818e-05
2025,3,19393,LGA,123633.0,165233.0,959.0,968.0,174768116.0,130035885.0,0.7440481020004815,172.29718456725757,0.09722074778657722,0.10156415673407368,0.06973531122745782
2025,3,19393,NYC_CORE,123805.0,165408.0,960.0,968.0,174800316.0,130067533.0,0.7440920930600606,172.3,0.032869314176801626,0.03471420197609537,0.026761073788085746
2025,3,19534,CITY_31703,132.0,332.0,2.0,0.0,263442.0,124150.0,0.4712612263800002,166.0,3.357184603951406e-05,6.642609216900399e-05,5.3061657646184864e-05
2025,3,19534,EWR,82.0,166.0,1.0,0.0,232400.0,114800.0,0.4939759036144578,166.0,5.940397528504853e-05,9.739463484639224e-05,8.481044864727334e-05
2025,3,19534,JFK,50.0,166.0,1.0,0.0,31042.0,9350.0,0.30120481927710846,166.0,4.486191949797718e-05,0.00011579548006992373,9.68054211035818e-05
2025,3,19534,NYC_CORE,132.0,332.0,2.0,0.0,263442.0,124150.0,0.4712612263800002,166.0,3.5045026221378897e-05,6.96768902112574e-05,5.575223705851197e-05
2025,3,19690,CITY_31703,6512.0,8618.0,31.0,31.0,42943494.0,32449296.0,0.7556277558598282,278.0,0.0016562110712826938,0.0017242772961219167,0.0008224556935158654
2025,3,19690,JFK,6512.0,8618.0,31.0,31.0,42943494.0,32449296.0,0.7556277558598282,278.0,0.005842816395416547,0.006011599079774715,0.003000968054211036
2025,3,19690,NYC_CORE,6512.0,8618.0,31.0,31.0,42943494.0,32449296.0,0.7556277558598282,278.0,0.0017288879602546923,0.0018086609633753501,0.0008641596744069355
2025,3,19790,CITY_31703,748163.0,907819.0,5307.0,5344.0,1237926669.0,1023300877.0,0.8266247933947694,171.06067458074241,0.19028191703379516,0.18163514628546093,0.14079910856415154
2025,3,19790,EWR,66022.0,76137.0,526.0,528.0,69138187.0,59907817.0,0.8664938957684847,144.7471482889734,0.047828893369139924,0.04467069465843232,0.044610295988465776
2025,3,19790,JFK,371055.0,459108.0,2466.0,2475.0,802999973.0,656789929.0,0.8179202379624488,186.17518248175182,0.33292479078643844,0.32025681484302737,0.2387221684414327
2025,3,19790,LGA,305454.0,364986.0,2246.0,2270.0,359869869.0,302210171.0,0.8397762553441227,162.50489759572574,0.24019854160621482,0.22434680305836374,0.1633216986620128
2025,3,19790,NYC_CORE,742531.0,900231.0,5238.0,5273.0,1232008029.0,1018907917.0,0.8270302571218064,171.86540664375715,0.19713650276656589,0.18893161611979054,0.14601510885624286
2025,3,19805,CITY_31703,393905.0,510726.0,3245.0,3281.0,621090488.0,488677163.0,0.786805099162942,157.38859784283514,0.10018271222874839,0.10218533840092388,0.08609253953093494
2025,3,19805,EWR,77974.0,96111.0,547.0,555.0,109525939.0,90171923.0,0.8232928548551407,175.7056672760512,0.05648738498629724,0.05638973343205785,0.04639131541005852
2025,3,19805,JFK,132581.0,172569.0,1209.0,1214.0,274885169.0,216216768.0,0.7865712391344037,142.73697270471465,0.11895676297922624,0.12037777229028113,0.1170377541142304
2025,3,19805,LGA,183350.0,242046.0,1489.0,1512.0,236679380.0,182288472.0,0.7701916068903003,162.55607790463398,0.14418014694029047,0.148778984106417,0.10827515997673065
2025,3,19805,NYC_CORE,393905.0,510726.0,3245.0,3281.0,621090488.0,488677163.0,0.786805099162942,157.38859784283514,0.10457887161918375,0.10718614286155013,0.09045800462743568
2025,3,19930,CITY_31703,76483.0,98935.0,559.0,567.0,243778301.0,188396542.0,0.7728191607997137,176.98568872987477,0.019452087126061772,0.01979477538777232,0.014830733312108671
2025,3,19930,EWR,34733.0,43299.0,244.0,245.0,106268643.0,85213712.0,0.801870707994267,177.45491803278688,0.02516193016555598,0.02540415839887914,0.020693749469934696
2025,3,19930,JFK,41750.0,55636.0,315.0,322.0,137509658.0,103182830.0,0.7503678759785731,176.62222222222223,0.03745970278081094,0.038809622464881184,0.03049370764762827
2025,3,19930,NYC_CORE,76483.0,98935.0,559.0,567.0,243778301.0,188396542.0,0.7728191607997137,176.98568872987477,0.02030567227643729,0.020763503412803464,0.015582750257854097
2025,3,19977,CITY_31703,909879.0,1135092.0,6677.0,6698.0,1521954446.0,1232425352.0,0.8097649408883819,170.00029953571965,0.23141149774687134,0.2271076078683707,0.17714634405178817
2025,3,19977,EWR,828630.0,1035648.0,6022.0,6044.0,1408977125.0,1138770746.0,0.808225148438801,171.977416140817,0.6002916590298751,0.6076298722252796,0.5107285217538801
2025,3,19977,LGA,81050.0,99213.0,654.0,654.0,112964385.0,93643462.0,0.8289644740685306,151.7018348623853,0.06373493814840765,0.060983488056608866,0.047556719022687606
2025,3,19977,NYC_CORE,909680.0,1134861.0,6676.0,6698.0,1521941510.0,1232414208.0,0.8097645013966404,169.99116237267825,0.24151332918987847,0.23817344970493307,0.18610096730131295
2025,3,20253,CITY_31703,444.0,918.0,102.0,103.0,191664.0,90602.0,0.4727126638283663,9.0,0.00011292348213291094,0.00018367214641911342,0.002706144539955428
2025,3,20253,JFK,181.0,396.0,44.0,44.0,91962.0,40369.0,0.438974793936626,9.0,0.00016240014858267737,0.0002762350006487337,0.0042594385285575995
2025,3,20253,NYC_CORE,181.0,396.0,44.0,44.0,91962.0,40369.0,0.438974793936626,9.0,4.805416474295137e-05,8.310857989053593e-05,0.0012265492152872634
2025,3,20304,CITY_31703,27800.0,35654.0,477.0,477.0,24959312.0,19442746.0,0.7789776416914056,74.74633123689728,0.0070704342416552345,0.007133602078896591,0.012655205348615091
2025,3,20304,JFK,9183.0,11538.0,153.0,153.0,7721024.0,6163680.0,0.7982982568115318,75.41176470588235,0.008239340134998488,0.00804848342799265,0.014811229428848015
2025,3,20304,LGA,15478.0,19978.0,268.0,268.0,15148598.0,11693871.0,0.7719441099433756,74.54477611940298,0.012171367953868644,0.012279924247779343,0.019488074461896453
2025,3,20304,NYC_CORE,24661.0,31516.0,421.0,421.0,22869622.0,17857551.0,0.7808415460474161,74.85985748218528,0.006547313573071402,0.006614267686439723,0.01173584590081677
2025,3,20363,CITY_31703,246792.0,324335.0,4354.0,4427.0,175504787.0,134008217.0,0.7635587569471823,74.49127239320165,0.06276714414987693,0.06489248976998165,0.11551522869574446
2025,3,20363,EWR,10391.0,12832.0,169.0,171.0,6325574.0,5033647.0,0.79576130166211,75.92899408284023,0.00752764277057243,0.0075287226165596695,0.014332965821389196
2025,3,20363,JFK,90753.0,120584.0,1587.0,1623.0,56898908.0,43328810.0,0.7615051241405195,75.98235664776307,0.08142707560399845,0.08411495282380532,0.15363020329138433
2025,3,20363,LGA,139771.0,182939.0,2493.0,2525.0,106076805.0,81078475.0,0.7643374534140617,73.38106698756518,0.10991111708749025,0.11244754539816323,0.181282722513089
2025,3,20363,NYC_CORE,240915.0,316355.0,4249.0,4319.0,169301287.0,129440932.0,0.7645596456688484,74.45398917392328,0.06396115524335982,0.0663934716951275,0.11844562763080868
2025,3,20368,CITY_31703,13730.0,17994.0,105.0,105.0,15297714.0,11598252.0,0.7581689656376109,171.37142857142857,0.0034919806524433944,0.003600214164123668,0.0027857370264247057
2025,3,20368,EWR,6378.0,8157.0,50.0,50.0,5574369.0,4409208.0,0.7909788533912986,163.14,0.004620470175219994,0.004785831544831454,0.0042405224323636675
2025,3,20368,NYC_CORE,6378.0,8157.0,50.0,50.0,5574369.0,4409208.0,0.7909788533912986,163.14,0.001693311948787535,0.0017119108236542968,0.0013938059264627994
2025,3,20378,CITY_31703,9687.0,11552.0,155.0,155.0,7661136.0,6787020.0,0.8859025606646325,74.52903225806452,0.0024637157013997933,0.002311307881735946,0.004112278467579327
2025,3,20378,LGA,9687.0,11552.0,155.0,155.0,7661136.0,6787020.0,0.8859025606646325,74.52903225806452,0.007617524316392657,0.00710069501002838,0.01127108784176847
2025,3,20378,NYC_CORE,9687.0,11552.0,155.0,155.0,7661136.0,6787020.0,0.8859025606646325,74.52903225806452,0.0025718270379280106,0.002424419987109775,0.004320798372034678
2025,3,20397,CITY_31703,8889.0,14184.0,215.0,228.0,5754456.0,3805596.0,0.6613302803948801,65.97209302325581,0.002260758632160913,0.0028379147329070857,0.005704128196964873
2025,3,20398,CITY_31703,13199.0,15774.0,231.0,244.0,12206631.0,10223865.0,0.8375664833318874,68.28571428571429,0.00335693027178444,0.003156039692391171,0.006128621458134352
2025,3,20398,EWR,7047.0,7947.0,116.0,119.0,5609925.0,4977189.0,0.8872113263546304,68.50862068965517,0.005105119680899231,0.004662621464604091,0.009838012043083709
2025,3,20398,JFK,60.0,65.0,1.0,1.0,1950.0,1800.0,0.9230769230769231,65.0,5.383430339757261e-05,4.5341603641837604e-05,9.68054211035818e-05
2025,3,20398,NYC_CORE,7107.0,8012.0,117.0,120.0,5611875.0,4978989.0,0.8872237888406281,68.47863247863248,0.0018868560708737866,0.0016814796517246814,0.0032615058679229506
2025,3,20409,CITY_31703,522356.0,681907.0,4435.0,4475.0,830525278.0,649266350.0,0.7817538697479597,153.75580608793686,0.13285193340770005,0.1364349916647259,0.11766422583041494
2025,3,20409,EWR,56720.0,69190.0,425.0,427.0,74860220.0,61418406.0,0.8204411635445368,162.8,0.04109016436790186,0.04059478786157758,0.036044440675091174
2025,3,20409,JFK,358111.0,464159.0,3019.0,3029.0,613391760.0,481626654.0,0.7851860514070159,153.74594236502153,0.3213109370668021,0.32378020622756465,0.29225556631171346
2025,3,20409,LGA,46006.0,66288.0,471.0,476.0,53988064.0,40026761.0,0.7414001917164506,140.7388535031847,0.03617753935170441,0.04074540086779443,0.03424956369982548
2025,3,20409,NYC_CORE,460837.0,599637.0,3915.0,3932.0,742240044.0,583071821.0,0.7855569444323863,153.1639846743295,0.12234882385440597,0.1258459078783366,0.10913500404203719
2025,3,20416,CITY_31703,221949.0,264619.0,1445.0,1453.0,254699659.0,219315586.0,0.8610753028138134,183.1273356401384,0.056448770125940205,0.05294459663755923,0.038337047649368565
2025,3,20416,EWR,125570.0,152172.0,824.0,831.0,154721125.0,132538192.0,0.8566263462730122,184.6747572815534,0.09096777044565296,0.08928154442075421,0.06988380968535324
2025,3,20416,LGA,96379.0,112447.0,621.0,622.0,99978534.0,86777394.0,0.8679602563486278,181.07407407407408,0.07578913761635263,0.06911806196266111,0.045157068062827224
2025,3,20416,NYC_CORE,221949.0,264619.0,1445.0,1453.0,254699659.0,219315586.0,0.8610753028138134,183.1273356401384,0.05892582215764262,0.055535629550640724,0.0402809912747749
2025,3,20422,CITY_31703,393.0,558.0,3.0,3.0,514104.0,352984.0,0.6866003765775018,186.0,9.995254161764415e-05,0.00011164385370573561,7.95924864692773e-05
2025,3,20422,EWR,393.0,558.0,3.0,3.0,514104.0,352984.0,0.6866003765775018,186.0,0.0002847044181344399,0.0003273867846041377,0.00025443134594182
2025,3,20422,NYC_CORE,393.0,558.0,3.0,3.0,514104.0,352984.0,0.6866003765775018,186.0,0.000104338600795469,0.00011710754439120971,8.362835558776796e-05
2025,3,20436,CITY_31703,102747.0,137968.0,639.0,639.0,149691422.0,115160040.0,0.7693162270848092,215.91236306729263,0.026131867159257208,0.027604443025220308,0.016953199617956063
2025,3,20436,EWR,15454.0,19816.0,90.0,90.0,26617996.0,21674424.0,0.8142770778085623,220.17777777777778,0.011195476025062682,0.011626337856121136,0.007632940378254601
2025,3,20436,JFK,33905.0,40762.0,188.0,188.0,54553948.0,45396028.0,0.8321309394509816,216.81914893617022,0.030420867611578323,0.02843406842536284,0.018199419167473377
2025,3,20436,LGA,36018.0,51302.0,239.0,239.0,41518728.0,30082893.0,0.7245620097031874,214.65271966527197,0.02832331896643241,0.031533921001079976,0.017379290285049448
2025,3,20436,NYC_CORE,85377.0,111880.0,517.0,517.0,122690672.0,97153345.0,0.791856001897194,216.40232108317215,0.02266696366441414,0.023480272520588787,0.014411953279625345
2025,3,20445,CITY_31703,138.0,150.0,3.0,3.0,34350.0,31602.0,0.92,50.0,3.509783904131016e-05,3.001178863057409e-05,7.95924864692773e-05
2025,3,20445,LGA,138.0,150.0,3.0,3.0,34350.0,31602.0,0.92,50.0,0.0001085184634729211,9.220085279642113e-05,0.0002181500872600349
2025,3,20445,NYC_CORE,138.0,150.0,3.0,3.0,34350.0,31602.0,0.92,50.0,3.66379819587143e-05,3.148052268580906e-05,8.362835558776796e-05
2025,3,20452,CITY_31703,412455.0,539483.0,7189.0,7270.0,270982183.0,209022207.0,0.7713503695554774,75.04284323271665,0.10490057392596798,0.10793899843858668,0.1907301284092115
2025,3,20452,EWR,107569.0,128998.0,1721.0,1747.0,66748200.0,56313857.0,0.8436760392040534,74.95525857059849,0.07792714899313884,0.07568501871033076,0.14595878212195743
2025,3,20452,JFK,70218.0,99786.0,1315.0,1329.0,41129485.0,29626448.0,0.7203213947366469,75.8828897338403,0.06300228526617922,0.06960703478468319,0.12729912875121008
2025,3,20452,LGA,234668.0,310699.0,4153.0,4194.0,163104498.0,123081902.0,0.7546199124441069,74.813147122562,0.184534860770025,0.190978085086635,0.3019924374636416
2025,3,20452,NYC_CORE,412455.0,539483.0,7189.0,7270.0,270982183.0,209022207.0,0.7713503695554774,75.04284323271665,0.10950375977377905,0.11322137880072221,0.20040141610682127
2025,3,20500,CITY_31703,42896.0,52250.0,1045.0,1062.0,16034950.0,13471073.0,0.8401069538726345,50.0,0.010909832634174206,0.010454106372983309,0.027724716120131592
2025,3,20500,EWR,42855.0,52200.0,1044.0,1061.0,16023500.0,13461684.0,0.8401213218085937,50.0,0.031045821473667738,0.03062650565651611,0.08854210838775337
2025,3,20500,LGA,41.0,50.0,1.0,1.0,11450.0,9389.0,0.82,50.0,3.224099277094033e-05,3.073361759880704e-05,7.271669575334496e-05
2025,3,20500,NYC_CORE,42896.0,52250.0,1045.0,1062.0,16034950.0,13471073.0,0.8401069538726345,50.0,0.011388571551456585,0.01096571540222349,0.029130543863072504
2025,3,22080,CITY_31703,21949.0,32560.0,241.0,243.0,26474992.0,17944311.0,0.6777834342688376,135.10373443983403,0.005582336732737077,0.006514558918743282,0.0063939297463652765
2025,3,22080,EWR,561.0,1175.0,9.0,9.0,501725.0,239547.0,0.4774468085106383,130.55555555555554,0.0004064101235964905,0.0006893897346054872,0.0007632940378254601
2025,3,22080,NYC_CORE,561.0,1175.0,9.0,9.0,501725.0,239547.0,0.4774468085106383,130.55555555555554,0.00014894136144086032,0.00024659742770550435,0.0002508850667633039
2025,4,19393,CITY_31703,163965.0,214535.0,1257.0,1262.0,210959424.0,160496106.0,0.7607913548341884,170.67223548130468,0.04148373452535134,0.04399744138681921,0.034693088982115254
2025,4,19393,LGA,132128.0,167503.0,961.0,966.0,176454420.0,136999341.0,0.7764007328351423,174.30072840790842,0.09967426022067022,0.10199101155613575,0.06894819916774286
2025,4,19393,NYC_CORE,132128.0,167503.0,961.0,966.0,176454420.0,136999341.0,0.7764007328351423,174.30072840790842,0.03501635958977262,0.036169355927079566,0.027998718060775574
2025,4,19531,CITY_31703,116.0,146.0,1.0,0.0,8176.0,6496.0,0.7945205479452054,146.0,2.934841707035499e-05,2.994209076596175e-05,2.7599911680282623e-05
2025,4,19690,CITY_31703,6905.0,8538.0,30.0,30.0,42544854.0,34407615.0,0.8087374092293277,284.6,0.001746989826472424,0.001750997061368366,0.0008279973504084787
2025,4,19690,JFK,6905.0,8538.0,30.0,30.0,42544854.0,34407615.0,0.8087374092293277,284.6,0.006034298937683738,0.005896653176236584,0.0028982706984832384
2025,4,19690,NYC_CORE,6905.0,8538.0,30.0,30.0,42544854.0,34407615.0,0.8087374092293277,284.6,0.0018299524927901727,0.001843632417959113,0.00087404947120007
2025,4,19790,CITY_31703,774264.0,927290.0,5385.0,5405.0,1258815360.0,1055801774.0,0.8387264785202494,172.19870009285052,0.1958915758151839,0.19017124209841554,0.1486255243983219
2025,4,19790,EWR,67594.0,76735.0,508.0,510.0,70155596.0,61689114.0,0.8793185079633562,151.0531496062992,0.05185847823284989,0.049801921594180704,0.050627865258122386
2025,4,19790,JFK,380285.0,465331.0,2477.0,2477.0,818133237.0,679828198.0,0.83095047023496,187.86071861122326,0.3323321320082636,0.3213745044684172,0.23930055067143272
2025,4,19790,LGA,320828.0,378626.0,2340.0,2358.0,365380087.0,309950002.0,0.8482947293184042,161.80598290598292,0.24202510866793703,0.23054183352807686,0.1678863538527766
2025,4,19790,NYC_CORE,768707.0,920692.0,5325.0,5345.0,1253668920.0,1051467314.0,0.8387121170715471,172.89990610328638,0.2037215482802687,0.1988074043283687,0.15514378113801242
2025,4,19805,CITY_31703,401734.0,487102.0,3082.0,3118.0,595590130.0,497849541.0,0.8358928664583478,158.04737183646984,0.10164014640812061,0.09989624860466781,0.08506292779863105
2025,4,19805,EWR,71714.0,82836.0,469.0,480.0,97176310.0,84847609.0,0.8731305911903837,176.6226012793177,0.05501936426296117,0.053761542675122856,0.046741080326888576
2025,4,19805,JFK,135294.0,162500.0,1131.0,1138.0,261244316.0,221369667.0,0.8473664437545122,143.67816091954023,0.11823380745474057,0.11222840725444425,0.10926480533281809
2025,4,19805,LGA,194726.0,241766.0,1482.0,1500.0,237169504.0,191632265.0,0.8079970728445762,163.1349527665317,0.14689672132878898,0.14720905834451156,0.1063280241067585
2025,4,19805,NYC_CORE,401734.0,487102.0,3082.0,3118.0,595590130.0,497849541.0,0.8358928664583478,158.04737183646984,0.10646692755084247,0.1051811944310986,0.08979401567462052
2025,4,19821,CITY_31703,268.0,349.0,1.0,0.0,79572.0,61104.0,0.7679083094555874,349.0,6.780496357633739e-05,7.157390189945651e-05,2.7599911680282623e-05
2025,4,19821,JFK,268.0,349.0,1.0,0.0,79572.0,61104.0,0.7679083094555874,349.0,0.0002342059544242204,0.0002410320869649295,9.660902328277462e-05
2025,4,19821,NYC_CORE,268.0,349.0,1.0,0.0,79572.0,61104.0,0.7679083094555874,349.0,7.102494830814863e-05,7.536047246049783e-05,2.9134982373335666e-05
2025,4,19930,CITY_31703,93948.0,110472.0,627.0,636.0,273209532.0,232244782.0,0.8500610513106109,176.19138755980862,0.02376918178384233,0.02265590856915977,0.017305144623537206
2025,4,19930,EWR,44428.0,51138.0,289.0,291.0,125988464.0,109395926.0,0.86830113271323,176.94809688581316,0.034085399161597994,0.03318916617558106,0.028802072951963326
2025,4,19930,JFK,49520.0,59334.0,338.0,345.0,147221068.0,122848856.0,0.834451601723199,175.54437869822485,0.043275667399579824,0.040978217329447356,0.03265384986957782
2025,4,19930,NYC_CORE,93948.0,110472.0,627.0,636.0,273209532.0,232244782.0,0.8500610513106109,176.19138755980862,0.024897954640499802,0.023854504623656493,0.018267633948081462
2025,4,19977,CITY_31703,910551.0,1091023.0,6220.0,6256.0,1454440346.0,1224710867.0,0.8420495693537369,175.4056270096463,0.23037267682611037,0.22375006639556086,0.17167145065135792
2025,4,19977,EWR,801299.0,956752.0,5413.0,5446.0,1307555310.0,1104378211.0,0.8446129984359897,176.75078514686865,0.6147608774374114,0.6209433516527735,0.5394658162248356
2025,4,19977,LGA,108025.0,132827.0,801.0,810.0,146804172.0,120263944.0,0.8192133940171673,165.82646691635455,0.08149152307109697,0.08087711916781697,0.0574687903572966
2025,4,19977,NYC_CORE,909324.0,1089579.0,6214.0,6256.0,1454359482.0,1224642155.0,0.8420491427029456,175.3426134534921,0.2409876496095483,0.23527561095426008,0.1810447804679078
2025,4,20253,CITY_31703,610.0,1179.0,131.0,132.0,239265.0,120212.0,0.5024220007105092,9.0,0.00015433219321479778,0.0002417926370758144,0.0036155884301170235
2025,4,20253,JFK,303.0,603.0,67.0,67.0,129249.0,61575.0,0.4764060070097254,9.0,0.00026479255294977155,0.00041645372045803005,0.006472804559945899
2025,4,20253,NYC_CORE,303.0,603.0,67.0,67.0,129249.0,61575.0,0.4764060070097254,9.0,8.030059454242176e-05,0.00013020734926555929,0.0019520438190134895
2025,4,20304,CITY_31703,25246.0,31344.0,416.0,416.0,20372462.0,16621886.0,0.8158997179624141,75.34615384615384,0.006387328770329155,0.006428115705262363,0.011481563258997572
2025,4,20304,EWR,270.0,292.0,4.0,4.0,142496.0,131760.0,0.9246575342465754,73.0,0.00020714544372088455,0.00018951144986643337,0.00039864460833167234
2025,4,20304,JFK,9335.0,11592.0,153.0,153.0,7003940.0,5924090.0,0.8458224941961239,75.76470588235294,0.008157882778172004,0.008005856596267801,0.014781180562264516
2025,4,20304,LGA,12588.0,15798.0,210.0,210.0,11376716.0,9024271.0,0.7932228421628877,75.22857142857143,0.009496091575273952,0.009619254583881081,0.015066724063710719
2025,4,20304,NYC_CORE,22193.0,27682.0,367.0,367.0,18523152.0,15080121.0,0.814122833953962,75.42779291553134,0.005881554767920681,0.0059774458414083124,0.010692538531014189
2025,4,20363,CITY_31703,258610.0,329308.0,4427.0,4439.0,179957697.0,141127649.0,0.7842268008130822,74.3862660944206,0.06542925981521124,0.06753541113669405,0.12218480900861117
2025,4,20363,EWR,8239.0,9268.0,122.0,123.0,4482941.0,3960476.0,0.8834548569789341,75.9672131147541,0.006321004854875437,0.0060150414978154265,0.012158660554116005
2025,4,20363,JFK,96225.0,124513.0,1639.0,1643.0,59195888.0,46147449.0,0.779571868235172,75.96888346552777,0.08409129837489032,0.08599320413829302,0.15834218916046758
2025,4,20363,LGA,146650.0,186223.0,2543.0,2550.0,109269966.0,85381749.0,0.781383504777516,73.22965001966182,0.11062931597663847,0.11338944463692155,0.18245085378103026
2025,4,20363,NYC_CORE,251114.0,320004.0,4304.0,4316.0,172948795.0,135489674.0,0.783409181891091,74.3503717472119,0.0665498465278076,0.06909929120128695,0.1253969641348367
2025,4,20368,CITY_31703,13056.0,15772.0,91.0,91.0,13453649.0,11033193.0,0.8200892560821231,173.3186813186813,0.0033032149419875406,0.0032345661339777307,0.002511591962905719
2025,4,20368,EWR,5789.0,6780.0,41.0,41.0,4582239.0,3942153.0,0.860311520197877,165.3658536585366,0.004441351754445187,0.0044003001030630765,0.004086107235399641
2025,4,20368,NYC_CORE,5789.0,6780.0,41.0,41.0,4582239.0,3942153.0,0.860311520197877,165.3658536585366,0.0015341918871487777,0.001464022932040617,0.0011945342773067623
2025,4,20378,CITY_31703,7097.0,8206.0,112.0,112.0,1879174.0,1625213.0,0.8648549841579333,73.26785714285714,0.0017955665167957702,0.0016829095672978227,0.0030911901081916537
2025,4,20378,LGA,7097.0,8206.0,112.0,112.0,1879174.0,1625213.0,0.8648549841579333,73.26785714285714,0.005353810129466097,0.0049965567233401795,0.008035586167312384
2025,4,20378,NYC_CORE,7097.0,8206.0,112.0,112.0,1879174.0,1625213.0,0.8648549841579333,73.26785714285714,0.0018808360378467569,0.0017719427994580092,0.0032631180258135945
2025,4,20397,CITY_31703,10764.0,14258.0,217.0,223.0,5703132.0,4466766.0,0.7832128030703129,65.70506912442396,0.0027233307012525954,0.0029240707543909767,0.005989180834621329
2025,4,20398,CITY_31703,11414.0,13079.0,187.0,197.0,10424899.0,9032216.0,0.8664080102838406,69.94117647058823,0.002887783038284757,0.0026822781173151625,0.00516118348421285
2025,4,20398,EWR,4584.0,4937.0,68.0,77.0,3549703.0,3295896.0,0.9284990885152927,72.6029411764706,0.003516869311172351,0.0032041713287348683,0.006776958341638429
2025,4,20398,NYC_CORE,4584.0,4937.0,68.0,77.0,3549703.0,3295896.0,0.9284990885152927,72.6029411764706,0.0012148446382259453,0.0010660591763251514,0.001981178801386825
2025,4,20409,CITY_31703,516633.0,677555.0,4388.0,4389.0,818586537.0,639265459.0,0.780938153885128,154.4108933454877,0.13071000651990267,0.13895488567761105,0.12110841245308016
2025,4,20409,EWR,54829.0,66116.0,411.0,414.0,72281154.0,59913177.0,0.8288907091881793,160.8661800486618,0.042065101976934735,0.04291006513482572,0.04096073350607933
2025,4,20409,JFK,352138.0,462881.0,2985.0,2981.0,603023209.0,472201047.0,0.7830561742110327,155.06901172529314,0.3077343894740154,0.31968244540519636,0.2883779344990822
2025,4,20409,LGA,47618.0,64334.0,461.0,463.0,52724270.0,40391787.0,0.7660947605343801,139.55314533622558,0.03592190090811845,0.03917237146470474,0.03307504663509829
2025,4,20409,NYC_CORE,454585.0,593331.0,3857.0,3858.0,728028633.0,572506011.0,0.7863784266847648,153.83225304640914,0.12047341838305875,0.12811949709300757,0.11237362701395566
2025,4,20416,CITY_31703,181253.0,211802.0,1162.0,1175.0,202938393.0,177034781.0,0.8723572626299451,182.2736660929432,0.04585766068321597,0.043436950057618016,0.03207109737248841
2025,4,20416,EWR,117530.0,138421.0,753.0,760.0,139492373.0,121101875.0,0.8681612649890185,183.82602921646748,0.09016964444635393,0.08983686439027937,0.07504484751843732
2025,4,20416,LGA,63723.0,73381.0,409.0,415.0,63446020.0,55932906.0,0.8815825799632506,179.41564792176038,0.04807113468789181,0.044681005229761844,0.02934423877170326
2025,4,20416,NYC_CORE,181253.0,211802.0,1162.0,1175.0,202938393.0,177034781.0,0.8723572626299451,182.2736660929432,0.048035391625734565,0.04573495354750247,0.03385484951781604
2025,4,20422,CITY_31703,5098.0,5952.0,32.0,32.0,6081642.0,5208315.0,0.8563994723793344,186.0,0.0012898123295230148,0.001220652905746605,0.0008831971737690439
2025,4,20422,EWR,1787.0,2046.0,11.0,11.0,2062368.0,1801296.0,0.8734115347018573,186.0,0.00137099595529341,0.0013278781726942558,0.0010962726729120988
2025,4,20422,JFK,3311.0,3906.0,21.0,21.0,4019274.0,3407019.0,0.8476702508960573,186.0,0.0028934922205171407,0.002697625592220672,0.0020287894889382666
2025,4,20422,NYC_CORE,5098.0,5952.0,32.0,32.0,6081642.0,5208315.0,0.8563994723793344,186.0,0.0013510641286378423,0.0012852307509595505,0.0009323194359467413
2025,4,20436,CITY_31703,111904.0,145612.0,673.0,673.0,160108318.0,124951267.0,0.7804170861378982,216.3625557206538,0.028312114343456936,0.02986251863433714,0.018574740560830204
2025,4,20436,EWR,15224.0,19140.0,85.0,85.0,25961988.0,20780488.0,0.8004197521391659,225.1764705882353,0.011679934204469432,0.01242208613165594,0.008471197927048037
2025,4,20436,JFK,41526.0,51216.0,230.0,230.0,67087686.0,54693167.0,0.815248971323888,222.6782608695652,0.03628968829634394,0.035371631421191485,0.02222007535503816
2025,4,20436,LGA,33897.0,44908.0,208.0,208.0,36240780.0,27953326.0,0.7713224163497585,215.90384615384616,0.025571100740948614,0.027344061580765387,0.01492323145358014
2025,4,20436,NYC_CORE,90647.0,115264.0,523.0,523.0,129290454.0,103426981.0,0.7999583712498991,220.39005736137668,0.024023128691375926,0.024889253575033875,0.015237595781254552
2025,4,20452,CITY_31703,413372.0,524359.0,7007.0,7070.0,258290994.0,205554807.0,0.7958264584323834,74.83359497645212,0.1045846022517826,0.10753701898595162,0.19339258114374033
2025,4,20452,EWR,85942.0,98547.0,1318.0,1382.0,50240623.0,44602328.0,0.8877741822588466,74.7701062215478,0.06593516194170466,0.06395816729447742,0.13135339844528604
2025,4,20452,JFK,69112.0,97053.0,1278.0,1280.0,39391702.0,28471825.0,0.7227873779102004,75.94131455399061,0.06039717135136836,0.06702832990317278,0.12346633175538595
2025,4,20452,LGA,258318.0,328759.0,4411.0,4408.0,168658669.0,132480654.0,0.7854956687699225,74.53162548175017,0.19486903269316944,0.2001782831840841,0.3164729516429904
2025,4,20452,NYC_CORE,413372.0,524359.0,7007.0,7070.0,258290994.0,205554807.0,0.7958264584323834,74.83359497645212,0.10955121243297021,0.11322619478198906,0.204148821489963
2025,4,20500,CITY_31703,23516.0,26700.0,534.0,564.0,8376700.0,7431004.0,0.8871039908317118,50.0,0.005949632550228171,0.005475711119528622,0.01473835283727092
2025,4,20500,EWR,23516.0,26700.0,534.0,564.0,8376700.0,7431004.0,0.8871039908317118,50.0,0.01804160094274193,0.017328615450115655,0.05321905521227825
2025,4,20500,NYC_CORE,23516.0,26700.0,534.0,564.0,8376700.0,7431004.0,0.8871039908317118,50.0,0.0062321741955762055,0.005765400042106854,0.015558080587361245
2025,4,21080,CITY_31703,75.0,152.0,19.0,19.0,29032.0,14325.0,0.4934210526315789,8.0,1.8975269657557104e-05,3.1172587646754695e-05,0.0005243983219253699
2025,4,22080,CITY_31703,22114.0,31346.0,233.0,231.0,25586023.0,17881678.0,0.6988846214982297,134.53218884120173,0.005594921509429571,0.006428525870889295,0.006430779421505851
2025,4,22080,EWR,687.0,1096.0,8.0,8.0,467992.0,293349.0,0.6268248175182481,137.0,0.000527070073467584,0.0007113169488137362,0.0007972892166633447
2025,4,22080,JFK,70.0,124.0,1.0,0.0,78864.0,44520.0,0.5645161290322581,124.0,6.117319705110234e-05,8.563890768954514e-05,9.660902328277462e-05
2025,4,22080,NYC_CORE,757.0,1220.0,9.0,8.0,546856.0,337869.0,0.6178390654943897,135.55555555555554,0.00020061897712413625,0.00026343775473297235,0.00026221484136002097
2025,5,19393,CITY_31703,175811.0,222668.0,1300.0,1307.0,218320880.0,173013098.0,0.7924716041818812,171.28307692307692,0.04456596655835127,0.045750311226956414,0.036298654157592
2025,5,19393,LGA,144107.0,172213.0,987.0,994.0,181537773.0,150291772.0,0.8278815450710635,174.48125633232016,0.104484797511628,0.10564592514796675,0.07172443863091345
2025,5,19393,NYC_CORE,144107.0,172213.0,987.0,994.0,181537773.0,150291772.0,0.8278815450710635,174.48125633232016,0.038202132216962725,0.03724266761936109,0.029193410038747078
2025,5,19690,CITY_31703,8526.0,9300.0,31.0,31.0,46341900.0,42485058.0,0.9167741935483871,300.0,0.0021612380958899212,0.0019108174250933886,0.0008655832914502709
2025,5,19690,JFK,8526.0,9300.0,31.0,31.0,46341900.0,42485058.0,0.9167741935483871,300.0,0.006710638163901395,0.005991117684877517,0.0028331200877353318
2025,5,19690,NYC_CORE,8526.0,9300.0,31.0,31.0,46341900.0,42485058.0,0.9167741935483871,300.0,0.0022602051203746117,0.002011211748590746,0.0009169156141855719
2025,5,19790,CITY_31703,825193.0,974573.0,5686.0,5714.0,1318498775.0,1130247997.0,0.8572233956000452,171.39869855786142,0.209176465876342,0.2002399000457569,0.15876472887697549
2025,5,19790,EWR,65987.0,85318.0,526.0,537.0,77982906.0,60276322.0,0.7729427523513935,162.20152091254752,0.05878632218222183,0.059179404085777466,0.05776411157478586
2025,5,19790,JFK,415251.0,495016.0,2662.0,2656.0,870584079.0,747693214.0,0.8588409000757754,185.9564237415477,0.32683546894185056,0.3188923776233687,0.2432827636629501
2025,5,19790,LGA,337706.0,387225.0,2435.0,2459.0,364600162.0,317526301.0,0.8708890836971158,159.02464065708418,0.24485377551723264,0.2375473591739382,0.1769493496112201
2025,5,19790,NYC_CORE,818944.0,967559.0,5623.0,5652.0,1313167147.0,1125495837.0,0.8570849792970033,172.0716699270852,0.21709845438658998,0.20924365895211974,0.16631666124404745
2025,5,19805,CITY_31703,412626.0,487275.0,3061.0,3114.0,603072834.0,517050213.0,0.8573594827187988,159.18817379941197,0.1045957108321223,0.10011758718412699,0.08546936952029932
2025,5,19805,EWR,68101.0,84708.0,477.0,496.0,99455268.0,79904352.0,0.8034200058663559,177.58490566037736,0.06066963685167516,0.058756287785672864,0.05238304414671645
2025,5,19805,JFK,153245.0,182325.0,1230.0,1236.0,285673128.0,247186355.0,0.8652768873661789,148.23170731707316,0.12061596826496238,0.11745489590271971,0.1124108938036922
2025,5,19805,LGA,191280.0,220242.0,1354.0,1382.0,217944438.0,189959506.0,0.8715960257724035,162.6602658788774,0.13868758677943613,0.13510983402204532,0.09839401206307681
2025,5,19805,NYC_CORE,412626.0,487275.0,3061.0,3114.0,603072834.0,517050213.0,0.8573594827187988,159.18817379941197,0.10938533872855907,0.10537776395640384,0.09053802242006566
2025,5,19930,CITY_31703,96425.0,112631.0,640.0,665.0,279195599.0,239126929.0,0.8564853094263853,175.9859375,0.02444257370351697,0.023141642731794997,0.01787010666219914
2025,5,19930,EWR,41697.0,53141.0,301.0,316.0,131109531.0,102920177.0,0.784993861353985,176.54817275747507,0.03714691190737727,0.03686036607189925,0.033055128486712056
2025,5,19930,JFK,54728.0,59490.0,339.0,349.0,148086068.0,136206752.0,0.9197810019508385,175.4867256637168,0.04307527626483645,0.03832382699713586,0.030981539023944436
2025,5,19930,NYC_CORE,96425.0,112631.0,640.0,665.0,279195599.0,239126929.0,0.8564853094263853,175.9859375,0.0255618436232843,0.02435750435005638,0.018929870744476322
2025,5,19977,CITY_31703,796798.0,993725.0,5664.0,5808.0,1331578591.0,1076630451.0,0.8085369187195051,175.44579802259886,0.20197867608830608,0.20417495115601372,0.15815044396046238
2025,5,19977,EWR,672368.0,859284.0,4852.0,4991.0,1183685709.0,939581813.0,0.7937764271850307,177.09892827699917,0.5989974066561009,0.5960279783919361,0.5328354930814847
2025,5,19977,LGA,124430.0,134441.0,812.0,817.0,147892882.0,137048638.0,0.9266750106337098,165.5677339901478,0.09021798631830426,0.08247428372316723,0.059007339582879154
2025,5,19977,NYC_CORE,796798.0,993725.0,5664.0,5808.0,1331578591.0,1076630451.0,0.8085369187195051,175.44579802259886,0.2112276471386641,0.21490230052347734,0.16752935608861547
2025,5,20207,CITY_31703,362.0,447.0,3.0,3.0,248979.0,201634.0,0.8098434004474273,149.0,9.176263085997555e-05,9.184251494803707e-05,8.376612497905847e-05
2025,5,20253,CITY_31703,737.0,1368.0,152.0,153.0,274734.0,145387.0,0.5291918728661178,9.0,0.00018682060481713255,0.0002810750793040597,0.004244150332272296
2025,5,20253,JFK,385.0,720.0,80.0,80.0,153990.0,79079.0,0.5135333463211897,9.0,0.00030302553285269025,0.00046382846592600134,0.007311277645768598
2025,5,20253,NYC_CORE,385.0,720.0,80.0,80.0,153990.0,79079.0,0.5135333463211897,9.0,0.00010206180757028214,0.00015570671601992874,0.0023662338430595403
2025,5,20304,CITY_31703,9726.0,11878.0,157.0,157.0,8632322.0,6972980.0,0.8077757062352401,75.65605095541402,0.0024654236125528236,0.002440504233898846,0.004383760540570727
2025,5,20304,JFK,1799.0,2356.0,31.0,31.0,1483900.0,1150902.0,0.7755926949255341,76.0,0.00141595567169348,0.0015177498135023042,0.0028331200877353318
2025,5,20304,LGA,5129.0,6302.0,83.0,83.0,5459622.0,4363988.0,0.7993205390409812,75.92771084337349,0.0037187820608099533,0.003866029976148644,0.006031538405639125
2025,5,20304,NYC_CORE,6928.0,8658.0,114.0,114.0,6943522.0,5514890.0,0.7942496617710724,75.94736842105263,0.0018365823450569214,0.001872373260139643,0.003371883226359845
2025,5,20363,CITY_31703,276190.0,339917.0,4560.0,4730.0,184778839.0,150823241.0,0.8162365442722583,74.54320175438596,0.07001083153927251,0.06984078781564187,0.12732450996816888
2025,5,20363,EWR,4189.0,5588.0,74.0,87.0,2602762.0,1952693.0,0.7502387847986101,75.51351351351352,0.0037318851231504272,0.003876022762269679,0.008126509993410937
2025,5,20363,JFK,111649.0,138488.0,1823.0,1902.0,66556378.0,54132600.0,0.813334523702597,75.96708721886999,0.08787661744797406,0.08921482859605566,0.16660573935295192
2025,5,20363,LGA,151873.0,186267.0,2537.0,2614.0,108611229.0,88532978.0,0.8151365085832883,73.42018131651557,0.11011553673647691,0.11426750326361147,0.18436160162778867
2025,5,20363,NYC_CORE,267711.0,330343.0,4434.0,4603.0,177770369.0,144618271.0,0.8135116769656927,74.5022552999549,0.07096900926350079,0.07143975512523794,0.13114851075157502
2025,5,20368,CITY_31703,14155.0,18368.0,105.0,105.0,14926288.0,11452161.0,0.767247757781439,174.93333333333334,0.003588121656969486,0.0037739671466790713,0.002931814374267046
2025,5,20368,EWR,7316.0,9453.0,54.0,54.0,6648513.0,5157183.0,0.7756896918152977,175.05555555555554,0.006517658524938775,0.006556915385063578,0.0059301559411377115
2025,5,20368,NYC_CORE,7316.0,9453.0,54.0,54.0,6648513.0,5157183.0,0.7756896918152977,175.05555555555554,0.0019394394394394395,0.002044299425744981,0.0015972078440651897
2025,5,20378,CITY_31703,5025.0,5710.0,76.0,76.0,1307590.0,1150725.0,0.8800350262697023,75.13157894736842,0.0012737768510259037,0.001173200806159489,0.002122075166136148
2025,5,20378,LGA,5025.0,5710.0,76.0,76.0,1307590.0,1150725.0,0.8800350262697023,75.13157894736842,0.003643376848424647,0.0035028611811819673,0.005522854443717753
2025,5,20378,NYC_CORE,5025.0,5710.0,76.0,76.0,1307590.0,1150725.0,0.8800350262697023,75.13157894736842,0.001332105410495241,0.001234840761769157,0.002247922150906563
2025,5,20397,CITY_31703,11552.0,14431.0,221.0,236.0,5729424.0,4707258.0,0.8215935842765346,65.29864253393666,0.0029282925737415403,0.00296505443672287,0.00617077120679064
2025,5,20398,CITY_31703,11511.0,13303.0,194.0,218.0,9829432.0,8475985.0,0.862306692797712,68.5721649484536,0.002917899568588891,0.002733290774840575,0.005416876081979115
2025,5,20398,EWR,4747.0,5458.0,75.0,96.0,3924302.0,3413093.0,0.8697325027482594,72.77333333333333,0.004228994671662707,0.0037858504360178792,0.008236327696024599
2025,5,20398,NYC_CORE,4747.0,5458.0,75.0,96.0,3924302.0,3413093.0,0.8697325027482594,72.77333333333333,0.001258408832561375,0.001180343411162182,0.002218344227868319
2025,5,20409,CITY_31703,565480.0,733312.0,4624.0,4643.0,903114720.0,713968052.0,0.7905618590736734,158.58823529411765,0.1433423549687817,0.15066939221828848,0.1291115206343888
2025,5,20409,EWR,56264.0,81663.0,503.0,522.0,108252864.0,73932971.0,0.6829654964140256,162.35188866799206,0.05012432193099443,0.05664417445154417,0.055238304414671646
2025,5,20409,JFK,399542.0,505121.0,3197.0,3187.0,641516920.0,525461075.0,0.819091529183673,157.99843603378167,0.3144712401221547,0.3254020813013996,0.2921769329190276
2025,5,20409,LGA,48571.0,58580.0,367.0,370.0,59638666.0,49446735.0,0.8291053156688649,159.61852861035422,0.035216409334295234,0.035936533799236364,0.02666957343216336
2025,5,20409,NYC_CORE,504377.0,645364.0,4067.0,4079.0,809408450.0,648840781.0,0.8016234337558498,158.68305876567496,0.13370812549837974,0.13956598482984067,0.12029341299653938
2025,5,20416,CITY_31703,175209.0,214277.0,1099.0,1109.0,207769449.0,176386371.0,0.8489523933809923,194.97452229299364,0.044413366824158716,0.04402626079534796,0.030686323783995086
2025,5,20416,EWR,107022.0,132440.0,678.0,685.0,139639062.0,116394453.0,0.8335379179215626,195.33923303834808,0.0953434732990702,0.09186479145221838,0.07445640237206237
2025,5,20416,LGA,68187.0,81837.0,421.0,424.0,68130387.0,59991918.0,0.8805456807400786,194.3871733966746,0.04943899247035451,0.050203791678526906,0.03059370685269966
2025,5,20416,NYC_CORE,175209.0,214277.0,1099.0,1109.0,207769449.0,176386371.0,0.8489523933809923,194.97452229299364,0.04644713569501705,0.04633939998416982,0.03250613741903043
2025,5,20422,CITY_31703,6179.0,7626.0,41.0,41.0,7757316.0,6293175.0,0.8112567542691312,186.0,0.001566301922883395,0.0015668702885765786,0.0011448037080471324
2025,5,20422,EWR,3096.0,4278.0,23.0,23.0,4312224.0,3120768.0,0.7237026647966339,186.0,0.002758156204648776,0.0029673631669630794,0.0025258071601142102
2025,5,20422,JFK,3083.0,3348.0,18.0,18.0,3445092.0,3172407.0,0.9208482676224612,186.0,0.0024265655007398544,0.002156802366555906,0.0016450374702979345
2025,5,20422,NYC_CORE,6179.0,7626.0,41.0,41.0,7757316.0,6293175.0,0.8112567542691312,186.0,0.0016380257376020088,0.0016491936338444118,0.0012126948445680145
2025,5,20436,CITY_31703,115984.0,147690.0,695.0,695.0,169283504.0,133777311.0,0.7902560369969658,212.50359712230215,0.029400544137191724,0.030345013495918557,0.01940581895348188
2025,5,20436,EWR,13478.0,19618.0,90.0,90.0,24566992.0,16173926.0,0.658360046683778,217.9777777777778,0.012007244614423838,0.013607697664675476,0.00988359323522952
2025,5,20436,JFK,50998.0,61044.0,277.0,277.0,88771716.0,74913052.0,0.843884238984408,220.3754512635379,0.04013947045304285,0.03932492343609281,0.02531529884847377
2025,5,20436,LGA,34003.0,43580.0,208.0,208.0,33142654.0,25802106.0,0.7785165907353104,209.51923076923077,0.02465387919939966,0.026734621764607728,0.015115180582806483
2025,5,20436,NYC_CORE,98479.0,124242.0,575.0,575.0,146481362.0,116889084.0,0.7979792268725628,216.07304347826087,0.026106349994061858,0.026868491405205534,0.017007305746990446
2025,5,20452,CITY_31703,403302.0,509256.0,6805.0,7119.0,245438468.0,195469895.0,0.7964109969917185,74.83556208670096,0.10223218936765155,0.10463389662724287,0.1900094934941643
2025,5,20452,EWR,63084.0,80467.0,1070.0,1251.0,40596022.0,32596611.0,0.8029508654813519,75.20280373831775,0.05620010530170006,0.055814589050027605,0.11750494179661762
2025,5,20452,JFK,71314.0,95090.0,1254.0,1270.0,36977327.0,28125347.0,0.7606106033570247,75.82934609250398,0.056129773635991566,0.06125756781236592,0.11460427709742277
2025,5,20452,LGA,268904.0,333699.0,4481.0,4598.0,167865119.0,134747937.0,0.802715524241817,74.46976121401472,0.1949688772236381,0.2047112562695694,0.3256304047670954
2025,5,20452,NYC_CORE,403302.0,509256.0,6805.0,7119.0,245438468.0,195469895.0,0.7964109969917185,74.83556208670096,0.10691358731612968,0.11013136024089559,0.20127776627525215
2025,5,20500,CITY_31703,14336.0,18500.0,370.0,480.0,5632100.0,4426317.0,0.7859088084373502,50.0,0.0036340029723994738,0.003801088426261042,0.010331155414083878
2025,5,20500,EWR,14336.0,18500.0,370.0,480.0,5632100.0,4426317.0,0.7859088084373502,50.0,0.012771617361061,0.012832215658909997,0.04063254996705469
2025,5,20500,NYC_CORE,14336.0,18500.0,370.0,480.0,5632100.0,4426317.0,0.7859088084373502,50.0,0.003800410580071597,0.0040007975644009465,0.010943831524150373
2025,5,21080,CITY_31703,491.0,856.0,107.0,107.0,159240.0,91569.0,0.5750376789751319,8.0,0.00012446257390123756,0.0001758773888042947,0.0029876584575864186
2025,5,22080,CITY_31703,19343.0,29916.0,223.0,222.0,21238684.0,13864418.0,0.65279082263289,134.152466367713,0.004903217040675434,0.006146668181622991,0.006226615290110013
2025,5,22080,EWR,804.0,1768.0,13.0,13.0,754936.0,343308.0,0.45475113122171945,136.0,0.0007162653709746822,0.0012263436370244798,0.0014276301339775973
2025,5,22080,NYC_CORE,804.0,1768.0,13.0,13.0,754936.0,343308.0,0.45475113122171945,136.0,0.00021313686567923855,0.0003823464915600472,0.0003845129994971753
2025,6,19393,CITY_31703,165949.0,198882.0,1246.0,1261.0,192550550.0,162647837.0,0.844702012017104,159.6163723916533,0.041493940897969796,0.042098395967332586,0.03531445738741037
2025,6,19393,LGA,135872.0,153442.0,958.0,976.0,162100595.0,143259950.0,0.8837718948533162,160.16910229645094,0.10148229034248182,0.09885682183068284,0.07242761019127542
2025,6,19393,NYC_CORE,135872.0,153442.0,958.0,976.0,162100595.0,143259950.0,0.8837718948533162,160.16910229645094,0.03546291247834007,0.03411336097374768,0.02882676857340595
2025,6,19531,CITY_31703,0.0,137.0,1.0,0.0,10960.0,0.0,0.0,137.0,0.0,2.8999508490082378e-05,2.8342261145594194e-05
2025,6,19531,EWR,0.0,137.0,1.0,0.0,10960.0,0.0,0.0,137.0,0.0,9.419180338801729e-05,0.0001044932079414838
2025,6,19531,NYC_CORE,0.0,137.0,1.0,0.0,10960.0,0.0,0.0,137.0,0.0,3.0457961010697415e-05,3.0090572623597026e-05
2025,6,19532,CITY_31703,489.0,592.0,2.0,0.0,134976.0,111492.0,0.8260135135135135,296.0,0.00012226971599170366,0.00012531174471626838,5.668452229118839e-05
2025,6,19532,JFK,489.0,592.0,2.0,0.0,134976.0,111492.0,0.8260135135135135,296.0,0.0003927474248539245,0.0003969531166183886,0.00019164430816404754
2025,6,19532,NYC_CORE,489.0,592.0,2.0,0.0,134976.0,111492.0,0.8260135135135135,296.0,0.0001276301533936962,0.0001316139629075392,6.018114524719405e-05
2025,6,19690,CITY_31703,8296.0,9000.0,30.0,30.0,44847000.0,41338968.0,0.9217777777777778,300.0,0.0020743344864359377,0.0019050772000784046,0.0008502678343678258
2025,6,19690,JFK,8296.0,9000.0,30.0,30.0,44847000.0,41338968.0,0.9217777777777778,300.0,0.006663052426560649,0.006034760218860637,0.002874664622460713
2025,6,19690,NYC_CORE,8296.0,9000.0,30.0,30.0,44847000.0,41338968.0,0.9217777777777778,300.0,0.0021652755675953044,0.002000887949607859,0.0009027171787079108
2025,6,19790,CITY_31703,815285.0,933161.0,5496.0,5608.0,1258747616.0,1106949867.0,0.879405730687795,169.7891193595342,0.20385412147708817,0.19752708278915157,0.1557690672561857
2025,6,19790,EWR,73471.0,83859.0,535.0,554.0,75269500.0,66465106.0,0.8830283979566756,156.74579439252335,0.058897705209253554,0.05765569664464045,0.05590386624869383
2025,6,19790,JFK,408720.0,475418.0,2571.0,2600.0,832485670.0,727501875.0,0.8738911686011364,184.91559704395178,0.3282693813625685,0.3187815148589207,0.2463587581448831
2025,6,19790,LGA,327155.0,367157.0,2329.0,2394.0,345827136.0,308420966.0,0.8918356424176037,157.64577071704593,0.24435085004264778,0.2365452361992676,0.17607923187419672
2025,6,19790,NYC_CORE,809346.0,926434.0,5435.0,5548.0,1253582306.0,1102387947.0,0.8793901618774125,170.45703771849125,0.21124121498685983,0.20596562518966752,0.16354226220924983
2025,6,19805,CITY_31703,415271.0,476608.0,2964.0,3071.0,583929394.0,512071488.0,0.8769407624648538,160.79892037786774,0.10383449331204657,0.1008861149083298,0.0840064620355412
2025,6,19805,EWR,76694.0,88347.0,502.0,525.0,102123789.0,88717777.0,0.8687278240332427,175.99003984063745,0.061481409036470064,0.06074133761986251,0.05245559038662487
2025,6,19805,JFK,150078.0,175399.0,1184.0,1212.0,268744917.0,234515577.0,0.8726326049917439,148.1410472972973,0.12053731702909463,0.11761010084754854,0.11345343043311613
2025,6,19805,LGA,188499.0,212862.0,1278.0,1334.0,213060688.0,188838134.0,0.8863114813559599,166.55868544600938,0.1407892004774161,0.13713885903809134,0.09662054887729644
2025,6,19805,NYC_CORE,415271.0,476608.0,2964.0,3071.0,583929394.0,512071488.0,0.8769407624648538,160.79892037786774,0.1083867104907027,0.10595991154296695,0.08918845725634159
2025,6,19930,CITY_31703,93682.0,104912.0,599.0,586.0,261792075.0,233657575.0,0.8925311241755504,175.14524207011686,0.02342427716469281,0.022207273246069508,0.016977014426210923
2025,6,19930,EWR,42096.0,48415.0,276.0,261.0,118821233.0,103279335.0,0.8691993206298406,175.41666666666666,0.033746073940585236,0.03328683329219604,0.02884012539184953
2025,6,19930,JFK,51586.0,56497.0,323.0,325.0,142970842.0,130378240.0,0.911921886841794,174.91331269349845,0.041432042246451015,0.03788287200944105,0.030950555768493676
2025,6,19930,NYC_CORE,93682.0,104912.0,599.0,586.0,261792075.0,233657575.0,0.8925311241755504,175.14524207011686,0.02445122296570194,0.023324128507695528,0.01802425300153462
2025,6,19977,CITY_31703,842058.0,961027.0,5513.0,5555.0,1314809163.0,1158451712.0,0.8810797373489251,174.32015236713224,0.2105484509377137,0.2034256251510832,0.1562508856956608
2025,6,19977,EWR,719878.0,829550.0,4721.0,4747.0,1170635740.0,1023998549.0,0.8747371312958547,175.71489091294217,0.5770870442845072,0.5703416824856186,0.493312434691745
2025,6,19977,LGA,122180.0,131477.0,792.0,808.0,144173423.0,134453163.0,0.9325793908631829,166.00631313131314,0.0912557865788715,0.08470561100502266,0.05987752324790202
2025,6,19977,NYC_CORE,842058.0,961027.0,5513.0,5555.0,1314809163.0,1158451712.0,0.8810797373489251,174.32015236713224,0.21977912414394488,0.21365637150531025,0.1658893268738904
2025,6,20207,CITY_31703,2147.0,3569.0,21.0,21.0,2471323.0,1333174.0,0.5394576103568817,169.95238095238096,0.0005368365648960895,0.000755468947453314,0.0005951874840574781
2025,6,20233,CITY_31703,176.0,236.0,1.0,0.0,53808.0,40128.0,0.7457627118644068,236.0,4.400709614425326e-05,4.995535769094483e-05,2.8342261145594194e-05
2025,6,20233,JFK,176.0,236.0,1.0,0.0,53808.0,40128.0,0.7457627118644068,236.0,0.00014135694636869265,0.00015824482351679004,9.582215408202377e-05
2025,6,20233,NYC_CORE,176.0,236.0,1.0,0.0,53808.0,40128.0,0.7457627118644068,236.0,4.593641512738351e-05,5.246772845638387e-05,3.0090572623597026e-05
2025,6,20253,CITY_31703,703.0,1395.0,155.0,157.0,274266.0,141410.0,0.5155943500105736,9.0,0.0001757783442580116,0.0002952869660121527,0.0043930504775671
2025,6,20253,JFK,234.0,360.0,40.0,40.0,86436.0,56007.0,0.6479591836734694,9.0,0.0001879404855129209,0.00024139040875442548,0.0038328861632809506
2025,6,20253,NYC_CORE,234.0,360.0,40.0,40.0,86436.0,56007.0,0.6479591836734694,9.0,6.107455193072579e-05,8.003551798431438e-05,0.001203622904943881
2025,6,20304,CITY_31703,10070.0,11784.0,156.0,156.0,7723952.0,6646852.0,0.8605506611123425,75.53846153846153,0.0025179060123444908,0.002494381080635991,0.004421392738712695
2025,6,20304,LGA,7691.0,9078.0,120.0,120.0,6371872.0,5430607.0,0.8522781060259842,75.65,0.005744379232101004,0.00584860878103087,0.009072352007257882
2025,6,20304,NYC_CORE,7691.0,9078.0,120.0,120.0,6371872.0,5430607.0,0.8522781060259842,75.65,0.0020073691405949235,0.0020182289785044606,0.0036108687148316432
2025,6,20363,CITY_31703,266953.0,322933.0,4326.0,4700.0,177170382.0,147821694.0,0.8343476620149749,74.64932963476653,0.06674901327839114,0.06835692171699105,0.12260862171584049
2025,6,20363,EWR,5164.0,6125.0,81.0,88.0,2878066.0,2437133.0,0.84679538273271,75.61728395061728,0.004139697971996916,0.004211129895997123,0.008463949843260187
2025,6,20363,JFK,106116.0,128568.0,1693.0,1861.0,61945835.0,51709963.0,0.8347609326761033,75.94093325457767,0.08522860068670562,0.08620856131316382,0.16222690686086624
2025,6,20363,LGA,146680.0,178148.0,2419.0,2614.0,105072036.0,87205494.0,0.8299591149066532,73.64530797850351,0.10955474525608833,0.1147739542986437,0.18288349587964012
2025,6,20363,NYC_CORE,257960.0,312841.0,4193.0,4563.0,169895937.0,141352590.0,0.8319951171051253,74.61030288576198,0.06732816844465823,0.06955108744925248,0.12616977101074234
2025,6,20368,CITY_31703,20313.0,24777.0,141.0,141.0,19285485.0,15888916.0,0.8238795135305127,175.72340425531914,0.00507906899987623,0.005244677531815848,0.0039962588215287816
2025,6,20368,EWR,12568.0,15318.0,86.0,86.0,10913865.0,8998533.0,0.8245047011301679,178.11627906976744,0.010075082128593578,0.01053160616275656,0.008986415882967606
2025,6,20368,NYC_CORE,12568.0,15318.0,86.0,86.0,10913865.0,8998533.0,0.8245047011301679,178.11627906976744,0.0032802776438690677,0.0034055112902325766,0.002587789245629344
2025,6,20378,CITY_31703,3691.0,4350.0,60.0,60.0,996150.0,845239.0,0.8485057471264368,72.5,0.0009228988174343113,0.0009207873133712289,0.0017005356687356517
2025,6,20378,LGA,3691.0,4350.0,60.0,60.0,996150.0,845239.0,0.8485057471264368,72.5,0.002756794141943155,0.0028025389069711707,0.004536176003628941
2025,6,20378,NYC_CORE,3691.0,4350.0,60.0,60.0,996150.0,845239.0,0.8485057471264368,72.5,0.000963359705881662,0.0009670958423104654,0.0018054343574158216
2025,6,20397,CITY_31703,11035.0,13641.0,208.0,225.0,5466024.0,4576050.0,0.8371807368573574,65.58173076923077,0.0027591949201808794,0.0028874620095855016,0.005895190318283593
2025,6,20398,CITY_31703,10942.0,11907.0,181.0,184.0,8712286.0,8003630.0,0.9186601541776751,65.78453038674033,0.0027359411705137455,0.002520417135703729,0.00512994926735255
2025,6,20398,EWR,4026.0,4215.0,63.0,64.0,3030585.0,2894694.0,0.9551601423487545,66.9047619047619,0.003227425258570794,0.0028979448998576124,0.0065830721003134795
2025,6,20398,NYC_CORE,4026.0,4215.0,63.0,64.0,3030585.0,2894694.0,0.9551601423487545,66.9047619047619,0.0010507954960388977,0.0009370825230663474,0.0018957060752866127
2025,6,20409,CITY_31703,566982.0,704641.0,4453.0,4490.0,874866462.0,724467985.0,0.8280897902336094,158.23961374354369,0.14176836014807387,0.14915505592671632,0.12620808888133095
2025,6,20409,EWR,66934.0,78824.0,479.0,480.0,105884648.0,88410615.0,0.8349710432054324,164.55949895615868,0.05365734780357117,0.05419397598727792,0.05005224660397074
2025,6,20409,JFK,392596.0,488759.0,3102.0,3130.0,629875218.0,526532758.0,0.8359318527753222,157.56254029658285,0.31531915748047307,0.32772704109001183,0.2972403219624377
2025,6,20409,LGA,46225.0,54718.0,341.0,348.0,55245928.0,46676731.0,0.8448899799456713,160.4633431085044,0.034525280198136644,0.03525271814060885,0.025780600287291146
2025,6,20409,NYC_CORE,505755.0,622301.0,3922.0,3958.0,791005794.0,661620104.0,0.8364288972578625,158.66930137684855,0.13200324791335138,0.13835050799210227,0.11801522582974754
2025,6,20416,CITY_31703,178818.0,220681.0,1115.0,1137.0,206813599.0,174656462.0,0.8445114965578255,197.9201793721973,0.04471170976319932,0.04671270462116693,0.03160162117733753
2025,6,20416,EWR,112382.0,139784.0,703.0,715.0,139923986.0,116307709.0,0.8312206671985459,198.83926031294453,0.09009053785611103,0.09610589083788766,0.07345872518286312
2025,6,20416,LGA,66436.0,80897.0,412.0,422.0,66889613.0,58348753.0,0.8723141065265245,196.35194174757282,0.049620800762431715,0.052118848266033746,0.03114840855825206
2025,6,20416,NYC_CORE,178818.0,220681.0,1115.0,1137.0,206813599.0,174656462.0,0.8445114965578255,197.9201793721973,0.046671919774139,0.049061994845268,0.033550988475310684
2025,6,20422,CITY_31703,8975.0,10044.0,54.0,54.0,10229814.0,9142077.0,0.8936699142330448,186.0,0.002244111863037915,0.0021260661552874992,0.0015304821018620866
2025,6,20422,EWR,4438.0,5022.0,27.0,27.0,5062176.0,4473504.0,0.8837116686579052,186.0,0.0035577032532382474,0.0034527827490118453,0.0028213166144200625
2025,6,20422,JFK,4537.0,5022.0,27.0,27.0,5167638.0,4668573.0,0.9034249303066507,186.0,0.003643957191333855,0.0033673962021242357,0.0025871981602146417
2025,6,20422,NYC_CORE,8975.0,10044.0,54.0,54.0,10229814.0,9142077.0,0.8936699142330448,186.0,0.0023424961691378807,0.002232990951762371,0.0016248909216742395
2025,6,20436,CITY_31703,111645.0,133958.0,635.0,635.0,153245474.0,129291498.0,0.8436888517829897,210.95748031496063,0.027915751414915656,0.028355592396455877,0.017997335827452315
2025,6,20436,EWR,14231.0,17904.0,85.0,85.0,18238752.0,14187592.0,0.7778817322588738,210.63529411764705,0.011408218791535264,0.012309562393131836,0.008881922675026124
2025,6,20436,JFK,53567.0,62238.0,286.0,286.0,88701034.0,76910847.0,0.8670794863563823,217.6153846153846,0.043023111057566815,0.04173237850016093,0.027405136067458796
2025,6,20436,LGA,31824.0,38346.0,185.0,185.0,32080438.0,27044718.0,0.8430283277304381,207.27567567567567,0.023769226977295846,0.02470486366131414,0.013986542677855901
2025,6,20436,NYC_CORE,99622.0,118488.0,556.0,556.0,139020224.0,118143157.0,0.8498271229947091,213.10791366906474,0.026001576976251134,0.02634235681923734,0.01673035837871995
2025,6,20452,CITY_31703,421207.0,516558.0,6916.0,7386.0,241474937.0,199646644.0,0.8267799817253912,74.69028340080972,0.10531873264563911,0.10934254092423339,0.19601507808292945
2025,6,20452,EWR,89906.0,105598.0,1406.0,1490.0,53817800.0,46650460.0,0.866822129481324,75.10526315789474,0.07207275094313607,0.07260194200122518,0.14691745036572623
2025,6,20452,JFK,68680.0,89271.0,1177.0,1263.0,34086034.0,27140941.0,0.796248134939958,75.84621920135939,0.05516133566251029,0.059858786610878664,0.11278267535454196
2025,6,20452,LGA,262621.0,321689.0,4333.0,4633.0,153571103.0,125855243.0,0.8195242499495494,74.24163397184398,0.19615064599058613,0.2072519398723331,0.32758751039540335
2025,6,20452,NYC_CORE,421207.0,516558.0,6916.0,7386.0,241474937.0,199646644.0,0.8267799817253912,74.69028340080972,0.10993602049181718,0.11484163083039295,0.20810640026479704
2025,6,20500,CITY_31703,24688.0,29600.0,592.0,630.0,9844950.0,8235215.0,0.8364912975688044,50.0,0.006172995395507526,0.0062655872358134196,0.016778618598191762
2025,6,20500,EWR,24688.0,29600.0,592.0,630.0,9844950.0,8235215.0,0.8364912975688044,50.0,0.019791027020267204,0.020350929783104467,0.06185997910135841
2025,6,20500,NYC_CORE,24688.0,29600.0,592.0,630.0,9844950.0,8235215.0,0.8364912975688044,50.0,0.00644362623105025,0.00658069814537696,0.01781361899316944
2025,6,21080,CITY_31703,1059.0,1664.0,208.0,208.0,302400.0,193705.0,0.6405588624338624,8.0,0.0002647926978225239,0.00035222760677005167,0.005895190318283593
2025,6,22080,CITY_31703,18921.0,28161.0,210.0,210.0,19113736.0,13132542.0,0.6870735265988815,134.1,0.004731012875826227,0.005960986559045328,0.005951874840574781
2025,6,22080,EWR,958.0,1781.0,13.0,13.0,760487.0,409066.0,0.5379000561482313,137.0,0.0007679765021636415,0.0012244934440442247,0.0013584117032392894
2025,6,22080,NYC_CORE,958.0,1781.0,13.0,13.0,760487.0,409066.0,0.5379000561482313,137.0,0.00025004025961382614,0.00039595349313906636,0.00039117744410676133
2025,7,19393,CITY_31703,172185.0,194578.0,1230.0,1296.0,188104684.0,167649566.0,0.8912567323416571,158.19349593495934,0.0401183244177618,0.039981014062744,0.03352229368799738
2025,7,19393,LGA,137279.0,149966.0,946.0,1007.0,158372309.0,144746015.0,0.9139603754845804,158.52642706131078,0.09984362954019811,0.09648775710970378,0.07166123778501629
2025,7,19393,NYC_CORE,137279.0,149966.0,946.0,1007.0,158372309.0,144746015.0,0.9139603754845804,158.52642706131078,0.033498288226954505,0.03235693213493483,0.027487215248721525
2025,7,19576,CITY_31703,320.0,506.0,3.0,0.0,107272.0,67840.0,0.6324110671936759,168.66666666666666,7.4558549314306e-05,0.00010397060878284526,8.176169192194483e-05
2025,7,19576,EWR,320.0,506.0,3.0,0.0,107272.0,67840.0,0.6324110671936759,168.66666666666666,0.00022673166307674868,0.00031925377899310134,0.00027891409445890663
2025,7,19576,NYC_CORE,320.0,506.0,3.0,0.0,107272.0,67840.0,0.6324110671936759,168.66666666666666,7.808515674375136e-05,0.00010917546417372621,8.716875871687587e-05
2025,7,19690,CITY_31703,8701.0,9300.0,31.0,31.0,46341900.0,43357083.0,0.9355913978494623,300.0,0.0020272935549493012,0.0019109222562854959,0.0008448708165267634
2025,7,19690,JFK,8701.0,9300.0,31.0,31.0,46341900.0,43357083.0,0.9355913978494623,300.0,0.006632921427972465,0.006218464694499534,0.0029639544889568793
2025,7,19690,NYC_CORE,8701.0,9300.0,31.0,31.0,46341900.0,43357083.0,0.9355913978494623,300.0,0.002123184215085564,0.0020065846182127545,0.000900743840074384
2025,7,19790,CITY_31703,848029.0,940184.0,5572.0,5819.0,1257794461.0,1136354258.0,0.9034498825003173,168.73366834170855,0.19758691255144248,0.1931847882369379,0.15185871579635887
2025,7,19790,EWR,78463.0,86673.0,558.0,593.0,77010379.0,69713198.0,0.9052441879295257,155.3279569892473,0.05559389524997166,0.05468514384717208,0.05187802156935664
2025,7,19790,JFK,426012.0,475604.0,2594.0,2673.0,828441902.0,746073945.0,0.9005748540710583,183.34772552043177,0.3247562490947484,0.31801362178094156,0.24801606272110144
2025,7,19790,LGA,336983.0,370898.0,2357.0,2491.0,347040901.0,315599698.0,0.9094020246334019,157.36020364870598,0.2450892402577567,0.2386348648125236,0.17854707976668435
2025,7,19790,NYC_CORE,841458.0,933175.0,5509.0,5757.0,1252493182.0,1131386841.0,0.9033077842335113,169.3909965510982,0.20532931194776102,0.20134350549469754,0.16007089725708973
2025,7,19805,CITY_31703,437863.0,477093.0,2955.0,3164.0,585791525.0,538361936.0,0.9190333301595649,161.45279187817258,0.10202009399503113,0.09803092817398022,0.08053526654311567
2025,7,19805,EWR,80927.0,88224.0,501.0,539.0,103139724.0,94889042.0,0.9200048082347011,176.09580838323353,0.057339729055662626,0.05566372608278137,0.046578653774637414
2025,7,19805,JFK,161454.0,177079.0,1198.0,1252.0,271795471.0,248652363.0,0.9148510167779801,147.81218697829715,0.12307915138856067,0.11840424834809495,0.11454249928291424
2025,7,19805,LGA,195482.0,211790.0,1256.0,1373.0,210856330.0,194820531.0,0.9239491695601455,168.62261146496814,0.14217493126972813,0.1362651672930142,0.0951443072494508
2025,7,19805,NYC_CORE,437863.0,477093.0,2955.0,3164.0,585791525.0,538361936.0,0.9190333301595649,161.45279187817258,0.10684562808527875,0.10293843819967502,0.08586122733612274
2025,7,19821,CITY_31703,553.0,638.0,2.0,0.0,133615.0,116531.0,0.8721401040302361,319.0,0.00012884649303378503,0.0001310933762914136,5.450779461462989e-05
2025,7,19821,JFK,553.0,638.0,2.0,0.0,133615.0,116531.0,0.8721401040302361,319.0,0.00042156137796446077,0.0004266000510850218,0.00019122287025528253
2025,7,19821,NYC_CORE,553.0,638.0,2.0,0.0,133615.0,116531.0,0.8721401040302361,319.0,0.00013494091149779532,0.00013765602004513306,5.811250581125058e-05
2025,7,19930,CITY_31703,95850.0,103519.0,589.0,650.0,260053452.0,240458069.0,0.9246486333894156,175.75382003395586,0.022332615474300717,0.021270619467571854,0.016052545514008504
2025,7,19930,EWR,42735.0,46552.0,265.0,290.0,114444264.0,105090011.0,0.9182636798642875,175.66792452830188,0.03027930506745267,0.029371347667365322,0.02463741167720342
2025,7,19930,JFK,53115.0,56967.0,324.0,360.0,145609188.0,135368058.0,0.9296670070023328,175.82407407407408,0.04049047484734599,0.03809110518833924,0.03097810498135577
2025,7,19930,NYC_CORE,95850.0,103519.0,589.0,650.0,260053452.0,240458069.0,0.9246486333894156,175.75382003395586,0.023388944605901775,0.022335444418577002,0.017114132961413297
2025,7,19977,CITY_31703,951480.0,1061654.0,6148.0,6422.0,1453503016.0,1317495660.0,0.9064278818118393,172.68282368249837,0.22169052656742458,0.21814389861016364,0.1675569606453723
2025,7,19977,EWR,827929.0,927554.0,5341.0,5582.0,1305969737.0,1181017450.0,0.90432221860896,173.6667290769519,0.586617872123342,0.5852275093283935,0.4965600595016735
2025,7,19977,LGA,122876.0,133394.0,804.0,840.0,147493743.0,136440410.0,0.9250589701286515,165.9129353233831,0.08936826334240039,0.08582537289713553,0.06090447693356564
2025,7,19977,NYC_CORE,950805.0,1060948.0,6145.0,6422.0,1453463480.0,1317457860.0,0.9064265309232262,172.65223759153784,0.23201174205544534,0.22891203629285864,0.17855067410506742
2025,7,20207,CITY_31703,2883.0,3936.0,24.0,24.0,2940008.0,1938294.0,0.6592818795050898,164.0,0.0006717259302285756,0.0008087516129827647,0.0006540935353755587
2025,7,20253,CITY_31703,1057.0,2357.0,255.0,257.0,419902.0,192427.0,0.4582664526484751,9.24313725490196,0.000246276208203817,0.0004843057804370875,0.006949743813365311
2025,7,20253,JFK,161.0,252.0,28.0,28.0,65268.0,41699.0,0.6388888888888888,9.0,0.00012273305940737467,0.00016850033365740672,0.0026771201835739554
2025,7,20253,NYC_CORE,161.0,252.0,28.0,28.0,65268.0,41699.0,0.6388888888888888,9.0,3.92865944866999e-05,5.437197029995851e-05,0.0008135750813575082
2025,7,20304,CITY_31703,10607.0,12994.0,172.0,172.0,7787958.0,6563973.0,0.8428362094402666,75.54651162790698,0.0024713829143026365,0.002669948795502552,0.00468767033685817
2025,7,20304,LGA,8401.0,10406.0,137.0,137.0,6554748.0,5449943.0,0.8314496606124293,75.95620437956204,0.006110084803700525,0.00669519491407104,0.010378001666540414
2025,7,20304,NYC_CORE,8401.0,10406.0,137.0,137.0,6554748.0,5449943.0,0.8314496606124293,75.95620437956204,0.0020499793806382973,0.002245217154529239,0.0039807066480706645
2025,7,20363,CITY_31703,273676.0,322200.0,4311.0,4894.0,177066122.0,151431536.0,0.8552259138538088,74.73903966597078,0.06376526731919377,0.06620420978227815,0.11749155129183474
2025,7,20363,EWR,5637.0,6522.0,86.0,89.0,3066240.0,2643792.0,0.8622260488415779,75.83720930232558,0.003994019952386351,0.0041149666928715556,0.007995537374488658
2025,7,20363,JFK,107987.0,126143.0,1661.0,1925.0,60751735.0,52597566.0,0.8657788291972237,75.94400963275136,0.08232034090822464,0.08434578408153276,0.15881059374701215
2025,7,20363,LGA,151161.0,179662.0,2434.0,2747.0,106082710.0,89710263.0,0.8456633790746861,73.81347576006574,0.10994007011215035,0.11559409077953404,0.18437997121430194
2025,7,20363,NYC_CORE,264785.0,312327.0,4181.0,4761.0,169900685.0,144951621.0,0.8531550122943883,74.70150681655106,0.06461180696373188,0.06738823161855215,0.12148419339841934
2025,7,20368,CITY_31703,23170.0,26208.0,148.0,148.0,20341956.0,18205146.0,0.8949555293502749,177.0810810810811,0.005398504961288968,0.005385102203519385,0.004033576801482612
2025,7,20368,EWR,14133.0,16209.0,91.0,91.0,11538648.0,10214787.0,0.8852672340814972,178.12087912087912,0.010013745607074027,0.010226846845255296,0.008460394198586836
2025,7,20368,NYC_CORE,14133.0,16209.0,91.0,91.0,11538648.0,10214787.0,0.8852672340814972,178.12087912087912,0.0034486797508107435,0.003497282803936617,0.0026441190144119013
2025,7,20378,CITY_31703,4280.0,5088.0,69.0,69.0,1160064.0,975840.0,0.8411949685534591,73.73913043478261,0.0009972205970788426,0.001045459402148452,0.0018805189142047313
2025,7,20378,LGA,4280.0,5088.0,69.0,69.0,1160064.0,975840.0,0.8411949685534591,73.73913043478261,0.003112863106753749,0.0032736067386885887,0.005226876751761231
2025,7,20378,NYC_CORE,4280.0,5088.0,69.0,69.0,1160064.0,975840.0,0.8411949685534591,73.73913043478261,0.0010443889714476743,0.0010977959717705908,0.002004881450488145
2025,7,20397,CITY_31703,11255.0,14013.0,210.0,229.0,5724192.0,4764714.0,0.8323819326815034,66.72857142857143,0.002622363976664106,0.0028793283416482423,0.005723318434536139
2025,7,20398,CITY_31703,10782.0,11691.0,178.0,184.0,8554048.0,7886170.0,0.9219225798125051,65.67977528089888,0.0025121571209588975,0.002402214204111154,0.004851193720702061
2025,7,20398,EWR,3734.0,3890.0,59.0,62.0,2796910.0,2684746.0,0.9598971722365038,65.9322033898305,0.002645675093526811,0.0024543422930497316,0.005485310524358498
2025,7,20398,NYC_CORE,3734.0,3890.0,59.0,62.0,2796910.0,2684746.0,0.9598971722365038,65.9322033898305,0.0009111561727536486,0.0008393133510588833,0.0017143189214318922
2025,7,20409,CITY_31703,618202.0,711162.0,4508.0,4829.0,871198515.0,780872749.0,0.8963201102334294,157.75554569653949,0.1440382634475081,0.14612637565854902,0.12286056906137578
2025,7,20409,EWR,71531.0,78445.0,474.0,513.0,103510051.0,93456286.0,0.9028716061592897,165.4957805907173,0.05068232059857159,0.04949379978876252,0.04406842692450725
2025,7,20409,JFK,419641.0,490482.0,3118.0,3365.0,626282972.0,559434578.0,0.8932616772470704,157.30660679923028,0.3198995266010566,0.3279618279879054,0.2981164547279855
2025,7,20409,LGA,53453.0,58566.0,373.0,403.0,57095400.0,52841116.0,0.9254881479068366,157.01340482573727,0.03887660552460471,0.03768122096266428,0.02825543519430346
2025,7,20409,NYC_CORE,544625.0,627493.0,3965.0,4281.0,786888423.0,705731980.0,0.8968641034384617,158.2580075662043,0.13289727653614244,0.13538901095012645,0.11520804277080428
2025,7,20416,CITY_31703,188069.0,214881.0,1121.0,1137.0,209552177.0,188030643.0,0.8972974926430852,191.68688670829616,0.04381922440935067,0.04415278337127781,0.030551618881500056
2025,7,20416,EWR,114464.0,133843.0,695.0,704.0,140537128.0,123993859.0,0.8822854199781285,192.5798561151079,0.081101915882553,0.08444641016160803,0.06461509854964671
2025,7,20416,LGA,73605.0,81038.0,426.0,433.0,69015049.0,64036784.0,0.9278669642037057,190.2300469483568,0.05353324508705835,0.05213965072520555,0.032270282554351944
2025,7,20416,NYC_CORE,188069.0,214881.0,1121.0,1137.0,209552177.0,188030643.0,0.8972974926430852,191.68688670829616,0.04589186669887679,0.04636310853184676,0.03257205950720595
2025,7,20422,CITY_31703,10094.0,10788.0,58.0,58.0,10995390.0,10288131.0,0.9356767699917875,186.0,0.0023518562399331396,0.0022166698172911754,0.0015807260438242669
2025,7,20422,EWR,4695.0,5022.0,27.0,27.0,5062176.0,4732560.0,0.9348864994026285,186.0,0.003326578619204172,0.003168562209690425,0.00251022685013016
2025,7,20422,JFK,5399.0,5766.0,31.0,31.0,5933214.0,5555571.0,0.9363510232396809,186.0,0.00411575023441252,0.003855448110589711,0.0029639544889568793
2025,7,20422,NYC_CORE,10094.0,10788.0,58.0,58.0,10995390.0,10288131.0,0.9356767699917875,186.0,0.002463098663035707,0.002327638157126795,0.0016852626685262668
2025,7,20436,CITY_31703,126833.0,141740.0,679.0,679.0,161642624.0,145435868.0,0.8997371138939194,208.74815905743742,0.02955151401619179,0.029124098989882385,0.01850539627166685
2025,7,20436,EWR,17239.0,19034.0,91.0,91.0,20112684.0,18226244.0,0.9062064516103371,209.16483516483515,0.01221445981181272,0.012009241955246424,0.008460394198586836
2025,7,20436,JFK,58489.0,64844.0,303.0,303.0,92311218.0,83182549.0,0.9011098629421183,214.006600660066,0.04458716715327911,0.043358077919368576,0.028970264843675302
2025,7,20436,LGA,37056.0,42314.0,203.0,203.0,34959742.0,31078939.0,0.8889922299769832,208.44334975369458,0.026950994225202553,0.02722472396636575,0.015377622907355504
2025,7,20436,NYC_CORE,112784.0,126192.0,597.0,597.0,147383644.0,132487732.0,0.8989310374223072,211.37688442211055,0.027521113494335166,0.027227411413064936,0.0173465829846583
2025,7,20452,CITY_31703,438635.0,528452.0,7082.0,8050.0,248187371.0,208732002.0,0.8410258795964279,74.6190341711381,0.1021999664952519,0.10858394496543902,0.19301210073040445
2025,7,20452,EWR,113993.0,128854.0,1717.0,1980.0,66468516.0,59199730.0,0.8906431730776116,75.04601048340128,0.08076819521596192,0.0812986688505476,0.15963183339531425
2025,7,20452,JFK,70278.0,88471.0,1169.0,1305.0,33836518.0,27743866.0,0.8199385646005302,75.6809238665526,0.0535741239070278,0.05915632150398584,0.11176976766421264
2025,7,20452,LGA,254364.0,311127.0,4196.0,4765.0,147882337.0,121788406.0,0.8235493735807001,74.14847473784556,0.1850000727304464,0.20017834980109364,0.3178547079766684
2025,7,20452,NYC_CORE,438635.0,528452.0,7082.0,8050.0,248187371.0,208732002.0,0.8410258795964279,74.6190341711381,0.10703400852592306,0.11401974781330823,0.20577638307763832
2025,7,20500,CITY_31703,34341.0,41700.0,834.0,956.0,13461250.0,11165642.0,0.8294654656885505,50.0,0.00800129731875807,0.00856832882657045,0.022729750354300665
2025,7,20500,EWR,34341.0,41700.0,834.0,956.0,13461250.0,11165642.0,0.8294654656885505,50.0,0.024331850130370706,0.026310044632435428,0.07753811825957604
2025,7,20500,NYC_CORE,34341.0,41700.0,834.0,956.0,13461250.0,11165642.0,0.8294654656885505,50.0,0.008379757399178641,0.008997266513921706,0.024232914923291493
2025,7,21080,CITY_31703,1754.0,2344.0,293.0,293.0,426872.0,319978.0,0.7495876984201353,8.0,0.00040867404842903973,0.0004816345987885164,0.007985391911043279
2025,7,22080,CITY_31703,21310.0,29734.0,220.0,220.0,20081845.0,14696865.0,0.7318483436158381,135.15454545454546,0.004965133393399565,0.006109608856816445,0.005995857407609288
2025,7,22080,EWR,1219.0,1918.0,14.0,14.0,818986.0,520513.0,0.6355578727841501,137.0,0.0008637059290329894,0.0012101358658276056,0.0013015991074748978
2025,7,22080,NYC_CORE,1219.0,1918.0,14.0,14.0,818986.0,520513.0,0.6355578727841501,137.0,0.00029745564397072783,0.0004138311072830175,0.0004067875406787541
2025,8,19393,CITY_31703,173191.0,196046.0,1202.0,1206.0,192844429.0,170015522.0,0.8816200855872274,163.09983361064891,0.040251066290350766,0.03852381510077902,0.03100415280249684
2025,8,19393,LGA,140260.0,159485.0,979.0,983.0,168406331.0,147926098.0,0.8783879864944032,162.90602655771195,0.09967849315341079,0.09666337556010936,0.06965988330724349
2025,8,19393,NYC_CORE,140260.0,159485.0,979.0,983.0,168406331.0,147926098.0,0.8783879864944032,162.90602655771195,0.03412051845867503,0.03281813278745163,0.026826327615498437
2025,8,19554,CITY_31703,262.0,267.0,1.0,0.0,14952.0,14672.0,0.9812734082397003,267.0,6.089103572398047e-05,5.246655699125715e-05,2.5793804328200366e-05
2025,8,19690,CITY_31703,8196.0,9300.0,31.0,31.0,46341900.0,40840668.0,0.8812903225806452,300.0,0.0019048203389074197,0.0018274868165494061,0.0007996079341742113
2025,8,19690,JFK,8196.0,9300.0,31.0,31.0,46341900.0,40840668.0,0.8812903225806452,300.0,0.006400119943682693,0.0060294353142081375,0.0028192069843579483
2025,8,19690,NYC_CORE,8196.0,9300.0,31.0,31.0,46341900.0,40840668.0,0.8812903225806452,300.0,0.001993809848048628,0.0019137137343530751,0.0008494547048829945
2025,8,19790,CITY_31703,838776.0,966998.0,5742.0,5801.0,1283956489.0,1115624373.0,0.868895778445651,168.4078718216649,0.19493869992525742,0.19001893512146695,0.1481080244525265
2025,8,19790,EWR,83057.0,93372.0,594.0,598.0,82094795.0,73282358.0,0.892655350439696,157.1919191919192,0.05836761541477922,0.05600101239888756,0.05190492834673191
2025,8,19790,JFK,411424.0,482004.0,2639.0,2654.0,838247752.0,721565857.0,0.8608026150722083,182.64645699128457,0.32127415174593804,0.3124959074397397,0.23999636231356858
2025,8,19790,LGA,338228.0,384912.0,2448.0,2487.0,358373432.0,316037831.0,0.8818673561716484,157.23529411764707,0.24036829732134482,0.2332939976398584,0.1741852853280205
2025,8,19790,NYC_CORE,832709.0,960288.0,5681.0,5739.0,1278715979.0,1110886046.0,0.8687512037417028,169.03502904418235,0.2025699615371797,0.19760390693918772,0.15566942511097714
2025,8,19805,CITY_31703,422244.0,474407.0,2958.0,3011.0,586967111.0,523379412.0,0.8916673561289195,160.38100067613252,0.09813310873372676,0.09322285356760797,0.07629807320281669
2025,8,19805,EWR,80765.0,88110.0,504.0,514.0,99748174.0,91757404.0,0.9198905636107183,174.82142857142858,0.056756931492524934,0.052845062786124136,0.04404054526389374
2025,8,19805,JFK,143689.0,164375.0,1137.0,1146.0,265571775.0,233950028.0,0.8809295641451356,144.56904133685137,0.11220434780232094,0.10656864836268415,0.10340123681338668
2025,8,19805,LGA,197790.0,221922.0,1317.0,1351.0,221647162.0,197671980.0,0.891831766381922,168.50569476082003,0.14056330501078795,0.1345062521933134,0.09370997580759927
2025,8,19805,NYC_CORE,422244.0,474407.0,2958.0,3011.0,586967111.0,523379412.0,0.8916673561289195,160.38100067613252,0.10271769710583759,0.09762141844873541,0.08105441990464186
2025,8,19930,CITY_31703,98953.0,107901.0,614.0,627.0,269028009.0,246581158.0,0.9165631449177472,175.7345276872964,0.022997521595400913,0.021202973655107257,0.015837395857515025
2025,8,19930,EWR,46156.0,50647.0,288.0,293.0,124311585.0,113252652.0,0.9110385970865065,175.85763888888889,0.03243574481482054,0.030376164963441483,0.02516602586508214
2025,8,19930,JFK,52797.0,57254.0,326.0,334.0,144716424.0,133328506.0,0.9213087382535102,175.62576687116564,0.041228298275575295,0.037119278438674484,0.02964714441615133
2025,8,19930,NYC_CORE,98953.0,107901.0,614.0,627.0,269028009.0,246581158.0,0.9165631449177472,175.7345276872964,0.024071921168125412,0.022203400607573243,0.016824683509618018
2025,8,19977,CITY_31703,935747.0,1097191.0,6290.0,6351.0,1507469265.0,1303507112.0,0.8646989641941389,174.4341812400636,0.2174755878076624,0.21560237502544727,0.1622430292243803
2025,8,19977,EWR,815872.0,961877.0,5474.0,5516.0,1357558303.0,1170556065.0,0.8622510446978571,175.7173913043478,0.5733472569884146,0.5768976331577429,0.47832925550506816
2025,8,19977,LGA,119696.0,135135.0,815.0,835.0,149900938.0,132941023.0,0.886859180294122,165.80981595092024,0.0850642871559294,0.08190491429485769,0.057990607656183295
2025,8,19977,NYC_CORE,935568.0,1097012.0,6289.0,6351.0,1507459241.0,1303497088.0,0.8646980644964583,174.43345523930674,0.22759208051722288,0.22573837969356297,0.1723296980325533
2025,8,20207,CITY_31703,3314.0,4423.0,27.0,27.0,3200837.0,2220945.0,0.6938638237436021,163.8148148148148,0.0007702018793483636,0.0008691370096341961,0.0006964327168614098
2025,8,20253,CITY_31703,1349.0,2587.0,283.0,286.0,459472.0,244050.0,0.5311531497022669,9.141342756183745,0.0003135191114185101,0.0005083557413347649,0.0072996466248807035
2025,8,20253,JFK,178.0,279.0,31.0,31.0,72261.0,46102.0,0.6379928315412187,9.0,0.00013899723645382128,0.00018088305942624413,0.0028192069843579483
2025,8,20253,NYC_CORE,178.0,279.0,31.0,31.0,72261.0,46102.0,0.6379928315412187,9.0,4.330138518212003e-05,5.741141203059226e-05,0.0008494547048829945
2025,8,20304,CITY_31703,9735.0,11940.0,158.0,158.0,8582026.0,6755530.0,0.7871719335271182,75.56962025316456,0.0022624970716524804,0.002346257267698915,0.004075421083855658
2025,8,20304,LGA,8913.0,11052.0,146.0,146.0,8133586.0,6340420.0,0.7795356193442843,75.6986301369863,0.006334196559791461,0.0066985837332058104,0.010388501494236516
2025,8,20304,NYC_CORE,8913.0,11052.0,146.0,146.0,8133586.0,6340420.0,0.7795356193442843,75.6986301369863,0.0021682317198215497,0.0022742327088247512,0.0040006576423521675
2025,8,20363,CITY_31703,287906.0,358854.0,4795.0,4852.0,196227462.0,157730134.0,0.8038127405429114,74.83920750782065,0.06691181118758902,0.07051623162000221,0.12368129175372075
2025,8,20363,EWR,5643.0,6598.0,87.0,87.0,3104318.0,2654100.0,0.8549703992954331,75.83908045977012,0.003965571279790976,0.0039572321446243,0.0076022369800768964
2025,8,20363,JFK,114294.0,143836.0,1893.0,1920.0,68909204.0,55269082.0,0.8020566019018301,75.98309561542526,0.08925028170366882,0.09325267288757437,0.17215351036740634
2025,8,20363,LGA,157382.0,196136.0,2653.0,2683.0,115667004.0,92447373.0,0.7992544961223341,73.92989068978515,0.1118465749997868,0.11887743567644361,0.18877187989184574
2025,8,20363,NYC_CORE,277319.0,346570.0,4633.0,4690.0,187680526.0,150370555.0,0.801204888993118,74.8046622059141,0.06746234178269857,0.07131567407685434,0.1269523757329972
2025,8,20368,CITY_31703,20101.0,23437.0,131.0,131.0,18559010.0,16160826.0,0.8707806073707596,178.9083969465649,0.004671643927815769,0.004605463281663272,0.003378988366994248
2025,8,20368,EWR,10916.0,13020.0,73.0,73.0,9411453.0,8025620.0,0.852750367026218,178.35616438356163,0.007671128139322754,0.007808906111398664,0.006378888500524292
2025,8,20368,NYC_CORE,10916.0,13020.0,73.0,73.0,9411453.0,8025620.0,0.852750367026218,178.35616438356163,0.0026554939362248443,0.0026791992280943053,0.0020003288211760837
2025,8,20378,CITY_31703,1156.0,1286.0,17.0,17.0,293208.0,263568.0,0.8989113530326595,75.6470588235294,0.0002686642644920665,0.00025270409097661684,0.0004384946735794062
2025,8,20378,LGA,1156.0,1286.0,17.0,17.0,293208.0,263568.0,0.8989113530326595,75.6470588235294,0.0008215338520272555,0.0007794407058362895,0.0012096200370001423
2025,8,20378,NYC_CORE,1156.0,1286.0,17.0,17.0,293208.0,263568.0,0.8989113530326595,75.6470588235294,0.0002812157374748919,0.0002646275120836618,0.0004658299994519647
2025,8,20397,CITY_31703,11300.0,14431.0,220.0,222.0,5708434.0,4623670.0,0.8099717015209426,65.59545454545454,0.0026262164262632797,0.0028357486289918798,0.005674636952204081
2025,8,20398,CITY_31703,11275.0,12257.0,184.0,187.0,8987941.0,8265379.0,0.9196076164718927,66.61413043478261,0.002620406212930839,0.0024085490226286098,0.004746059996388868
2025,8,20398,EWR,4101.0,4249.0,63.0,63.0,3078037.0,2970967.0,0.965214843096428,67.44444444444444,0.0028819436148188543,0.0025483903277521446,0.005505068157986718
2025,8,20398,NYC_CORE,4101.0,4249.0,63.0,63.0,3078037.0,2970967.0,0.965214843096428,67.44444444444444,0.0009976347226509788,0.0008743408233619588,0.0017263111744396339
2025,8,20409,CITY_31703,610318.0,745459.0,4735.0,4758.0,908509200.0,764976695.0,0.8420131518756222,157.43590285110878,0.14184311122514623,0.1464856445997961,0.12213366349402874
2025,8,20409,EWR,73526.0,84700.0,512.0,513.0,110810339.0,95574076.0,0.8625014313871922,165.4296875,0.051669784497237525,0.05079987309028163,0.0447396015379238
2025,8,20409,JFK,411042.0,513169.0,3272.0,3292.0,650995311.0,543400170.0,0.834722095256382,156.83649144254278,0.3209758543059079,0.33270099900611566,0.2975627500909422
2025,8,20409,LGA,53686.0,63040.0,401.0,403.0,61541440.0,52796773.0,0.8579060385977318,157.2069825436409,0.0381529985985599,0.03820835310724704,0.02853280204923865
2025,8,20409,NYC_CORE,538254.0,660909.0,4185.0,4208.0,823347090.0,691771019.0,0.8401936770068623,157.92329749103942,0.13093900999897098,0.13599899252231792,0.11467638515920425
2025,8,20416,CITY_31703,199102.0,235650.0,1223.0,1234.0,226004993.0,194321644.0,0.8598112874435477,192.68192968111202,0.0462730037966258,0.04630615788385673,0.03154582269338905
2025,8,20416,EWR,117758.0,143093.0,759.0,767.0,147337982.0,124400712.0,0.8443220839009455,188.52832674571806,0.08275345432671023,0.08582179740386858,0.0663229639986019
2025,8,20416,LGA,81344.0,92557.0,464.0,467.0,78667011.0,69920932.0,0.8888215163024308,199.47629310344828,0.05780869347690751,0.056098517426197085,0.03301551159812153
2025,8,20416,NYC_CORE,199102.0,235650.0,1223.0,1234.0,226004993.0,194321644.0,0.8598112874435477,192.68192968111202,0.04843478872208125,0.0484910367204626,0.033512358195867814
2025,8,20422,CITY_31703,7620.0,7998.0,43.0,43.0,8136198.0,7752045.0,0.9527847036170949,186.0,0.0017709530237279816,0.0015716386622324893,0.0011091335861126157
2025,8,20422,EWR,4235.0,4464.0,24.0,24.0,4499712.0,4268880.0,0.9487007168458781,186.0,0.002976110999453267,0.0026773392381938274,0.0020971688220901784
2025,8,20422,JFK,3385.0,3534.0,19.0,19.0,3636486.0,3483165.0,0.9578381437464629,186.0,0.002643290142675197,0.002291185419399092,0.0017279010549290652
2025,8,20422,NYC_CORE,7620.0,7998.0,43.0,43.0,8136198.0,7752045.0,0.9527847036170949,186.0,0.0018536885117289587,0.0016457938115436448,0.0011782758809667344
2025,8,20436,CITY_31703,126337.0,146802.0,690.0,690.0,165258188.0,143003681.0,0.8653349206515565,212.75652173913045,0.02936179687122336,0.02884717415517053,0.017797724986458253
2025,8,20436,EWR,16537.0,19018.0,92.0,92.0,19745604.0,16912960.0,0.8565430563683947,206.7173913043478,0.011621239102233453,0.011406280831534546,0.008039147151345682
2025,8,20436,JFK,58578.0,66876.0,308.0,308.0,92483856.0,81587106.0,0.8821767336344627,217.12987012987014,0.04574258492692103,0.04335747484655735,0.028010185522008003
2025,8,20436,LGA,37274.0,43502.0,204.0,204.0,36894128.0,31668059.0,0.8583495725932322,213.2450980392157,0.02648949204192381,0.026366430470676726,0.014515440444001708
2025,8,20436,NYC_CORE,112389.0,129396.0,604.0,604.0,149123588.0,130168125.0,0.8728875608867458,214.2317880794702,0.02734044595074881,0.026626548641973176,0.01655066586288157
2025,8,20452,CITY_31703,470398.0,588203.0,7891.0,8027.0,280139710.0,225060488.0,0.8033865959238695,74.54099607147383,0.1093245092461411,0.11558421805965703,0.2035389099538291
2025,8,20452,EWR,122160.0,145709.0,1942.0,1978.0,77162514.0,64994190.0,0.8423026497037149,75.03038105046343,0.08584692318611832,0.0873907757746381,0.1696959105207969
2025,8,20452,JFK,76843.0,101620.0,1339.0,1360.0,40206474.0,31016616.0,0.7714333766248689,75.8924570575056,0.060005419330454994,0.06588292651933665,0.12177155329210622
2025,8,20452,LGA,271395.0,340874.0,4610.0,4689.0,162770722.0,129049682.0,0.792831047342777,73.94229934924078,0.1928721278295303,0.20660269919225457,0.32802049238650915
2025,8,20452,NYC_CORE,470398.0,588203.0,7891.0,8027.0,280139710.0,225060488.0,0.8033865959238695,74.54099607147383,0.1144319381286455,0.12103786663308408,0.21622732503973255
2025,8,20500,CITY_31703,41370.0,51100.0,1022.0,1048.0,16400400.0,13496912.0,0.8229623667715421,50.0,0.009614741022523176,0.010041352293083297,0.026361268023420776
2025,8,20500,EWR,41370.0,51100.0,1022.0,1048.0,16400400.0,13496912.0,0.8229623667715421,50.0,0.02907242315168398,0.03064785731893024,0.08930443900734009
2025,8,20500,NYC_CORE,41370.0,51100.0,1022.0,1048.0,16400400.0,13496912.0,0.8229623667715421,50.0,0.010063923061709583,0.010515136755423886,0.028004603496465174
2025,8,21080,CITY_31703,1698.0,2312.0,289.0,289.0,418336.0,307202.0,0.734342729289375,8.0,0.00039462968953938487,0.00045431715267335777,0.0074544094508499055
2025,8,21342,CITY_31703,175.0,186.0,1.0,0.0,263562.0,247975.0,0.9408602150537635,186.0,4.067149332708619e-05,3.6549736330988124e-05,2.5793804328200366e-05
2025,8,21342,JFK,175.0,186.0,1.0,0.0,263562.0,247975.0,0.9408602150537635,186.0,0.0001366545864012288,0.00012058870628416275,9.094216078574027e-05
2025,8,21342,NYC_CORE,175.0,186.0,1.0,0.0,263562.0,247975.0,0.9408602150537635,186.0,4.257158655545509e-05,3.827427468706151e-05,2.7401764673644982e-05
2025,8,22080,CITY_31703,22245.0,29921.0,222.0,222.0,20586495.0,15566720.0,0.7561617458435737,134.77927927927928,0.005169927823205899,0.005879594950319869,0.0057262245608604816
2025,8,22080,EWR,902.0,1370.0,10.0,10.0,584990.0,385154.0,0.6583941605839416,137.0,0.0006338729920913452,0.0008216744525818871,0.0008738203425375742
2025,8,22080,NYC_CORE,902.0,1370.0,10.0,10.0,584990.0,385154.0,0.6583941605839416,137.0,0.00021942612041725993,0.00028191266839394766,0.0002740176467364498
2025,9,19393,CITY_31703,148216.0,190074.0,1158.0,1161.0,187520330.0,145702298.0,0.7769946757239602,164.13989637305698,0.039100232465623476,0.03903254231482522,0.03135152696556205
2025,9,19393,LGA,121236.0,156947.0,957.0,960.0,165548263.0,128010680.0,0.7732529334964995,163.99895506792058,0.09618622216227796,0.09632172254394858,0.06933275374918496
2025,9,19393,NYC_CORE,121236.0,156947.0,957.0,960.0,165548263.0,128010680.0,0.7732529334964995,163.99895506792058,0.0333238687198556,0.03365085885837467,0.02725175840760885
2025,9,19690,CITY_31703,6557.0,8582.0,30.0,31.0,42764106.0,32673531.0,0.7640410160801678,286.06666666666666,0.0017297742772513973,0.001762351916336953,0.0008122157244964262
2025,9,19690,JFK,6557.0,8582.0,30.0,31.0,42764106.0,32673531.0,0.7640410160801678,286.06666666666666,0.005905063296839075,0.0059409628070253165,0.0028937976270859457
2025,9,19690,NYC_CORE,6557.0,8582.0,30.0,31.0,42764106.0,32673531.0,0.7640410160801678,286.06666666666666,0.0018023079547006924,0.0018400585594026736,0.0008542870974172054
2025,9,19790,CITY_31703,760883.0,955850.0,5708.0,5716.0,1251341698.0,1015946790.0,0.8118859873556296,167.45795374912404,0.20072530751835824,0.19628805397700727,0.1545375785141867
2025,9,19790,EWR,75220.0,91708.0,572.0,572.0,80777652.0,67262280.0,0.8326842676734402,160.32867132867133,0.05935546998295562,0.0576768629039308,0.05225175847264091
2025,9,19790,JFK,370305.0,465727.0,2559.0,2560.0,801958271.0,655217760.0,0.8170222612493013,181.9957014458773,0.3334870312850379,0.32240349396731294,0.2468409375904312
2025,9,19790,LGA,310119.0,391925.0,2518.0,2524.0,363537085.0,289375091.0,0.7959988208630765,155.6493248610008,0.24604222368556763,0.2405327346686273,0.18242411070057235
2025,9,19790,NYC_CORE,755644.0,949360.0,5649.0,5656.0,1246273008.0,1011855131.0,0.8119048751796444,168.05806337404852,0.20770217967391338,0.20355138591872782,0.16086226044365975
2025,9,19805,CITY_31703,372218.0,463044.0,2887.0,2911.0,562193364.0,462529274.0,0.822722756293509,160.3893314859716,0.09819324720603334,0.09508814737221255,0.07816222655403941
2025,9,19805,EWR,67635.0,79290.0,455.0,461.0,91338546.0,79025856.0,0.865197219145573,174.26373626373626,0.053370210214001644,0.04986695227954675,0.041563898785055266
2025,9,19805,JFK,130381.0,162864.0,1131.0,1138.0,252774028.0,210467112.0,0.8326294978374914,144.0,0.11741773031953263,0.11274399517634248,0.10909617054114015
2025,9,19805,LGA,174202.0,220890.0,1301.0,1312.0,218080790.0,173036306.0,0.793450473102193,169.7847809377402,0.13820838920051093,0.13556490594106801,0.09425487212924727
2025,9,19805,NYC_CORE,372218.0,463044.0,2887.0,2911.0,562193364.0,462529274.0,0.822722756293509,160.3893314859716,0.10231073086514905,0.09928082912841431,0.08221089500811572
2025,9,19821,CITY_31703,316.0,329.0,1.0,0.0,6909.0,6636.0,0.9604863221884499,329.0,8.336261577115169e-05,6.756161506348841e-05,2.7073857483214208e-05
2025,9,19821,JFK,316.0,329.0,1.0,0.0,6909.0,6636.0,0.9604863221884499,329.0,0.000284581363703088,0.00022775306030194933,9.645992090286486e-05
2025,9,19821,NYC_CORE,316.0,329.0,1.0,0.0,6909.0,6636.0,0.9604863221884499,329.0,8.685821468437072e-05,7.054058098852011e-05,2.847623658057351e-05
2025,9,19930,CITY_31703,86877.0,102990.0,586.0,601.0,253741627.0,214204795.0,0.8441846831856249,175.75085324232083,0.022918651804906154,0.02114945512276192,0.015865280485163526
2025,9,19930,EWR,41611.0,51054.0,290.0,297.0,125015595.0,101893807.0,0.8150487705153905,176.04827586206898,0.032834890474086234,0.03210880794148038,0.026491276148716544
2025,9,19930,JFK,45266.0,51936.0,296.0,304.0,128726032.0,112310988.0,0.872480773741243,175.45945945945945,0.040765379776531586,0.03595313963477824,0.028552136587248
2025,9,19930,NYC_CORE,86877.0,102990.0,586.0,601.0,253741627.0,214204795.0,0.8441846831856249,175.75085324232083,0.02387968707953821,0.022081989167196614,0.016687074636216076
2025,9,19977,CITY_31703,874229.0,1085894.0,6196.0,6228.0,1466877147.0,1198017408.0,0.8167128450055539,175.2572627501614,0.2306266336170828,0.22299316847340936,0.16774962096599524
2025,9,19977,EWR,760370.0,948995.0,5372.0,5403.0,1315649384.0,1071760377.0,0.8146246181041803,176.65580789277737,0.6000015781831955,0.5968405647437063,0.4907280533479492
2025,9,19977,LGA,113553.0,136554.0,822.0,825.0,151208443.0,126239895.0,0.8348733211941082,166.12408759124088,0.09009068333822584,0.0838061033359437,0.05955227124538144
2025,9,19977,NYC_CORE,873923.0,1085549.0,6194.0,6228.0,1466857827.0,1198000272.0,0.8167119198253424,175.25815305134,0.24021326440382693,0.2327515414939423,0.17638180938007234
2025,9,20207,CITY_31703,2659.0,3408.0,24.0,24.0,1858496.0,1448268.0,0.7792688281276904,142.0,0.0007014594789097858,0.0006998479760983845,0.000649772579597141
2025,9,20253,CITY_31703,910.0,2196.0,247.0,250.0,394452.0,164459.0,0.4169303235881679,8.890688259109313,0.00024006322896122793,0.0004509583789648041,0.006687242798353909
2025,9,20253,JFK,110.0,270.0,30.0,30.0,69930.0,28490.0,0.4074074074074074,9.0,9.906313293461923e-05,0.00018690980632682773,0.0028937976270859457
2025,9,20253,NYC_CORE,110.0,270.0,30.0,30.0,69930.0,28490.0,0.4074074074074074,9.0,3.023545447873664e-05,5.789044640395267e-05,0.0008542870974172054
2025,9,20304,CITY_31703,8508.0,10716.0,141.0,141.0,6852464.0,5399974.0,0.7880339101380175,76.0,0.0022444592879144257,0.0022005783192107654,0.003817413905133203
2025,9,20304,LGA,8508.0,10716.0,141.0,141.0,6852464.0,5399974.0,0.7880339101380175,76.0,0.0067500773545536045,0.00657663783812977,0.010215170615083678
2025,9,20304,NYC_CORE,8508.0,10716.0,141.0,141.0,6852464.0,5399974.0,0.7880339101380175,76.0,0.002338574970046285,0.002297607495054655,0.004015149357860865
2025,9,20363,CITY_31703,258096.0,341690.0,4565.0,4614.0,190617019.0,144855250.0,0.7599282097680901,74.84994523548741,0.06808720784832648,0.0701675630730801,0.12359215941087286
2025,9,20363,EWR,5593.0,6757.0,89.0,89.0,3180569.0,2643488.0,0.8311368186006969,75.92134831460675,0.004413389306230667,0.004249602680702452,0.008130081300813009
2025,9,20363,JFK,102229.0,136475.0,1796.0,1816.0,66667403.0,50726734.0,0.7608926059411674,75.98830734966593,0.09206477287975627,0.0944759845127919,0.17324201794154528
2025,9,20363,LGA,140166.0,185422.0,2508.0,2537.0,111419243.0,84202356.0,0.7557254360451902,73.93221690590111,0.11120490626214863,0.11379743759067733,0.1816996305151054
2025,9,20363,NYC_CORE,247988.0,328654.0,4393.0,4442.0,181267215.0,137572578.0,0.7589490355440172,74.81311176872296,0.06816390804793585,0.07046639545349875,0.12509610729845944
2025,9,20368,CITY_31703,9713.0,11538.0,65.0,65.0,9795930.0,8187819.0,0.8358388636913494,177.5076923076923,0.0025623452119784692,0.002369379679642946,0.0017598007364089236
2025,9,20368,EWR,5469.0,6459.0,37.0,37.0,5106651.0,4271993.0,0.8365547205007744,174.56756756756758,0.004315541948109337,0.004062184951111016,0.003379921439663835
2025,9,20368,NYC_CORE,5469.0,6459.0,37.0,37.0,5106651.0,4271993.0,0.8365547205007744,174.56756756756758,0.0015032518231291882,0.0013848681234190012,0.00105362075348122
2025,9,20378,CITY_31703,618.0,672.0,9.0,9.0,153216.0,140904.0,0.9196428571428571,74.66666666666667,0.00016303195109674602,0.000137998192470104,0.00024366471734892786
2025,9,20378,LGA,618.0,672.0,9.0,9.0,153216.0,140904.0,0.9196428571428571,74.66666666666667,0.0004903088628483931,0.0004124207378894369,0.0006520321669202348
2025,9,20378,NYC_CORE,618.0,672.0,9.0,9.0,153216.0,140904.0,0.9196428571428571,74.66666666666667,0.0001698682806169022,0.00014408288882761553,0.0002562861292251616
2025,9,20397,CITY_31703,11235.0,14453.0,221.0,222.0,5725062.0,4551423.0,0.7949997746749293,65.39819004524887,0.0029638575575597756,0.0029679879103726384,0.00598332250379034
2025,9,20398,CITY_31703,10187.0,11738.0,175.0,177.0,8584730.0,7444281.0,0.8671537718716837,67.07428571428571,0.0026873891356351967,0.0024104505702590485,0.0047379250595624865
2025,9,20398,EWR,3888.0,4111.0,58.0,60.0,2955809.0,2795472.0,0.945755290683532,70.87931034482759,0.00306798813206237,0.0025854841823838653,0.0052982552297433086
2025,9,20398,NYC_CORE,3888.0,4111.0,58.0,60.0,2955809.0,2795472.0,0.945755290683532,70.87931034482759,0.001068685881939346,0.0008814356487653683,0.0016516217216732637
2025,9,20409,CITY_31703,471238.0,630620.0,4002.0,4019.0,768470074.0,603309734.0,0.785079021827986,157.57621189405296,0.12431529218596828,0.1295006252016324,0.10834957764782326
2025,9,20409,EWR,42281.0,52434.0,327.0,329.0,74020084.0,59405577.0,0.8025602483779942,160.348623853211,0.03336358184458052,0.03297671554831321,0.029871197588380378
2025,9,20409,JFK,331011.0,444124.0,2831.0,2844.0,560180360.0,444693628.0,0.7938400910735249,156.878841398799,0.2980998790529204,0.30744863268554085,0.27307803607601044
2025,9,20409,LGA,39875.0,52760.0,329.0,330.0,51132436.0,39121426.0,0.7650999846750896,160.3647416413374,0.03163602897423895,0.03237993769500996,0.023835398101861915
2025,9,20409,NYC_CORE,413167.0,549318.0,3487.0,3503.0,685332880.0,543220631.0,0.7926376318031028,157.53312302839117,0.11356629109651074,0.11777875643602398,0.09929663695645984
2025,9,20416,CITY_31703,151196.0,220244.0,1122.0,1136.0,201520281.0,143689241.0,0.7130262040474229,196.2959001782531,0.03988637358903497,0.04522808616426426,0.03037686809616634
2025,9,20416,EWR,87844.0,130252.0,694.0,702.0,126242711.0,89161024.0,0.7062667087369504,187.6829971181556,0.06931696231298529,0.08191789971390495,0.06339636430072165
2025,9,20416,LGA,63352.0,89992.0,428.0,434.0,75277570.0,54528217.0,0.7243620775750333,210.26168224299064,0.05026221210221908,0.05523001048236042,0.031007751937984496
2025,9,20416,NYC_CORE,151196.0,220244.0,1122.0,1136.0,201520281.0,143689241.0,0.7130262040474229,196.2959001782531,0.041558907048791505,0.047222309177007975,0.03195033744340348
2025,9,20422,CITY_31703,3340.0,3906.0,21.0,21.0,3976308.0,3402168.0,0.8556097767074382,186.0,0.0008811111920115399,0.0008021144937324794,0.0005685510071474983
2025,9,20422,EWR,1652.0,2046.0,11.0,11.0,2062368.0,1665216.0,0.8074291300097751,186.0,0.0013035793194874062,0.0012867673649130111,0.0010048415090892482
2025,9,20422,JFK,1688.0,1860.0,10.0,10.0,1913940.0,1736952.0,0.9075268817204301,186.0,0.0015201688035785207,0.0012876008880292576,0.0009645992090286486
2025,9,20422,NYC_CORE,3340.0,3906.0,21.0,21.0,3976308.0,3402168.0,0.8556097767074382,186.0,0.0009180583450816398,0.0008374817913105153,0.0005980009681920437
2025,9,20436,CITY_31703,106976.0,144018.0,652.0,652.0,159008108.0,120266545.0,0.756354795442255,220.88650306748465,0.028220883495995955,0.02957473762374916,0.017652155079055664
2025,9,20436,EWR,15444.0,19432.0,90.0,90.0,19344160.0,15130418.0,0.7821698124912119,215.9111111111111,0.012186730635692191,0.012221145373895227,0.00822143052891203
2025,9,20436,JFK,48443.0,66644.0,290.0,290.0,87722604.0,66250686.0,0.7552293591284637,229.80689655172415,0.04362650317047054,0.04613487826979669,0.02797337706183081
2025,9,20436,LGA,33242.0,44290.0,201.0,201.0,39310380.0,29749023.0,0.7567727149928339,220.34825870646767,0.026373539189006926,0.027181717977861845,0.014562051727885243
2025,9,20436,NYC_CORE,97129.0,130366.0,581.0,581.0,146377144.0,111130127.0,0.7592040940489999,224.38209982788297,0.026697631436956467,0.027951651614435906,0.01654469345331321
2025,9,20452,CITY_31703,447557.0,591382.0,7928.0,8063.0,284029523.0,215245259.0,0.7578270622240914,74.59409687184662,0.11806810831230802,0.12144292717165928,0.21464154212692224
2025,9,20452,EWR,118032.0,146547.0,1947.0,1991.0,76746804.0,62378894.0,0.8127881650941452,75.26810477657935,0.09313805946594281,0.09216612757864469,0.17785694710879693
2025,9,20452,JFK,73966.0,105599.0,1392.0,1415.0,43352204.0,31559554.0,0.7279803813434722,75.86135057471265,0.06661185173310952,0.07310180977150622,0.1342722098967879
2025,9,20452,LGA,255559.0,339236.0,4589.0,4657.0,163930515.0,121306811.0,0.7399892021323791,73.92373066027457,0.20275540886840204,0.20819637118848364,0.33246395711077303
2025,9,20452,NYC_CORE,447557.0,591382.0,7928.0,8063.0,284029523.0,215245259.0,0.7578270622240914,74.59409687184662,0.12301899363763577,0.1267976591676383,0.22575960361078679
2025,9,20500,CITY_31703,41753.0,49850.0,997.0,1014.0,15988450.0,13508252.0,0.8448756446059499,50.0,0.011014681317382582,0.010236919486063518,0.026992635910764565
2025,9,20500,EWR,41753.0,49850.0,997.0,1014.0,15988450.0,13508252.0,0.8448756446059499,50.0,0.032946941480967114,0.03135159000044653,0.0910751804147255
2025,9,20500,NYC_CORE,41753.0,49850.0,997.0,1014.0,15988450.0,13508252.0,0.8448756446059499,50.0,0.011476553916824464,0.010688291678655707,0.02839080787083179
2025,9,22080,CITY_31703,17386.0,26435.0,201.0,200.0,19345795.0,12898491.0,0.6667335718175449,131.5174129353234,0.00458652670189001,0.005428544967183331,0.005441845354126056
2025,9,22080,EWR,488.0,1096.0,8.0,8.0,467992.0,208376.0,0.44525547445255476,137.0,0.0003850766997033016,0.0006892947370208505,0.0007307938247921805
2025,9,22080,JFK,131.0,137.0,1.0,0.0,147138.0,140694.0,0.9562043795620438,137.0,0.00011797518558577381,9.483942024731628e-05,9.645992090286486e-05
2025,9,22080,NYC_CORE,619.0,1233.0,9.0,8.0,615130.0,349070.0,0.5674735421780762,137.0,0.00017014314838489073,0.0002643663719113839,0.0002562861292251616
2025,10,19393,CITY_31703,160954.0,193887.0,1169.0,1196.0,190684631.0,159557405.0,0.8367606983490977,165.85714285714286,0.03832626833102595,0.03807576269059532,0.030403120936280885
2025,10,19393,LGA,131678.0,158844.0,964.0,992.0,167592719.0,140014205.0,0.8354432450015922,164.7759336099585,0.09567251139070913,0.09424091224614509,0.06815610859728506
2025,10,19393,NYC_CORE,131678.0,158844.0,964.0,992.0,167592719.0,140014205.0,0.8354432450015922,164.7759336099585,0.03273709707934814,0.032632222501614724,0.026455897689225533
2025,10,19690,CITY_31703,7175.0,8618.0,31.0,31.0,42943494.0,35753025.0,0.8325597586446971,278.0,0.001708506624719555,0.001692413224546001,0.0008062418725617686
2025,10,19690,JFK,7175.0,8618.0,31.0,31.0,42943494.0,35753025.0,0.8325597586446971,278.0,0.005853879020921397,0.005716150479750713,0.0028899039806096764
2025,10,19690,NYC_CORE,7175.0,8618.0,31.0,31.0,42943494.0,35753025.0,0.8325597586446971,278.0,0.0017838110507778287,0.0017704445463405335,0.0008507601954004061
2025,10,19790,CITY_31703,846284.0,1001381.0,5957.0,6050.0,1300828732.0,1113444054.0,0.8559497700270661,168.1015611885177,0.2015166300200925,0.19665240742737283,0.15492847854356306
2025,10,19790,EWR,77079.0,90733.0,589.0,598.0,80368389.0,68642542.0,0.8540987676137194,154.04584040747028,0.05427093432695212,0.05418396499089897,0.0509207227457422
2025,10,19790,JFK,406420.0,478791.0,2615.0,2643.0,822573457.0,706396869.0,0.8587644823555254,183.0940726577438,0.3315865521509232,0.31757268558253926,0.243777384170784
2025,10,19790,LGA,356952.0,425049.0,2691.0,2747.0,392569838.0,333849070.0,0.8504195627989127,157.9520624303233,0.2593485190080075,0.2521782724516615,0.19025735294117646
2025,10,19790,NYC_CORE,840451.0,994573.0,5895.0,5988.0,1295511684.0,1108888481.0,0.8559463374164366,168.71467345207805,0.20894854096686785,0.20432076395770984,0.16178165651243206
2025,10,19805,CITY_31703,427912.0,506019.0,3099.0,3144.0,617716239.0,531265919.0,0.8600484906468518,163.28460793804453,0.10189414450132322,0.09937262096443988,0.08059817945383616
2025,10,19805,EWR,77467.0,89230.0,516.0,524.0,99797482.0,88108650.0,0.8828744797388776,172.92635658914728,0.05454412316592068,0.05328640291997305,0.04460966542750929
2025,10,19805,JFK,156148.0,185423.0,1235.0,1248.0,288387111.0,249645222.0,0.8656601230697859,150.14008097165993,0.1273967249280605,0.12298744144892276,0.11513004567912744
2025,10,19805,LGA,194297.0,231366.0,1348.0,1372.0,229531646.0,193512047.0,0.8430734949724537,171.63649851632047,0.14116923059038422,0.13726765192730983,0.09530542986425339
2025,10,19805,NYC_CORE,427912.0,506019.0,3099.0,3144.0,617716239.0,531265919.0,0.8600484906468518,163.28460793804453,0.10638524799448672,0.10395434890864358,0.08504857566276963
2025,10,19930,CITY_31703,93476.0,110165.0,630.0,642.0,271906513.0,230938922.0,0.8493320717183409,174.86507936507937,0.02225844811878538,0.021634335446984242,0.01638491547464239
2025,10,19930,EWR,43665.0,52340.0,297.0,299.0,128233899.0,107009768.0,0.834488920905384,176.22895622895624,0.030744305808149616,0.031256419688797374,0.02567649347281058
2025,10,19930,JFK,49811.0,57825.0,333.0,343.0,143672614.0,123929154.0,0.8625802130947516,173.64864864864865,0.040639382287263506,0.03835418908001682,0.03104316211429104
2025,10,19930,NYC_CORE,93476.0,110165.0,630.0,642.0,271906513.0,230938922.0,0.8493320717183409,174.86507936507937,0.02323951523101161,0.022631819847714653,0.01728964268071793
2025,10,19977,CITY_31703,974443.0,1137203.0,6552.0,6589.0,1525031690.0,1321795807.0,0.8667333378495237,173.56578144078145,0.23203377294935154,0.22332529545061336,0.17040312093628088
2025,10,19977,EWR,854244.0,998060.0,5713.0,5739.0,1371715325.0,1188626562.0,0.8665256852765715,174.69980745667775,0.601468882875918,0.5960218233588289,0.4939050747817066
2025,10,19977,LGA,119943.0,138841.0,837.0,850.0,153299453.0,133154909.0,0.8685935037224171,165.87933094384707,0.08714628133580268,0.08237328761027819,0.05917703619909502
2025,10,19977,NYC_CORE,974187.0,1136901.0,6550.0,6589.0,1525014778.0,1321781471.0,0.8667335491223679,173.5726717557252,0.242197287264683,0.23356001104422125,0.17975739612492453
2025,10,20207,CITY_31703,2296.0,3020.0,21.0,21.0,1637410.0,1245587.0,0.7607056265687885,143.8095238095238,0.0005467221199102575,0.0005930712390495385,0.0005461638491547464
2025,10,20253,CITY_31703,985.0,2079.0,231.0,233.0,377820.0,181113.0,0.47936318882007306,9.0,0.00023454759935174376,0.0004082765251602618,0.006007802340702211
2025,10,20253,JFK,300.0,540.0,60.0,60.0,117837.0,62827.0,0.5331686991352461,9.0,0.0002447614921639608,0.000358171415533231,0.005593362543115503
2025,10,20253,NYC_CORE,300.0,540.0,60.0,60.0,117837.0,62827.0,0.5331686991352461,9.0,7.458443417886391e-05,0.00011093525818332421,0.0016466326362588506
2025,10,20304,CITY_31703,8335.0,10716.0,141.0,141.0,6448524.0,4982948.0,0.7727269061881448,76.0,0.0019847251173571415,0.0021044209926009455,0.0036671001300390116
2025,10,20304,LGA,8335.0,10716.0,141.0,141.0,6448524.0,4982948.0,0.7727269061881448,76.0,0.006055912015990223,0.006357719621954186,0.009968891402714931
2025,10,20304,NYC_CORE,8335.0,10716.0,141.0,141.0,6448524.0,4982948.0,0.7727269061881448,76.0,0.002072204196269436,0.0022014485679490783,0.003869586695208299
2025,10,20363,CITY_31703,262803.0,337398.0,4510.0,4641.0,189264139.0,149145183.0,0.7880266372067453,74.81108647450111,0.06257849010399626,0.06625862579895238,0.11729518855656697
2025,10,20363,EWR,5397.0,6755.0,89.0,90.0,3176020.0,2540415.0,0.7998737413492358,75.89887640449439,0.0038000004224569674,0.004033953286164048,0.007694302757845595
2025,10,20363,JFK,106799.0,138260.0,1820.0,1856.0,67733877.0,53179469.0,0.785123653854924,75.96703296703296,0.08713427533872951,0.09170514798448985,0.16966533047450358
2025,10,20363,LGA,139829.0,179096.0,2426.0,2518.0,108726819.0,85622933.0,0.7875051784601552,73.82357790601813,0.10159473560694625,0.10625626664926342,0.17152149321266968
2025,10,20363,NYC_CORE,252025.0,324111.0,4335.0,4464.0,179636716.0,141342817.0,0.7868258791816256,74.76608996539792,0.06265714007976059,0.0665839582686211,0.11896920796970196
2025,10,20368,CITY_31703,15330.0,18389.0,106.0,106.0,15421543.0,12784399.0,0.8289960998066147,173.4811320754717,0.0036503702518398294,0.0036112539784377362,0.002756827048114434
2025,10,20368,EWR,8315.0,9756.0,57.0,57.0,7501668.0,6330550.0,0.8438856531640696,171.1578947368421,0.005854549474287509,0.0058260915262496596,0.004927811878620213
2025,10,20368,NYC_CORE,8315.0,9756.0,57.0,57.0,7501668.0,6330550.0,0.8438856531640696,171.1578947368421,0.0020672319006575113,0.0020042303311787243,0.0015643010044459082
2025,10,20378,CITY_31703,1493.0,1694.0,23.0,23.0,386232.0,340404.0,0.8813459268004723,73.65217391304348,0.0003555122495757903,0.0003326697612416948,0.0005981794538361508
2025,10,20378,LGA,1493.0,1694.0,23.0,23.0,386232.0,340404.0,0.8813459268004723,73.65217391304348,0.0010847602447358613,0.0010050370511002604,0.001626131221719457
2025,10,20378,NYC_CORE,1493.0,1694.0,23.0,23.0,386232.0,340404.0,0.8813459268004723,73.65217391304348,0.0003711818674301461,0.0003480080136343541,0.0006312091772325594
2025,10,20397,CITY_31703,11968.0,14940.0,229.0,229.0,5849970.0,4826676.0,0.825077051677188,65.24017467248909,0.002849812861971238,0.0029339352024503663,0.005955786736020806
2025,10,20398,CITY_31703,11995.0,14475.0,210.0,210.0,10602218.0,8776481.0,0.8277966931070461,68.92857142857143,0.002856242085506768,0.002842617942133136,0.005461638491547465
2025,10,20398,EWR,3991.0,4228.0,62.0,62.0,3039932.0,2869529.0,0.9439451277199622,68.19354838709677,0.002810042928668845,0.00252487853351615,0.005360076078499179
2025,10,20398,NYC_CORE,3991.0,4228.0,62.0,62.0,3039932.0,2869529.0,0.9439451277199622,68.19354838709677,0.0009922215893594863,0.0008685819844427681,0.0017015203908008123
2025,10,20409,CITY_31703,532083.0,659633.0,4187.0,4231.0,802193715.0,672057640.0,0.8377747512020834,157.54310962502984,0.1266992794983491,0.12953952338674313,0.10889466840052016
2025,10,20409,EWR,50243.0,57941.0,362.0,365.0,79177190.0,68214965.0,0.861548193362255,160.05801104972375,0.035375842361590776,0.03460122684731771,0.03129592807123714
2025,10,20409,JFK,367226.0,462166.0,2950.0,2986.0,579903397.0,485425842.0,0.8370805284315311,156.6664406779661,0.29960927907134227,0.3065456489469097,0.2750069917031789
2025,10,20409,LGA,46021.0,54126.0,336.0,338.0,53871162.0,46202786.0,0.8576534138988872,161.08928571428572,0.03343720778498933,0.03211253567169581,0.023755656108597284
2025,10,20409,NYC_CORE,463490.0,574233.0,3648.0,3689.0,712951749.0,599843593.0,0.841352298863636,157.41036184210526,0.11523046465853878,0.11796793724515706,0.10011526428453812
2025,10,20416,CITY_31703,178187.0,225538.0,1147.0,1159.0,210509093.0,171236193.0,0.8134384627271184,196.63295553618136,0.04242977978242555,0.044291424209521466,0.029830949284785437
2025,10,20416,EWR,107715.0,134787.0,713.0,722.0,134337013.0,110640340.0,0.8236027996245532,189.0420757363254,0.07584158708633541,0.08049214827271554,0.061640874902740554
2025,10,20416,LGA,70472.0,90751.0,434.0,437.0,76172080.0,60595853.0,0.7955126471536552,209.1036866359447,0.05120242730544247,0.05384186388689477,0.030684389140271492
2025,10,20416,NYC_CORE,178187.0,225538.0,1147.0,1159.0,210509093.0,171236193.0,0.8134384627271184,196.63295553618136,0.04429992191009741,0.046333548629908475,0.03147812722981503
2025,10,20422,CITY_31703,6888.0,7812.0,42.0,43.0,7960428.0,7022631.0,0.8821926408982029,186.0,0.0016401663597307727,0.0015341299733294686,0.0010923276983094928
2025,10,20422,EWR,3101.0,3720.0,20.0,21.0,3749760.0,3125808.0,0.8336021505376344,186.0,0.002183398426911072,0.0022215109140681357,0.0017290567995158642
2025,10,20422,JFK,3787.0,4092.0,22.0,22.0,4210668.0,3896823.0,0.9254643206256109,186.0,0.003089705902749732,0.0027141433932629283,0.002050899599142351
2025,10,20422,NYC_CORE,6888.0,7812.0,42.0,43.0,7960428.0,7022631.0,0.8821926408982029,186.0,0.0017124586087467154,0.001604863401718757,0.0011526428453811955
2025,10,20436,CITY_31703,114334.0,149662.0,679.0,679.0,161404626.0,123305526.0,0.7639528621688947,220.41531664212076,0.027225142359677434,0.029390803900209282,0.0176592977893368
2025,10,20436,EWR,15933.0,19942.0,91.0,91.0,17857940.0,14234021.0,0.7970695948132875,219.14285714285714,0.011218344771355727,0.011908970604394291,0.007867208437797181
2025,10,20436,JFK,51165.0,68648.0,301.0,301.0,90281858.0,67419468.0,0.7467665098341242,228.06644518272427,0.041744072488563516,0.04553287283986156,0.02806003542462944
2025,10,20436,LGA,36237.0,46216.0,211.0,211.0,39713546.0,31546491.0,0.7943508998164002,219.03317535545023,0.02632850434594334,0.02741959406945079,0.014917986425339367
2025,10,20436,NYC_CORE,103335.0,134806.0,603.0,603.0,147853344.0,113199980.0,0.7656234004419947,223.55887230514097,0.025690608352909674,0.027693960027150376,0.016548657994401448
2025,10,20452,CITY_31703,479581.0,609667.0,8177.0,8395.0,292379318.0,232932527.0,0.7966792199713661,74.55876238229179,0.11419753527381586,0.11972714009854801,0.21266579973992197
2025,10,20452,EWR,131645.0,157561.0,2084.0,2111.0,80686006.0,68289848.0,0.8463654527651301,75.60508637236084,0.09269057913921576,0.0940923336374972,0.18016771850955304
2025,10,20452,JFK,76852.0,103295.0,1360.0,1394.0,42516904.0,32797097.0,0.7713895865983093,75.95220588235294,0.06270136731928239,0.06851354882871315,0.12678288431061807
2025,10,20452,LGA,271084.0,348811.0,4733.0,4890.0,169176408.0,131845582.0,0.7793378731625511,73.69765476442004,0.19695991037104904,0.20694685881424613,0.3346295248868778
2025,10,20452,NYC_CORE,479581.0,609667.0,8177.0,8395.0,292379318.0,232932527.0,0.7966792199713661,74.55876238229179,0.11923092509311245,0.12524734453861616,0.22440858444481035
2025,10,20500,CITY_31703,40952.0,48250.0,965.0,982.0,16265000.0,13997785.0,0.8606077466953581,50.0,0.009751465267667625,0.009475393140443785,0.02509752925877763
2025,10,20500,EWR,40952.0,48250.0,965.0,982.0,16265000.0,13997785.0,0.8606077466953581,50.0,0.028834096220207103,0.028813952044028913,0.08342699057664044
2025,10,20500,NYC_CORE,40952.0,48250.0,965.0,982.0,16265000.0,13997785.0,0.8606077466953581,50.0,0.010181272494976117,0.009912270754343321,0.026483341566496513
2025,10,21080,CITY_31703,464.0,888.0,111.0,111.0,161320.0,84928.0,0.5264567319613191,8.0,0.00011048739705503463,0.00017438651002516233,0.0028868660598179454
2025,10,22080,CITY_31703,21636.0,30703.0,233.0,233.0,22693803.0,16479762.0,0.7261789484997292,131.7725321888412,0.005151951126471399,0.006029492136601981,0.0060598179453836155
2025,10,22080,EWR,516.0,1233.0,9.0,9.0,526491.0,220332.0,0.41849148418491483,137.0,0.0003633129920303493,0.0007363233755500031,0.0007780755597821389
2025,10,22080,NYC_CORE,516.0,1233.0,9.0,9.0,526491.0,220332.0,0.41849148418491483,137.0,0.00012828522678764594,0.0002533021728519236,0.0002469948954388276
2025,11,19393,CITY_31703,150597.0,190652.0,1156.0,1180.0,190041936.0,153592529.0,0.8082033483388635,164.92387543252596,0.038598186412962684,0.03878113188050207,0.031760859411489956
2025,11,19393,LGA,124211.0,154757.0,939.0,961.0,164779377.0,134260349.0,0.8147885460205375,164.81043663471777,0.0976991604279505,0.09605452546865971,0.0705590622182146
2025,11,19393,NYC_CORE,124211.0,154757.0,939.0,961.0,164779377.0,134260349.0,0.8147885460205375,164.81043663471777,0.03324685099636699,0.032978460658529295,0.02722686151704941
2025,11,19690,CITY_31703,6064.0,8340.0,30.0,31.0,41558220.0,30216912.0,0.7270983213429256,278.0,0.0015542102592229973,0.0016964660212501694,0.0008242437563535457
2025,11,19690,JFK,6064.0,8340.0,30.0,31.0,41558220.0,30216912.0,0.7270983213429256,278.0,0.005292889512677099,0.005770583998322794,0.0029478235236317187
2025,11,19690,NYC_CORE,6064.0,8340.0,30.0,31.0,41558220.0,30216912.0,0.7270983213429256,278.0,0.0016231163459111467,0.0017772402016847982,0.0008698677800974252
2025,11,19790,CITY_31703,792171.0,969833.0,5702.0,5811.0,1255281743.0,1036996481.0,0.8261065587727583,170.08646089091548,0.20303434948201535,0.1972768262334671,0.15666126329093058
2025,11,19790,EWR,65873.0,82773.0,538.0,564.0,74355168.0,58647822.0,0.7887524643882184,153.85315985130111,0.04994264476983229,0.050586363750258975,0.048895755702990096
2025,11,19790,JFK,382715.0,467438.0,2529.0,2546.0,792898819.0,656469861.0,0.8279364847937805,184.83115856069594,0.3340481876392177,0.32342808669160794,0.24850152304215387
2025,11,19790,LGA,338210.0,413132.0,2576.0,2641.0,382975676.0,317694263.0,0.8295416208104036,160.3773291925466,0.2660217939501102,0.256422638174159,0.1935677787796814
2025,11,19790,NYC_CORE,786798.0,963343.0,5643.0,5751.0,1250229663.0,1032811946.0,0.8260977775248962,170.71469076732234,0.2105977398961409,0.20528679947381756,0.16362212943632568
2025,11,19805,CITY_31703,411099.0,507973.0,3089.0,3179.0,631879635.0,516920488.0,0.8180679663778054,164.4457753318226,0.1053651522685216,0.10332840937799907,0.08486963211253674
2025,11,19805,EWR,71007.0,87540.0,494.0,518.0,98248520.0,82121517.0,0.8358550032102264,177.20647773279353,0.05383506713177601,0.05349969534386419,0.04489684631464146
2025,11,19805,JFK,150309.0,186993.0,1218.0,1239.0,297275091.0,242282614.0,0.8150114871211998,153.52463054187191,0.1311954039843308,0.12938355079117198,0.11968163505944777
2025,11,19805,LGA,189783.0,233440.0,1377.0,1422.0,236356024.0,192516357.0,0.8145185121238966,169.5279593318809,0.1492753440798136,0.1448914648474959,0.10347159603246167
2025,11,19805,NYC_CORE,411099.0,507973.0,3089.0,3179.0,631879635.0,516920488.0,0.8180679663778054,164.4457753318226,0.11003652814771216,0.10824820587175443,0.08956738575736488
2025,11,19930,CITY_31703,89402.0,104678.0,597.0,623.0,257710691.0,220210351.0,0.8544866731974267,175.34003350083754,0.022913836674646176,0.021292886111801586,0.01640245075143556
2025,11,19930,EWR,40914.0,47644.0,272.0,287.0,116571315.0,100050927.0,0.8582808472221489,175.16176470588235,0.0310195887254705,0.029117426147624692,0.024720530764336997
2025,11,19930,JFK,48488.0,57034.0,325.0,336.0,141139376.0,120159424.0,0.851352949158568,175.48923076923077,0.04232216798988905,0.0394627683165878,0.03193475483934362
2025,11,19930,NYC_CORE,89402.0,104678.0,597.0,623.0,257710691.0,220210351.0,0.8544866731974267,175.34003350083754,0.023929724201376703,0.022306708612945,0.01731036882393876
2025,11,19977,CITY_31703,925756.0,1130214.0,6569.0,6744.0,1468769005.0,1229251219.0,0.8369261707017027,172.05267163951896,0.2372723404909705,0.22990043737904542,0.18048190784954804
2025,11,19977,EWR,818573.0,1003792.0,5806.0,5964.0,1329145761.0,1110135431.0,0.8352247462797272,172.8887357905615,0.62061391704,0.6134631732763094,0.5276742706534582
2025,11,19977,LGA,107183.0,126422.0,763.0,780.0,139623244.0,119115788.0,0.8531229083890931,165.69069462647445,0.08430565016100842,0.07846756669358347,0.05733393447550346
2025,11,19977,NYC_CORE,925756.0,1130214.0,6569.0,6744.0,1468769005.0,1229251219.0,0.8369261707017027,172.05267163951896,0.2477918363992941,0.24084673349004584,0.1904720482486662
2025,11,20207,CITY_31703,3687.0,5350.0,35.0,35.0,3594090.0,2340840.0,0.6513025550278374,152.85714285714286,0.0009449823921100249,0.001088260577180864,0.0009616177157458032
2025,11,20253,CITY_31703,787.0,1782.0,196.0,198.0,325764.0,146741.0,0.45045186085632544,9.091836734693878,0.0002017090161623514,0.0003624823081376261,0.005385059208176498
2025,11,20253,JFK,318.0,603.0,67.0,67.0,126567.0,64914.0,0.5128825049183436,9.0,0.0002775624777426315,0.00041722567757657614,0.006583472536110838
2025,11,20253,NYC_CORE,318.0,603.0,67.0,67.0,126567.0,64914.0,0.5128825049183436,9.0,8.511724901051198e-05,0.00012849830235203038,0.0019427047088842497
2025,11,20304,CITY_31703,7414.0,10394.0,137.0,137.0,6463296.0,4633590.0,0.716908215251166,75.86861313868613,0.0019002168307848454,0.0021142767176108228,0.0037640464873478583
2025,11,20304,LGA,7308.0,10248.0,135.0,135.0,6389566.0,4580060.0,0.7168029878711637,75.91111111111111,0.005748166139934967,0.006360725375930166,0.010144274120829576
2025,11,20304,NYC_CORE,7308.0,10248.0,135.0,135.0,6389566.0,4580060.0,0.7168029878711637,75.91111111111111,0.0019560907414113886,0.002183831844947939,0.003914405010438413
2025,11,20363,CITY_31703,223074.0,303654.0,4066.0,4214.0,171438575.0,127697895.0,0.744860921761628,74.68125922282341,0.057174125884879766,0.06176722940248189,0.11171250377778388
2025,11,20363,EWR,7416.0,9698.0,129.0,135.0,4760975.0,3648213.0,0.7662743450658741,75.17829457364341,0.005622556337392805,0.005926891083445224,0.011724075252203944
2025,11,20363,JFK,92689.0,127930.0,1684.0,1739.0,63173521.0,46579180.0,0.7373212583797569,75.96793349168647,0.0809024795581345,0.08851688380161092,0.16547116045986046
2025,11,20363,LGA,114609.0,155021.0,2108.0,2186.0,95403094.0,71337810.0,0.7477515351860601,73.53937381404175,0.09014663014939883,0.0962183849045736,0.1584009618274722
2025,11,20363,NYC_CORE,214714.0,292649.0,3921.0,4060.0,163337590.0,121565203.0,0.7442573568031706,74.63631726600357,0.057471273597619714,0.062363017719766725,0.11369171885873347
2025,11,20368,CITY_31703,14525.0,18360.0,103.0,103.0,15096654.0,11961855.0,0.792351404490028,178.25242718446603,0.003722774408841365,0.0037346662050543296,0.0028299035634805065
2025,11,20368,EWR,7605.0,9381.0,54.0,54.0,6751545.0,5460168.0,0.8087286687713701,173.72222222222223,0.005765849642107913,0.005733157893771875,0.00490775243115514
2025,11,20368,NYC_CORE,7605.0,9381.0,54.0,54.0,6751545.0,5460168.0,0.8087286687713701,173.72222222222223,0.002035587040015546,0.001999075579377109,0.0015657620041753654
2025,11,20378,CITY_31703,1634.0,1986.0,27.0,27.0,452808.0,372552.0,0.8227593152064451,73.55555555555556,0.0004187961021718961,0.00040397859930489644,0.000741819380718191
2025,11,20378,LGA,1634.0,1986.0,27.0,27.0,452808.0,372552.0,0.8227593152064451,73.55555555555556,0.001285235833696461,0.001232669847443141,0.0020288548241659153
2025,11,20378,NYC_CORE,1634.0,1986.0,27.0,27.0,452808.0,372552.0,0.8227593152064451,73.55555555555556,0.000437363474475398,0.0004232133142141498,0.0007828810020876827
2025,11,20397,CITY_31703,9518.0,14085.0,215.0,224.0,5633795.0,3999724.0,0.7099519950583931,65.51162790697674,0.0024394744800930886,0.0028650748092696205,0.005907080253867077
2025,11,20398,CITY_31703,9266.0,12848.0,187.0,206.0,9419238.0,6781992.0,0.7200149311441116,68.70588235294117,0.002374886586734877,0.002613452690770045,0.005137786081270434
2025,11,20398,EWR,2964.0,3294.0,50.0,59.0,2368386.0,2131116.0,0.8998178506375227,65.88,0.00224720293743693,0.0020131139646183305,0.004544215214032536
2025,11,20398,NYC_CORE,2964.0,3294.0,50.0,59.0,2368386.0,2131116.0,0.8998178506375227,65.88,0.0007933570002111871,0.0007019459501618375,0.0014497796334957086
2025,11,20409,CITY_31703,512045.0,646612.0,4116.0,4277.0,761638758.0,622071212.0,0.8167536190431107,157.0971817298348,0.13123772958176777,0.13152941090319117,0.11308624337170646
2025,11,20409,EWR,60279.0,72721.0,439.0,458.0,89853418.0,74271225.0,0.8265820783801457,165.65148063781322,0.04570146621651846,0.044443127085916696,0.03989820957920567
2025,11,20409,JFK,340105.0,433157.0,2791.0,2907.0,523382362.0,430210757.0,0.8219817636880931,155.19777857398782,0.2968565612976657,0.29970849555893364,0.2742458484818709
2025,11,20409,LGA,44615.0,54554.0,345.0,362.0,55714268.0,45542740.0,0.8174340547739046,158.12753623188405,0.03509228685457014,0.03386055934411537,0.025924256086564474
2025,11,20409,NYC_CORE,444999.0,560432.0,3575.0,3727.0,668950048.0,550024722.0,0.822220917158825,156.7641958041958,0.11911034808939881,0.11942713197969003,0.10365924379494316
2025,11,20416,CITY_31703,176921.0,235780.0,1215.0,1222.0,208842144.0,162749156.0,0.7792926891231302,194.0576131687243,0.04534505825725461,0.047960762408916655,0.0333818721323186
2025,11,20416,EWR,98700.0,135799.0,696.0,702.0,124519836.0,94696181.0,0.7604907301676819,195.11350574712642,0.07483094801788967,0.08299297610236935,0.06325547577933291
2025,11,20416,LGA,78221.0,99981.0,519.0,520.0,84322308.0,68052975.0,0.8070577835701556,192.64161849710982,0.0615253562714632,0.062056175235253114,0.03899909828674482
2025,11,20416,NYC_CORE,176921.0,235780.0,1215.0,1222.0,208842144.0,162749156.0,0.7792926891231302,194.0576131687243,0.04735543651631695,0.050244327908062554,0.03522964509394572
2025,11,20422,CITY_31703,6926.0,7626.0,41.0,42.0,7765128.0,7054215.0,0.9084479998269185,186.0,0.0017751418626943403,0.0015512290021647232,0.0011264664670165123
2025,11,20422,EWR,3459.0,3906.0,21.0,22.0,3937248.0,3486672.0,0.8855606758832565,186.0,0.0026224949259764986,0.0023871351383725555,0.0019085703898936654
2025,11,20422,JFK,3467.0,3720.0,20.0,20.0,3827880.0,3567543.0,0.931989247311828,186.0,0.0030261292777789416,0.0025739295532087284,0.001965215682421146
2025,11,20422,NYC_CORE,6926.0,7626.0,41.0,42.0,7765128.0,7054215.0,0.9084479998269185,186.0,0.0018538429768767484,0.001625087982979409,0.0011888192994664812
2025,11,20436,CITY_31703,114157.0,144440.0,651.0,651.0,158529766.0,127531746.0,0.8044656168861057,221.87403993855608,0.02925857199243399,0.029381001451963363,0.01788608951287194
2025,11,20436,EWR,14376.0,18298.0,85.0,85.0,16741852.0,13489011.0,0.8057060234435235,215.27058823529413,0.01089938914594916,0.011182744178684338,0.007725165863855312
2025,11,20436,JFK,55126.0,67912.0,295.0,295.0,91567450.0,74812582.0,0.817021572622149,230.21016949152542,0.048116066503271396,0.046989436510083644,0.028986931315711898
2025,11,20436,LGA,33929.0,44550.0,201.0,201.0,37485998.0,29029967.0,0.7744216120376467,221.6417910447761,0.026687127663088877,0.02765127981046925,0.015103697024346259
2025,11,20436,NYC_CORE,103431.0,130760.0,581.0,581.0,145795300.0,117331560.0,0.8047691523663657,225.06024096385542,0.02768478673712662,0.027864739660947747,0.016846439341220133
2025,11,20452,CITY_31703,391078.0,525522.0,7069.0,7490.0,256270114.0,193782916.0,0.7561666593709792,74.34177394256614,0.10023374666167734,0.1068981074843443,0.1942193037887738
2025,11,20452,EWR,93012.0,116342.0,1533.0,1672.0,61866366.0,50600754.0,0.8179040934778681,75.89171559034573,0.070518501895035,0.07110191404724522,0.13932563846223758
2025,11,20452,JFK,66407.0,92134.0,1218.0,1280.0,37536281.0,27334506.0,0.7282156162460527,75.64367816091954,0.057962551759292234,0.06374903910089597,0.11968163505944777
2025,11,20452,LGA,231659.0,317046.0,4318.0,4538.0,156867467.0,115847656.0,0.7385065763827244,73.42427049559981,0.18221324846896478,0.19678401029831727,0.32446648632401565
2025,11,20452,NYC_CORE,391078.0,525522.0,7069.0,7490.0,256270114.0,193782916.0,0.7561666593709792,74.34177394256614,0.10467762109601574,0.1119878687373859,0.2049698445836233
2025,11,20500,CITY_31703,34159.0,43850.0,877.0,989.0,14805000.0,11733968.0,0.792567916244512,50.0,0.008754991465171235,0.008919668469043157,0.024095392477401983
2025,11,20500,EWR,34159.0,43850.0,877.0,989.0,14805000.0,11733968.0,0.792567916244512,50.0,0.025898179871763866,0.02679873932863199,0.07970553485413069
2025,11,20500,NYC_CORE,34159.0,43850.0,877.0,989.0,14805000.0,11733968.0,0.792567916244512,50.0,0.009143144996698362,0.009344362451304364,0.02542913477151473
2025,11,21080,CITY_31703,351.0,648.0,81.0,81.0,116512.0,64084.0,0.5500205987366108,8.0,8.996170860608048e-05,0.00013181174841368223,0.0022254581421545733
2025,11,22080,CITY_31703,21029.0,31475.0,238.0,238.0,24289595.0,16715331.0,0.688168370036635,132.24789915966386,0.005389757180277113,0.006402430218087419,0.006539000467071462
2025,11,22080,EWR,636.0,1233.0,9.0,9.0,526491.0,271572.0,0.5158150851581509,137.0,0.00048219334285083925,0.0007535426588871892,0.0008179587385258566
2025,11,22080,NYC_CORE,636.0,1233.0,9.0,9.0,526491.0,271572.0,0.5158150851581509,137.0,0.00017023449802102395,0.0002627502600332561,0.00026096033402922753
2025,12,19393,CITY_31703,175421.0,204607.0,1233.0,1260.0,204551223.0,178004861.0,0.870221445706047,165.94241686942416,0.04146421598521271,0.041336158749662365,0.033994099969672745
2025,12,19393,LGA,143959.0,165961.0,999.0,1026.0,177399847.0,155332764.0,0.8756082185347094,166.12712712712712,0.10751184087300579,0.10576032138300734,0.07798594847775175
2025,12,19393,NYC_CORE,143959.0,165961.0,999.0,1026.0,177399847.0,155332764.0,0.8756082185347094,166.12712712712712,0.03564635970536826,0.03520740123170005,0.02911857292759706
2025,12,19690,CITY_31703,7495.0,8618.0,31.0,31.0,42943494.0,37347585.0,0.8696913436992342,278.0,0.0017715911938090039,0.0017410695435864376,0.0008546772903972871
2025,12,19690,JFK,7495.0,8618.0,31.0,31.0,42943494.0,37347585.0,0.8696913436992342,278.0,0.006167998334352418,0.005976318024999566,0.0030763123945618735
2025,12,19690,NYC_CORE,7495.0,8618.0,31.0,31.0,42943494.0,37347585.0,0.8696913436992342,278.0,0.0018558719218092312,0.0018282450926108604,0.0009035793400956045
2025,12,19790,CITY_31703,819288.0,935976.0,5474.0,5825.0,1224759167.0,1077045981.0,0.8793940964232032,170.98575082206796,0.19365489072626965,0.1890925164919772,0.15091946734305645
2025,12,19790,EWR,67187.0,76763.0,510.0,541.0,70059977.0,61144412.0,0.8727438206267182,150.51568627450982,0.04526254661866471,0.04508662507848443,0.04465458366167586
2025,12,19790,JFK,403064.0,464191.0,2512.0,2639.0,781470652.0,681985785.0,0.872695325479734,184.78941082802547,0.33170087800365883,0.32190218616182104,0.2492805398432073
2025,12,19790,LGA,343074.0,388312.0,2391.0,2583.0,368005958.0,329272210.0,0.8947469540696947,162.4056879966541,0.2562154314469091,0.2474557391006221,0.1866510538641686
2025,12,19790,NYC_CORE,813325.0,929266.0,5413.0,5763.0,1219536587.0,1072402407.0,0.8793523855139576,171.67300942176243,0.20139119823955878,0.19713692321073611,0.15777661186895184
2025,12,19805,CITY_31703,452466.0,510129.0,3132.0,3193.0,636325951.0,568721767.0,0.8937585621115113,162.8764367816092,0.1069492703266157,0.10305988224648478,0.08634997656530011
2025,12,19805,EWR,82283.0,91970.0,522.0,531.0,103660956.0,94174904.0,0.9084896342264102,176.18773946360153,0.055432421799210985,0.05401843216742719,0.045705279747832936
2025,12,19805,JFK,161607.0,184101.0,1232.0,1253.0,293368803.0,260743141.0,0.8887895997584992,149.43262987012986,0.13299422372510888,0.1276683830030686,0.12225860871291058
2025,12,19805,LGA,208576.0,234058.0,1378.0,1409.0,239296192.0,213803722.0,0.893468969201148,169.8534107402032,0.15576927959994205,0.1491558215620774,0.10757220921155347
2025,12,19805,NYC_CORE,452466.0,510129.0,3132.0,3193.0,636325951.0,568721767.0,0.8937585621115113,162.8764367816092,0.11203721747476125,0.10822010221031395,0.0912906610703043
2025,12,19930,CITY_31703,103272.0,115787.0,657.0,681.0,285256258.0,254453526.0,0.8920173313077675,176.23592085235921,0.024410375686063166,0.023392111771088752,0.018113644509387666
2025,12,19930,EWR,47260.0,52193.0,296.0,302.0,127853067.0,115700526.0,0.9049491632453369,176.3277027027027,0.03183812274990838,0.030655474938724878,0.02591717012520795
2025,12,19930,JFK,56012.0,63594.0,361.0,379.0,157403191.0,138753000.0,0.8815132597915375,176.1606648199446,0.046094986351400614,0.04410048369480418,0.035824154014091496
2025,12,19930,NYC_CORE,103272.0,115787.0,657.0,681.0,285256258.0,254453526.0,0.8920173313077675,176.23592085235921,0.025571661789070436,0.02456335745394914,0.019150052465897165
2025,12,19977,CITY_31703,1017810.0,1158868.0,6690.0,6761.0,1554721373.0,1381890630.0,0.8888349089415908,173.2239162929746,0.2405794840521337,0.23412274075619954,0.1844448733147694
2025,12,19977,EWR,907185.0,1035007.0,5944.0,5996.0,1416969432.0,1258042715.0,0.8878404054379064,174.1263458950202,0.6111525050121801,0.6079097034066795,0.5204447946764732
2025,12,19977,LGA,110625.0,123861.0,746.0,765.0,137751941.0,123847915.0,0.8990647543761289,166.03351206434317,0.08261725488907443,0.07893167169889716,0.05823575331772053
2025,12,19977,NYC_CORE,1017810.0,1158868.0,6690.0,6761.0,1554721373.0,1381890630.0,0.8888349089415908,173.2239162929746,0.2520246832203674,0.245845292873493,0.1949982511367611
2025,12,20207,CITY_31703,3252.0,3834.0,27.0,27.0,2085838.0,1771569.0,0.8493320190733892,142.0,0.0007686743912297372,0.0007745718995254585,0.0007443963497008629
2025,12,20253,CITY_31703,846.0,1800.0,200.0,205.0,328653.0,157445.0,0.4790615025574086,9.0,0.00019996879919445193,0.0003636487791199336,0.005514047034821207
2025,12,20253,JFK,373.0,630.0,70.0,70.0,131859.0,76070.0,0.576904117276788,9.0,0.00030695975699979346,0.00043688562958339836,0.006946511858688101
2025,12,20253,NYC_CORE,373.0,630.0,70.0,70.0,131859.0,76070.0,0.576904117276788,9.0,9.236027042492905e-05,0.0001336498501212395,0.0020403404453771716
2025,12,20304,CITY_31703,4912.0,6729.0,89.0,89.0,4047369.0,2923002.0,0.722198050140721,75.6067415730337,0.001161048157970624,0.0013594403526100184,0.002453750930495437
2025,12,20304,LGA,4820.0,6594.0,87.0,87.0,3979194.0,2876542.0,0.7228956416801996,75.79310344827586,0.003599685139573684,0.004202093017031413,0.006791569086651054
2025,12,20304,NYC_CORE,4820.0,6594.0,87.0,87.0,3979194.0,2876542.0,0.7228956416801996,75.79310344827586,0.001193502690209539,0.0013988684312689736,0.0025358516963973417
2025,12,20363,CITY_31703,213993.0,277120.0,3719.0,3915.0,157519209.0,124828639.0,0.7924661366221055,74.51465447700996,0.050581469557941315,0.05598574981650889,0.10253370461250035
2025,12,20363,EWR,7991.0,9912.0,132.0,136.0,4837596.0,3868018.0,0.7995744167144176,75.0909090909091,0.0053833778860456595,0.005821797321338896,0.01155765694772787
2025,12,20363,JFK,82512.0,110727.0,1458.0,1538.0,55038211.0,41983354.0,0.762803754649656,75.94444444444444,0.06790311922135914,0.07678577001092214,0.1446859184281036
2025,12,20363,LGA,114556.0,145179.0,1979.0,2088.0,89438524.0,72494717.0,0.8105535932144855,73.35977766548763,0.08555301469896326,0.09251678224440454,0.15448868071818891
2025,12,20363,NYC_CORE,205059.0,265818.0,3569.0,3762.0,149314331.0,118346089.0,0.7925969878939484,74.4796861866069,0.05077561579910329,0.05639132676115499,0.1040282149935875
2025,12,20368,CITY_31703,18852.0,21624.0,122.0,122.0,18016110.0,15719026.0,0.8724983362113131,177.24590163934425,0.004456042319638071,0.0043686339998274685,0.0033635686912409364
2025,12,20368,EWR,10852.0,12417.0,71.0,71.0,9096525.0,7934728.0,0.8722812282712354,174.88732394366198,0.007310776726237955,0.007293105058420608,0.006216618509762717
2025,12,20368,NYC_CORE,10852.0,12417.0,71.0,71.0,9096525.0,7934728.0,0.8722812282712354,174.88732394366198,0.002687114355633593,0.0026341749031038586,0.002069488166025417
2025,12,20378,CITY_31703,1089.0,1210.0,16.0,16.0,275880.0,248292.0,0.9,75.625,0.0002574066457715817,0.0002444527904083998,0.00044112376278569656
2025,12,20378,LGA,1089.0,1210.0,16.0,16.0,275880.0,248292.0,0.9,75.625,0.0008132898582978717,0.0007710847058853518,0.001249024199843872
2025,12,20378,NYC_CORE,1089.0,1210.0,16.0,16.0,275880.0,248292.0,0.9,75.625,0.00026965237129422984,0.0002566925692804759,0.0004663635303719249
2025,12,20397,CITY_31703,10791.0,14096.0,215.0,232.0,5611764.0,4508394.0,0.8033826796707774,65.56279069767442,0.0025506658535547643,0.002847773994708102,0.005927600562432797
2025,12,20398,CITY_31703,11097.0,14193.0,206.0,217.0,10772658.0,8481293.0,0.7872980837226987,68.89805825242719,0.002622994993688928,0.002867370623360676,0.005679468445865843
2025,12,20398,EWR,3727.0,4064.0,61.0,66.0,2922016.0,2679713.0,0.9170767716535433,66.62295081967213,0.0025108058292193933,0.0023869838896207903,0.005341038437965152
2025,12,20398,NYC_CORE,3727.0,4064.0,61.0,66.0,2922016.0,2679713.0,0.9170767716535433,66.62295081967213,0.0009228598602512348,0.0008621476045916149,0.0017780109595429638
2025,12,20409,CITY_31703,564570.0,662892.0,4218.0,4387.0,803545213.0,703159292.0,0.8750712226568886,157.1578947368421,0.13344726354753159,0.133922148049095,0.11629125196437926
2025,12,20409,EWR,65242.0,71847.0,442.0,459.0,90769486.0,81489934.0,0.8977679349203321,162.5497737556561,0.04395223877379438,0.042199220353736445,0.038700639173452414
2025,12,20409,JFK,371044.0,444257.0,2845.0,2966.0,558238141.0,486650547.0,0.8717615498794805,156.1536028119508,0.30535006990946745,0.30807857006639966,0.28232608911382356
2025,12,20409,LGA,51380.0,56648.0,366.0,382.0,57971422.0,52571918.0,0.9068592107331781,154.775956284153,0.03837174740068379,0.03609950943718464,0.02857142857142857
2025,12,20409,NYC_CORE,487666.0,572752.0,3653.0,3807.0,706979049.0,620712399.0,0.8779784915521591,156.7894880919792,0.12075325371861514,0.1215051094549844,0.1064766235280401
2025,12,20416,CITY_31703,214242.0,248255.0,1254.0,1277.0,235641119.0,208871184.0,0.8863953154118234,197.97049441786285,0.050640325622952446,0.05015423758912173,0.03457307490832897
2025,12,20416,EWR,127315.0,148572.0,735.0,752.0,150653536.0,132748326.0,0.8811497527678341,202.13877551020408,0.08576958522862009,0.08726352619309548,0.0643551352771211
2025,12,20416,LGA,86927.0,99683.0,519.0,525.0,84987583.0,76122858.0,0.8956938803636761,192.06743737957612,0.06491905189371817,0.06352399730311531,0.040515222482435595
2025,12,20416,NYC_CORE,214242.0,248255.0,1254.0,1277.0,235641119.0,208871184.0,0.8863953154118234,197.97049441786285,0.05304946127715188,0.05266546593944177,0.03655124169289962
2025,12,20422,CITY_31703,12675.0,13764.0,74.0,75.0,14003010.0,12894567.0,0.9208425188584455,186.0,0.002995986441831771,0.0027807009976704255,0.0020401974028838466
2025,12,20422,EWR,7048.0,7626.0,41.0,41.0,7687008.0,7104384.0,0.9242066614214529,186.0,0.004748097527324466,0.004479118883427201,0.00358987829437002
2025,12,20422,JFK,5627.0,6138.0,33.0,34.0,6316002.0,5790183.0,0.9167481264255458,186.0,0.004630730704122889,0.004256514276798252,0.003274784161952962
2025,12,20422,NYC_CORE,12675.0,13764.0,74.0,75.0,14003010.0,12894567.0,0.9208425188584455,186.0,0.0031385158917854577,0.0029199310112202233,0.0021569313279701527
2025,12,20436,CITY_31703,125522.0,147018.0,667.0,667.0,160985630.0,139711315.0,0.8678496024769415,220.4167916041979,0.029669602378825054,0.02970162011591911,0.018389346861128725
2025,12,20436,EWR,15563.0,18046.0,86.0,86.0,16539502.0,14521450.0,0.8779859272667339,209.8372093023256,0.010484483799340333,0.010599289190968695,0.007529988617459067
2025,12,20436,JFK,57471.0,65782.0,289.0,289.0,88297040.0,77905699.0,0.8823138238835639,227.61937716262975,0.04729566808186362,0.04561779442103986,0.028679170388012307
2025,12,20436,LGA,37067.0,44900.0,199.0,199.0,37431406.0,31483941.0,0.8411102965247953,225.6281407035176,0.027682474910493308,0.02861297792913413,0.015534738485558157
2025,12,20436,NYC_CORE,110101.0,128728.0,574.0,574.0,142267948.0,123911090.0,0.8709698265979067,224.26480836236934,0.027262622343311296,0.027308695089534794,0.016730791652092805
2025,12,20452,CITY_31703,413745.0,527079.0,7097.0,7428.0,266523598.0,212965107.0,0.7990478464124592,74.26785965901085,0.09779679766277602,0.10648424158319748,0.19566595903063053
2025,12,20452,EWR,106874.0,130280.0,1721.0,1806.0,70620532.0,58932842.0,0.8345001139328715,75.7001743172574,0.07199888977515252,0.07651974929620978,0.1506873303563611
2025,12,20452,JFK,69938.0,93987.0,1246.0,1294.0,39644652.0,30122822.0,0.7598205679797618,75.43097913322633,0.057555365911666365,0.06517709471056327,0.1236479110846482
2025,12,20452,LGA,236933.0,302812.0,4130.0,4328.0,156258414.0,123909443.0,0.7929777336662331,73.32009685230024,0.1769469292893385,0.1929700016186406,0.3224043715846995
2025,12,20452,NYC_CORE,413745.0,527079.0,7097.0,7428.0,266523598.0,212965107.0,0.7990478464124592,74.26785965901085,0.10244932999185595,0.11181591960643301,0.20686137344059694
2025,12,20500,CITY_31703,34914.0,42500.0,850.0,891.0,13420850.0,11113620.0,0.8280861495359831,50.0,0.00825261306746465,0.008586151729220655,0.02343469989799013
2025,12,20500,EWR,34914.0,42500.0,850.0,891.0,13420850.0,11113620.0,0.8280861495359831,50.0,0.023520867915579797,0.024962306916556,0.0744243061027931
2025,12,20500,NYC_CORE,34914.0,42500.0,850.0,891.0,13420850.0,11113620.0,0.8280861495359831,50.0,0.008645218449372582,0.009016061317702665,0.02477556255100851
2025,12,21080,CITY_31703,243.0,376.0,47.0,47.0,71816.0,46413.0,0.6462765957446809,8.0,5.743784657712981e-05,7.596218941616391e-05,0.0012958010531829837
2025,12,22080,CITY_31703,24165.0,33356.0,253.0,253.0,25598153.0,18982915.0,0.741573620565515,131.8418972332016,0.0057118747429479085,0.006738815931291392,0.006975269499048827
2025,12,22080,EWR,943.0,1370.0,10.0,10.0,584990.0,402661.0,0.6883211678832116,137.0,0.0006352803587211935,0.0008046673053101581,0.0008755800717975659
2025,12,22080,NYC_CORE,943.0,1370.0,10.0,10.0,584990.0,402661.0,0.6883211678832116,137.0,0.0002335006300555177,0.00029063538835888593,0.0002914772064824531
2026,1,19393,CITY_31703,117906.0,181281.0,1129.0,1184.0,179803908.0,121415385.0,0.6752655509578802,160.56775907883082,0.03440494869137997,0.039993972697998634,0.03318733648843294
2026,1,19393,LGA,94876.0,148960.0,932.0,978.0,158339102.0,104552504.0,0.6603075467738854,159.8283261802575,0.08919516024405606,0.0995990229988426,0.07473937449879711
2026,1,19393,NYC_CORE,94876.0,148960.0,932.0,978.0,158339102.0,104552504.0,0.6603075467738854,159.8283261802575,0.02903400040700726,0.034551736679396254,0.028975594590393283
2026,1,19790,CITY_31703,688134.0,880366.0,5081.0,5361.0,1173011873.0,929733442.0,0.7926036073464364,173.26628616414092,0.20079737216760865,0.1942251740019432,0.14935771186689792
2026,1,19790,EWR,58380.0,73345.0,487.0,514.0,67113698.0,53798489.0,0.8016022153927503,150.60574948665297,0.04816032984628787,0.04833612869424243,0.04655831739961759
2026,1,19790,JFK,341599.0,430555.0,2298.0,2419.0,743035857.0,593401819.0,0.7986180120510658,187.36074847693646,0.3444010469177226,0.33164923772784977,0.24883595018949647
2026,1,19790,LGA,283536.0,370087.0,2238.0,2366.0,357873829.0,278919972.0,0.77938074650326,165.3650580875782,0.26655886583497074,0.2474510178878401,0.17947072975140338
2026,1,19790,NYC_CORE,683515.0,873987.0,5023.0,5299.0,1168023384.0,926120280.0,0.7928953244312786,173.99701373681066,0.20916959808798397,0.20272401104467974,0.15616353178921188
2026,1,19805,CITY_31703,359924.0,465820.0,2888.0,3189.0,601188606.0,473970547.0,0.7883891049658382,161.2950138504155,0.10502575571044938,0.10276858778460911,0.08489373585349363
2026,1,19805,EWR,66417.0,82182.0,486.0,541.0,94270096.0,78467954.0,0.8323737572092851,169.09876543209876,0.054790418420707455,0.0541599253984625,0.046462715105162526
2026,1,19805,JFK,136170.0,173326.0,1159.0,1266.0,288434744.0,231311356.0,0.8019538589290062,149.5478861087144,0.13728696676157215,0.13351008762740482,0.12550081212777478
2026,1,19805,LGA,157337.0,210312.0,1243.0,1382.0,218483766.0,164191237.0,0.7515031437164077,169.19710378117458,0.14791621619080747,0.14062076883010596,0.09967923015236568
2026,1,19805,NYC_CORE,359924.0,465820.0,2888.0,3189.0,601188606.0,473970547.0,0.7883891049658382,161.2950138504155,0.11014412035173995,0.10804840212135045,0.08978703559769936
2026,1,19930,CITY_31703,61352.0,73773.0,403.0,425.0,199668776.0,163367953.0,0.8181947937618449,183.05955334987593,0.017902502095852153,0.01627570097169286,0.011846321173461889
2026,1,19930,EWR,21516.0,23829.0,135.0,140.0,58419062.0,52688646.0,0.9019084558392944,176.51111111111112,0.01774953163707999,0.01570388725414279,0.012906309751434034
2026,1,19930,JFK,39836.0,49944.0,268.0,285.0,141249714.0,110679307.0,0.7835719016039919,186.3582089552239,0.04016276424993749,0.03847101886885468,0.02902003248511099
2026,1,19930,NYC_CORE,61352.0,73773.0,403.0,425.0,199668776.0,163367953.0,0.8181947937618449,183.05955334987593,0.01877496935969802,0.01711187748421791,0.012529146587906109
2026,1,19977,CITY_31703,815921.0,1017979.0,5897.0,6186.0,1391154534.0,1146149384.0,0.8238835844530267,172.62658979141938,0.2380855948061968,0.22458517071913744,0.17334430759281577
2026,1,19977,EWR,744406.0,923833.0,5327.0,5591.0,1284571877.0,1062955372.0,0.8274783147848721,173.42462924723108,0.6140945272277453,0.6088282879540264,0.5092734225621415
2026,1,19977,LGA,71515.0,94146.0,570.0,595.0,106582657.0,83194012.0,0.7805586231538589,165.16842105263157,0.06723293440758116,0.06294877563942693,0.04570970328789094
2026,1,19977,NYC_CORE,815921.0,1017979.0,5897.0,6186.0,1391154534.0,1146149384.0,0.8238835844530267,172.62658979141938,0.24968854764203557,0.23612340462644413,0.18333592414114722
2026,1,20167,CITY_31703,253.0,300.0,1.0,0.0,326700.0,275517.0,0.8433333333333334,300.0,7.382535255982845e-05,6.618560030780717e-05,2.9395337899409152e-05
2026,1,20167,JFK,253.0,300.0,1.0,0.0,326700.0,275517.0,0.8433333333333334,300.0,0.0002550752925804344,0.00023108492833286089,0.00010828370330265295
2026,1,20167,NYC_CORE,253.0,300.0,1.0,0.0,326700.0,275517.0,0.8433333333333334,300.0,7.74231850307015e-05,6.958593584733403e-05,3.1089693766516396e-05
2026,1,20207,CITY_31703,1612.0,2768.0,17.0,17.0,1491656.0,876219.0,0.5874135859742461,162.8235294117647,0.00047038129773297805,0.0006106724721733674,0.0004997207442899556
2026,1,20253,CITY_31703,476.0,1512.0,168.0,165.0,276903.0,91612.0,0.3308450973806712,9.0,0.00013889671074497368,0.00033357542555134814,0.004938416767100738
2026,1,20253,JFK,107.0,297.0,33.0,33.0,72540.0,26985.0,0.37200165425971876,9.0,0.00010787769290951179,0.00022877407904953228,0.0035733622089875474
2026,1,20253,NYC_CORE,107.0,297.0,33.0,33.0,72540.0,26985.0,0.37200165425971876,9.0,3.2744192878597077e-05,6.889007648886068e-05,0.0010259598942950411
2026,1,20304,CITY_31703,2222.0,3166.0,42.0,42.0,3410046.0,2399150.0,0.7035535591015488,75.38095238095238,0.0006483791833515368,0.0006984787019150583,0.0012346041917751845
2026,1,20304,EWR,0.0,50.0,1.0,1.0,35950.0,0.0,0.0,50.0,0.0,3.295120914461956e-05,9.560229445506692e-05
2026,1,20304,LGA,2222.0,3116.0,41.0,41.0,3374096.0,2399150.0,0.7110497152422456,76.0,0.002088954488619805,0.002083448950485993,0.0032878909382518043
2026,1,20304,NYC_CORE,2222.0,3166.0,42.0,42.0,3410046.0,2399150.0,0.7035535591015488,75.38095238095238,0.0006799775380957263,0.000734363576308865,0.0013057671381936887
2026,1,20363,CITY_31703,206336.0,307126.0,4112.0,4564.0,173942372.0,116500411.0,0.6697644148488443,74.69017509727627,0.06020880610982119,0.06775772893378527,0.12087362944237044
2026,1,20363,EWR,6919.0,10505.0,141.0,151.0,5180980.0,3350921.0,0.646773583376118,74.50354609929079,0.005707799284112123,0.00692304904128457,0.013479923518164436
2026,1,20363,JFK,91686.0,128854.0,1696.0,1907.0,65854785.0,47641907.0,0.723438805547691,75.9752358490566,0.09243807618786447,0.09925405785134153,0.1836491608012994
2026,1,20363,LGA,100256.0,155947.0,2118.0,2340.0,94340383.0,60102976.0,0.6370864108109462,73.62936732766761,0.09425302484746495,0.10427073603383799,0.1698476343223737
2026,1,20363,NYC_CORE,198861.0,295306.0,3955.0,4398.0,165376148.0,111095804.0,0.6717764644028351,74.66649810366624,0.06085554149561396,0.06849714790444274,0.12295973884657237
2026,1,20368,CITY_31703,10389.0,12840.0,71.0,71.0,11108646.0,9085503.0,0.8178767241300154,180.8450704225352,0.003031508251952797,0.0028327436931741465,0.0020870689908580498
2026,1,20368,EWR,3862.0,4788.0,27.0,27.0,3227184.0,2634815.0,0.8164439957560523,177.33333333333334,0.003185940285480708,0.003155407787688769,0.0025812619502868068
2026,1,20368,NYC_CORE,3862.0,4788.0,27.0,27.0,3227184.0,2634815.0,0.8164439957560523,177.33333333333334,0.0011818511485714197,0.001110591536123451,0.0008394217316959428
2026,1,20378,CITY_31703,5295.0,7946.0,107.0,107.0,7661400.0,5175180.0,0.6754875088104002,74.26168224299066,0.0015450800071315873,0.0017530359334861191,0.0031453011552367792
2026,1,20378,LGA,5295.0,7946.0,107.0,107.0,7661400.0,5175180.0,0.6754875088104002,74.26168224299066,0.004977954103169156,0.0053129285496026,0.008580593424218123
2026,1,20378,NYC_CORE,5295.0,7946.0,107.0,107.0,7661400.0,5175180.0,0.6754875088104002,74.26168224299066,0.0016203785167492667,0.0018430994874763871,0.003326597233017255
2026,1,20397,CITY_31703,8080.0,14270.0,217.0,248.0,5698050.0,3449124.0,0.6053165556637797,65.76036866359448,0.002357742484914679,0.0031482283879746943,0.0063787883241717865
2026,1,20398,CITY_31703,10889.0,14750.0,210.0,228.0,12388001.0,9234830.0,0.7454657131525901,70.23809523809524,0.0031774081581975176,0.0032541253484671857,0.006173020958875923
2026,1,20398,EWR,3868.0,4521.0,66.0,75.0,3250599.0,2781092.0,0.8555629285556293,68.5,0.0031908899596684048,0.0029794483308565006,0.006309751434034417
2026,1,20398,NYC_CORE,3868.0,4521.0,66.0,75.0,3250599.0,2781092.0,0.8555629285556293,68.5,0.0011836872715365748,0.0010486600532193238,0.0020519197885900823
2026,1,20409,CITY_31703,451191.0,592708.0,3766.0,4006.0,730024990.0,575053055.0,0.7877169451418369,157.38396176314393,0.13165744919692315,0.13076244929079922,0.11070284252917487
2026,1,20409,EWR,52356.0,61886.0,378.0,401.0,78779000.0,65358454.0,0.8296431028573604,163.7195767195767,0.04319085696184049,0.040784370582478524,0.0361376673040153
2026,1,20409,JFK,281460.0,377432.0,2418.0,2579.0,489663656.0,386026415.0,0.7883501466157414,156.09263854425146,0.2837687424888896,0.2907294889017612,0.26182999458581485
2026,1,20409,LGA,45232.0,59450.0,380.0,403.0,60688088.0,46150161.0,0.7604484260568565,156.44736842105263,0.042523667609923946,0.03975001287111434,0.030473135525260625
2026,1,20409,NYC_CORE,379048.0,498768.0,3176.0,3383.0,629130744.0,497535030.0,0.7908293065391826,157.04282115869017,0.11599645628267725,0.11569079350234365,0.09874086740245609
2026,1,20416,CITY_31703,184997.0,238332.0,1172.0,1178.0,228959188.0,186367273.0,0.8139759519063284,203.35494880546077,0.053982089911109025,0.052580488308534325,0.03445133601810753
2026,1,20416,EWR,107341.0,137104.0,678.0,681.0,138121354.0,113295041.0,0.8202572427721785,202.21828908554573,0.08855049616359004,0.09035485157127841,0.06481835564053537
2026,1,20416,LGA,77656.0,101228.0,494.0,497.0,90837834.0,73072232.0,0.8044250812937702,204.914979757085,0.0730062330190187,0.06768400845949811,0.03961507618283881
2026,1,20416,NYC_CORE,184997.0,238332.0,1172.0,1178.0,228959188.0,186367273.0,0.8139759519063284,203.35494880546077,0.05661287336412919,0.05528185087455604,0.03643712109435722
2026,1,20422,CITY_31703,2169.0,2418.0,13.0,14.0,2468592.0,2214093.0,0.8969051994011161,186.0,0.0006329137932895965,0.0005334559384809257,0.000382139392692319
2026,1,20422,EWR,848.0,930.0,5.0,6.0,937440.0,854784.0,0.9118279569892473,186.0,0.0006995539518611188,0.0006128924900899238,0.0004780114722753346
2026,1,20422,JFK,1321.0,1488.0,8.0,8.0,1531152.0,1359309.0,0.8877688172043011,186.0,0.0013318358162006081,0.00114618124453099,0.0008662696264212236
2026,1,20422,NYC_CORE,2169.0,2418.0,13.0,14.0,2468592.0,2214093.0,0.8969051994011161,186.0,0.000663758451903524,0.0005608626429295122,0.0004041660189647132
2026,1,20436,CITY_31703,96848.0,118270.0,556.0,556.0,128141492.0,107963423.0,0.8425329010528455,212.7158273381295,0.02826022823997733,0.02609256982801451,0.01634380787207149
2026,1,20436,EWR,15027.0,18272.0,88.0,88.0,18680712.0,15690847.0,0.8399490875936635,207.63636363636363,0.012396459003086122,0.012041689869809772,0.008413001912045888
2026,1,20436,JFK,43355.0,51784.0,238.0,238.0,65294014.0,56526763.0,0.8657265733425425,217.57983193277312,0.043710629683101715,0.03988833976262956,0.025771521386031403
2026,1,20436,LGA,29871.0,37312.0,174.0,174.0,33152656.0,27084468.0,0.8169622367511068,214.4367816091954,0.028082430031306112,0.024947897060504935,0.013953488372093023
2026,1,20436,NYC_CORE,88253.0,107368.0,500.0,500.0,117127382.0,99302078.0,0.8478126660425143,214.736,0.027007226673970357,0.024904342533521865,0.0155448468832582
2026,1,20445,CITY_31703,40.0,100.0,2.0,2.0,69400.0,26810.0,0.3863112391930836,50.0,1.1671992499577619e-05,2.2061866769269055e-05,5.8790675798818305e-05
2026,1,20445,EWR,40.0,100.0,2.0,2.0,69400.0,26810.0,0.3863112391930836,50.0,3.29978279179773e-05,6.590241828923912e-05,0.00019120458891013384
2026,1,20445,NYC_CORE,40.0,100.0,2.0,2.0,69400.0,26810.0,0.3863112391930836,50.0,1.2240819767699843e-05,2.3195311949111342e-05,6.217938753303279e-05
2026,1,20452,CITY_31703,346973.0,518741.0,6969.0,7686.0,263245162.0,176783938.0,0.6715562658659611,74.4355000717463,0.10124665633889864,0.11444394829757398,0.2048561098209824
2026,1,20452,EWR,95002.0,127404.0,1680.0,1844.0,69261014.0,52441648.0,0.7571596915979313,75.83571428571429,0.07837149119659198,0.08396231699722222,0.16061185468451242
2026,1,20452,JFK,56077.0,84244.0,1116.0,1237.0,35122272.0,23470885.0,0.6682621500112521,75.48745519713262,0.056536984909221426,0.06489172900824511,0.12084461288576069
2026,1,20452,LGA,195894.0,307093.0,4173.0,4605.0,158861876.0,100871405.0,0.6349629473090196,73.59046249700455,0.18416455922308192,0.2053313827187404,0.3346431435445068
2026,1,20452,NYC_CORE,346973.0,518741.0,6969.0,7686.0,263245162.0,176783938.0,0.6715562658659611,74.4355000717463,0.10618084893145294,0.12032359315793967,0.21666407585885278
2026,1,20500,CITY_31703,35765.0,47550.0,951.0,1036.0,15038050.0,11349790.0,0.754738147565675,50.0,0.01043622029368484,0.010490417648787435,0.027954966342338104
2026,1,20500,EWR,35765.0,47550.0,951.0,1036.0,15038050.0,11349790.0,0.754738147565675,50.0,0.029504182887161452,0.0313365998965332,0.09091778202676865
2026,1,20500,NYC_CORE,35765.0,47550.0,951.0,1036.0,15038050.0,11349790.0,0.754738147565675,50.0,0.010944822974794622,0.011029370831802443,0.029566298771957097
2026,1,21080,CITY_31703,65.0,152.0,19.0,19.0,29032.0,12415.0,0.4276315789473684,8.0,1.8966987811813633e-05,3.3534037489288964e-05,0.0005585114200887739
2026,1,22080,CITY_31703,20170.0,30540.0,228.0,238.0,23941537.0,16457968.0,0.6874232009415269,133.94736842105263,0.005885602217912015,0.006737694111334769,0.006702137041065287
2026,1,22080,EWR,454.0,1096.0,8.0,9.0,467992.0,193858.0,0.4142335766423358,137.0,0.00037452534686904234,0.0007222905044500608,0.0007648183556405354
2026,1,22080,NYC_CORE,454.0,1096.0,8.0,9.0,467992.0,193858.0,0.4142335766423358,137.0,0.0001389333043633932,0.0002542206189622603,0.00024871755013213117
2026,2,19393,CITY_31703,108379.0,165499.0,1033.0,1105.0,164098804.0,111201361.0,0.6776488206458836,160.21200387221685,0.033749249914598475,0.03990851129502093,0.03293374992029586
2026,2,19393,LGA,84381.0,133098.0,832.0,891.0,140781155.0,92389658.0,0.6562643842494402,159.97355769230768,0.08244309266384368,0.09652266612518402,0.07147152306502878
2026,2,19393,NYC_CORE,84381.0,133098.0,832.0,891.0,140781155.0,92389658.0,0.6562643842494402,159.97355769230768,0.027632045588732754,0.03375698007699548,0.027992732655945093
2026,2,19554,CITY_31703,251.0,267.0,1.0,0.0,5607.0,5271.0,0.9400749063670412,267.0,7.816146789105102e-05,6.438451299265004e-05,3.188165529554294e-05
2026,2,19554,JFK,251.0,267.0,1.0,0.0,5607.0,5271.0,0.9400749063670412,267.0,0.0002758702552514266,0.00022503672649946523,0.00011719207781553967
2026,2,19554,NYC_CORE,251.0,267.0,1.0,0.0,5607.0,5271.0,0.9400749063670412,267.0,8.219437364776338e-05,6.77178746529459e-05,3.364511136531862e-05
2026,2,19790,CITY_31703,630321.0,781870.0,4520.0,4884.0,1035950139.0,841593927.0,0.8123884493247797,172.98008849557522,0.19628212989065802,0.18854052124930068,0.1441050819358541
2026,2,19790,EWR,51776.0,64848.0,434.0,469.0,58201926.0,46895802.0,0.8057431295314866,149.41935483870967,0.046212768312264646,0.047079117135875176,0.045454545454545456
2026,2,19790,JFK,304666.0,378070.0,2022.0,2187.0,649275279.0,525340192.0,0.8091178102593368,186.9782393669634,0.3348537338104826,0.31865031905487945,0.23696238134302122
2026,2,19790,LGA,269229.0,333122.0,2011.0,2172.0,323919704.0,265726283.0,0.8203461528231083,165.64992541024367,0.2630458443819577,0.24158006570311763,0.17275148183145778
2026,2,19790,NYC_CORE,625671.0,776040.0,4467.0,4828.0,1031396909.0,837962277.0,0.8124537408323763,173.7273337810611,0.2048869958349393,0.1968231439912814,0.15029271246887826
2026,2,19805,CITY_31703,334566.0,430345.0,2658.0,2892.0,551541061.0,438004523.0,0.7941467172105977,161.905568096313,0.10418394289417279,0.10377360765476397,0.08474143977555315
2026,2,19805,EWR,61319.0,75802.0,451.0,489.0,86665380.0,72480537.0,0.8363263046905235,168.07538802660753,0.05473039130368811,0.05503163146332362,0.04723502304147465
2026,2,19805,JFK,118993.0,152683.0,1027.0,1119.0,255461743.0,205044768.0,0.8026437367570924,148.66893865628043,0.13078338359813946,0.12868645135624662,0.12035626391655924
2026,2,19805,LGA,154254.0,201860.0,1180.0,1284.0,209413938.0,160479218.0,0.7663253913882274,171.0677966101695,0.15071137834072296,0.1463888667300008,0.1013658620393437
2026,2,19805,NYC_CORE,334566.0,430345.0,2658.0,2892.0,551541061.0,438004523.0,0.7941467172105977,161.905568096313,0.10955953312285897,0.10914625006562546,0.0894287060090169
2026,2,19930,CITY_31703,54726.0,66394.0,361.0,403.0,181525810.0,146508972.0,0.8070971946083039,183.9168975069252,0.01704169120241298,0.016010282230838977,0.011509277561691003
2026,2,19930,EWR,18760.0,21451.0,121.0,135.0,52284568.0,45707203.0,0.8742006436774996,177.28099173553719,0.016744274056282538,0.015573250396028535,0.012672811059907835
2026,2,19930,JFK,35966.0,44943.0,240.0,268.0,129241242.0,100801769.0,0.7799504820605175,187.2625,0.0395296796827602,0.037879496625713355,0.02812609867572952
2026,2,19930,NYC_CORE,54726.0,66394.0,361.0,403.0,181525810.0,146508972.0,0.8070971946083039,183.9168975069252,0.017920993196205173,0.01683917816369921,0.012145885202880022
2026,2,19977,CITY_31703,750498.0,918310.0,5314.0,5669.0,1243359124.0,1037920016.0,0.8347709008326705,172.80955965374483,0.23370528019640638,0.22144173081003915,0.1694191162405152
2026,2,19977,EWR,688799.0,839595.0,4839.0,5167.0,1153230233.0,965293715.0,0.8370346938346351,173.5058896466212,0.614788871305616,0.609539096837144,0.5068077084206116
2026,2,19977,LGA,61699.0,78715.0,475.0,502.0,90128891.0,72626301.0,0.8058048889118141,165.7157894736842,0.06028201104829869,0.05708411594497183,0.04080405463448157
2026,2,19977,NYC_CORE,750498.0,918310.0,5314.0,5669.0,1243359124.0,1037920016.0,0.8347709008326705,172.80955965374483,0.24576379694780526,0.23290637255635485,0.17879012179530315
2026,2,20207,CITY_31703,1375.0,2128.0,12.0,12.0,1208664.0,776543.0,0.6424804577616278,177.33333333333334,0.00042817537191312805,0.0005131469799564017,0.00038257986354651535
2026,2,20253,CITY_31703,367.0,828.0,92.0,93.0,161568.0,73447.0,0.454588779956427,9.0,0.0001142838992669949,0.00019966433242664505,0.002933112287189951
2026,2,20253,JFK,80.0,171.0,19.0,19.0,44289.0,20720.0,0.4678362573099415,9.0,8.792677458212801e-05,0.00014412464506145526,0.0022266494784952537
2026,2,20253,NYC_CORE,80.0,171.0,19.0,19.0,44289.0,20720.0,0.4678362573099415,9.0,2.6197409927573985e-05,4.336987477772939e-05,0.0006392571159410538
2026,2,20304,CITY_31703,2732.0,3828.0,52.0,52.0,3169196.0,2267509.0,0.7154839902612524,73.61538461538461,0.0008507455389575752,0.0009230858267260837,0.001657846075368233
2026,2,20304,EWR,206.0,328.0,5.0,5.0,294224.0,207648.0,0.7057480015226494,65.6,0.0001838656959271963,0.0002381253148989492,0.0005236698785085882
2026,2,20304,LGA,1807.0,2566.0,34.0,34.0,2403302.0,1696766.0,0.706014475084696,75.47058823529412,0.0017655001533943132,0.0018608631330089271,0.0029207112790997337
2026,2,20304,NYC_CORE,2013.0,2894.0,39.0,39.0,2697526.0,1904414.0,0.705985410335248,74.2051282051282,0.0006591923273025804,0.0007339907462382974,0.0013121593432474262
2026,2,20363,CITY_31703,205981.0,298119.0,3984.0,4351.0,167743516.0,115623108.0,0.6892851107282144,74.82906626506023,0.06414253911420947,0.07188856415301811,0.1270165146974431
2026,2,20363,EWR,6855.0,9947.0,134.0,144.0,4901422.0,3355356.0,0.6845678662233123,74.23134328358209,0.00611844342515015,0.007221440571036121,0.014034352744030164
2026,2,20363,JFK,88597.0,127074.0,1673.0,1839.0,65011884.0,45922722.0,0.7063742684337528,75.9557680812911,0.09737560559565993,0.10710231079847582,0.19606234618539786
2026,2,20363,LGA,103908.0,151018.0,2044.0,2228.0,90277186.0,61355465.0,0.6796342212084457,73.88356164383562,0.10152163250630675,0.10951824965734301,0.17558628983764282
2026,2,20363,NYC_CORE,199360.0,288039.0,3851.0,4211.0,160190492.0,110633543.0,0.6906373881416134,74.79589716956635,0.06528394553951437,0.07305389100059881,0.129567323867842
2026,2,20368,CITY_31703,9453.0,11333.0,63.0,63.0,10238179.0,8634465.0,0.843359448980136,179.88888888888889,0.002943666756868945,0.0027328452649651794,0.0020085442836192055
2026,2,20368,EWR,2514.0,3144.0,18.0,18.0,2146152.0,1739442.0,0.8104933853706541,174.66666666666666,0.0022438755318493764,0.0022825182623240742,0.0018852115626309175
2026,2,20368,NYC_CORE,2514.0,3144.0,18.0,18.0,2146152.0,1739442.0,0.8104933853706541,174.66666666666666,0.0008232536069740125,0.0007973969959133404,0.0006056120045757351
2026,2,20378,CITY_31703,6727.0,8806.0,121.0,128.0,9499296.0,7287240.0,0.7671347434588837,72.77685950413223,0.0020947896195342634,0.002123483226266952,0.0038576802907606964
2026,2,20378,LGA,6727.0,8806.0,121.0,128.0,9499296.0,7287240.0,0.7671347434588837,72.77685950413223,0.006572506658485636,0.006386110970100005,0.010394296022678464
2026,2,20378,NYC_CORE,6727.0,8806.0,121.0,128.0,9499296.0,7287240.0,0.7671347434588837,72.77685950413223,0.0022028747072848774,0.0022334217385537136,0.0040710584752035525
2026,2,20397,CITY_31703,7853.0,12514.0,191.0,214.0,5060856.0,3358002.0,0.6635245104780694,65.51832460732984,0.002445426324097305,0.003017632193221058,0.006089396161448702
2026,2,20398,CITY_31703,9717.0,13361.0,191.0,202.0,10784559.0,7893929.0,0.7319658597073835,69.95287958115183,0.0030258764282762654,0.0032218781951115997,0.006089396161448702
2026,2,20398,EWR,3459.0,3945.0,59.0,62.0,2836455.0,2487021.0,0.8768060836501901,66.86440677966101,0.00308733709811734,0.002864037705110837,0.006179304566401341
2026,2,20398,NYC_CORE,3459.0,3945.0,59.0,62.0,2836455.0,2487021.0,0.8768060836501901,66.86440677966101,0.0011327105117434802,0.0010005506198721781,0.0019850615705537984
2026,2,20409,CITY_31703,445416.0,563159.0,3552.0,3887.0,684910028.0,563723061.0,0.8230614795437043,158.54701576576576,0.13870266287713298,0.13580044176939252,0.11324363960976853
2026,2,20409,EWR,48173.0,55118.0,339.0,371.0,69839102.0,60783854.0,0.8703412881797936,162.58997050147494,0.042996903737382665,0.04001521678841549,0.03550481776288228
2026,2,20409,JFK,285386.0,372765.0,2360.0,2587.0,472289966.0,384904349.0,0.8149746484345171,157.95127118644066,0.3136633811361898,0.31417908372124775,0.27657330364467364
2026,2,20409,LGA,42310.0,52230.0,332.0,363.0,53439810.0,43316357.0,0.8105634544733599,157.31927710843374,0.04133830187610039,0.037877194636420995,0.02851988660767975
2026,2,20409,NYC_CORE,375869.0,480113.0,3031.0,3321.0,595568878.0,489004560.0,0.8210713790857285,158.4008578027054,0.12308492840084133,0.12176865900093563,0.10197833254828073
2026,2,20416,CITY_31703,177579.0,214882.0,1060.0,1064.0,203175928.0,175081048.0,0.8617214141628038,202.7188679245283,0.055298148631971904,0.05181675251268399,0.03379455461327552
2026,2,20416,EWR,102685.0,123113.0,617.0,619.0,120594115.0,104423255.0,0.8659067235577789,199.53484602917342,0.0916516941081755,0.0893790301620559,0.06462086300795979
2026,2,20416,LGA,74894.0,91769.0,443.0,445.0,82581813.0,70657793.0,0.8556096122520342,207.15349887133183,0.07317397260006292,0.06655087640416844,0.038055149901211234
2026,2,20416,NYC_CORE,177579.0,214882.0,1060.0,1064.0,203175928.0,175081048.0,0.8617214141628038,202.7188679245283,0.05815137321910826,0.054499446970690334,0.035663818047237734
2026,2,20422,CITY_31703,411.0,558.0,3.0,4.0,562464.0,414288.0,0.7365591397849462,186.0,0.000127985511168215,0.00013455639793969558,9.564496588662884e-05
2026,2,20422,EWR,411.0,558.0,3.0,4.0,562464.0,414288.0,0.7365591397849462,186.0,0.00036683883993241596,0.00040510343205370014,0.0003142019271051529
2026,2,20422,NYC_CORE,411.0,558.0,3.0,4.0,562464.0,414288.0,0.7365591397849462,186.0,0.00013458919350291135,0.0001415227492746959,0.00010093533409595585
2026,2,20436,CITY_31703,72151.0,86866.0,410.0,410.0,81996022.0,68983487.0,0.8413028500333833,211.86829268292684,0.02246784091556662,0.020946910507938347,0.013071478671172608
2026,2,20436,EWR,13086.0,15968.0,78.0,78.0,15461344.0,12984084.0,0.8397771888394696,204.71794871794873,0.01167993445098685,0.011592637281422015,0.008169250104733976
2026,2,20436,JFK,26595.0,31642.0,148.0,148.0,31869586.0,27202756.0,0.853564774892275,213.7972972972973,0.029230157125146178,0.026668959175640744,0.01734442751669987
2026,2,20436,LGA,22409.0,27002.0,123.0,123.0,22302490.0,18639624.0,0.8357642577129281,219.52845528455285,0.02189435137654298,0.019581849695053413,0.01056610256850786
2026,2,20436,NYC_CORE,62090.0,74612.0,349.0,349.0,69633420.0,58826464.0,0.8448021653970177,213.78796561604585,0.02033246478003836,0.018923468403017226,0.011742143866496198
2026,2,20445,CITY_31703,40.0,50.0,1.0,1.0,33450.0,26760.0,0.8,50.0,1.2456010819290998e-05,1.2057024904990644e-05,3.188165529554294e-05
2026,2,20445,EWR,40.0,50.0,1.0,1.0,33450.0,26760.0,0.8,50.0,3.5702076879067245e-05,3.6299590685815425e-05,0.00010473397570171764
2026,2,20445,NYC_CORE,40.0,50.0,1.0,1.0,33450.0,26760.0,0.8,50.0,1.3098704963786993e-05,1.2681249935008593e-05,3.364511136531862e-05
2026,2,20452,CITY_31703,340651.0,496315.0,6655.0,7303.0,251084492.0,172304434.0,0.686240845173345,74.57776108189331,0.10607881354005744,0.11968164631440863,0.2121724159918383
2026,2,20452,EWR,89449.0,118713.0,1566.0,1728.0,65625676.0,50122718.0,0.763766882949899,75.80651340996168,0.07983787686889215,0.08618466618170413,0.16401340594888983
2026,2,20452,JFK,49314.0,78858.0,1043.0,1151.0,31942463.0,20010259.0,0.6264469649694828,75.60690316395015,0.05420026202178826,0.06646421789623531,0.12223133716160788
2026,2,20452,LGA,201888.0,298744.0,4046.0,4424.0,153516353.0,102171457.0,0.6655411948198118,73.83687592684133,0.19725140839428396,0.21664914100063093,0.3475646422128683
2026,2,20452,NYC_CORE,340651.0,496315.0,6655.0,7303.0,251084492.0,172304434.0,0.686240845173345,74.57776108189331,0.11155217361547508,0.1258778912298758,0.2239082161361954
2026,2,20500,CITY_31703,32407.0,43750.0,875.0,958.0,14485800.0,10856211.0,0.7494381394192934,50.0,0.010091548565519083,0.010549896791866813,0.027896448383600076
2026,2,20500,EWR,32407.0,43750.0,875.0,958.0,14485800.0,10856211.0,0.7494381394192934,50.0,0.02892493013549831,0.0317621418500885,0.09164222873900293
2026,2,20500,NYC_CORE,32407.0,43750.0,875.0,958.0,14485800.0,10856211.0,0.7494381394192934,50.0,0.010612243294036127,0.01109609369313252,0.02943947244465379
2026,2,21080,CITY_31703,40.0,112.0,14.0,14.0,21392.0,7640.0,0.35714285714285715,8.0,1.2456010819290998e-05,2.7007735787179043e-05,0.00044634317413760124
2026,2,22080,CITY_31703,19660.0,27666.0,203.0,212.0,21929521.0,16058122.0,0.7322604994427375,136.28571428571428,0.006122129317681526,0.006671393020429423,0.006471976024995218
2026,2,22080,EWR,444.0,1096.0,8.0,8.0,467992.0,189588.0,0.4051094890510949,137.0,0.00039629305335764646,0.0007956870278330742,0.0008378718056137411
2026,2,22080,NYC_CORE,444.0,1096.0,8.0,8.0,467992.0,189588.0,0.4051094890510949,137.0,0.00014539562509803563,0.00027797299857538837,0.00026916089092254896
2026,3,19393,CITY_31703,135793.0,175641.0,1089.0,1169.0,181983650.0,143692156.0,0.7895882734520382,161.28650137741047,0.03361356810576294,0.035809409559940664,0.029586763387399136
2026,3,19393,LGA,111912.0,144861.0,899.0,974.0,162051011.0,127185835.0,0.7848506110214888,161.1357063403782,0.09023160186249017,0.094683610161914,0.06962515489467162
2026,3,19393,NYC_CORE,111912.0,144861.0,899.0,974.0,162051011.0,127185835.0,0.7848506110214888,161.1357063403782,0.02900849035940491,0.0309534233895239,0.025696727168786623
2026,3,19534,CITY_31703,0.0,166.0,1.0,0.0,13280.0,0.0,0.0,166.0,0.0,3.3843817713120226e-05,2.7168745075664954e-05
2026,3,19534,EWR,0.0,166.0,1.0,0.0,13280.0,0.0,0.0,166.0,0.0,9.661099118803002e-05,8.481764206955047e-05
2026,3,19534,NYC_CORE,0.0,166.0,1.0,0.0,13280.0,0.0,0.0,166.0,0.0,3.547033558142611e-05,2.8583678719451193e-05
2026,3,19790,CITY_31703,767751.0,903025.0,5201.0,5505.0,1230373323.0,1043977124.0,0.8485043559417291,173.6252643722361,0.19004551432524214,0.18410731018307466,0.14130464313853344
2026,3,19790,EWR,68606.0,79472.0,527.0,549.0,71228524.0,61650053.0,0.8655247861095647,150.80075901328274,0.04678194293102108,0.04625222103430796,0.04469889737065309
2026,3,19790,JFK,384018.0,460521.0,2468.0,2538.0,805556595.0,674683764.0,0.8375373849431399,186.59683954619126,0.33360263533728773,0.32164049426311714,0.2400077798307887
2026,3,19790,LGA,309848.0,356875.0,2150.0,2357.0,348779587.0,303520408.0,0.8702355852035573,165.98837209302326,0.2498220152788696,0.23325956176288346,0.16651177199504338
2026,3,19790,NYC_CORE,762472.0,896868.0,5145.0,5444.0,1225564706.0,1039854225.0,0.848469460575344,174.31836734693877,0.1976388739484254,0.19163981284483417,0.1470630270115764
2026,3,19805,CITY_31703,421755.0,508165.0,3101.0,3209.0,655977517.0,550615497.0,0.8393816597833185,163.87133182844244,0.10439927254310642,0.1036038772782394,0.08425027847963702
2026,3,19805,EWR,78342.0,92370.0,543.0,554.0,106477956.0,92111792.0,0.8650785144673514,170.11049723756906,0.05342085201151581,0.053758778650833325,0.046055979643765906
2026,3,19805,JFK,149458.0,181117.0,1195.0,1220.0,307443321.0,258172651.0,0.8397406395437681,151.56234309623431,0.12983657711940677,0.12649707917652614,0.11621122240591267
2026,3,19805,LGA,193955.0,234678.0,1363.0,1435.0,242056240.0,200331054.0,0.8276219361252575,172.1775495231108,0.1563806413900143,0.15338952696431513,0.10556071871127633
2026,3,19805,NYC_CORE,421755.0,508165.0,3101.0,3209.0,655977517.0,550615497.0,0.8393816597833185,163.87133182844244,0.10932228761465096,0.10858303060683974,0.08863798770901815
2026,3,19930,CITY_31703,92313.0,109908.0,609.0,620.0,291770372.0,242904923.0,0.8325208667862959,180.4729064039409,0.022850730984272347,0.02240786938080493,0.01654576575107996
2026,3,19930,EWR,39809.0,45927.0,262.0,264.0,112410606.0,97417655.0,0.8666233415733031,175.293893129771,0.027145473663251294,0.026729234893329245,0.022222222222222223
2026,3,19930,JFK,52504.0,63981.0,347.0,356.0,179359766.0,145487268.0,0.8111477353287805,184.38328530259366,0.045611072308456777,0.04468608481143856,0.033745016045901
2026,3,19930,NYC_CORE,92313.0,109908.0,609.0,620.0,291770372.0,242904923.0,0.8325208667862959,180.4729064039409,0.023928271950709,0.023484780982430006,0.017407460340145776
2026,3,19977,CITY_31703,966010.0,1132561.0,6463.0,6552.0,1557132630.0,1337136371.0,0.8587170708766151,175.23766052916602,0.23912162575278595,0.2309047471866817,0.1755915994240226
2026,3,19977,EWR,886458.0,1038771.0,5897.0,5951.0,1450020810.0,1245656605.0,0.8590611916804146,176.1524503985077,0.6044693986932205,0.6045584092010912,0.500169635284139
2026,3,19977,LGA,79378.0,93533.0,565.0,601.0,107097428.0,91470022.0,0.8540823408009387,165.54513274336284,0.06400032250912097,0.06113475752117065,0.04375774473358116
2026,3,19977,NYC_CORE,965836.0,1132304.0,6462.0,6552.0,1557118238.0,1337126627.0,0.8587187500400981,175.22500773754257,0.25035245813466117,0.24194700518187415,0.18470773188509362
2026,3,20207,CITY_31703,2329.0,3272.0,18.0,18.0,1822504.0,1297253.0,0.71179706601467,181.77777777777777,0.0005765098356934591,0.0006670901901043939,0.0004890374113619692
2026,3,20253,CITY_31703,583.0,1242.0,138.0,139.0,240849.0,113016.0,0.4692400632761606,9.0,0.00014431311043764994,0.00025321699758852606,0.0037492868204417637
2026,3,20253,JFK,192.0,450.0,50.0,50.0,99837.0,42287.0,0.42356040345763596,9.0,0.00016679349922336776,0.0003142923393686775,0.004862394242925216
2026,3,20253,NYC_CORE,192.0,450.0,50.0,50.0,99837.0,42287.0,0.42356040345763596,9.0,4.976794400069468e-05,9.615452416651656e-05,0.0014291839359725598
2026,3,20304,CITY_31703,2707.0,3334.0,45.0,45.0,2430962.0,1996439.0,0.82125471315471,74.08888888888889,0.0006700781988931704,0.0006797306521418244,0.001222593528404923
2026,3,20304,EWR,284.0,354.0,5.0,5.0,342382.0,286272.0,0.8361187211944553,70.8,0.00019365757794376565,0.0002060258486780881,0.00042408821034775233
2026,3,20304,LGA,2134.0,2560.0,34.0,34.0,1876480.0,1564222.0,0.83359375,75.29411764705883,0.0017205861603273467,0.0016732594833288451,0.0026332094175960346
2026,3,20304,NYC_CORE,2418.0,2914.0,39.0,39.0,2218862.0,1850494.0,0.8339833662481038,74.71794871794872,0.0006267650447587486,0.0006226539631582872,0.0011147634700585966
2026,3,20363,CITY_31703,260808.0,341770.0,4577.0,4989.0,189376063.0,145358221.0,0.7675638552059243,74.67118199694123,0.06455920018357222,0.06967952758923554,0.1243513462113185
2026,3,20363,EWR,9895.0,12607.0,169.0,175.0,6608768.0,5230523.0,0.7914520527880536,74.59763313609467,0.006747330048428033,0.007337197384984906,0.014334181509754029
2026,3,20363,JFK,116878.0,150905.0,1986.0,2062.0,76855884.0,60149947.0,0.7826329471403907,75.98439073514602,0.10153380521994156,0.10539618993873395,0.1931342993289896
2026,3,20363,LGA,124531.0,166199.0,2263.0,2584.0,97122574.0,73098992.0,0.7526467739621481,73.4418912947415,0.10040595835600975,0.1086304894022542,0.17526332094175961
2026,3,20363,NYC_CORE,251304.0,329711.0,4418.0,4821.0,180587226.0,138479462.0,0.7668286681584001,74.62901765504753,0.06514001770390924,0.0704515651499252,0.12628269258253538
2026,3,20368,CITY_31703,11956.0,13314.0,75.0,75.0,11807478.0,10595785.0,0.8973791863088798,177.52,0.0029595326730575346,0.002714437283328209,0.0020376558806748718
2026,3,20368,EWR,4134.0,4641.0,27.0,27.0,3352083.0,3007806.0,0.8972946075619249,171.88888888888889,0.002818945166265941,0.0027010337958051044,0.0022900763358778627
2026,3,20368,NYC_CORE,4134.0,4641.0,27.0,27.0,3352083.0,3007806.0,0.8972946075619249,171.88888888888889,0.0010715660442649573,0.0009916736592373407,0.0007717593254251823
2026,3,20378,CITY_31703,6811.0,8092.0,112.0,133.0,9262352.0,7899476.0,0.8528585396020363,72.25,0.0016859632850614642,0.0016497841743046318,0.003042899448474475
2026,3,20378,LGA,6811.0,8092.0,112.0,133.0,9262352.0,7899476.0,0.8528585396020363,72.25,0.005491524057164742,0.005289068648084772,0.008674101610904586
2026,3,20378,NYC_CORE,6811.0,8092.0,112.0,133.0,9262352.0,7899476.0,0.8528585396020363,72.25,0.0017654659718163096,0.0017290720212343378,0.0032013720165785338
2026,3,20397,CITY_31703,10148.0,14508.0,220.0,234.0,5780470.0,4251836.0,0.7355519533878733,65.94545454545455,0.0025119887559541536,0.0029578681167587244,0.00597712391664629
2026,3,20397,JFK,68.0,76.0,1.0,1.0,29032.0,25976.0,0.8947368421052632,76.0,5.907269764160942e-05,5.308048398226553e-05,9.724788485850433e-05
2026,3,20397,NYC_CORE,68.0,76.0,1.0,1.0,29032.0,25976.0,0.8947368421052632,76.0,1.7626146833579363e-05,1.6239430748122797e-05,2.8583678719451193e-05
2026,3,20398,CITY_31703,10905.0,14002.0,199.0,211.0,11123259.0,8766886.0,0.7881580389344526,70.36180904522612,0.002699373017705956,0.0028547056362596955,0.005406580270057326
2026,3,20398,EWR,3196.0,3468.0,52.0,56.0,2493492.0,2297924.0,0.9215686274509803,66.6923076923077,0.0021793296447474475,0.00201835492433788,0.004410517387616625
2026,3,20398,NYC_CORE,3196.0,3468.0,52.0,56.0,2493492.0,2297924.0,0.9215686274509803,66.6923076923077,0.0008284289011782301,0.0007410308662432877,0.0014863512934114621
2026,3,20409,CITY_31703,541389.0,672848.0,4245.0,4323.0,819427988.0,679020810.0,0.8286522061045345,158.50365135453475,0.13401291688975792,0.13717918711227423,0.11533132284619774
2026,3,20409,EWR,59737.0,67817.0,417.0,423.0,84920689.0,74331995.0,0.8753107855731128,162.6306954436451,0.0407342349775589,0.03946908186384718,0.03536895674300254
2026,3,20409,JFK,348363.0,447023.0,2835.0,2861.0,567095075.0,463705649.0,0.8176859039024453,157.68007054673723,0.30262856130182325,0.31221312093689846,0.2756977535738598
2026,3,20409,LGA,48181.0,58588.0,368.0,397.0,60423946.0,49724091.0,0.8229202872649197,159.20652173913044,0.038847029892564146,0.03829411195674624,0.028500619578686492
2026,3,20409,NYC_CORE,456281.0,573428.0,3620.0,3681.0,712439710.0,587761735.0,0.8249985602290473,158.40552486187846,0.1182717044613592,0.12252821440834946,0.10347291696441333
2026,3,20416,CITY_31703,210383.0,239183.0,1191.0,1203.0,227894929.0,204811740.0,0.8987112653129724,200.8253568429891,0.052077230039801206,0.048764252120947205,0.03235797538511696
2026,3,20416,EWR,131278.0,149163.0,760.0,767.0,146353785.0,131569477.0,0.8989824007626451,196.2671052631579,0.08951753351162559,0.0868119595095188,0.06446140797285835
2026,3,20416,LGA,79105.0,90020.0,431.0,436.0,81541144.0,73242263.0,0.8982246189727238,208.86310904872389,0.06378021003406503,0.05883860105049322,0.03337980173482032
2026,3,20416,NYC_CORE,210383.0,239183.0,1191.0,1203.0,227894929.0,204811740.0,0.8987112653129724,200.8253568429891,0.054532965430719525,0.051107839008266515,0.034043161354866375
2026,3,20422,CITY_31703,392.0,558.0,3.0,3.0,562464.0,395136.0,0.7025089605734767,186.0,9.703385813303392e-05,0.00011376415833687402,8.150623522699487e-05
2026,3,20422,EWR,392.0,558.0,3.0,3.0,562464.0,395136.0,0.7025089605734767,186.0,0.0002673020089928033,0.00032475260893325753,0.0002544529262086514
2026,3,20422,NYC_CORE,392.0,558.0,3.0,3.0,562464.0,395136.0,0.7025089605734767,186.0,0.00010160955233475163,0.00011923160996648053,8.575103615835359e-05
2026,3,20436,CITY_31703,86360.0,101446.0,469.0,469.0,90047238.0,76957236.0,0.8546318322389855,216.30277185501066,0.021377153031553082,0.02068265019111563,0.012742141440486864
2026,3,20436,EWR,16648.0,19902.0,93.0,93.0,16821714.0,14262648.0,0.847871269241648,214.0,0.011352152667633135,0.01158284305195285,0.007888040712468193
2026,3,20436,JFK,29354.0,33516.0,154.0,154.0,29330314.0,25697208.0,0.8761313636124045,217.63636363636363,0.025500293626055926,0.0234084934361791,0.014976174268209666
2026,3,20436,LGA,34469.0,40666.0,183.0,183.0,36507326.0,31095417.0,0.8517582744898928,222.21857923497268,0.027791417226018425,0.026579988339472976,0.014172862453531599
2026,3,20436,NYC_CORE,80471.0,94084.0,430.0,430.0,82659354.0,71055273.0,0.8596156340636294,218.8,0.020858730321249488,0.02010356055929454,0.012290981849364013
2026,3,20452,CITY_31703,444140.0,575920.0,7739.0,8378.0,295079934.0,230586012.0,0.7814357583528536,74.41788344747384,0.10994035140613695,0.11741765962253134,0.2102589181405711
2026,3,20452,EWR,123900.0,147845.0,1948.0,1986.0,82707699.0,69917279.0,0.8453539373644042,75.89579055441479,0.08448652784236818,0.08604489151924276,0.16522476675148431
2026,3,20452,JFK,70289.0,94199.0,1247.0,1275.0,37339238.0,28146359.0,0.7538011086353718,75.54049719326383,0.06106118889016301,0.06579116461375567,0.1212681124185549
2026,3,20452,LGA,249951.0,333876.0,4544.0,5117.0,175032997.0,132522374.0,0.7571279488518385,73.47623239436619,0.2015286932333555,0.21822702470933653,0.35192069392812886
2026,3,20452,NYC_CORE,444140.0,575920.0,7739.0,8378.0,295079934.0,230586012.0,0.7814357583528536,74.41788344747384,0.11512465962744028,0.1230606967955116,0.2212090896098328
2026,3,20500,CITY_31703,43097.0,53800.0,1076.0,1104.0,16991450.0,13681580.0,0.8052037936727001,50.0,0.010668031081528986,0.010968658993770291,0.029233569701415493
2026,3,20500,EWR,43097.0,53800.0,1076.0,1104.0,16991450.0,13681580.0,0.8052037936727001,50.0,0.029387537452966437,0.031311273047686834,0.0912637828668363
2026,3,20500,NYC_CORE,43097.0,53800.0,1076.0,1104.0,16991450.0,13681580.0,0.8052037936727001,50.0,0.011171088971864264,0.01149580755590798,0.030756038302129484
2026,3,22080,CITY_31703,24197.0,32129.0,236.0,235.0,25087048.0,19483454.0,0.776633982603294,136.13983050847457,0.005989612921543422,0.006550409754848433,0.006411823837856929
2026,3,22080,EWR,730.0,1370.0,10.0,9.0,548274.0,297506.0,0.5426228491593619,137.0,0.0004977818024610878,0.0007973316742626574,0.0008481764206955047
2026,3,22080,NYC_CORE,730.0,1370.0,10.0,9.0,548274.0,297506.0,0.5426228491593619,137.0,0.0001892218704193079,0.0002927371069069504,0.0002858367871945119
2026,4,19393,CITY_31703,137610.0,193486.0,1166.0,1171.0,197344099.0,142371196.0,0.7214362969120247,165.93996569468268,0.035681707038171986,0.0383414830567923,0.03093740879301653
2026,4,19393,LGA,113099.0,158515.0,959.0,964.0,176058208.0,126499164.0,0.7185076199344254,165.2919708029197,0.08945971706433484,0.09503508171344328,0.0686078122764344
2026,4,19393,NYC_CORE,113099.0,158515.0,959.0,964.0,176058208.0,126499164.0,0.7185076199344254,165.2919708029197,0.030729474173564104,0.032969044268972826,0.026777237951639023
2026,4,19790,CITY_31703,760634.0,961661.0,5549.0,5593.0,1299987557.0,1034446595.0,0.7957357664154935,173.3034781041629,0.19722926786769066,0.19056422137972745,0.14723128764360954
2026,4,19790,EWR,67665.0,81242.0,531.0,538.0,72779830.0,59984616.0,0.8241928567296736,152.99811676082862,0.05080027417808512,0.048464204542065105,0.04625032662660047
2026,4,19790,JFK,369062.0,477153.0,2557.0,2569.0,841298222.0,664661162.0,0.7900422758768174,186.60657019945248,0.3403855394573377,0.32599053632501696,0.24693384838242394
2026,4,19790,LGA,318387.0,396668.0,2401.0,2426.0,380756467.0,305489697.0,0.8023230686190814,165.20949604331528,0.25183963551368604,0.23781582684987618,0.17176992416654743
2026,4,19790,NYC_CORE,755114.0,955063.0,5489.0,5533.0,1294834519.0,1030135475.0,0.7955730712180681,173.99580980142102,0.2051676510057267,0.19864059758797586,0.1532640866700173
2026,4,19805,CITY_31703,414358.0,548545.0,3272.0,3289.0,699543172.0,540228079.0,0.7722583832181268,167.6482273838631,0.10744132523016399,0.10870052005513646,0.08681578179309613
2026,4,19805,EWR,76540.0,96296.0,551.0,552.0,109095364.0,91045415.0,0.8345488906384693,174.76588021778585,0.057463282133904316,0.057444536576926976,0.04799233516244229
2026,4,19805,JFK,149260.0,199905.0,1273.0,1275.0,334178448.0,257717586.0,0.7711975070277423,157.0345640219953,0.13766235922257566,0.13657493123600295,0.12293577981651377
2026,4,19805,LGA,188558.0,252344.0,1448.0,1462.0,256269360.0,191465078.0,0.7471243460396514,174.2707182320442,0.1491467239340476,0.15128872762765122,0.10359135784804693
2026,4,19805,NYC_CORE,414358.0,548545.0,3272.0,3289.0,699543172.0,540228079.0,0.7722583832181268,167.6482273838631,0.11258281204616906,0.11409017688246348,0.0913609203104931
2026,4,19930,CITY_31703,89886.0,109945.0,608.0,619.0,291521375.0,234978796.0,0.8060431109039603,180.83059210526315,0.02330707011723804,0.021786870133648068,0.01613202791265356
2026,4,19930,EWR,40434.0,46485.0,263.0,270.0,113779915.0,98942723.0,0.8695974416925869,176.7490494296578,0.030356288865982323,0.027730220183376782,0.022907412246320008
2026,4,19930,JFK,49452.0,63460.0,345.0,349.0,177741460.0,136036073.0,0.7653592639556354,183.94202898550725,0.04560953362102916,0.043355819695539116,0.03331723804925157
2026,4,19930,NYC_CORE,89886.0,109945.0,608.0,619.0,291521375.0,234978796.0,0.8060431109039603,180.83059210526315,0.024422404402912344,0.022867120286106785,0.016976601329089184
2026,4,19977,CITY_31703,888811.0,1144292.0,6565.0,6588.0,1526933716.0,1214013096.0,0.7950660092700448,174.3019040365575,0.23046503680186528,0.2267546609575007,0.1741887553397543
2026,4,19977,EWR,786629.0,1011976.0,5767.0,5778.0,1380007181.0,1099232309.0,0.7965410065500231,175.47702444945378,0.5905707363693626,0.6036854318660407,0.5023081613099905
2026,4,19977,LGA,102058.0,132190.0,797.0,810.0,146919479.0,114773843.0,0.7812023550668866,165.8594730238394,0.08072644147297399,0.0792523575163238,0.0570181714122192
2026,4,19977,NYC_CORE,888687.0,1144166.0,6564.0,6588.0,1526926660.0,1214006152.0,0.795065135610377,174.30926264472882,0.24145999712536947,0.2379715453115072,0.18328028145417993
2026,4,20206,CITY_31703,46.0,76.0,1.0,0.0,1292.0,782.0,0.6052631578947368,76.0,1.1927610811393877e-05,1.50602767761813e-05,2.6532940645811774e-05
2026,4,20206,EWR,46.0,76.0,1.0,0.0,1292.0,782.0,0.6052631578947368,76.0,3.45350271512882e-05,4.5337135289590955e-05,8.710042679209128e-05
2026,4,20206,NYC_CORE,46.0,76.0,1.0,0.0,1292.0,782.0,0.6052631578947368,76.0,1.2498393548872659e-05,1.580700479097836e-05,2.7922041659686156e-05
2026,4,20207,CITY_31703,2656.0,3128.0,17.0,17.0,1742296.0,1479392.0,0.8491048593350383,184.0,0.0006886898764143942,0.0006198492862617777,0.0004510599909788002
2026,4,20253,CITY_31703,793.0,1512.0,168.0,169.0,290979.0,151164.0,0.5195014073180538,9.0,0.00020562163855294225,0.0002996202432313964,0.004457534028496378
2026,4,20253,JFK,370.0,675.0,75.0,75.0,142740.0,74931.0,0.52494745691467,9.0,0.0003412506559852137,0.00046115944365724716,0.007242877836793819
2026,4,20253,NYC_CORE,370.0,675.0,75.0,75.0,142740.0,74931.0,0.52494745691467,9.0,0.00010053055680614965,0.00014039116097250517,0.0020941531244764618
2026,4,20304,CITY_31703,129.0,152.0,2.0,2.0,153216.0,130032.0,0.8486842105263158,76.0,3.3449169449343694e-05,3.01205535523626e-05,5.306588129162355e-05
2026,4,20304,EWR,129.0,152.0,2.0,2.0,153216.0,130032.0,0.8486842105263158,76.0,9.684822831556907e-05,9.067427057918191e-05,0.00017420085358418256
2026,4,20304,NYC_CORE,129.0,152.0,2.0,2.0,153216.0,130032.0,0.8486842105263158,76.0,3.504984277836028e-05,3.161400958195672e-05,5.584408331937231e-05
2026,4,20363,CITY_31703,266863.0,361599.0,4860.0,4907.0,201771379.0,149705930.0,0.7419582040919689,74.40308641975308,0.06919647834697834,0.07165501344724187,0.12895009153864523
2026,4,20363,EWR,9463.0,11827.0,159.0,160.0,6709710.0,5432743.0,0.8096837270165178,74.38364779874213,0.00710445569418783,0.007055293408815687,0.013848967859942513
2026,4,20363,JFK,112373.0,151789.0,1998.0,2008.0,75591197.0,56790907.0,0.7512899550988722,75.97047047047047,0.10364151341899032,0.1037021196937628,0.19295026557218736
2026,4,20363,LGA,135088.0,185329.0,2536.0,2571.0,110207426.0,80209389.0,0.7278038505318144,73.07925867507886,0.10685270655608683,0.11111097788140384,0.18142795822006008
2026,4,20363,NYC_CORE,256924.0,348945.0,4693.0,4739.0,192508333.0,142433039.0,0.7398798627589799,74.35435755380354,0.06980733182935997,0.07257599061563084,0.13103814150890714
2026,4,20368,CITY_31703,11085.0,12784.0,72.0,72.0,11331398.0,9688918.0,0.855050541866061,177.55555555555554,0.0028742949096587198,0.0025332970829829177,0.0019103717264984479
2026,4,20368,EWR,4138.0,4461.0,26.0,26.0,3238503.0,3002998.0,0.9272796721201123,171.57692307692307,0.0031066509206963164,0.002661170533248227,0.0022646110965943733
2026,4,20368,NYC_CORE,4138.0,4461.0,26.0,26.0,3238503.0,3002998.0,0.9272796721201123,171.57692307692307,0.0011243120109833708,0.0009278295838494008,0.0007259730831518401
2026,4,20378,CITY_31703,5194.0,6774.0,93.0,96.0,1544472.0,1184232.0,0.7667552406259226,72.83870967741936,0.0013467828381386912,0.0013423462484454228,0.002467563480060495
2026,4,20378,LGA,5194.0,6774.0,93.0,96.0,1544472.0,1184232.0,0.7667552406259226,72.83870967741936,0.004108380891362038,0.004061241166620603,0.00665331234797539
2026,4,20378,NYC_CORE,5194.0,6774.0,93.0,96.0,1544472.0,1184232.0,0.7667552406259226,72.83870967741936,0.0014112316541922737,0.0014089032954485185,0.0025967498743508124
2026,4,20397,CITY_31703,10179.0,14757.0,224.0,228.0,5878163.0,4235647.0,0.7205732471181898,65.87946428571429,0.0026393728358517013,0.0029242697945540456,0.005943378704661838
2026,4,20398,CITY_31703,11180.0,14135.0,198.0,203.0,11230865.0,8788692.0,0.7825480940248146,71.38888888888889,0.0028989280189431203,0.002801013318833193,0.005253522247870732
2026,4,20398,EWR,3612.0,3775.0,53.0,53.0,2714225.0,2597028.0,0.9568211920529801,71.22641509433963,0.0027117503928359337,0.0022519432331342872,0.004616322619980838
2026,4,20398,NYC_CORE,3612.0,3775.0,53.0,53.0,2714225.0,2597028.0,0.9568211920529801,71.22641509433963,0.0009813955977940878,0.0007851505669203067,0.0014798682079633662
2026,4,20409,CITY_31703,499743.0,696133.0,4372.0,4359.0,832435596.0,629982298.0,0.7567940403163634,159.22529734675206,0.12958130455909586,0.13794678490833442,0.11600201650348908
2026,4,20409,EWR,58575.0,73318.0,465.0,465.0,91808666.0,73402107.0,0.799511747616505,157.6731182795699,0.04397585250840665,0.043737211646871436,0.040501698458322445
2026,4,20409,JFK,325443.0,464625.0,2918.0,2902.0,572812592.0,434082324.0,0.7578086272237535,159.2272104180946,0.3001557763129619,0.31743141705073846,0.28179623370352486
2026,4,20409,LGA,43146.0,61060.0,380.0,380.0,63138980.0,44507938.0,0.7049201301636485,160.68421052631578,0.034127878694398636,0.03660752666575937,0.02718557733581342
2026,4,20409,NYC_CORE,427164.0,599003.0,3763.0,3747.0,727760238.0,551992369.0,0.7584810768405844,159.18230135530163,0.11606225612849218,0.12458478014224224,0.105070642765399
2026,4,20416,CITY_31703,177262.0,208593.0,1018.0,1018.0,200748286.0,172720349.0,0.8603826834167839,204.90471512770137,0.04596330755759351,0.041335109389131396,0.027010533577436387
2026,4,20416,EWR,106091.0,124788.0,621.0,621.0,127584292.0,109454272.0,0.8578977104799077,200.94685990338164,0.07964903403276774,0.0744411899804931,0.054089365037888686
2026,4,20416,LGA,71171.0,83805.0,397.0,397.0,73163994.0,63266077.0,0.8647160104463406,211.09571788413098,0.05629525922586207,0.05024392027880714,0.028401774216626128
2026,4,20416,NYC_CORE,177262.0,208593.0,1018.0,1018.0,200748286.0,172720349.0,0.8603826834167839,204.90471512770137,0.04816283124478837,0.0433846125047967,0.028424638409560506
2026,4,20422,CITY_31703,4238.0,4836.0,26.0,26.0,4933278.0,4323837.0,0.8764632765475613,186.0,0.001098895969971462,0.0009583091906527996,0.0006898564567911061
2026,4,20422,EWR,1765.0,2046.0,11.0,11.0,2062368.0,1779120.0,0.8626588465298143,186.0,0.0013250939765657318,0.0012205234052960932,0.0009581046947130041
2026,4,20422,JFK,2473.0,2790.0,15.0,15.0,2870910.0,2544717.0,0.8863799283154122,186.0,0.00228084560067955,0.001906125700449955,0.0014485755673587638
2026,4,20422,NYC_CORE,4238.0,4836.0,26.0,26.0,4933278.0,4323837.0,0.8764632765475613,186.0,0.0011514824317417898,0.0010058246732785705,0.0007259730831518401
2026,4,20436,CITY_31703,86083.0,107092.0,496.0,496.0,97551870.0,79246492.0,0.8123523618768149,215.91129032258064,0.022320967858200414,0.02122151526993168,0.013160338560322641
2026,4,20436,EWR,20177.0,23916.0,114.0,114.0,21534504.0,18326704.0,0.8510390580623542,209.78947368421052,0.015148113974598736,0.0142668806261297,0.009929448654298406
2026,4,20436,JFK,19487.0,21742.0,95.0,95.0,21129996.0,19123565.0,0.9050434746887789,228.86315789473684,0.017972841981578,0.014854116479993879,0.009174311926605505
2026,4,20436,LGA,33004.0,41256.0,197.0,197.0,35605442.0,28850304.0,0.810277934479791,209.42131979695432,0.026105699449078305,0.024734361613536992,0.014093575618829589
2026,4,20436,NYC_CORE,72668.0,86914.0,406.0,406.0,78269942.0,66300573.0,0.8470757906017101,214.07389162561577,0.01974420135672779,0.01807697387372491,0.011336348913832579
2026,4,20452,CITY_31703,427051.0,575903.0,7748.0,7776.0,292930162.0,219131117.0,0.748066076582445,74.3292462570986,0.11073256792644709,0.11412182337148867,0.20557722412374962
2026,4,20452,EWR,116184.0,144318.0,1899.0,1901.0,82181580.0,65868361.0,0.8014978660668243,75.99684044233807,0.08722646944663626,0.08609164066741036,0.16540371047818134
2026,4,20452,JFK,56327.0,81563.0,1079.0,1079.0,32738641.0,23174722.0,0.7078706168652511,75.59128822984245,0.05195033972886252,0.055723774374838594,0.10420086914534042
2026,4,20452,LGA,254540.0,350022.0,4770.0,4796.0,178009941.0,130088034.0,0.730790838248747,73.37987421383647,0.20133755719816965,0.2098499786865776,0.3412505365574474
2026,4,20452,NYC_CORE,427051.0,575903.0,7748.0,7776.0,292930162.0,219131117.0,0.748066076582445,74.3292462570986,0.11603155355303517,0.1197802826334054,0.21633997877924835
2026,4,20500,CITY_31703,39920.0,50450.0,1009.0,1012.0,15756650.0,12594140.0,0.799290458314426,50.0,0.010351091817192251,0.009997249517872982,0.026771737111624082
2026,4,20500,EWR,39920.0,50450.0,1009.0,1012.0,15756650.0,12594140.0,0.799290458314426,50.0,0.029970397475639666,0.030095506254735047,0.0878843306332201
2026,4,20500,NYC_CORE,39920.0,50450.0,1009.0,1012.0,15756650.0,12594140.0,0.799290458314426,50.0,0.010846431966760795,0.010492939364537608,0.02817334003462333
2026,4,22080,CITY_31703,22877.0,30535.0,225.0,225.0,23950650.0,17958611.0,0.7498172700949661,135.7111111111111,0.00593191201157082,0.006050862517903895,0.00596991164530765
2026,4,22080,EWR,613.0,1204.0,9.0,9.0,514108.0,261751.0,0.5091362126245847,133.77777777777777,0.00046021677486390573,0.0007182356695877303,0.0007839038411288215
2026,4,22080,NYC_CORE,613.0,1204.0,9.0,9.0,514108.0,261751.0,0.5091362126245847,133.77777777777777,0.0001665546792491074,0.0002504162337939203,0.0002512983749371754
2026,5,19393,CITY_31703,153022.0,198468.0,1186.0,1213.0,200445333.0,157141863.0,0.7839636904891171,167.34232715008432,0.03875868462311965,0.04060193014032735,0.03197713607808245
2026,5,19393,LGA,126892.0,160918.0,966.0,993.0,177702033.0,140794936.0,0.7923090896771001,166.58178053830227,0.09697946106896599,0.09870162689192737,0.06990375569867574
2026,5,19393,NYC_CORE,126892.0,160918.0,966.0,993.0,177702033.0,140794936.0,0.7923090896771001,166.58178053830227,0.03346345080826317,0.034429763329877905,0.027360788534526708
2026,5,19790,CITY_31703,830821.0,992601.0,5746.0,5836.0,1332908354.0,1123460561.0,0.8428640706081132,172.74643230073093,0.21043725161914556,0.20306304522249968,0.15492464072905712
2026,5,19790,EWR,77510.0,87873.0,561.0,571.0,78872222.0,69678332.0,0.8834331052572603,156.63636363636363,0.05834338215479852,0.055353872843512064,0.050746268656716415
2026,5,19790,JFK,404089.0,490588.0,2684.0,2719.0,865015553.0,726844040.0,0.8402670188752086,182.78241430700447,0.3498600002424238,0.3369469360842869,0.2572852760736196
2026,5,19790,LGA,344550.0,408420.0,2449.0,2492.0,384576909.0,323312147.0,0.8406956825377158,166.77011024908126,0.2633284471149657,0.25051093386197304,0.17721976988204646
2026,5,19790,NYC_CORE,826149.0,986881.0,5694.0,5782.0,1328464684.0,1119834519.0,0.8429539245470826,173.31945907973306,0.2178687105711614,0.2111515135954538,0.16127570384637172
2026,5,19805,CITY_31703,469952.0,583077.0,3481.0,3533.0,724463208.0,591248969.0,0.8161200768666226,167.5027291008331,0.11903335047250935,0.11928397333792676,0.09385532098465853
2026,5,19805,EWR,88484.0,103146.0,591.0,598.0,114189446.0,100155704.0,0.8771012340317336,174.5279187817259,0.06660373921539404,0.06497479963489235,0.053459972862957936
2026,5,19805,JFK,171724.0,217164.0,1389.0,1404.0,350725589.0,282960641.0,0.8067864161459859,156.34557235421167,0.14867853042678714,0.14915314770807292,0.13314800613496933
2026,5,19805,LGA,209744.0,262767.0,1501.0,1531.0,259548173.0,208132624.0,0.8019036373644595,175.06129247168553,0.160300571213703,0.1611723386663461,0.10861856863738331
2026,5,19805,NYC_CORE,469952.0,583077.0,3481.0,3533.0,724463208.0,591248969.0,0.8161200768666226,167.5027291008331,0.12393386213665869,0.12475424199340794,0.09859513963632244
2026,5,19930,CITY_31703,99289.0,114177.0,628.0,643.0,303737067.0,262132676.0,0.8630249794306468,181.81050955414014,0.02514874356331068,0.02335795482209805,0.0169322440615816
2026,5,19930,EWR,44862.0,49070.0,278.0,284.0,120221667.0,109891449.0,0.9140735754396085,176.5107913669065,0.03376855644727869,0.030910684060304495,0.025146992311171415
2026,5,19930,JFK,54427.0,65107.0,350.0,359.0,183515400.0,152241227.0,0.8295828415489926,186.02,0.04712286212491407,0.04471696039780766,0.033550613496932516
2026,5,19930,NYC_CORE,99289.0,114177.0,628.0,643.0,303737067.0,262132676.0,0.8630249794306468,181.81050955414014,0.026184098030621647,0.024429132152496733,0.01778734492720784
2026,5,19977,CITY_31703,956721.0,1152367.0,6580.0,6607.0,1543109289.0,1303198144.0,0.8445274442256306,175.13176291793314,0.242326250547736,0.23574744759869906,0.17741109223759066
2026,5,19977,EWR,839060.0,1011081.0,5747.0,5767.0,1386219569.0,1171285131.0,0.8449492109283591,175.93196450321906,0.6315778380957973,0.6369106450046206,0.5198552691090005
2026,5,19977,LGA,117179.0,140749.0,830.0,840.0,156859648.0,131886021.0,0.8407899844324527,169.57710843373494,0.0895561285865174,0.08633064842598022,0.06006223315724727
2026,5,19977,NYC_CORE,956239.0,1151830.0,6577.0,6607.0,1543079217.0,1303171152.0,0.8445264103378822,175.12999847954995,0.2521755251508587,0.24644374337397473,0.1862856171755509
2026,5,20207,CITY_31703,2723.0,3312.0,18.0,18.0,1844784.0,1516711.0,0.8221618357487923,184.0,0.0006897040832609351,0.0006775580578469283,0.000485319097306479
2026,5,20253,CITY_31703,994.0,2115.0,235.0,237.0,384057.0,180156.0,0.46908661995485046,9.0,0.00025176858566337476,0.0004326797380272504,0.006336110437056809
2026,5,20253,JFK,375.0,720.0,80.0,80.0,150786.0,74353.0,0.493102807952993,9.0,0.00032467476246794376,0.000494512287256693,0.007668711656441718
2026,5,20253,NYC_CORE,375.0,720.0,80.0,80.0,150786.0,74353.0,0.493102807952993,9.0,9.889350040269433e-05,0.00015405007269237805,0.0022659038123831643
2026,5,20304,CITY_31703,517.0,608.0,8.0,8.0,307040.0,261085.0,0.850328947368421,76.0,0.00013095005914282167,0.00012438263863856657,0.00021569737658065733
2026,5,20363,CITY_31703,273709.0,353852.0,4761.0,4888.0,194908694.0,151624200.0,0.7779242520603006,74.3230413778618,0.06932729156271292,0.07238987738081258,0.1283669012375637
2026,5,20363,EWR,9079.0,10540.0,141.0,142.0,5202436.0,4469465.0,0.8591100399889591,74.7517730496454,0.006833951317035424,0.006639466272582217,0.012754409769335142
2026,5,20363,JFK,105943.0,135235.0,1860.0,1908.0,65995978.0,52365180.0,0.793460171163764,72.70698924731182,0.09172538229371031,0.09288245717660956,0.17829754601226994
2026,5,20363,LGA,150064.0,197109.0,2615.0,2692.0,115586316.0,88413408.0,0.7649124140265877,75.37629063097515,0.11468907295852625,0.12089995510161021,0.18923221651349592
2026,5,20363,NYC_CORE,265086.0,342884.0,4616.0,4742.0,186784730.0,145248053.0,0.7776227371477316,74.28162911611786,0.06990741986066301,0.07336292378479632,0.13074264997450857
2026,5,20368,CITY_31703,11891.0,13198.0,75.0,75.0,10903016.0,9704570.0,0.8900812399064626,175.97333333333333,0.0030118513602848986,0.0027000033959733577,0.0020221629054436624
2026,5,20368,EWR,5756.0,6177.0,35.0,35.0,4530573.0,4216673.0,0.9307151656092949,176.4857142857143,0.004332660401019485,0.003891079996749559,0.003165988240615106
2026,5,20368,NYC_CORE,5756.0,6177.0,35.0,35.0,4530573.0,4216673.0,0.9307151656092949,176.4857142857143,0.0015179493021810896,0.0013216212486400268,0.0009913329179176344
2026,5,20378,CITY_31703,1564.0,2010.0,27.0,28.0,458280.0,356592.0,0.7781094527363184,74.44444444444444,0.00039614292553070236,0.00041119918365710326,0.0007279786459597186
2026,5,20378,LGA,1564.0,2010.0,27.0,28.0,458280.0,356592.0,0.7781094527363184,74.44444444444444,0.0011953147330947798,0.0012328656213274711,0.001953831681018887
2026,5,20378,NYC_CORE,1564.0,2010.0,27.0,28.0,458280.0,356592.0,0.7781094527363184,74.44444444444444,0.0004124518256795038,0.00043005645293288874,0.000764742536679318
2026,5,20397,CITY_31703,9788.0,13502.0,204.0,209.0,5491248.0,4132452.0,0.752552425241038,66.18627450980392,0.002479186032669127,0.002762194715292641,0.005500283102806762
2026,5,20398,CITY_31703,9307.0,12343.0,175.0,179.0,9576211.0,7103919.0,0.741829832279176,70.53142857142858,0.002357354352886347,0.002525090310387873,0.004718380112701879
2026,5,20398,EWR,2713.0,2777.0,39.0,40.0,1996663.0,1950647.0,0.9769535469931581,71.2051282051282,0.0020421312835242986,0.0017493166830133602,0.0035278154681139757
2026,5,20398,NYC_CORE,2713.0,2777.0,39.0,40.0,1996663.0,1950647.0,0.9769535469931581,71.2051282051282,0.0007154615109133593,0.0005941625720371303,0.0011046281085367927
2026,5,20409,CITY_31703,508188.0,654130.0,4151.0,4158.0,798420866.0,653339391.0,0.8182894746641053,157.5837147675259,0.12871808250613592,0.1338197621918512,0.11191997627328858
2026,5,20409,EWR,57406.0,66062.0,416.0,413.0,81480496.0,70711948.0,0.8678389488448868,158.8028846153846,0.04321068502100844,0.04161446118589435,0.03763003165988241
2026,5,20409,JFK,344461.0,448126.0,2849.0,2860.0,570126818.0,471092046.0,0.8262934335427105,157.2923832923833,0.29823411561192104,0.3077830739433234,0.2731019938650307
2026,5,20409,LGA,48876.0,58846.0,374.0,374.0,60760458.0,50374170.0,0.8290617230041287,157.3422459893048,0.03735434967694403,0.03609413450379919,0.027064186988928287
2026,5,20409,NYC_CORE,450743.0,573034.0,3639.0,3647.0,712367772.0,592178164.0,0.8312815195687994,157.47018411651553,0.11886814147203108,0.12260545743778356,0.10307029966577919
2026,5,20416,CITY_31703,3199.0,7692.0,37.0,33.0,7237666.0,2723888.0,0.376348950062078,207.8918918918919,0.0008102693214659314,0.0015736040401444966,0.0009976003666855402
2026,5,20416,EWR,1894.0,4375.0,21.0,19.0,4467034.0,1583482.0,0.35448174336707533,208.33333333333334,0.0014256530228510952,0.0027559454404693737,0.0018995929443690637
2026,5,20416,LGA,1305.0,3317.0,16.0,14.0,2770632.0,1140406.0,0.4116050056449215,207.3125,0.000997369390465913,0.0020345349581807073,0.0011578261813445256
2026,5,20416,NYC_CORE,3199.0,7692.0,37.0,33.0,7237666.0,2723888.0,0.376348950062078,207.8918918918919,0.0008436274874352511,0.0016457682765969055,0.0010479805132272136
2026,5,20422,CITY_31703,4782.0,5580.0,30.0,32.0,5687136.0,4872819.0,0.856814220725511,186.0,0.0012112247249922113,0.0011415380322421075,0.000808865162177465
2026,5,20422,EWR,2279.0,2604.0,14.0,14.0,2624832.0,2297232.0,0.8751920122887865,186.0,0.001715450495817131,0.0016403387261673713,0.0012663952962460425
2026,5,20422,JFK,2503.0,2976.0,16.0,18.0,3062304.0,2575587.0,0.8410618279569892,186.0,0.002167095814552702,0.002043984120660998,0.0015337423312883436
2026,5,20422,NYC_CORE,4782.0,5580.0,30.0,32.0,5687136.0,4872819.0,0.856814220725511,186.0,0.0012610899171351581,0.0011938880633659298,0.0008497139296436867
2026,5,20436,CITY_31703,74285.0,87006.0,410.0,410.0,74292886.0,63925583.0,0.860453624052241,212.20975609756098,0.018815522521130577,0.017799401081228818,0.011054490549758688
2026,5,20436,EWR,22778.0,25756.0,123.0,123.0,24416242.0,21624672.0,0.8856674995275686,209.39837398373984,0.01714547230966328,0.0162244870319381,0.011126187245590231
2026,5,20436,JFK,6420.0,7146.0,30.0,30.0,5430960.0,4879200.0,0.8984047019311503,238.2,0.005558431933451197,0.004908034451022679,0.002875766871165644
2026,5,20436,LGA,35770.0,41524.0,195.0,195.0,33678188.0,29296811.0,0.8699046100698766,212.94358974358974,0.027337856779284065,0.02546940898507558,0.014111006585136407
2026,5,20436,NYC_CORE,64968.0,74426.0,348.0,348.0,63525390.0,55800683.0,0.878399691839751,213.867816091954,0.01713310115776599,0.015924070430837402,0.009856681583866765
2026,5,20452,CITY_31703,486851.0,627139.0,8435.0,8567.0,309910475.0,239992560.0,0.7743931856449835,74.34961470065204,0.12331366971710228,0.12829803225847367,0.2274259214322306
2026,5,20452,EWR,149293.0,183533.0,2415.0,2452.0,95695292.0,78069535.0,0.8158137497506147,75.99710144927536,0.11237593280913863,0.11561301360586641,0.21845318860244234
2026,5,20452,JFK,65060.0,88918.0,1174.0,1194.0,36713461.0,26834357.0,0.730913301799577,75.73935264054515,0.056328906789771795,0.06107089383095922,0.11253834355828221
2026,5,20452,LGA,272498.0,354688.0,4846.0,4921.0,177501722.0,135088668.0,0.7610555349992605,73.19191085431284,0.20826142847753282,0.21755355298378015,0.3506766046747232
2026,5,20452,NYC_CORE,486851.0,627139.0,8435.0,8567.0,309910475.0,239992560.0,0.7743931856449835,74.34961470065204,0.1283903988388057,0.13418167852531288,0.2389112332181499
2026,5,20500,CITY_31703,26653.0,33250.0,665.0,675.0,9821750.0,7844142.0,0.7986501387227327,50.0,0.006750893474533126,0.006802175550546609,0.01792984442826714
2026,5,20500,EWR,26653.0,33250.0,665.0,675.0,9821750.0,7844142.0,0.7986501387227327,50.0,0.020062265057048702,0.02094518534756724,0.060153776571687016
2026,5,20500,NYC_CORE,26653.0,33250.0,665.0,675.0,9821750.0,7844142.0,0.7986501387227327,50.0,0.007028822576621366,0.007114117940307737,0.018835325440435053
2026,5,22080,CITY_31703,23814.0,31715.0,237.0,237.0,20678619.0,15646410.0,0.756646756729741,133.81856540084388,0.0060318079466676125,0.006488150303325885,0.006390034781201974
2026,5,22080,EWR,747.0,1233.0,9.0,9.0,526491.0,318969.0,0.6058394160583942,137.0,0.0005622823696250096,0.0007767041664225687,0.0008141112618724559
2026,5,22080,NYC_CORE,747.0,1233.0,9.0,9.0,526491.0,318969.0,0.6058394160583942,137.0,0.00019699585280216712,0.0002638107494856974,0.00025491417889310597
2026,6,19393,CITY_31703,163886.0,190897.0,1179.0,1214.0,190462508.0,167630649.0,0.8801241292065733,161.91433418150976,0.0403770091064216,0.04012025758072516,0.03242485080168312
2026,6,19393,LGA,138165.0,154789.0,949.0,984.0,171011406.0,153302457.0,0.8964458019835239,163.10748155953635,0.10433492291834215,0.10035281578374117,0.07218376816003651
2026,6,19393,NYC_CORE,138165.0,154789.0,949.0,984.0,171011406.0,153302457.0,0.8964458019835239,163.10748155953635,0.0354792686440456,0.03409144468578361,0.027673286093371826
2026,6,19534,CITY_31703,67.0,166.0,1.0,0.0,3486.0,1407.0,0.4036144578313253,166.0,1.6506959777712846e-05,3.488772876682387e-05,2.7501993894557357e-05
2026,6,19534,EWR,67.0,166.0,1.0,0.0,3486.0,1407.0,0.4036144578313253,166.0,5.023449010118126e-05,0.00010842678611901996,9.328358208955224e-05
2026,6,19534,NYC_CORE,67.0,166.0,1.0,0.0,3486.0,1407.0,0.4036144578313253,166.0,1.7204870981442876e-05,3.656060713513285e-05,2.9160470066777477e-05
2026,6,19790,CITY_31703,834159.0,950768.0,5471.0,5562.0,1276196870.0,1124308972.0,0.880983959786706,173.78322061780295,0.20551386658533088,0.19982009701310602,0.1504634085971233
2026,6,19790,EWR,77254.0,85068.0,536.0,551.0,77006730.0,70096329.0,0.910262375768975,158.7089552238806,0.05792261639218891,0.055564155672125234,0.05
2026,6,19790,JFK,410116.0,472077.0,2561.0,2576.0,831502563.0,731328935.0,0.8795269762746359,184.3330730183522,0.3317403515129552,0.32180390750737403,0.2456359102244389
2026,6,19790,LGA,341392.0,387574.0,2319.0,2379.0,362963308.0,318668651.0,0.8779638161111315,167.12979732643382,0.2578012376863798,0.25127200398327854,0.1763900509621967
2026,6,19790,NYC_CORE,828762.0,944719.0,5416.0,5506.0,1271472601.0,1120093915.0,0.8809422351052297,174.43112998522895,0.21281706394511288,0.20806927838611788,0.1579331058816668
2026,6,19805,CITY_31703,483779.0,557773.0,3333.0,3440.0,697346357.0,608894620.0,0.873159533835494,167.34863486348635,0.11918985812391257,0.11722550082805815,0.09166414565055966
2026,6,19805,EWR,91491.0,103122.0,595.0,608.0,111626276.0,99827193.0,0.8942983370689532,173.31428571428572,0.06859707065443545,0.0673565484226842,0.05550373134328358
2026,6,19805,JFK,180378.0,210871.0,1361.0,1387.0,346981527.0,301354920.0,0.8685042186698314,154.93828067597354,0.14590667305153626,0.143745854553362,0.13053903702282754
2026,6,19805,LGA,211910.0,243780.0,1377.0,1445.0,238738554.0,207712507.0,0.8700417403047519,177.03703703703704,0.16002325853599597,0.15804746740246672,0.10473872366319312
2026,6,19805,NYC_CORE,483779.0,557773.0,3333.0,3440.0,697346357.0,608894620.0,0.873159533835494,167.34863486348635,0.12422918326166349,0.12284650315412322,0.09719184673256932
2026,6,19930,CITY_31703,98716.0,108087.0,603.0,621.0,290012269.0,263716090.0,0.9093273567677924,179.24875621890547,0.02432091106592091,0.022716324935058384,0.016583702318418086
2026,6,19930,EWR,40239.0,43061.0,247.0,258.0,104623925.0,97744810.0,0.9342491213171366,174.33603238866397,0.030169935032558697,0.028126300223319987,0.0230410447761194
2026,6,19930,JFK,58477.0,65026.0,356.0,363.0,185388344.0,165971280.0,0.8952627571882297,182.6573033707865,0.04730169155902984,0.04432671129831469,0.03414540571647803
2026,6,19930,NYC_CORE,98716.0,108087.0,603.0,621.0,290012269.0,263716090.0,0.9093273567677924,179.24875621890547,0.02534919468364351,0.0238055803820187,0.01758376345026682
2026,6,19977,CITY_31703,957716.0,1103931.0,6344.0,6395.0,1513879717.0,1327151200.0,0.876655645159159,174.01182219419925,0.23595491776823932,0.23200991147764244,0.17447264926707187
2026,6,19977,EWR,836644.0,968609.0,5547.0,5577.0,1362349032.0,1190149535.0,0.8736010427906261,174.61853254011177,0.627289324421085,0.632669643831071,0.5174440298507462
2026,6,19977,LGA,121072.0,135322.0,797.0,818.0,151530685.0,137001665.0,0.9041182978879823,169.78920953575908,0.09142719058784439,0.08773196892212898,0.06062219517760706
2026,6,19977,NYC_CORE,957716.0,1103931.0,6344.0,6395.0,1513879717.0,1327151200.0,0.876655645159159,174.01182219419925,0.24593104801288876,0.24313486503189363,0.1849940221036363
2026,6,20207,CITY_31703,2639.0,3128.0,17.0,17.0,1742296.0,1469923.0,0.8436700767263428,184.0,0.0006501771172146895,0.0006574025035097896,0.00046753389620747505
2026,6,20253,CITY_31703,1094.0,2124.0,236.0,238.0,377721.0,196746.0,0.5208765199710897,9.0,0.0002695315521913112,0.0004463947945827344,0.006490470559115536
2026,6,20253,JFK,292.0,531.0,59.0,59.0,111996.0,62166.0,0.55507339547841,9.0,0.00023619703362410375,0.00036197034569872207,0.005658929599079225
2026,6,20253,NYC_CORE,292.0,531.0,59.0,59.0,111996.0,62166.0,0.55507339547841,9.0,7.498242278479583e-05,0.00011694989390816592,0.0017204677339398712
2026,6,20304,CITY_31703,203.0,228.0,3.0,3.0,115140.0,102515.0,0.8903508771929824,76.0,5.0013624401129966e-05,4.7918085294191826e-05,8.250598168367207e-05
2026,6,20363,CITY_31703,282176.0,345691.0,4651.0,4930.0,191488176.0,156313253.0,0.8163075980210914,74.32616641582456,0.06952041615277463,0.07265285448874766,0.12791177360358627
2026,6,20363,EWR,7917.0,9362.0,125.0,131.0,4481500.0,3768690.0,0.8409438803971885,74.896,0.00593591728553809,0.006115009467748583,0.01166044776119403
2026,6,20363,JFK,102878.0,123302.0,1720.0,1800.0,61131950.0,51846484.0,0.8481078061471947,71.68720930232558,0.08321739186705666,0.08405210464283207,0.1649721849223096
2026,6,20363,LGA,161578.0,201634.0,2656.0,2842.0,117606497.0,93591725.0,0.7958040362344948,75.9164156626506,0.12201518601165193,0.13072336960468034,0.20202327527192515
2026,6,20363,NYC_CORE,272373.0,334298.0,4501.0,4773.0,183219947.0,149206899.0,0.8143594703692388,74.27193956898466,0.06994242274370957,0.07362733641000387,0.13125127577056542
2026,6,20368,CITY_31703,18121.0,19974.0,112.0,112.0,16057938.0,14559154.0,0.9066639813903877,178.33928571428572,0.0044645166885363356,0.00419787647222012,0.0030802233161904237
2026,6,20368,EWR,10006.0,10980.0,61.0,61.0,8143020.0,7402535.0,0.9090650643127488,180.0,0.0075021837007823835,0.00717184404570385,0.005690298507462686
2026,6,20368,NYC_CORE,10006.0,10980.0,61.0,61.0,8143020.0,7402535.0,0.9090650643127488,180.0,0.002569431925974887,0.0024182859418298715,0.001778788674073426
2026,6,20378,CITY_31703,3362.0,3950.0,53.0,60.0,900600.0,766536.0,0.8511392405063292,74.52830188679245,0.0008283044592935908,0.000830159811017797,0.00145760567641154
2026,6,20378,LGA,3362.0,3950.0,53.0,60.0,900600.0,766536.0,0.8511392405063292,74.52830188679245,0.00253880513047057,0.0025608642884557536,0.004031337947820795
2026,6,20378,NYC_CORE,3362.0,3950.0,53.0,60.0,900600.0,766536.0,0.8511392405063292,74.52830188679245,0.000863325018501656,0.0008699662541191251,0.0015455049135392061
2026,6,20397,CITY_31703,9766.0,13415.0,202.0,216.0,5521375.0,4156020.0,0.7527146770505535,66.41089108910892,0.002406074167002144,0.00281939085184905,0.005555402766700586
2026,6,20398,CITY_31703,7344.0,9260.0,134.0,142.0,6833880.0,5419872.0,0.7930885529157667,69.1044776119403,0.0018093598896645243,0.001946146797474633,0.0036852671818706855
2026,6,20409,CITY_31703,578035.0,703764.0,4475.0,4562.0,859446251.0,740861634.0,0.8620220672764328,157.26569832402234,0.1424119476882126,0.14790799727623516,0.12307142267814417
2026,6,20409,EWR,66227.0,72953.0,455.0,463.0,97143464.0,87845100.0,0.904282145013894,160.33626373626373,0.04965491904374524,0.047650959805667845,0.042444029850746266
2026,6,20409,JFK,401564.0,493851.0,3153.0,3215.0,624559355.0,540221354.0,0.8649639936944024,156.6289248334919,0.32482269044599177,0.3366467367112233,0.3024170343372338
2026,6,20409,LGA,49010.0,55210.0,349.0,360.0,56049340.0,49900254.0,0.8902915538345322,158.1948424068768,0.03700976782997104,0.03579375123180814,0.026545980071499203
2026,6,20409,NYC_CORE,516801.0,622014.0,3957.0,4038.0,777752159.0,677966708.0,0.8717001941488663,157.19332827899925,0.13270887355344269,0.13699523787079834,0.11538798005423848
2026,6,20416,CITY_31703,0.0,0.0,0.0,0.0,0.0,0.0,,,0.0,0.0,0.0
2026,6,20416,EWR,0.0,0.0,0.0,0.0,0.0,0.0,,,0.0,0.0,0.0
2026,6,20416,LGA,0.0,0.0,0.0,0.0,0.0,0.0,,,0.0,0.0,0.0
2026,6,20416,NYC_CORE,0.0,0.0,0.0,0.0,0.0,0.0,,,0.0,0.0,0.0
2026,6,20422,CITY_31703,10958.0,12090.0,65.0,65.0,12335148.0,11180169.0,0.9063668307830599,186.0,0.002699750227525035,0.0025409195228367504,0.001787629603146228
2026,6,20422,EWR,4553.0,5022.0,27.0,27.0,5062176.0,4589424.0,0.9066109119872561,186.0,0.0034136960213534072,0.003280236866805531,0.0025186567164179104
2026,6,20422,JFK,6405.0,7068.0,38.0,38.0,7272972.0,6590745.0,0.9061969439728353,186.0,0.005180965754665701,0.00481809115517621,0.0036447343180510262
2026,6,20422,NYC_CORE,10958.0,12090.0,65.0,65.0,12335148.0,11180169.0,0.9063668307830599,186.0,0.0028138951673828514,0.0026627574714684107,0.001895430554340536
2026,6,20436,CITY_31703,64911.0,75078.0,367.0,367.0,66317726.0,57585056.0,0.8683207261961907,204.57220708446866,0.015992287554195798,0.015778921086479533,0.010093231759302549
2026,6,20436,EWR,20009.0,22432.0,115.0,115.0,21513178.0,19240947.0,0.8943795751608619,195.0608695652174,0.015002118096037848,0.014651985941095515,0.010727611940298507
2026,6,20436,JFK,6484.0,7200.0,30.0,30.0,5472000.0,4927840.0,0.9005555555555556,240.0,0.005244868376776331,0.004908072484050468,0.0028774218300402837
2026,6,20436,LGA,29536.0,32526.0,161.0,161.0,27966322.0,25450260.0,0.9100324311505817,202.0248447204969,0.02230402984342021,0.02108725869526882,0.012246139803757512
2026,6,20436,NYC_CORE,56029.0,62158.0,306.0,306.0,54951500.0,49619047.0,0.9029607381054202,203.13071895424838,0.014387637555511389,0.013689965170515588,0.008923103840433908
2026,6,20452,CITY_31703,486034.0,587124.0,7903.0,8247.0,282697852.0,234057290.0,0.8279415225270265,74.29128179172466,0.1197454281880729,0.12339411364152228,0.21734825774868677
2026,6,20452,EWR,148152.0,172416.0,2269.0,2333.0,88333184.0,76399985.0,0.8649069527483578,75.9876597620097,0.11107970414134635,0.11261754671986111,0.21166044776119403
2026,6,20452,JFK,69662.0,87045.0,1148.0,1201.0,33675837.0,27081257.0,0.8041747262287794,75.82317073170732,0.056349170398364096,0.05933655130196848,0.11010934202954153
2026,6,20452,LGA,268220.0,327663.0,4486.0,4713.0,160688831.0,130576048.0,0.8126018914158384,73.04123941150245,0.20254560145592393,0.21243050008817152,0.34121852894196397
2026,6,20452,NYC_CORE,486034.0,587124.0,7903.0,8247.0,282697852.0,234057290.0,0.8279415225270265,74.29128179172466,0.12480824272529265,0.12931090303378157,0.23045519493774239
2026,6,20500,CITY_31703,30512.0,36700.0,734.0,756.0,11504300.0,9507410.0,0.8264222942725763,50.0,0.007517318757277229,0.0077131303960387716,0.020186463518605098
2026,6,20500,EWR,30512.0,36700.0,734.0,756.0,11504300.0,9507410.0,0.8264222942725763,50.0,0.02287693674577974,0.023971464160048386,0.06847014925373135
2026,6,20500,NYC_CORE,30512.0,36700.0,734.0,756.0,11504300.0,9507410.0,0.8264222942725763,50.0,0.007835149602772911,0.008082977601562503,0.021403785029014667
2026,6,21080,CITY_31703,1236.0,1904.0,238.0,238.0,345744.0,225856.0,0.6532463325466241,8.0,0.00030451645201870264,0.00040015804561465454,0.006545474546904651
2026,6,22080,CITY_31703,24180.0,32068.0,240.0,240.0,20616185.0,15709813.0,0.7620135830174205,133.61666666666667,0.0059572878720163674,0.006739636663219927,0.006600478534693766
2026,6,22080,EWR,674.0,1096.0,8.0,8.0,467992.0,287798.0,0.614963503649635,137.0,0.000505343975047704,0.0007158780577496739,0.0007462686567164179
2026,6,22080,NYC_CORE,674.0,1096.0,8.0,8.0,467992.0,287798.0,0.614963503649635,137.0,0.00017307586629093283,0.0002413881049403952,0.0002332837605342198
